model,dataset,method,low_fraction,sample_id,group_id,uq_score,correct,error,hallucination,quadrant,rating
llava,vilp,perplexity,0.2,vilp-243-case1,vilp-243,1.0000460132162057,1,0,0,correct_clean,6
llava,vilp,perplexity,0.2,vilp-55-case2,vilp-55,1.0000852269181402,0,1,1,wrong_hallucination,1
llava,vilp,perplexity,0.2,vilp-253-case3,vilp-253,1.0000880936460128,0,1,1,wrong_hallucination,1
llava,vilp,perplexity,0.2,vilp-130-case3,vilp-130,1.0000924430360254,0,1,0,wrong_clean,4
llava,vilp,perplexity,0.2,vilp-38-case1,vilp-38,1.0000979900345885,0,1,1,wrong_hallucination,1
llava,vilp,perplexity,0.2,vilp-22-case3,vilp-22,1.0001012391045117,0,1,1,wrong_hallucination,1
llava,vilp,perplexity,0.2,vilp-228-case1,vilp-228,1.0001047507320373,1,0,0,correct_clean,6
llava,vilp,perplexity,0.2,vilp-103-case2,vilp-103,1.0001081799958045,0,1,0,wrong_clean,5
llava,vilp,perplexity,0.2,vilp-43-case2,vilp-43,1.0001094341271717,1,0,0,correct_clean,6
llava,vilp,perplexity,0.2,vilp-96-case1,vilp-96,1.0001121344632236,1,0,0,correct_clean,6
llava,vilp,perplexity,0.2,vilp-253-case1,vilp-253,1.00011306832111,1,0,0,correct_clean,6
llava,vilp,perplexity,0.2,vilp-55-case3,vilp-55,1.000118299523004,0,1,1,wrong_hallucination,1
llava,vilp,perplexity,0.2,vilp-218-case3,vilp-218,1.0001321913492185,1,0,1,correct_hallucination,1
llava,vilp,perplexity,0.2,vilp-299-case1,vilp-299,1.0001357706940839,1,0,0,correct_clean,6
llava,vilp,perplexity,0.2,vilp-56-case3,vilp-56,1.0001432505026064,0,1,1,wrong_hallucination,2
llava,vilp,perplexity,0.2,vilp-130-case2,vilp-130,1.000152100303956,0,1,1,wrong_hallucination,1
llava,vilp,perplexity,0.2,vilp-103-case1,vilp-103,1.0001577674650417,1,0,1,correct_hallucination,1
llava,vilp,perplexity,0.2,vilp-55-case1,vilp-55,1.000158816457738,1,0,0,correct_clean,6
llava,vilp,perplexity,0.2,vilp-130-case1,vilp-130,1.0001731968549885,1,0,0,correct_clean,6
llava,vilp,perplexity,0.2,vilp-247-case3,vilp-247,1.000173517541333,0,1,1,wrong_hallucination,1
llava,vilp,perplexity,0.2,vilp-9-case3,vilp-9,1.0001782749625292,0,1,0,wrong_clean,4
llava,vilp,perplexity,0.2,vilp-150-case3,vilp-150,1.0001870553454808,0,1,1,wrong_hallucination,1
llava,vilp,perplexity,0.2,vilp-103-case3,vilp-103,1.0001885184678336,0,1,0,wrong_clean,5
llava,vilp,perplexity,0.2,vilp-56-case1,vilp-56,1.000191967128255,1,0,0,correct_clean,6
llava,vilp,perplexity,0.2,vilp-115-case2,vilp-115,1.00019298839721,0,1,0,wrong_clean,4
llava,vilp,perplexity,0.2,vilp-266-case3,vilp-266,1.0001946735135967,0,1,1,wrong_hallucination,0
llava,vilp,perplexity,0.2,vilp-231-case3,vilp-231,1.00019471071708,0,1,1,wrong_hallucination,1
llava,vilp,perplexity,0.2,vilp-121-case3,vilp-121,1.000195264814968,0,1,1,wrong_hallucination,1
llava,vilp,perplexity,0.2,vilp-220-case2,vilp-220,1.0001993107253104,1,0,0,correct_clean,6
llava,vilp,perplexity,0.2,vilp-80-case1,vilp-80,1.0001998420071492,1,0,1,correct_hallucination,2
llava,vilp,perplexity,0.2,vilp-9-case2,vilp-9,1.0002069427138875,0,1,0,wrong_clean,4
llava,vilp,perplexity,0.2,vilp-79-case3,vilp-79,1.0002072981488979,1,0,1,correct_hallucination,2
llava,vilp,perplexity,0.2,vilp-134-case2,vilp-134,1.0002084291735658,1,0,0,correct_clean,6
llava,vilp,perplexity,0.2,vilp-141-case3,vilp-141,1.0002090930938097,0,1,1,wrong_hallucination,1
llava,vilp,perplexity,0.2,vilp-240-case1,vilp-240,1.0002138566432002,1,0,0,correct_clean,6
llava,vilp,perplexity,0.2,vilp-44-case2,vilp-44,1.0002215635221643,0,1,0,wrong_clean,4
llava,vilp,perplexity,0.2,vilp-6-case3,vilp-6,1.0002222651918706,1,0,0,correct_clean,6
llava,vilp,perplexity,0.2,vilp-44-case1,vilp-44,1.0002243841349183,1,0,1,correct_hallucination,2
llava,vilp,perplexity,0.2,vilp-187-case2,vilp-187,1.0002292162637878,1,0,0,correct_clean,6
llava,vilp,perplexity,0.2,vilp-269-case1,vilp-269,1.0002334781891726,1,0,0,correct_clean,6
llava,vilp,perplexity,0.2,vilp-41-case3,vilp-41,1.0002368684000258,0,1,1,wrong_hallucination,1
llava,vilp,perplexity,0.2,vilp-44-case3,vilp-44,1.0002426534331474,1,0,0,correct_clean,6
llava,vilp,perplexity,0.2,vilp-218-case1,vilp-218,1.0002501260817886,1,0,0,correct_clean,6
llava,vilp,perplexity,0.2,vilp-79-case2,vilp-79,1.0002608577825505,1,0,1,correct_hallucination,1
llava,vilp,perplexity,0.2,vilp-9-case1,vilp-9,1.0002680336188066,1,0,0,correct_clean,6
llava,vilp,perplexity,0.2,vilp-218-case2,vilp-218,1.0002741212142114,1,0,1,correct_hallucination,2
llava,vilp,perplexity,0.2,vilp-285-case2,vilp-285,1.0002763271202602,1,0,0,correct_clean,6
llava,vilp,perplexity,0.2,vilp-256-case1,vilp-256,1.0002805122189227,1,0,0,correct_clean,6
llava,vilp,perplexity,0.2,vilp-140-case1,vilp-140,1.0002836823325802,1,0,1,correct_hallucination,2
llava,vilp,perplexity,0.2,vilp-280-case1,vilp-280,1.0002945798693188,1,0,0,correct_clean,6
llava,vilp,perplexity,0.2,vilp-99-case2,vilp-99,1.000301241866044,0,1,1,wrong_hallucination,1
llava,vilp,perplexity,0.2,vilp-221-case1,vilp-221,1.0003038644778501,0,1,1,wrong_hallucination,2
llava,vilp,perplexity,0.2,vilp-240-case3,vilp-240,1.0003139951766655,0,1,1,wrong_hallucination,1
llava,vilp,perplexity,0.2,vilp-228-case3,vilp-228,1.0003209987324408,0,1,1,wrong_hallucination,1
llava,vilp,perplexity,0.2,vilp-6-case1,vilp-6,1.0003275035178536,1,0,0,correct_clean,6
llava,vilp,perplexity,0.2,vilp-26-case3,vilp-26,1.0003304757729923,0,1,1,wrong_hallucination,1
llava,vilp,perplexity,0.2,vilp-171-case2,vilp-171,1.0003371778853785,1,0,1,correct_hallucination,1
llava,vilp,perplexity,0.2,vilp-11-case2,vilp-11,1.0003380932213306,1,0,1,correct_hallucination,2
llava,vilp,perplexity,0.2,vilp-41-case1,vilp-41,1.0003427167509418,1,0,0,correct_clean,5
llava,vilp,perplexity,0.2,vilp-114-case1,vilp-114,1.0003466606166163,1,0,1,correct_hallucination,2
llava,vilp,perplexity,0.2,vilp-147-case3,vilp-147,1.0003496258154954,0,1,1,wrong_hallucination,1
llava,vilp,perplexity,0.2,vilp-10-case1,vilp-10,1.0003510331265733,1,0,0,correct_clean,6
llava,vilp,perplexity,0.2,vilp-81-case2,vilp-81,1.0003572285521538,0,1,1,wrong_hallucination,1
llava,vilp,perplexity,0.2,vilp-23-case3,vilp-23,1.0003583095503457,1,0,1,correct_hallucination,1
llava,vilp,perplexity,0.2,vilp-247-case1,vilp-247,1.0003610811433548,1,0,1,correct_hallucination,2
llava,vilp,perplexity,0.2,vilp-150-case1,vilp-150,1.0003621345255738,1,0,0,correct_clean,6
llava,vilp,perplexity,0.2,vilp-150-case2,vilp-150,1.000363045220448,1,0,0,correct_clean,5
llava,vilp,perplexity,0.2,vilp-242-case3,vilp-242,1.0003687618291177,0,1,0,wrong_clean,4
llava,vilp,perplexity,0.2,vilp-90-case1,vilp-90,1.0003715753673785,1,0,0,correct_clean,6
llava,vilp,perplexity,0.2,vilp-280-case3,vilp-280,1.0003744277168114,0,1,1,wrong_hallucination,0
llava,vilp,perplexity,0.2,vilp-22-case1,vilp-22,1.0003809722141987,1,0,0,correct_clean,5
llava,vilp,perplexity,0.2,vilp-11-case3,vilp-11,1.0003819396086235,1,0,0,correct_clean,6
llava,vilp,perplexity,0.2,vilp-134-case1,vilp-134,1.000385350761588,1,0,0,correct_clean,6
llava,vilp,perplexity,0.2,vilp-37-case2,vilp-37,1.0003877878139762,1,0,0,correct_clean,5
llava,vilp,perplexity,0.2,vilp-101-case2,vilp-101,1.00040213168082,0,1,1,wrong_hallucination,0
llava,vilp,perplexity,0.2,vilp-136-case2,vilp-136,1.0004050665183686,0,1,0,wrong_clean,4
llava,vilp,perplexity,0.2,vilp-187-case1,vilp-187,1.000410009662168,1,0,0,correct_clean,6
llava,vilp,perplexity,0.2,vilp-81-case3,vilp-81,1.0004116421934475,1,0,0,correct_clean,6
llava,vilp,perplexity,0.2,vilp-178-case1,vilp-178,1.0004125610228933,0,1,1,wrong_hallucination,1
llava,vilp,perplexity,0.2,vilp-26-case2,vilp-26,1.0004173654924686,0,1,1,wrong_hallucination,1
llava,vilp,perplexity,0.2,vilp-280-case2,vilp-280,1.0004214143140369,0,1,1,wrong_hallucination,1
llava,vilp,perplexity,0.2,vilp-101-case1,vilp-101,1.0004236650433511,1,0,0,correct_clean,6
llava,vilp,perplexity,0.2,vilp-80-case2,vilp-80,1.0004236822723827,0,1,1,wrong_hallucination,1
llava,vilp,perplexity,0.2,vilp-135-case2,vilp-135,1.0004252656177643,0,1,1,wrong_hallucination,2
llava,vilp,perplexity,0.2,vilp-147-case2,vilp-147,1.0004275331250483,0,1,0,wrong_clean,5
llava,vilp,perplexity,0.2,vilp-234-case1,vilp-234,1.0004281731750957,1,0,1,correct_hallucination,2
llava,vilp,perplexity,0.2,vilp-92-case3,vilp-92,1.0004348934090554,0,1,1,wrong_hallucination,1
llava,vilp,perplexity,0.2,vilp-231-case1,vilp-231,1.000435392934855,1,0,0,correct_clean,6
llava,vilp,perplexity,0.2,vilp-206-case3,vilp-206,1.0004356125357536,0,1,1,wrong_hallucination,1
llava,vilp,perplexity,0.2,vilp-122-case3,vilp-122,1.0004357099397296,1,0,0,correct_clean,6
llava,vilp,perplexity,0.2,vilp-161-case1,vilp-161,1.0004487733299356,1,0,0,correct_clean,6
llava,vilp,perplexity,0.2,vilp-243-case2,vilp-243,1.0004496662204359,0,1,1,wrong_hallucination,1
llava,vilp,perplexity,0.2,vilp-281-case1,vilp-281,1.0004516483294104,0,1,1,wrong_hallucination,1
llava,vilp,perplexity,0.2,vilp-17-case2,vilp-17,1.0004557371172085,0,1,1,wrong_hallucination,1
llava,vilp,perplexity,0.2,vilp-115-case3,vilp-115,1.0004564372707392,0,1,1,wrong_hallucination,1
llava,vilp,perplexity,0.2,vilp-157-case2,vilp-157,1.0004564804896372,1,0,0,correct_clean,6
llava,vilp,perplexity,0.2,vilp-229-case3,vilp-229,1.000469342993313,0,1,1,wrong_hallucination,0
llava,vilp,perplexity,0.2,vilp-1-case2,vilp-1,1.0004703584311132,1,0,0,correct_clean,6
llava,vilp,perplexity,0.2,vilp-165-case1,vilp-165,1.0004793143598782,1,0,0,correct_clean,6
llava,vilp,perplexity,0.2,vilp-271-case1,vilp-271,1.0004796711453365,1,0,1,correct_hallucination,2
llava,vilp,perplexity,0.2,vilp-258-case1,vilp-258,1.0004804939634846,0,1,1,wrong_hallucination,1
llava,vilp,perplexity,0.2,vilp-109-case1,vilp-109,1.0004841185001145,1,0,0,correct_clean,6
llava,vilp,perplexity,0.2,vilp-297-case2,vilp-297,1.0004846634562428,1,0,0,correct_clean,6
llava,vilp,perplexity,0.2,vilp-26-case1,vilp-26,1.0004872386053834,1,0,0,correct_clean,6
llava,vilp,perplexity,0.2,vilp-10-case3,vilp-10,1.000500514266195,0,1,1,wrong_hallucination,1
llava,vilp,perplexity,0.2,vilp-242-case2,vilp-242,1.0005092504389672,1,0,0,correct_clean,6
llava,vilp,perplexity,0.2,vilp-128-case2,vilp-128,1.0005109309942368,1,0,0,correct_clean,6
llava,vilp,perplexity,0.2,vilp-148-case1,vilp-148,1.0005131166171652,1,0,0,correct_clean,6
llava,vilp,perplexity,0.2,vilp-136-case3,vilp-136,1.0005157324465217,0,1,1,wrong_hallucination,2
llava,vilp,perplexity,0.2,vilp-246-case1,vilp-246,1.0005305686881298,1,0,1,correct_hallucination,2
llava,vilp,perplexity,0.2,vilp-240-case2,vilp-240,1.0005334592579542,0,1,1,wrong_hallucination,1
llava,vilp,perplexity,0.2,vilp-97-case2,vilp-97,1.0005407082755344,1,0,1,correct_hallucination,1
llava,vilp,perplexity,0.2,vilp-232-case2,vilp-232,1.0005410862489523,1,0,0,correct_clean,6
llava,vilp,perplexity,0.2,vilp-8-case3,vilp-8,1.0005444780435588,0,1,1,wrong_hallucination,1
llava,vilp,perplexity,0.2,vilp-136-case1,vilp-136,1.000552772588119,1,0,0,correct_clean,6
llava,vilp,perplexity,0.2,vilp-156-case3,vilp-156,1.0005532785129292,0,1,1,wrong_hallucination,1
llava,vilp,perplexity,0.2,vilp-199-case1,vilp-199,1.0005539765756943,0,1,1,wrong_hallucination,2
llava,vilp,perplexity,0.2,vilp-242-case1,vilp-242,1.0005552084940863,1,0,0,correct_clean,6
llava,vilp,perplexity,0.2,vilp-257-case3,vilp-257,1.0005630543581046,1,0,0,correct_clean,5
llava,vilp,perplexity,0.2,vilp-95-case3,vilp-95,1.000563848730653,1,0,0,correct_clean,5
llava,vilp,perplexity,0.2,vilp-97-case1,vilp-97,1.0005900504178942,1,0,0,correct_clean,6
llava,vilp,perplexity,0.2,vilp-8-case2,vilp-8,1.0005942547508586,0,1,1,wrong_hallucination,0
llava,vilp,perplexity,0.2,vilp-118-case1,vilp-118,1.000594423459374,1,0,0,correct_clean,5
llava,vilp,perplexity,0.2,vilp-125-case3,vilp-125,1.0005983114108161,1,0,0,correct_clean,6
llava,vilp,perplexity,0.2,vilp-37-case1,vilp-37,1.0005990266870572,1,0,0,correct_clean,6
llava,vilp,perplexity,0.2,vilp-229-case1,vilp-229,1.0006044761659292,1,0,0,correct_clean,6
llava,vilp,perplexity,0.2,vilp-271-case2,vilp-271,1.000608631184612,0,1,1,wrong_hallucination,1
llava,vilp,perplexity,0.2,vilp-273-case2,vilp-273,1.0006107179234407,0,1,1,wrong_hallucination,0
llava,vilp,perplexity,0.2,vilp-256-case3,vilp-256,1.0006198759919755,0,1,1,wrong_hallucination,1
llava,vilp,perplexity,0.2,vilp-231-case2,vilp-231,1.0006201223761375,0,1,1,wrong_hallucination,0
llava,vilp,perplexity,0.2,vilp-256-case2,vilp-256,1.0006205560383132,1,0,0,correct_clean,6
llava,vilp,perplexity,0.2,vilp-17-case3,vilp-17,1.0006226061978793,0,1,1,wrong_hallucination,1
llava,vilp,perplexity,0.2,vilp-246-case3,vilp-246,1.0006286336580605,0,1,1,wrong_hallucination,1
llava,vilp,perplexity,0.2,vilp-145-case1,vilp-145,1.0006315719165362,1,0,1,correct_hallucination,2
llava,vilp,perplexity,0.2,vilp-214-case1,vilp-214,1.0006347894619578,1,0,0,correct_clean,5
llava,vilp,perplexity,0.2,vilp-18-case3,vilp-18,1.0006349619242645,0,1,1,wrong_hallucination,1
llava,vilp,perplexity,0.2,vilp-148-case3,vilp-148,1.0006356160698118,0,1,1,wrong_hallucination,1
llava,vilp,perplexity,0.2,vilp-292-case1,vilp-292,1.0006364946907593,1,0,0,correct_clean,6
llava,vilp,perplexity,0.2,vilp-135-case1,vilp-135,1.0006423761388217,1,0,0,correct_clean,6
llava,vilp,perplexity,0.2,vilp-273-case1,vilp-273,1.0006434417797143,1,0,0,correct_clean,6
llava,vilp,perplexity,0.2,vilp-13-case2,vilp-13,1.0006458267114968,1,0,1,correct_hallucination,2
llava,vilp,perplexity,0.2,vilp-296-case1,vilp-296,1.0006469487972172,1,0,0,correct_clean,6
llava,vilp,perplexity,0.2,vilp-216-case1,vilp-216,1.0006615933973448,1,0,0,correct_clean,6
llava,vilp,perplexity,0.2,vilp-196-case1,vilp-196,1.0006747245693948,1,0,0,correct_clean,6
llava,vilp,perplexity,0.2,vilp-121-case2,vilp-121,1.000674878415944,1,0,1,correct_hallucination,2
llava,vilp,perplexity,0.2,vilp-91-case2,vilp-91,1.0006837672284927,1,0,1,correct_hallucination,2
llava,vilp,perplexity,0.2,vilp-196-case3,vilp-196,1.000694036468811,0,1,1,wrong_hallucination,1
llava,vilp,perplexity,0.2,vilp-58-case3,vilp-58,1.000699756028865,1,0,0,correct_clean,6
llava,vilp,perplexity,0.2,vilp-273-case3,vilp-273,1.0006998309369828,1,0,1,correct_hallucination,2
llava,vilp,perplexity,0.2,vilp-281-case2,vilp-281,1.0007060247314292,1,0,0,correct_clean,6
llava,vilp,perplexity,0.2,vilp-244-case2,vilp-244,1.0007217566711766,0,1,1,wrong_hallucination,1
llava,vilp,perplexity,0.2,vilp-97-case3,vilp-97,1.000729366648809,0,1,1,wrong_hallucination,1
llava,vilp,perplexity,0.2,vilp-90-case3,vilp-90,1.0007356405439018,1,0,0,correct_clean,6
llava,vilp,perplexity,0.2,vilp-254-case1,vilp-254,1.000737043810801,1,0,0,correct_clean,6
llava,vilp,perplexity,0.2,vilp-8-case1,vilp-8,1.0007432177864877,1,0,0,correct_clean,6
llava,vilp,perplexity,0.2,vilp-285-case3,vilp-285,1.00074561674345,1,0,0,correct_clean,6
llava,vilp,perplexity,0.2,vilp-160-case2,vilp-160,1.0007465708933345,1,0,0,correct_clean,6
llava,vilp,perplexity,0.2,vilp-291-case1,vilp-291,1.0007502020459924,1,0,0,correct_clean,6
llava,vilp,perplexity,0.2,vilp-146-case2,vilp-146,1.000757940743846,1,0,0,correct_clean,5
llava,vilp,perplexity,0.2,vilp-11-case1,vilp-11,1.0007604736336069,1,0,0,correct_clean,6
llava,vilp,perplexity,0.2,vilp-257-case1,vilp-257,1.0007653132548635,1,0,0,correct_clean,5
llava,vilp,perplexity,0.2,vilp-105-case1,vilp-105,1.0007707652072562,1,0,1,correct_hallucination,1
llava,vilp,perplexity,0.2,vilp-149-case1,vilp-149,1.0007720062607846,1,0,0,correct_clean,6
llava,vilp,perplexity,0.2,vilp-144-case3,vilp-144,1.0007813987115828,1,0,1,correct_hallucination,2
llava,vilp,perplexity,0.2,vilp-148-case2,vilp-148,1.000808871883181,0,1,1,wrong_hallucination,1
llava,vilp,perplexity,0.2,vilp-92-case1,vilp-92,1.0008157997068872,1,0,0,correct_clean,6
llava,vilp,perplexity,0.2,vilp-283-case1,vilp-283,1.0008191972711407,1,0,0,correct_clean,6
llava,vilp,perplexity,0.2,vilp-43-case3,vilp-43,1.0008257627555601,1,0,0,correct_clean,6
llava,vilp,perplexity,0.2,vilp-260-case2,vilp-260,1.0008295774643214,1,0,0,correct_clean,6
llava,vilp,perplexity,0.2,vilp-147-case1,vilp-147,1.0008306413058936,1,0,1,correct_hallucination,2
llava,vilp,perplexity,0.2,vilp-99-case1,vilp-99,1.000831127190268,1,0,0,correct_clean,6
llava,vilp,perplexity,0.2,vilp-14-case1,vilp-14,1.0008369684238205,1,0,0,correct_clean,6
llava,vilp,perplexity,0.2,vilp-140-case2,vilp-140,1.0008518051518256,1,0,1,correct_hallucination,2
llava,vilp,perplexity,0.2,vilp-263-case2,vilp-263,1.000856228278742,0,1,1,wrong_hallucination,1
llava,vilp,perplexity,0.2,vilp-250-case3,vilp-250,1.0008628073547299,1,0,0,correct_clean,6
llava,vilp,perplexity,0.2,vilp-132-case3,vilp-132,1.0008684868905835,1,0,0,correct_clean,6
llava,vilp,perplexity,0.2,vilp-283-case2,vilp-283,1.0008702463023147,0,1,1,wrong_hallucination,1
llava,vilp,perplexity,0.2,vilp-259-case3,vilp-259,1.0008888061501597,1,0,0,correct_clean,6
llava,vilp,semantic_entropy,0.2,vilp-100-case1,vilp-100,-0.0,1,0,0,correct_clean,6
llava,vilp,semantic_entropy,0.2,vilp-101-case1,vilp-101,-0.0,1,0,0,correct_clean,6
llava,vilp,semantic_entropy,0.2,vilp-101-case2,vilp-101,-0.0,0,1,1,wrong_hallucination,0
llava,vilp,semantic_entropy,0.2,vilp-102-case1,vilp-102,-0.0,1,0,0,correct_clean,6
llava,vilp,semantic_entropy,0.2,vilp-103-case1,vilp-103,-0.0,1,0,1,correct_hallucination,1
llava,vilp,semantic_entropy,0.2,vilp-106-case1,vilp-106,-0.0,1,0,0,correct_clean,6
llava,vilp,semantic_entropy,0.2,vilp-107-case1,vilp-107,-0.0,0,1,0,wrong_clean,4
llava,vilp,semantic_entropy,0.2,vilp-107-case3,vilp-107,-0.0,0,1,1,wrong_hallucination,1
llava,vilp,semantic_entropy,0.2,vilp-11-case1,vilp-11,-0.0,1,0,0,correct_clean,6
llava,vilp,semantic_entropy,0.2,vilp-11-case2,vilp-11,-0.0,1,0,1,correct_hallucination,2
llava,vilp,semantic_entropy,0.2,vilp-114-case1,vilp-114,-0.0,1,0,1,correct_hallucination,2
llava,vilp,semantic_entropy,0.2,vilp-115-case1,vilp-115,-0.0,1,0,0,correct_clean,6
llava,vilp,semantic_entropy,0.2,vilp-118-case1,vilp-118,-0.0,1,0,0,correct_clean,5
llava,vilp,semantic_entropy,0.2,vilp-12-case1,vilp-12,-0.0,1,0,0,correct_clean,6
llava,vilp,semantic_entropy,0.2,vilp-120-case2,vilp-120,-0.0,1,0,0,correct_clean,6
llava,vilp,semantic_entropy,0.2,vilp-120-case3,vilp-120,-0.0,1,0,1,correct_hallucination,2
llava,vilp,semantic_entropy,0.2,vilp-121-case2,vilp-121,-0.0,1,0,1,correct_hallucination,2
llava,vilp,semantic_entropy,0.2,vilp-122-case2,vilp-122,-0.0,1,0,0,correct_clean,6
llava,vilp,semantic_entropy,0.2,vilp-122-case3,vilp-122,-0.0,1,0,0,correct_clean,6
llava,vilp,semantic_entropy,0.2,vilp-123-case1,vilp-123,-0.0,1,0,0,correct_clean,6
llava,vilp,semantic_entropy,0.2,vilp-123-case3,vilp-123,-0.0,1,0,0,correct_clean,6
llava,vilp,semantic_entropy,0.2,vilp-124-case1,vilp-124,-0.0,1,0,0,correct_clean,6
llava,vilp,semantic_entropy,0.2,vilp-125-case2,vilp-125,-0.0,0,1,1,wrong_hallucination,2
llava,vilp,semantic_entropy,0.2,vilp-126-case3,vilp-126,-0.0,0,1,0,wrong_clean,4
llava,vilp,semantic_entropy,0.2,vilp-127-case1,vilp-127,-0.0,1,0,1,correct_hallucination,1
llava,vilp,semantic_entropy,0.2,vilp-128-case1,vilp-128,-0.0,0,1,1,wrong_hallucination,2
llava,vilp,semantic_entropy,0.2,vilp-128-case2,vilp-128,-0.0,1,0,0,correct_clean,6
llava,vilp,semantic_entropy,0.2,vilp-130-case1,vilp-130,-0.0,1,0,0,correct_clean,6
llava,vilp,semantic_entropy,0.2,vilp-131-case1,vilp-131,-0.0,1,0,0,correct_clean,6
llava,vilp,semantic_entropy,0.2,vilp-131-case2,vilp-131,-0.0,0,1,1,wrong_hallucination,1
llava,vilp,semantic_entropy,0.2,vilp-131-case3,vilp-131,-0.0,0,1,1,wrong_hallucination,1
llava,vilp,semantic_entropy,0.2,vilp-133-case1,vilp-133,-0.0,1,0,0,correct_clean,6
llava,vilp,semantic_entropy,0.2,vilp-133-case2,vilp-133,-0.0,0,1,1,wrong_hallucination,1
llava,vilp,semantic_entropy,0.2,vilp-134-case1,vilp-134,-0.0,1,0,0,correct_clean,6
llava,vilp,semantic_entropy,0.2,vilp-135-case1,vilp-135,-0.0,1,0,0,correct_clean,6
llava,vilp,semantic_entropy,0.2,vilp-136-case3,vilp-136,-0.0,0,1,1,wrong_hallucination,2
llava,vilp,semantic_entropy,0.2,vilp-138-case1,vilp-138,-0.0,1,0,0,correct_clean,6
llava,vilp,semantic_entropy,0.2,vilp-138-case2,vilp-138,-0.0,0,1,1,wrong_hallucination,0
llava,vilp,semantic_entropy,0.2,vilp-139-case1,vilp-139,-0.0,1,0,1,correct_hallucination,2
llava,vilp,semantic_entropy,0.2,vilp-140-case2,vilp-140,-0.0,1,0,1,correct_hallucination,2
llava,vilp,semantic_entropy,0.2,vilp-141-case1,vilp-141,-0.0,1,0,0,correct_clean,6
llava,vilp,semantic_entropy,0.2,vilp-142-case1,vilp-142,-0.0,1,0,0,correct_clean,6
llava,vilp,semantic_entropy,0.2,vilp-143-case1,vilp-143,-0.0,1,0,1,correct_hallucination,2
llava,vilp,semantic_entropy,0.2,vilp-144-case3,vilp-144,-0.0,1,0,1,correct_hallucination,2
llava,vilp,semantic_entropy,0.2,vilp-146-case1,vilp-146,-0.0,1,0,0,correct_clean,6
llava,vilp,semantic_entropy,0.2,vilp-146-case2,vilp-146,-0.0,1,0,0,correct_clean,5
llava,vilp,semantic_entropy,0.2,vilp-147-case1,vilp-147,-0.0,1,0,1,correct_hallucination,2
llava,vilp,semantic_entropy,0.2,vilp-147-case3,vilp-147,-0.0,0,1,1,wrong_hallucination,1
llava,vilp,semantic_entropy,0.2,vilp-148-case1,vilp-148,-0.0,1,0,0,correct_clean,6
llava,vilp,semantic_entropy,0.2,vilp-150-case1,vilp-150,-0.0,1,0,0,correct_clean,6
llava,vilp,semantic_entropy,0.2,vilp-150-case2,vilp-150,-0.0,1,0,0,correct_clean,5
llava,vilp,semantic_entropy,0.2,vilp-150-case3,vilp-150,-0.0,0,1,1,wrong_hallucination,1
llava,vilp,semantic_entropy,0.2,vilp-153-case1,vilp-153,-0.0,1,0,0,correct_clean,6
llava,vilp,semantic_entropy,0.2,vilp-153-case2,vilp-153,-0.0,1,0,0,correct_clean,6
llava,vilp,semantic_entropy,0.2,vilp-155-case1,vilp-155,-0.0,1,0,0,correct_clean,6
llava,vilp,semantic_entropy,0.2,vilp-156-case3,vilp-156,-0.0,0,1,1,wrong_hallucination,1
llava,vilp,semantic_entropy,0.2,vilp-160-case1,vilp-160,-0.0,1,0,0,correct_clean,6
llava,vilp,semantic_entropy,0.2,vilp-160-case2,vilp-160,-0.0,1,0,0,correct_clean,6
llava,vilp,semantic_entropy,0.2,vilp-161-case1,vilp-161,-0.0,1,0,0,correct_clean,6
llava,vilp,semantic_entropy,0.2,vilp-163-case3,vilp-163,-0.0,0,1,1,wrong_hallucination,0
llava,vilp,semantic_entropy,0.2,vilp-165-case1,vilp-165,-0.0,1,0,0,correct_clean,6
llava,vilp,semantic_entropy,0.2,vilp-168-case2,vilp-168,-0.0,0,1,1,wrong_hallucination,1
llava,vilp,semantic_entropy,0.2,vilp-172-case1,vilp-172,-0.0,1,0,0,correct_clean,6
llava,vilp,semantic_entropy,0.2,vilp-175-case1,vilp-175,-0.0,1,0,0,correct_clean,6
llava,vilp,semantic_entropy,0.2,vilp-176-case3,vilp-176,-0.0,0,1,1,wrong_hallucination,1
llava,vilp,semantic_entropy,0.2,vilp-177-case1,vilp-177,-0.0,1,0,0,correct_clean,6
llava,vilp,semantic_entropy,0.2,vilp-177-case2,vilp-177,-0.0,0,1,1,wrong_hallucination,1
llava,vilp,semantic_entropy,0.2,vilp-178-case2,vilp-178,-0.0,0,1,1,wrong_hallucination,1
llava,vilp,semantic_entropy,0.2,vilp-184-case2,vilp-184,-0.0,0,1,1,wrong_hallucination,1
llava,vilp,semantic_entropy,0.2,vilp-19-case1,vilp-19,-0.0,1,0,1,correct_hallucination,1
llava,vilp,semantic_entropy,0.2,vilp-197-case1,vilp-197,-0.0,1,0,0,correct_clean,6
llava,vilp,semantic_entropy,0.2,vilp-20-case1,vilp-20,-0.0,0,1,0,wrong_clean,4
llava,vilp,semantic_entropy,0.2,vilp-202-case2,vilp-202,-0.0,0,1,1,wrong_hallucination,1
llava,vilp,semantic_entropy,0.2,vilp-205-case1,vilp-205,-0.0,0,1,1,wrong_hallucination,1
llava,vilp,semantic_entropy,0.2,vilp-205-case2,vilp-205,-0.0,0,1,0,wrong_clean,4
llava,vilp,semantic_entropy,0.2,vilp-206-case3,vilp-206,-0.0,0,1,1,wrong_hallucination,1
llava,vilp,semantic_entropy,0.2,vilp-207-case1,vilp-207,-0.0,1,0,1,correct_hallucination,2
llava,vilp,semantic_entropy,0.2,vilp-21-case1,vilp-21,-0.0,1,0,0,correct_clean,5
llava,vilp,semantic_entropy,0.2,vilp-211-case1,vilp-211,-0.0,1,0,0,correct_clean,6
llava,vilp,semantic_entropy,0.2,vilp-214-case1,vilp-214,-0.0,1,0,0,correct_clean,5
llava,vilp,semantic_entropy,0.2,vilp-216-case1,vilp-216,-0.0,1,0,0,correct_clean,6
llava,vilp,semantic_entropy,0.2,vilp-217-case1,vilp-217,-0.0,1,0,1,correct_hallucination,1
llava,vilp,semantic_entropy,0.2,vilp-218-case1,vilp-218,-0.0,1,0,0,correct_clean,6
llava,vilp,semantic_entropy,0.2,vilp-22-case1,vilp-22,-0.0,1,0,0,correct_clean,5
llava,vilp,semantic_entropy,0.2,vilp-220-case1,vilp-220,-0.0,1,0,0,correct_clean,6
llava,vilp,semantic_entropy,0.2,vilp-225-case1,vilp-225,-0.0,1,0,1,correct_hallucination,2
llava,vilp,semantic_entropy,0.2,vilp-227-case3,vilp-227,-0.0,0,1,0,wrong_clean,3
llava,vilp,semantic_entropy,0.2,vilp-228-case3,vilp-228,-0.0,0,1,1,wrong_hallucination,1
llava,vilp,semantic_entropy,0.2,vilp-229-case1,vilp-229,-0.0,1,0,0,correct_clean,6
llava,vilp,semantic_entropy,0.2,vilp-229-case2,vilp-229,-0.0,1,0,0,correct_clean,6
llava,vilp,semantic_entropy,0.2,vilp-229-case3,vilp-229,-0.0,0,1,1,wrong_hallucination,0
llava,vilp,semantic_entropy,0.2,vilp-23-case1,vilp-23,-0.0,1,0,0,correct_clean,5
llava,vilp,semantic_entropy,0.2,vilp-23-case2,vilp-23,-0.0,0,1,1,wrong_hallucination,1
llava,vilp,semantic_entropy,0.2,vilp-230-case1,vilp-230,-0.0,1,0,0,correct_clean,6
llava,vilp,semantic_entropy,0.2,vilp-230-case2,vilp-230,-0.0,0,1,1,wrong_hallucination,1
llava,vilp,semantic_entropy,0.2,vilp-231-case1,vilp-231,-0.0,1,0,0,correct_clean,6
llava,vilp,semantic_entropy,0.2,vilp-231-case2,vilp-231,-0.0,0,1,1,wrong_hallucination,0
llava,vilp,semantic_entropy,0.2,vilp-231-case3,vilp-231,-0.0,0,1,1,wrong_hallucination,1
llava,vilp,semantic_entropy,0.2,vilp-232-case1,vilp-232,-0.0,1,0,1,correct_hallucination,1
llava,vilp,semantic_entropy,0.2,vilp-232-case3,vilp-232,-0.0,0,1,1,wrong_hallucination,1
llava,vilp,semantic_entropy,0.2,vilp-233-case1,vilp-233,-0.0,0,1,0,wrong_clean,4
llava,vilp,semantic_entropy,0.2,vilp-233-case2,vilp-233,-0.0,0,1,1,wrong_hallucination,1
llava,vilp,semantic_entropy,0.2,vilp-234-case2,vilp-234,-0.0,1,0,1,correct_hallucination,2
llava,vilp,semantic_entropy,0.2,vilp-234-case3,vilp-234,-0.0,1,0,0,correct_clean,6
llava,vilp,semantic_entropy,0.2,vilp-235-case1,vilp-235,-0.0,0,1,0,wrong_clean,4
llava,vilp,semantic_entropy,0.2,vilp-236-case1,vilp-236,-0.0,1,0,0,correct_clean,6
llava,vilp,semantic_entropy,0.2,vilp-237-case1,vilp-237,-0.0,1,0,0,correct_clean,6
llava,vilp,semantic_entropy,0.2,vilp-237-case3,vilp-237,-0.0,0,1,0,wrong_clean,4
llava,vilp,semantic_entropy,0.2,vilp-240-case1,vilp-240,-0.0,1,0,0,correct_clean,6
llava,vilp,semantic_entropy,0.2,vilp-240-case3,vilp-240,-0.0,0,1,1,wrong_hallucination,1
llava,vilp,semantic_entropy,0.2,vilp-242-case1,vilp-242,-0.0,1,0,0,correct_clean,6
llava,vilp,semantic_entropy,0.2,vilp-242-case2,vilp-242,-0.0,1,0,0,correct_clean,6
llava,vilp,semantic_entropy,0.2,vilp-245-case3,vilp-245,-0.0,0,1,1,wrong_hallucination,1
llava,vilp,semantic_entropy,0.2,vilp-249-case1,vilp-249,-0.0,1,0,0,correct_clean,6
llava,vilp,semantic_entropy,0.2,vilp-251-case1,vilp-251,-0.0,1,0,0,correct_clean,6
llava,vilp,semantic_entropy,0.2,vilp-252-case1,vilp-252,-0.0,1,0,0,correct_clean,6
llava,vilp,semantic_entropy,0.2,vilp-253-case1,vilp-253,-0.0,1,0,0,correct_clean,6
llava,vilp,semantic_entropy,0.2,vilp-253-case3,vilp-253,-0.0,0,1,1,wrong_hallucination,1
llava,vilp,semantic_entropy,0.2,vilp-254-case1,vilp-254,-0.0,1,0,0,correct_clean,6
llava,vilp,semantic_entropy,0.2,vilp-255-case1,vilp-255,-0.0,1,0,1,correct_hallucination,2
llava,vilp,semantic_entropy,0.2,vilp-257-case1,vilp-257,-0.0,1,0,0,correct_clean,5
llava,vilp,semantic_entropy,0.2,vilp-257-case2,vilp-257,-0.0,1,0,1,correct_hallucination,1
llava,vilp,semantic_entropy,0.2,vilp-258-case3,vilp-258,-0.0,1,0,1,correct_hallucination,1
llava,vilp,semantic_entropy,0.2,vilp-26-case1,vilp-26,-0.0,1,0,0,correct_clean,6
llava,vilp,semantic_entropy,0.2,vilp-26-case2,vilp-26,-0.0,0,1,1,wrong_hallucination,1
llava,vilp,semantic_entropy,0.2,vilp-260-case2,vilp-260,-0.0,1,0,0,correct_clean,6
llava,vilp,semantic_entropy,0.2,vilp-260-case3,vilp-260,-0.0,1,0,0,correct_clean,6
llava,vilp,semantic_entropy,0.2,vilp-261-case1,vilp-261,-0.0,1,0,0,correct_clean,6
llava,vilp,semantic_entropy,0.2,vilp-262-case1,vilp-262,-0.0,1,0,0,correct_clean,6
llava,vilp,semantic_entropy,0.2,vilp-262-case2,vilp-262,-0.0,1,0,1,correct_hallucination,2
llava,vilp,semantic_entropy,0.2,vilp-263-case1,vilp-263,-0.0,1,0,0,correct_clean,6
llava,vilp,semantic_entropy,0.2,vilp-265-case3,vilp-265,-0.0,1,0,1,correct_hallucination,1
llava,vilp,semantic_entropy,0.2,vilp-267-case3,vilp-267,-0.0,0,1,1,wrong_hallucination,1
llava,vilp,semantic_entropy,0.2,vilp-268-case1,vilp-268,-0.0,1,0,1,correct_hallucination,2
llava,vilp,semantic_entropy,0.2,vilp-270-case3,vilp-270,-0.0,0,1,1,wrong_hallucination,1
llava,vilp,semantic_entropy,0.2,vilp-271-case1,vilp-271,-0.0,1,0,1,correct_hallucination,2
llava,vilp,semantic_entropy,0.2,vilp-271-case3,vilp-271,-0.0,0,1,1,wrong_hallucination,1
llava,vilp,semantic_entropy,0.2,vilp-273-case1,vilp-273,-0.0,1,0,0,correct_clean,6
llava,vilp,semantic_entropy,0.2,vilp-274-case1,vilp-274,-0.0,1,0,0,correct_clean,6
llava,vilp,semantic_entropy,0.2,vilp-274-case2,vilp-274,-0.0,0,1,0,wrong_clean,4
llava,vilp,semantic_entropy,0.2,vilp-276-case1,vilp-276,-0.0,1,0,1,correct_hallucination,2
llava,vilp,semantic_entropy,0.2,vilp-279-case1,vilp-279,-0.0,1,0,0,correct_clean,6
llava,vilp,semantic_entropy,0.2,vilp-28-case1,vilp-28,-0.0,1,0,0,correct_clean,6
llava,vilp,semantic_entropy,0.2,vilp-28-case2,vilp-28,-0.0,0,1,0,wrong_clean,4
llava,vilp,semantic_entropy,0.2,vilp-282-case1,vilp-282,-0.0,1,0,0,correct_clean,6
llava,vilp,semantic_entropy,0.2,vilp-283-case1,vilp-283,-0.0,1,0,0,correct_clean,6
llava,vilp,semantic_entropy,0.2,vilp-283-case3,vilp-283,-0.0,0,1,1,wrong_hallucination,1
llava,vilp,semantic_entropy,0.2,vilp-284-case2,vilp-284,-0.0,1,0,0,correct_clean,6
llava,vilp,semantic_entropy,0.2,vilp-286-case3,vilp-286,-0.0,1,0,0,correct_clean,6
llava,vilp,semantic_entropy,0.2,vilp-287-case3,vilp-287,-0.0,1,0,0,correct_clean,6
llava,vilp,semantic_entropy,0.2,vilp-290-case2,vilp-290,-0.0,1,0,0,correct_clean,6
llava,vilp,semantic_entropy,0.2,vilp-291-case1,vilp-291,-0.0,1,0,0,correct_clean,6
llava,vilp,semantic_entropy,0.2,vilp-292-case1,vilp-292,-0.0,1,0,0,correct_clean,6
llava,vilp,semantic_entropy,0.2,vilp-294-case1,vilp-294,-0.0,1,0,0,correct_clean,5
llava,vilp,semantic_entropy,0.2,vilp-295-case1,vilp-295,-0.0,1,0,1,correct_hallucination,2
llava,vilp,semantic_entropy,0.2,vilp-296-case1,vilp-296,-0.0,1,0,0,correct_clean,6
llava,vilp,semantic_entropy,0.2,vilp-299-case1,vilp-299,-0.0,1,0,0,correct_clean,6
llava,vilp,semantic_entropy,0.2,vilp-30-case3,vilp-30,-0.0,0,1,0,wrong_clean,4
llava,vilp,semantic_entropy,0.2,vilp-33-case1,vilp-33,-0.0,1,0,0,correct_clean,6
llava,vilp,semantic_entropy,0.2,vilp-37-case1,vilp-37,-0.0,1,0,0,correct_clean,6
llava,vilp,semantic_entropy,0.2,vilp-39-case1,vilp-39,-0.0,1,0,1,correct_hallucination,1
llava,vilp,semantic_entropy,0.2,vilp-39-case3,vilp-39,-0.0,0,1,1,wrong_hallucination,1
llava,vilp,semantic_entropy,0.2,vilp-40-case1,vilp-40,-0.0,1,0,0,correct_clean,6
llava,vilp,semantic_entropy,0.2,vilp-42-case3,vilp-42,-0.0,1,0,1,correct_hallucination,2
llava,vilp,semantic_entropy,0.2,vilp-43-case1,vilp-43,-0.0,1,0,0,correct_clean,6
llava,vilp,semantic_entropy,0.2,vilp-43-case2,vilp-43,-0.0,1,0,0,correct_clean,6
llava,vilp,semantic_entropy,0.2,vilp-44-case1,vilp-44,-0.0,1,0,1,correct_hallucination,2
llava,vilp,semantic_entropy,0.2,vilp-44-case2,vilp-44,-0.0,0,1,0,wrong_clean,4
llava,vilp,semantic_entropy,0.2,vilp-49-case1,vilp-49,-0.0,1,0,1,correct_hallucination,2
llava,vilp,semantic_entropy,0.2,vilp-49-case3,vilp-49,-0.0,0,1,1,wrong_hallucination,1
llava,vilp,semantic_entropy,0.2,vilp-50-case3,vilp-50,-0.0,0,1,1,wrong_hallucination,2
llava,vilp,semantic_entropy,0.2,vilp-51-case1,vilp-51,-0.0,1,0,0,correct_clean,6
llava,vilp,semantic_entropy,0.2,vilp-51-case3,vilp-51,-0.0,0,1,1,wrong_hallucination,1
llava,vilp,semantic_entropy,0.2,vilp-52-case1,vilp-52,-0.0,1,0,0,correct_clean,6
llava,vilp,semantic_entropy,0.2,vilp-52-case3,vilp-52,-0.0,0,1,1,wrong_hallucination,1
llava,vilp,semantic_entropy,0.2,vilp-53-case1,vilp-53,-0.0,1,0,1,correct_hallucination,2
llava,vilp,semantic_entropy,0.2,vilp-54-case1,vilp-54,-0.0,0,1,1,wrong_hallucination,2
llava,vilp,semantic_entropy,0.2,vilp-55-case1,vilp-55,-0.0,1,0,0,correct_clean,6
llava,vilp,umpire,0.2,vilp-260-case2,vilp-260,-22.158380162491905,1,0,0,correct_clean,6
llava,vilp,umpire,0.2,vilp-44-case1,vilp-44,-21.719290392845057,1,0,1,correct_hallucination,2
llava,vilp,umpire,0.2,vilp-26-case1,vilp-26,-21.60948785419595,1,0,0,correct_clean,6
llava,vilp,umpire,0.2,vilp-55-case1,vilp-55,-21.4690753088622,1,0,0,correct_clean,6
llava,vilp,umpire,0.2,vilp-22-case1,vilp-22,-21.098094918317187,1,0,0,correct_clean,5
llava,vilp,umpire,0.2,vilp-115-case1,vilp-115,-20.991737724711,1,0,0,correct_clean,6
llava,vilp,umpire,0.2,vilp-161-case1,vilp-161,-20.82611662543141,1,0,0,correct_clean,6
llava,vilp,umpire,0.2,vilp-8-case1,vilp-8,-20.59565808443927,1,0,0,correct_clean,6
llava,vilp,umpire,0.2,vilp-26-case2,vilp-26,-20.589014064160942,0,1,1,wrong_hallucination,1
llava,vilp,umpire,0.2,vilp-8-case3,vilp-8,-20.545810003320856,0,1,1,wrong_hallucination,1
llava,vilp,umpire,0.2,vilp-240-case1,vilp-240,-20.204286680623323,1,0,0,correct_clean,6
llava,vilp,umpire,0.2,vilp-74-case1,vilp-74,-20.177904379555613,1,0,1,correct_hallucination,2
llava,vilp,umpire,0.2,vilp-55-case2,vilp-55,-20.128150432504594,0,1,1,wrong_hallucination,1
llava,vilp,umpire,0.2,vilp-101-case1,vilp-101,-19.882606101543157,1,0,0,correct_clean,6
llava,vilp,umpire,0.2,vilp-260-case3,vilp-260,-19.854744840184598,1,0,0,correct_clean,6
llava,vilp,umpire,0.2,vilp-97-case1,vilp-97,-19.60120612362008,1,0,0,correct_clean,6
llava,vilp,umpire,0.2,vilp-118-case1,vilp-118,-19.57320401843351,1,0,0,correct_clean,5
llava,vilp,umpire,0.2,vilp-257-case1,vilp-257,-19.401983999494217,1,0,0,correct_clean,5
llava,vilp,umpire,0.2,vilp-55-case3,vilp-55,-19.35093054313158,0,1,1,wrong_hallucination,1
llava,vilp,umpire,0.2,vilp-218-case1,vilp-218,-19.292751364255672,1,0,0,correct_clean,6
llava,vilp,umpire,0.2,vilp-229-case1,vilp-229,-19.226739289133914,1,0,0,correct_clean,6
llava,vilp,umpire,0.2,vilp-273-case1,vilp-273,-19.18945284071757,1,0,0,correct_clean,6
llava,vilp,umpire,0.2,vilp-11-case1,vilp-11,-19.175159266223854,1,0,0,correct_clean,6
llava,vilp,umpire,0.2,vilp-299-case1,vilp-299,-19.159340960757955,1,0,0,correct_clean,6
llava,vilp,umpire,0.2,vilp-214-case1,vilp-214,-19.134954376403943,1,0,0,correct_clean,5
llava,vilp,umpire,0.2,vilp-106-case1,vilp-106,-19.054451330409794,1,0,0,correct_clean,6
llava,vilp,umpire,0.2,vilp-141-case1,vilp-141,-19.02988264227143,1,0,0,correct_clean,6
llava,vilp,umpire,0.2,vilp-131-case1,vilp-131,-18.88528440566819,1,0,0,correct_clean,6
llava,vilp,umpire,0.2,vilp-130-case1,vilp-130,-18.764258550385144,1,0,0,correct_clean,6
llava,vilp,umpire,0.2,vilp-131-case3,vilp-131,-18.708484361933262,0,1,1,wrong_hallucination,1
llava,vilp,umpire,0.2,vilp-56-case1,vilp-56,-18.70309975034653,1,0,0,correct_clean,6
llava,vilp,umpire,0.2,vilp-44-case2,vilp-44,-18.557143547511807,0,1,0,wrong_clean,4
llava,vilp,umpire,0.2,vilp-90-case1,vilp-90,-18.487247841415293,1,0,0,correct_clean,6
llava,vilp,umpire,0.2,vilp-291-case1,vilp-291,-18.463680631776974,1,0,0,correct_clean,6
llava,vilp,umpire,0.2,vilp-39-case1,vilp-39,-18.424482032615614,1,0,1,correct_hallucination,1
llava,vilp,umpire,0.2,vilp-11-case2,vilp-11,-18.373492736671597,1,0,1,correct_hallucination,2
llava,vilp,umpire,0.2,vilp-134-case1,vilp-134,-18.24613881615735,1,0,0,correct_clean,6
llava,vilp,umpire,0.2,vilp-231-case3,vilp-231,-18.229457021781286,0,1,1,wrong_hallucination,1
llava,vilp,umpire,0.2,vilp-94-case1,vilp-94,-18.20910002692523,1,0,0,correct_clean,6
llava,vilp,umpire,0.2,vilp-8-case2,vilp-8,-18.19295393490599,0,1,1,wrong_hallucination,0
llava,vilp,umpire,0.2,vilp-131-case2,vilp-131,-18.17832657739397,0,1,1,wrong_hallucination,1
llava,vilp,umpire,0.2,vilp-128-case2,vilp-128,-18.11738934932174,1,0,0,correct_clean,6
llava,vilp,umpire,0.2,vilp-150-case2,vilp-150,-18.011543048402547,1,0,0,correct_clean,5
llava,vilp,umpire,0.2,vilp-80-case2,vilp-80,-17.951449229030633,0,1,1,wrong_hallucination,1
llava,vilp,umpire,0.2,vilp-135-case1,vilp-135,-17.91410624636018,1,0,0,correct_clean,6
llava,vilp,umpire,0.2,vilp-101-case2,vilp-101,-17.900603028183326,0,1,1,wrong_hallucination,0
llava,vilp,umpire,0.2,vilp-9-case1,vilp-9,-17.78827240359461,1,0,0,correct_clean,6
llava,vilp,umpire,0.2,vilp-216-case1,vilp-216,-17.68139233517727,1,0,0,correct_clean,6
llava,vilp,umpire,0.2,vilp-240-case3,vilp-240,-17.654621616515147,0,1,1,wrong_hallucination,1
llava,vilp,umpire,0.2,vilp-217-case1,vilp-217,-17.62361436281509,1,0,1,correct_hallucination,1
llava,vilp,umpire,0.2,vilp-160-case2,vilp-160,-17.577889156720403,1,0,0,correct_clean,6
llava,vilp,umpire,0.2,vilp-267-case3,vilp-267,-17.541086695225786,0,1,1,wrong_hallucination,1
llava,vilp,umpire,0.2,vilp-43-case2,vilp-43,-17.447669595244882,1,0,0,correct_clean,6
llava,vilp,umpire,0.2,vilp-97-case3,vilp-97,-17.389884315647635,0,1,1,wrong_hallucination,1
llava,vilp,umpire,0.2,vilp-11-case3,vilp-11,-17.38871869371829,1,0,0,correct_clean,6
llava,vilp,umpire,0.2,vilp-94-case2,vilp-94,-17.37275282635706,1,0,0,correct_clean,6
llava,vilp,umpire,0.2,vilp-9-case3,vilp-9,-17.33640964560837,0,1,0,wrong_clean,4
llava,vilp,umpire,0.2,vilp-230-case1,vilp-230,-17.276123033112764,1,0,0,correct_clean,6
llava,vilp,umpire,0.2,vilp-249-case1,vilp-249,-17.274642286963523,1,0,0,correct_clean,6
llava,vilp,umpire,0.2,vilp-6-case2,vilp-6,-17.273132425585047,1,0,1,correct_hallucination,2
llava,vilp,umpire,0.2,vilp-139-case1,vilp-139,-17.26678731470803,1,0,1,correct_hallucination,2
llava,vilp,umpire,0.2,vilp-37-case1,vilp-37,-17.13936338754828,1,0,0,correct_clean,6
llava,vilp,umpire,0.2,vilp-103-case1,vilp-103,-17.097267049151004,1,0,1,correct_hallucination,1
llava,vilp,umpire,0.2,vilp-81-case1,vilp-81,-17.001453602991525,1,0,0,correct_clean,6
llava,vilp,umpire,0.2,vilp-150-case1,vilp-150,-16.964394731177922,1,0,0,correct_clean,6
llava,vilp,umpire,0.2,vilp-136-case3,vilp-136,-16.963337079535602,0,1,1,wrong_hallucination,2
llava,vilp,umpire,0.2,vilp-96-case1,vilp-96,-16.912708091271057,1,0,0,correct_clean,6
llava,vilp,umpire,0.2,vilp-128-case1,vilp-128,-16.890973141581444,0,1,1,wrong_hallucination,2
llava,vilp,umpire,0.2,vilp-160-case1,vilp-160,-16.817229249448637,1,0,0,correct_clean,6
llava,vilp,umpire,0.2,vilp-56-case2,vilp-56,-16.81177809787999,1,0,1,correct_hallucination,2
llava,vilp,umpire,0.2,vilp-197-case1,vilp-197,-16.702226797782345,1,0,0,correct_clean,6
llava,vilp,umpire,0.2,vilp-101-case3,vilp-101,-16.698130857385035,0,1,0,wrong_clean,5
llava,vilp,umpire,0.2,vilp-234-case3,vilp-234,-16.631121957960897,1,0,0,correct_clean,6
llava,vilp,umpire,0.2,vilp-39-case3,vilp-39,-16.620504229890557,0,1,1,wrong_hallucination,1
llava,vilp,umpire,0.2,vilp-6-case1,vilp-6,-16.57012260076235,1,0,0,correct_clean,6
llava,vilp,umpire,0.2,vilp-80-case1,vilp-80,-16.52816842404981,1,0,1,correct_hallucination,2
llava,vilp,umpire,0.2,vilp-265-case3,vilp-265,-16.490849610463325,1,0,1,correct_hallucination,1
llava,vilp,umpire,0.2,vilp-125-case2,vilp-125,-16.47789582642924,0,1,1,wrong_hallucination,2
llava,vilp,umpire,0.2,vilp-206-case3,vilp-206,-16.4727878344368,0,1,1,wrong_hallucination,1
llava,vilp,umpire,0.2,vilp-145-case3,vilp-145,-16.465850990655643,1,0,1,correct_hallucination,1
llava,vilp,umpire,0.2,vilp-228-case3,vilp-228,-16.44355964975921,0,1,1,wrong_hallucination,1
llava,vilp,umpire,0.2,vilp-260-case1,vilp-260,-16.4334413434543,1,0,0,correct_clean,6
llava,vilp,umpire,0.2,vilp-262-case1,vilp-262,-16.279206475430488,1,0,0,correct_clean,6
llava,vilp,umpire,0.2,vilp-10-case2,vilp-10,-16.23701548397618,1,0,0,correct_clean,6
llava,vilp,umpire,0.2,vilp-148-case1,vilp-148,-16.23270039235653,1,0,0,correct_clean,6
llava,vilp,umpire,0.2,vilp-230-case2,vilp-230,-16.204138667550104,0,1,1,wrong_hallucination,1
llava,vilp,umpire,0.2,vilp-92-case1,vilp-92,-16.19170566802043,1,0,0,correct_clean,6
llava,vilp,umpire,0.2,vilp-218-case3,vilp-218,-16.18934310629559,1,0,1,correct_hallucination,1
llava,vilp,umpire,0.2,vilp-139-case3,vilp-139,-16.110488796988868,1,0,1,correct_hallucination,2
llava,vilp,umpire,0.2,vilp-255-case1,vilp-255,-16.1032073485158,1,0,1,correct_hallucination,2
llava,vilp,umpire,0.2,vilp-26-case3,vilp-26,-16.070079557628134,0,1,1,wrong_hallucination,1
llava,vilp,umpire,0.2,vilp-175-case1,vilp-175,-16.043861475762146,1,0,0,correct_clean,6
llava,vilp,umpire,0.2,vilp-195-case2,vilp-195,-16.015642580784707,0,1,1,wrong_hallucination,1
llava,vilp,umpire,0.2,vilp-218-case2,vilp-218,-15.971502122286704,1,0,1,correct_hallucination,2
llava,vilp,umpire,0.2,vilp-254-case1,vilp-254,-15.95318299314781,1,0,0,correct_clean,6
llava,vilp,umpire,0.2,vilp-72-case1,vilp-72,-15.944522485434579,1,0,0,correct_clean,6
llava,vilp,umpire,0.2,vilp-214-case2,vilp-214,-15.920474794581986,0,1,1,wrong_hallucination,1
llava,vilp,umpire,0.2,vilp-250-case1,vilp-250,-15.868378185890677,1,0,0,correct_clean,6
llava,vilp,umpire,0.2,vilp-82-case3,vilp-82,-15.84574175749085,1,0,0,correct_clean,6
llava,vilp,umpire,0.2,vilp-114-case1,vilp-114,-15.820055280598833,1,0,1,correct_hallucination,2
llava,vilp,umpire,0.2,vilp-145-case2,vilp-145,-15.783025906080276,1,0,0,correct_clean,6
llava,vilp,umpire,0.2,vilp-37-case2,vilp-37,-15.704427724630445,1,0,0,correct_clean,5
llava,vilp,umpire,0.2,vilp-56-case3,vilp-56,-15.531393957272199,0,1,1,wrong_hallucination,2
llava,vilp,umpire,0.2,vilp-21-case1,vilp-21,-15.522917228102918,1,0,0,correct_clean,5
llava,vilp,umpire,0.2,vilp-229-case3,vilp-229,-15.49593730245247,0,1,1,wrong_hallucination,0
llava,vilp,umpire,0.2,vilp-97-case2,vilp-97,-15.456515377051751,1,0,1,correct_hallucination,1
llava,vilp,umpire,0.2,vilp-91-case1,vilp-91,-15.432316385393554,1,0,1,correct_hallucination,2
llava,vilp,umpire,0.2,vilp-10-case1,vilp-10,-15.380975765422502,1,0,0,correct_clean,6
llava,vilp,umpire,0.2,vilp-165-case1,vilp-165,-15.36002620185457,1,0,0,correct_clean,6
llava,vilp,umpire,0.2,vilp-147-case1,vilp-147,-15.290126962685061,1,0,1,correct_hallucination,2
llava,vilp,umpire,0.2,vilp-231-case1,vilp-231,-15.2777402065765,1,0,0,correct_clean,6
llava,vilp,umpire,0.2,vilp-6-case3,vilp-6,-15.274866798672095,1,0,0,correct_clean,6
llava,vilp,umpire,0.2,vilp-234-case2,vilp-234,-15.257001627823232,1,0,1,correct_hallucination,2
llava,vilp,umpire,0.2,vilp-243-case1,vilp-243,-15.176839168807396,1,0,0,correct_clean,6
llava,vilp,umpire,0.2,vilp-256-case2,vilp-256,-15.139473351478015,1,0,0,correct_clean,6
llava,vilp,umpire,0.2,vilp-263-case1,vilp-263,-15.115800978697322,1,0,0,correct_clean,6
llava,vilp,umpire,0.2,vilp-139-case2,vilp-139,-15.040227046948653,1,0,0,correct_clean,6
llava,vilp,umpire,0.2,vilp-174-case3,vilp-174,-15.01992447545145,0,1,1,wrong_hallucination,1
llava,vilp,umpire,0.2,vilp-242-case1,vilp-242,-14.886296445920694,1,0,0,correct_clean,6
llava,vilp,umpire,0.2,vilp-236-case1,vilp-236,-14.872073534140387,1,0,0,correct_clean,6
llava,vilp,umpire,0.2,vilp-177-case1,vilp-177,-14.868036362360819,1,0,0,correct_clean,6
llava,vilp,umpire,0.2,vilp-257-case2,vilp-257,-14.857938156634196,1,0,1,correct_hallucination,1
llava,vilp,umpire,0.2,vilp-276-case1,vilp-276,-14.839782873730304,1,0,1,correct_hallucination,2
llava,vilp,umpire,0.2,vilp-79-case2,vilp-79,-14.8346400459817,1,0,1,correct_hallucination,1
llava,vilp,umpire,0.2,vilp-96-case3,vilp-96,-14.829131710865747,1,0,1,correct_hallucination,1
llava,vilp,umpire,0.2,vilp-233-case1,vilp-233,-14.814177953285112,0,1,0,wrong_clean,4
llava,vilp,umpire,0.2,vilp-216-case2,vilp-216,-14.783667670484991,0,1,0,wrong_clean,4
llava,vilp,umpire,0.2,vilp-253-case1,vilp-253,-14.770289367707536,1,0,0,correct_clean,6
llava,vilp,umpire,0.2,vilp-44-case3,vilp-44,-14.769038093688492,1,0,0,correct_clean,6
llava,vilp,umpire,0.2,vilp-104-case2,vilp-104,-14.732840286131335,1,0,0,correct_clean,6
llava,vilp,umpire,0.2,vilp-274-case1,vilp-274,-14.699661314394785,1,0,0,correct_clean,6
llava,vilp,umpire,0.2,vilp-177-case2,vilp-177,-14.564475237499106,0,1,1,wrong_hallucination,1
llava,vilp,umpire,0.2,vilp-99-case1,vilp-99,-14.556818456648463,1,0,0,correct_clean,6
llava,vilp,umpire,0.2,vilp-9-case2,vilp-9,-14.549787853278795,0,1,0,wrong_clean,4
llava,vilp,umpire,0.2,vilp-283-case3,vilp-283,-14.531351618065056,0,1,1,wrong_hallucination,1
llava,vilp,umpire,0.2,vilp-296-case1,vilp-296,-14.52047000805912,1,0,0,correct_clean,6
llava,vilp,umpire,0.2,vilp-99-case3,vilp-99,-14.508288491770772,0,1,1,wrong_hallucination,1
llava,vilp,umpire,0.2,vilp-237-case1,vilp-237,-14.46041767038289,1,0,0,correct_clean,6
llava,vilp,umpire,0.2,vilp-133-case1,vilp-133,-14.420154887873942,1,0,0,correct_clean,6
llava,vilp,umpire,0.2,vilp-217-case2,vilp-217,-14.392384928889866,1,0,1,correct_hallucination,1
llava,vilp,umpire,0.2,vilp-285-case3,vilp-285,-14.381847857902459,1,0,0,correct_clean,6
llava,vilp,umpire,0.2,vilp-38-case1,vilp-38,-14.365237779569108,0,1,1,wrong_hallucination,1
llava,vilp,umpire,0.2,vilp-197-case2,vilp-197,-14.341085747376097,0,1,1,wrong_hallucination,1
llava,vilp,umpire,0.2,vilp-102-case1,vilp-102,-14.340586589816528,1,0,0,correct_clean,6
llava,vilp,umpire,0.2,vilp-130-case3,vilp-130,-14.247639376040867,0,1,0,wrong_clean,4
llava,vilp,umpire,0.2,vilp-153-case2,vilp-153,-14.178814282978374,1,0,0,correct_clean,6
llava,vilp,umpire,0.2,vilp-126-case1,vilp-126,-14.168807172113814,1,0,0,correct_clean,5
llava,vilp,umpire,0.2,vilp-107-case1,vilp-107,-14.166333759690163,0,1,0,wrong_clean,4
llava,vilp,umpire,0.2,vilp-61-case1,vilp-61,-14.042561494292078,1,0,1,correct_hallucination,2
llava,vilp,umpire,0.2,vilp-243-case2,vilp-243,-14.042138463267628,0,1,1,wrong_hallucination,1
llava,vilp,umpire,0.2,vilp-90-case3,vilp-90,-14.009001004948374,1,0,0,correct_clean,6
llava,vilp,umpire,0.2,vilp-113-case2,vilp-113,-13.966682240500187,0,1,1,wrong_hallucination,1
llava,vilp,umpire,0.2,vilp-132-case1,vilp-132,-13.904629122454041,1,0,0,correct_clean,6
llava,vilp,umpire,0.2,vilp-135-case2,vilp-135,-13.805932479916477,0,1,1,wrong_hallucination,2
llava,vilp,umpire,0.2,vilp-285-case1,vilp-285,-13.79560749092764,1,0,0,correct_clean,6
llava,vilp,umpire,0.2,vilp-43-case3,vilp-43,-13.77187625523431,1,0,0,correct_clean,6
llava,vilp,umpire,0.2,vilp-178-case3,vilp-178,-13.751194965760419,0,1,1,wrong_hallucination,1
llava,vilp,umpire,0.2,vilp-153-case1,vilp-153,-13.690889089464958,1,0,0,correct_clean,6
llava,vilp,umpire,0.2,vilp-142-case1,vilp-142,-13.625523154985364,1,0,0,correct_clean,6
llava,vilp,umpire,0.2,vilp-133-case2,vilp-133,-13.616674587506722,0,1,1,wrong_hallucination,1
llava,vilp,umpire,0.2,vilp-38-case3,vilp-38,-13.613807645665663,1,0,1,correct_hallucination,1
llava,vilp,umpire,0.2,vilp-86-case1,vilp-86,-13.579188088191618,1,0,0,correct_clean,6
llava,vilp,umpire,0.2,vilp-134-case2,vilp-134,-13.520078877955207,1,0,0,correct_clean,6
llava,vilp,umpire,0.2,vilp-124-case1,vilp-124,-13.50316356474693,1,0,0,correct_clean,6
llava,vilp,umpire,0.2,vilp-22-case3,vilp-22,-13.284907170405248,0,1,1,wrong_hallucination,1
llava,vilp,umpire,0.2,vilp-216-case3,vilp-216,-13.283171134790447,0,1,0,wrong_clean,4
llava,vilp,umpire,0.2,vilp-155-case1,vilp-155,-13.238470246895737,1,0,0,correct_clean,6
llava,vilp,umpire,0.2,vilp-235-case3,vilp-235,-13.215236895361421,0,1,1,wrong_hallucination,1
llava,vilp,umpire,0.2,vilp-140-case3,vilp-140,-13.180909709905869,1,0,1,correct_hallucination,1
llava,vilp,umpire,0.2,vilp-206-case2,vilp-206,-13.141138899382963,0,1,1,wrong_hallucination,1
llava,vilp,umpire,0.2,vilp-35-case1,vilp-35,-13.12076933790512,1,0,1,correct_hallucination,1
llava,vilp,umpire,0.2,vilp-269-case1,vilp-269,-13.100228649516268,1,0,0,correct_clean,6
llava,vilp,umpire,0.2,vilp-256-case3,vilp-256,-13.064401709311593,0,1,1,wrong_hallucination,1
llava,vilp,umpire,0.2,vilp-105-case2,vilp-105,-13.054889782133639,1,0,0,correct_clean,6
llava,vilp,umpire,0.2,vilp-284-case3,vilp-284,-13.04796823590372,1,0,0,correct_clean,6
llava,vilp,umpire,0.2,vilp-229-case2,vilp-229,-13.039619489284163,1,0,0,correct_clean,6
llava,vilp,umpire,0.2,vilp-167-case3,vilp-167,-12.975686331068594,1,0,0,correct_clean,6
llava,vilp,umpire,0.2,vilp-258-case3,vilp-258,-12.962641925842078,1,0,1,correct_hallucination,1
llava,hallusionbench,perplexity,0.2,hallusionbench-image-VD-illusion-19-1-0,hallusionbench-image-VD-illusion-19,1.0000115633006383,1,0,0,correct_clean,4
llava,hallusionbench,perplexity,0.2,hallusionbench-image-VD-math-6-1-0,hallusionbench-image-VD-math-6,1.0000159740450543,1,0,1,correct_hallucination,1
llava,hallusionbench,perplexity,0.2,hallusionbench-image-VD-figure-8-1-0,hallusionbench-image-VD-figure-8,1.0000241994857244,1,0,1,correct_hallucination,1
llava,hallusionbench,perplexity,0.2,hallusionbench-non_image-VS-map-4-0-2,hallusionbench-non_image-VS-map-4,1.0000258684157202,1,0,1,correct_hallucination,1
llava,hallusionbench,perplexity,0.2,hallusionbench-non_image-VS-map-10-0-1,hallusionbench-non_image-VS-map-10,1.000041365624083,1,0,1,correct_hallucination,1
llava,hallusionbench,perplexity,0.2,hallusionbench-non_image-VS-ocr-12-0-0,hallusionbench-non_image-VS-ocr-12,1.0000432729733946,1,0,0,correct_clean,5
llava,hallusionbench,perplexity,0.2,hallusionbench-non_image-VS-chart-15-0-0,hallusionbench-non_image-VS-chart-15,1.000044345856707,0,1,1,wrong_hallucination,1
llava,hallusionbench,perplexity,0.2,hallusionbench-image-VS-chart-6-2-3,hallusionbench-image-VS-chart-6,1.0000448226932959,1,0,1,correct_hallucination,2
llava,hallusionbench,perplexity,0.2,hallusionbench-non_image-VS-chart-6-0-3,hallusionbench-non_image-VS-chart-6,1.000045299530112,1,0,0,correct_clean,5
llava,hallusionbench,perplexity,0.2,hallusionbench-image-VD-figure-3-1-0,hallusionbench-image-VD-figure-3,1.0000455379486053,1,0,1,correct_hallucination,1
llava,hallusionbench,perplexity,0.2,hallusionbench-image-VD-video-11-1-1,hallusionbench-image-VD-video-11,1.0000463724119606,0,1,0,wrong_clean,4
llava,hallusionbench,perplexity,0.2,hallusionbench-image-VD-video-11-2-1,hallusionbench-image-VD-video-11,1.0000463724119606,0,1,0,wrong_clean,4
llava,hallusionbench,perplexity,0.2,hallusionbench-image-VD-ocr-8-1-0,hallusionbench-image-VD-ocr-8,1.0000498294839288,0,1,1,wrong_hallucination,1
llava,hallusionbench,perplexity,0.2,hallusionbench-image-VD-figure-7-1-0,hallusionbench-image-VD-figure-7,1.0000504255311498,0,1,1,wrong_hallucination,1
llava,hallusionbench,perplexity,0.2,hallusionbench-image-VD-ocr-3-0-1,hallusionbench-image-VD-ocr-3,1.0000526905043694,1,0,0,correct_clean,5
llava,hallusionbench,perplexity,0.2,hallusionbench-image-VD-ocr-18-1-0,hallusionbench-image-VD-ocr-18,1.000052809716309,0,1,1,wrong_hallucination,1
llava,hallusionbench,perplexity,0.2,hallusionbench-image-VS-map-4-2-2,hallusionbench-image-VS-map-4,1.0000530481329548,0,1,1,wrong_hallucination,1
llava,hallusionbench,perplexity,0.2,hallusionbench-image-VD-figure-3-1-1,hallusionbench-image-VD-figure-3,1.0000545978534514,1,0,0,correct_clean,5
llava,hallusionbench,perplexity,0.2,hallusionbench-image-VD-ocr-14-1-1,hallusionbench-image-VD-ocr-14,1.0000566244112894,1,0,0,correct_clean,5
llava,hallusionbench,perplexity,0.2,hallusionbench-image-VD-ocr-19-1-0,hallusionbench-image-VD-ocr-19,1.0000571012500947,0,1,1,wrong_hallucination,1
llava,hallusionbench,perplexity,0.2,hallusionbench-image-VS-chart-6-2-1,hallusionbench-image-VS-chart-6,1.0000573396677634,0,1,1,wrong_hallucination,1
llava,hallusionbench,perplexity,0.2,hallusionbench-non_image-VS-chart-6-0-1,hallusionbench-non_image-VS-chart-6,1.000057578085489,1,0,0,correct_clean,4
llava,hallusionbench,perplexity,0.2,hallusionbench-image-VD-figure-15-1-1,hallusionbench-image-VD-figure-15,1.0000578165069096,1,0,1,correct_hallucination,1
llava,hallusionbench,perplexity,0.2,hallusionbench-image-VD-figure-17-1-1,hallusionbench-image-VD-figure-17,1.0000578165069096,0,1,1,wrong_hallucination,1
llava,hallusionbench,perplexity,0.2,hallusionbench-image-VS-chart-14-2-2,hallusionbench-image-VS-chart-14,1.0000579357158221,0,1,1,wrong_hallucination,1
llava,hallusionbench,perplexity,0.2,hallusionbench-image-VD-figure-6-1-1,hallusionbench-image-VD-figure-6,1.0000585317605981,0,1,1,wrong_hallucination,1
llava,hallusionbench,perplexity,0.2,hallusionbench-image-VD-ocr-3-2-0,hallusionbench-image-VD-ocr-3,1.0000591278093673,1,0,0,correct_clean,6
llava,hallusionbench,perplexity,0.2,hallusionbench-image-VD-ocr-3-1-0,hallusionbench-image-VD-ocr-3,1.0000593662275192,1,0,0,correct_clean,5
llava,hallusionbench,perplexity,0.2,hallusionbench-image-VD-ocr-2-1-1,hallusionbench-image-VD-ocr-2,1.0000600814823162,1,0,1,correct_hallucination,1
llava,hallusionbench,perplexity,0.2,hallusionbench-image-VD-ocr-10-1-1,hallusionbench-image-VD-ocr-10,1.0000649690631755,1,0,0,correct_clean,6
llava,hallusionbench,perplexity,0.2,hallusionbench-image-VD-ocr-5-1-0,hallusionbench-image-VD-ocr-5,1.0000650882729407,0,1,1,wrong_hallucination,1
llava,hallusionbench,perplexity,0.2,hallusionbench-image-VD-figure-2-1-1,hallusionbench-image-VD-figure-2,1.0000655651121435,1,0,1,correct_hallucination,1
llava,hallusionbench,perplexity,0.2,hallusionbench-image-VD-figure-4-1-1,hallusionbench-image-VD-figure-4,1.0000655651121435,1,0,0,correct_clean,5
llava,hallusionbench,perplexity,0.2,hallusionbench-image-VD-figure-5-1-0,hallusionbench-image-VD-figure-5,1.0000672340365904,1,0,1,correct_hallucination,1
llava,hallusionbench,perplexity,0.2,hallusionbench-image-VD-figure-5-2-0,hallusionbench-image-VD-figure-5,1.0000672340365904,1,0,1,correct_hallucination,1
llava,hallusionbench,perplexity,0.2,hallusionbench-image-VD-ocr-20-1-0,hallusionbench-image-VD-ocr-20,1.00006961822544,0,1,1,wrong_hallucination,1
llava,hallusionbench,perplexity,0.2,hallusionbench-image-VD-ocr-13-1-0,hallusionbench-image-VD-ocr-13,1.0000710487356568,0,1,1,wrong_hallucination,1
llava,hallusionbench,perplexity,0.2,hallusionbench-image-VD-ocr-17-1-1,hallusionbench-image-VD-ocr-17,1.0000711679461467,1,0,0,correct_clean,5
llava,hallusionbench,perplexity,0.2,hallusionbench-image-VD-figure-6-1-0,hallusionbench-image-VD-figure-6,1.0000712871566508,0,1,1,wrong_hallucination,1
llava,hallusionbench,perplexity,0.2,hallusionbench-image-VD-ocr-7-1-0,hallusionbench-image-VD-ocr-7,1.0000716447809717,0,1,1,wrong_hallucination,1
llava,hallusionbench,perplexity,0.2,hallusionbench-image-VD-ocr-2-1-0,hallusionbench-image-VD-ocr-2,1.0000717639915326,0,1,1,wrong_hallucination,1
llava,hallusionbench,perplexity,0.2,hallusionbench-image-VS-ocr-7-2-1,hallusionbench-image-VS-ocr-7,1.0000740289657837,0,1,1,wrong_hallucination,1
llava,hallusionbench,perplexity,0.2,hallusionbench-image-VS-chart-5-2-3,hallusionbench-image-VS-chart-5,1.000074744223791,0,1,1,wrong_hallucination,1
llava,hallusionbench,perplexity,0.2,hallusionbench-image-VD-ocr-1-1-1,hallusionbench-image-VD-ocr-1,1.0000749826456659,1,0,1,correct_hallucination,1
llava,hallusionbench,perplexity,0.2,hallusionbench-non_image-VS-chart-5-0-1,hallusionbench-non_image-VS-chart-5,1.0000749826456659,0,1,1,wrong_hallucination,1
llava,hallusionbench,perplexity,0.2,hallusionbench-image-VD-figure-1-1-0,hallusionbench-image-VD-figure-1,1.0000751018493481,0,1,1,wrong_hallucination,1
llava,hallusionbench,perplexity,0.2,hallusionbench-image-VD-figure-12-1-1,hallusionbench-image-VD-figure-12,1.0000754594823098,1,0,0,correct_clean,5
llava,hallusionbench,perplexity,0.2,hallusionbench-image-VD-illusion-9-1-0,hallusionbench-image-VD-illusion-9,1.000075936319181,1,0,0,correct_clean,5
llava,hallusionbench,perplexity,0.2,hallusionbench-image-VD-ocr-18-1-1,hallusionbench-image-VD-ocr-18,1.0000778436689395,1,0,0,correct_clean,5
llava,hallusionbench,perplexity,0.2,hallusionbench-non_image-VS-table-3-0-2,hallusionbench-non_image-VS-table-3,1.0000786781337836,0,1,1,wrong_hallucination,1
llava,hallusionbench,perplexity,0.2,hallusionbench-image-VS-map-4-2-3,hallusionbench-image-VS-map-4,1.0000797510150592,0,1,1,wrong_hallucination,1
llava,hallusionbench,perplexity,0.2,hallusionbench-image-VS-chart-21-2-0,hallusionbench-image-VS-chart-21,1.000082015992846,0,1,1,wrong_hallucination,1
llava,hallusionbench,perplexity,0.2,hallusionbench-image-VD-figure-5-1-1,hallusionbench-image-VD-figure-5,1.0000823736210038,1,0,0,correct_clean,5
llava,hallusionbench,perplexity,0.2,hallusionbench-image-VD-figure-5-2-1,hallusionbench-image-VD-figure-5,1.0000823736210038,1,0,0,correct_clean,4
llava,hallusionbench,perplexity,0.2,hallusionbench-image-VD-ocr-19-1-1,hallusionbench-image-VD-ocr-19,1.000082492825567,1,0,0,correct_clean,4
llava,hallusionbench,perplexity,0.2,hallusionbench-image-VD-ocr-2-0-0,hallusionbench-image-VD-ocr-2,1.000082492825567,1,0,1,correct_hallucination,1
llava,hallusionbench,perplexity,0.2,hallusionbench-image-VD-ocr-4-1-0,hallusionbench-image-VD-ocr-4,1.000082612037421,0,1,1,wrong_hallucination,1
llava,hallusionbench,perplexity,0.2,hallusionbench-image-VD-video-2-1-2,hallusionbench-image-VD-video-2,1.000082850453895,0,1,0,wrong_clean,4
llava,hallusionbench,perplexity,0.2,hallusionbench-image-VS-map-9-2-0,hallusionbench-image-VS-map-9,1.000082850453895,0,1,1,wrong_hallucination,1
llava,hallusionbench,perplexity,0.2,hallusionbench-non_image-VS-table-9-0-1,hallusionbench-non_image-VS-table-9,1.0000830888777026,0,1,1,wrong_hallucination,1
llava,hallusionbench,perplexity,0.2,hallusionbench-image-VS-chart-6-1-1,hallusionbench-image-VS-chart-6,1.0000839233396468,1,0,1,correct_hallucination,1
llava,hallusionbench,perplexity,0.2,hallusionbench-image-VD-ocr-6-1-0,hallusionbench-image-VD-ocr-6,1.0000840425516713,0,1,1,wrong_hallucination,1
llava,hallusionbench,perplexity,0.2,hallusionbench-image-VD-figure-16-1-1,hallusionbench-image-VD-figure-16,1.000084638597454,1,0,0,correct_clean,5
llava,hallusionbench,perplexity,0.2,hallusionbench-image-VD-ocr-1-1-0,hallusionbench-image-VD-ocr-1,1.0000872612016625,0,1,1,wrong_hallucination,1
llava,hallusionbench,perplexity,0.2,hallusionbench-image-VS-map-7-2-0,hallusionbench-image-VS-map-7,1.000087499619245,0,1,1,wrong_hallucination,1
llava,hallusionbench,perplexity,0.2,hallusionbench-image-VD-figure-14-1-1,hallusionbench-image-VD-figure-14,1.0000877380368842,1,0,1,correct_hallucination,1
llava,hallusionbench,perplexity,0.2,hallusionbench-image-VS-chart-21-2-1,hallusionbench-image-VS-chart-21,1.0000878572493634,1,0,0,correct_clean,4
llava,hallusionbench,perplexity,0.2,hallusionbench-image-VD-ocr-3-0-2,hallusionbench-image-VD-ocr-3,1.0000880956670881,1,0,0,correct_clean,6
llava,hallusionbench,perplexity,0.2,hallusionbench-non_image-VS-map-4-0-3,hallusionbench-non_image-VS-map-4,1.0000888109206025,1,0,0,correct_clean,5
llava,hallusionbench,perplexity,0.2,hallusionbench-image-VD-ocr-12-1-1,hallusionbench-image-VD-ocr-12,1.0000891685511901,1,0,0,correct_clean,5
llava,hallusionbench,perplexity,0.2,hallusionbench-image-VS-ocr-8-2-0,hallusionbench-image-VS-ocr-8,1.0000892877565632,0,1,1,wrong_hallucination,1
llava,hallusionbench,perplexity,0.2,hallusionbench-image-VS-table-8-2-1,hallusionbench-image-VS-table-8,1.0000892877565632,0,1,1,wrong_hallucination,2
llava,hallusionbench,perplexity,0.2,hallusionbench-image-VS-table-8-3-1,hallusionbench-image-VS-table-8,1.0000892877565632,1,0,0,correct_clean,5
llava,hallusionbench,perplexity,0.2,hallusionbench-image-VD-figure-1-1-1,hallusionbench-image-VD-figure-1,1.0000932216655514,1,0,0,correct_clean,5
llava,hallusionbench,perplexity,0.2,hallusionbench-image-VS-map-4-1-2,hallusionbench-image-VS-map-4,1.0000934600845548,1,0,0,correct_clean,5
llava,hallusionbench,perplexity,0.2,hallusionbench-non_image-VS-map-4-0-1,hallusionbench-non_image-VS-map-4,1.0000939369227322,1,0,1,correct_hallucination,1
llava,hallusionbench,perplexity,0.2,hallusionbench-image-VD-figure-8-1-1,hallusionbench-image-VD-figure-8,1.000096082690067,1,0,0,correct_clean,5
llava,hallusionbench,perplexity,0.2,hallusionbench-image-VD-illusion-8-1-0,hallusionbench-image-VD-illusion-8,1.000096797942017,1,0,0,correct_clean,5
llava,hallusionbench,perplexity,0.2,hallusionbench-image-VS-chart-17-2-1,hallusionbench-image-VS-chart-17,1.0000972747817858,1,0,1,correct_hallucination,1
llava,hallusionbench,perplexity,0.2,hallusionbench-non_image-VS-map-6-0-2,hallusionbench-non_image-VS-map-6,1.0000987052951795,1,0,0,correct_clean,4
llava,hallusionbench,perplexity,0.2,hallusionbench-image-VD-ocr-14-1-0,hallusionbench-image-VD-ocr-14,1.0000990629220285,0,1,1,wrong_hallucination,1
llava,hallusionbench,perplexity,0.2,hallusionbench-image-VD-figure-4-0-1,hallusionbench-image-VD-figure-4,1.0001033544541913,0,1,1,wrong_hallucination,1
llava,hallusionbench,perplexity,0.2,hallusionbench-image-VD-figure-3-0-1,hallusionbench-image-VD-figure-3,1.0001037120827028,0,1,1,wrong_hallucination,1
llava,hallusionbench,perplexity,0.2,hallusionbench-image-VS-chart-8-2-0,hallusionbench-image-VS-chart-8,1.0001040697113421,0,1,1,wrong_hallucination,1
llava,hallusionbench,perplexity,0.2,hallusionbench-image-VD-figure-7-0-1,hallusionbench-image-VD-figure-7,1.000104904176239,1,0,0,correct_clean,5
llava,hallusionbench,perplexity,0.2,hallusionbench-image-VD-ocr-9-1-0,hallusionbench-image-VD-ocr-9,1.000104904176239,0,1,1,wrong_hallucination,1
llava,hallusionbench,perplexity,0.2,hallusionbench-non_image-VS-chart-3-0-3,hallusionbench-non_image-VS-chart-3,1.0001058578491804,0,1,1,wrong_hallucination,1
llava,hallusionbench,perplexity,0.2,hallusionbench-image-VD-ocr-11-1-1,hallusionbench-image-VD-ocr-11,1.0001063346859922,1,0,0,correct_clean,5
llava,hallusionbench,perplexity,0.2,hallusionbench-non_image-VS-ocr-9-0-1,hallusionbench-non_image-VS-ocr-9,1.0001075267826547,1,0,0,correct_clean,6
llava,hallusionbench,perplexity,0.2,hallusionbench-image-VS-table-4-3-1,hallusionbench-image-VS-table-4,1.0001093149193974,0,1,1,wrong_hallucination,1
llava,hallusionbench,perplexity,0.2,hallusionbench-image-VS-table-4-2-1,hallusionbench-image-VS-table-4,1.0001099109656886,0,1,1,wrong_hallucination,1
llava,hallusionbench,perplexity,0.2,hallusionbench-image-VD-ocr-10-0-0,hallusionbench-image-VD-ocr-10,1.0001103878044328,1,0,0,correct_clean,6
llava,hallusionbench,perplexity,0.2,hallusionbench-image-VD-ocr-3-1-2,hallusionbench-image-VD-ocr-3,1.0001114606833426,0,1,1,wrong_hallucination,1
llava,hallusionbench,perplexity,0.2,hallusionbench-image-VD-ocr-3-2-2,hallusionbench-image-VD-ocr-3,1.0001114606833426,0,1,1,wrong_hallucination,1
llava,hallusionbench,perplexity,0.2,hallusionbench-image-VD-ocr-18-0-1,hallusionbench-image-VD-ocr-18,1.0001115798986497,0,1,1,wrong_hallucination,2
llava,hallusionbench,perplexity,0.2,hallusionbench-non_image-VS-map-6-0-1,hallusionbench-non_image-VS-map-6,1.0001120567309127,0,1,1,wrong_hallucination,2
llava,hallusionbench,perplexity,0.2,hallusionbench-image-VS-map-2-2-0,hallusionbench-image-VS-map-2,1.0001127719870107,0,1,1,wrong_hallucination,1
llava,hallusionbench,perplexity,0.2,hallusionbench-image-VS-chart-9-2-1,hallusionbench-image-VS-chart-9,1.000113248827119,0,1,0,wrong_clean,4
llava,hallusionbench,perplexity,0.2,hallusionbench-image-VD-ocr-15-1-1,hallusionbench-image-VD-ocr-15,1.0001139640840693,1,0,1,correct_hallucination,1
llava,hallusionbench,perplexity,0.2,hallusionbench-image-VD-ocr-10-1-0,hallusionbench-image-VD-ocr-10,1.0001145601258545,0,1,1,wrong_hallucination,1
llava,hallusionbench,perplexity,0.2,hallusionbench-image-VD-ocr-7-1-1,hallusionbench-image-VD-ocr-7,1.0001158714263096,1,0,0,correct_clean,5
llava,hallusionbench,perplexity,0.2,hallusionbench-image-VD-figure-18-0-1,hallusionbench-image-VD-figure-18,1.0001181364058571,1,0,1,correct_hallucination,1
llava,hallusionbench,perplexity,0.2,hallusionbench-image-VS-map-6-2-2,hallusionbench-image-VS-map-6,1.000118255614683,1,0,0,correct_clean,5
llava,hallusionbench,perplexity,0.2,hallusionbench-image-VD-figure-9-1-1,hallusionbench-image-VD-figure-9,1.0001199245470156,1,0,1,correct_hallucination,2
llava,hallusionbench,perplexity,0.2,hallusionbench-image-VS-map-10-1-1,hallusionbench-image-VS-map-10,1.0001202821741755,1,0,0,correct_clean,5
llava,hallusionbench,perplexity,0.2,hallusionbench-image-VS-map-9-2-1,hallusionbench-image-VS-map-9,1.0001207590105878,1,0,1,correct_hallucination,1
llava,hallusionbench,perplexity,0.2,hallusionbench-image-VS-map-6-2-1,hallusionbench-image-VS-map-6,1.0001211166380461,1,0,1,correct_hallucination,1
llava,hallusionbench,perplexity,0.2,hallusionbench-image-VD-figure-18-1-1,hallusionbench-image-VD-figure-18,1.0001218318933465,0,1,1,wrong_hallucination,1
llava,hallusionbench,perplexity,0.2,hallusionbench-image-VS-chart-16-2-0,hallusionbench-image-VS-chart-16,1.0001223087304976,0,1,1,wrong_hallucination,1
llava,hallusionbench,perplexity,0.2,hallusionbench-image-VS-chart-9-2-0,hallusionbench-image-VS-chart-9,1.0001233816149189,0,1,1,wrong_hallucination,1
llava,hallusionbench,perplexity,0.2,hallusionbench-image-VD-video-5-1-1,hallusionbench-image-VD-video-5,1.0001237392433149,1,0,0,correct_clean,5
llava,hallusionbench,perplexity,0.2,hallusionbench-image-VD-ocr-11-1-0,hallusionbench-image-VD-ocr-11,1.0001242160813755,0,1,1,wrong_hallucination,1
llava,hallusionbench,perplexity,0.2,hallusionbench-image-VD-ocr-18-0-0,hallusionbench-image-VD-ocr-18,1.0001252889678427,1,0,0,correct_clean,4
llava,hallusionbench,perplexity,0.2,hallusionbench-image-VD-video-1-1-0,hallusionbench-image-VD-video-1,1.000125527387214,0,1,1,wrong_hallucination,1
llava,hallusionbench,perplexity,0.2,hallusionbench-image-VD-video-1-2-0,hallusionbench-image-VD-video-1,1.000125527387214,0,1,1,wrong_hallucination,1
llava,hallusionbench,perplexity,0.2,hallusionbench-image-VS-map-6-2-0,hallusionbench-image-VS-map-6,1.0001266002605342,0,1,1,wrong_hallucination,1
llava,hallusionbench,perplexity,0.2,hallusionbench-image-VD-figure-10-1-1,hallusionbench-image-VD-figure-10,1.000127911569499,0,1,1,wrong_hallucination,1
llava,hallusionbench,perplexity,0.2,hallusionbench-image-VD-ocr-15-1-0,hallusionbench-image-VD-ocr-15,1.0001287460397352,1,0,0,correct_clean,4
llava,hallusionbench,perplexity,0.2,hallusionbench-image-VD-ocr-16-1-0,hallusionbench-image-VD-ocr-16,1.0001287460397352,1,0,0,correct_clean,5
llava,hallusionbench,perplexity,0.2,hallusionbench-non_image-VS-map-6-0-0,hallusionbench-non_image-VS-map-6,1.0001313686359028,1,0,0,correct_clean,4
llava,hallusionbench,perplexity,0.2,hallusionbench-non_image-VS-ocr-9-0-0,hallusionbench-non_image-VS-ocr-9,1.000131726267155,1,0,0,correct_clean,5
llava,hallusionbench,perplexity,0.2,hallusionbench-image-VS-ocr-7-2-0,hallusionbench-image-VS-ocr-7,1.0001322031090236,0,1,1,wrong_hallucination,1
llava,hallusionbench,perplexity,0.2,hallusionbench-image-VD-ocr-20-1-1,hallusionbench-image-VD-ocr-20,1.0001329183576988,1,0,0,correct_clean,5
llava,hallusionbench,perplexity,0.2,hallusionbench-image-VS-ocr-3-2-0,hallusionbench-image-VS-ocr-3,1.0001350641213473,1,0,1,correct_hallucination,1
llava,hallusionbench,perplexity,0.2,hallusionbench-image-VD-ocr-14-0-1,hallusionbench-image-VD-ocr-14,1.000135183332191,0,1,1,wrong_hallucination,1
llava,hallusionbench,perplexity,0.2,hallusionbench-image-VS-ocr-9-2-1,hallusionbench-image-VS-ocr-9,1.000135183332191,0,1,1,wrong_hallucination,1
llava,hallusionbench,perplexity,0.2,hallusionbench-image-VD-video-11-1-2,hallusionbench-image-VD-video-11,1.0001364946378555,1,0,1,correct_hallucination,1
llava,hallusionbench,perplexity,0.2,hallusionbench-image-VD-video-11-2-2,hallusionbench-image-VD-video-11,1.0001364946378555,1,0,0,correct_clean,4
llava,hallusionbench,perplexity,0.2,hallusionbench-image-VS-ocr-12-2-0,hallusionbench-image-VS-ocr-12,1.0001404285360562,0,1,1,wrong_hallucination,1
llava,hallusionbench,perplexity,0.2,hallusionbench-image-VD-figure-0-1-0,hallusionbench-image-VD-figure-0,1.0001425743158177,0,1,1,wrong_hallucination,1
llava,hallusionbench,perplexity,0.2,hallusionbench-image-VD-ocr-14-0-0,hallusionbench-image-VD-ocr-14,1.0001438856166185,1,0,0,correct_clean,5
llava,hallusionbench,perplexity,0.2,hallusionbench-image-VD-figure-13-0-0,hallusionbench-image-VD-figure-13,1.000144720071075,0,1,1,wrong_hallucination,1
llava,hallusionbench,perplexity,0.2,hallusionbench-image-VS-chart-19-2-0,hallusionbench-image-VS-chart-19,1.000144720071075,0,1,1,wrong_hallucination,1
llava,hallusionbench,perplexity,0.2,hallusionbench-image-VD-video-5-1-0,hallusionbench-image-VD-video-5,1.00014615058684,0,1,1,wrong_hallucination,1
llava,hallusionbench,perplexity,0.2,hallusionbench-image-VS-chart-4-1-1,hallusionbench-image-VS-chart-4,1.0001472234677296,0,1,1,wrong_hallucination,1
llava,hallusionbench,perplexity,0.2,hallusionbench-image-VS-chart-4-2-1,hallusionbench-image-VS-chart-4,1.0001472234677296,0,1,1,wrong_hallucination,1
llava,hallusionbench,perplexity,0.2,hallusionbench-image-VD-video-18-0-0,hallusionbench-image-VD-video-18,1.0001475811046512,0,1,1,wrong_hallucination,1
llava,hallusionbench,perplexity,0.2,hallusionbench-non_image-VS-map-2-0-0,hallusionbench-non_image-VS-map-2,1.000148057939525,1,0,1,correct_hallucination,1
llava,hallusionbench,perplexity,0.2,hallusionbench-image-VS-chart-19-2-1,hallusionbench-image-VS-chart-19,1.0001488923974624,1,0,0,correct_clean,5
llava,hallusionbench,perplexity,0.2,hallusionbench-image-VS-ocr-10-2-0,hallusionbench-image-VS-ocr-10,1.0001491308224604,0,1,1,wrong_hallucination,2
llava,hallusionbench,perplexity,0.2,hallusionbench-image-VS-ocr-10-2-1,hallusionbench-image-VS-ocr-10,1.0001504421173035,0,1,1,wrong_hallucination,1
llava,hallusionbench,perplexity,0.2,hallusionbench-image-VS-ocr-9-2-0,hallusionbench-image-VS-ocr-9,1.0001509189535414,0,1,1,wrong_hallucination,1
llava,hallusionbench,perplexity,0.2,hallusionbench-image-VS-ocr-5-2-0,hallusionbench-image-VS-ocr-5,1.0001515150027966,0,1,1,wrong_hallucination,1
llava,hallusionbench,perplexity,0.2,hallusionbench-image-VD-ocr-8-0-0,hallusionbench-image-VD-ocr-8,1.0001518726412528,1,0,1,correct_hallucination,1
llava,hallusionbench,perplexity,0.2,hallusionbench-image-VS-ocr-1-2-0,hallusionbench-image-VS-ocr-1,1.0001519918395458,0,1,0,wrong_clean,5
llava,hallusionbench,perplexity,0.2,hallusionbench-image-VD-ocr-5-1-1,hallusionbench-image-VD-ocr-5,1.0001565217927253,0,1,1,wrong_hallucination,1
llava,hallusionbench,perplexity,0.2,hallusionbench-image-VD-ocr-6-1-1,hallusionbench-image-VD-ocr-6,1.0001565217927253,0,1,0,wrong_clean,3
llava,hallusionbench,perplexity,0.2,hallusionbench-non_image-VS-table-9-0-0,hallusionbench-non_image-VS-table-9,1.0001568794184177,1,0,0,correct_clean,5
llava,hallusionbench,perplexity,0.2,hallusionbench-non_image-VS-chart-21-0-0,hallusionbench-non_image-VS-chart-21,1.0001573562577244,1,0,1,correct_hallucination,2
llava,hallusionbench,perplexity,0.2,hallusionbench-non_image-VS-table-0-0-2,hallusionbench-non_image-VS-table-0,1.0001595020301415,1,0,1,correct_hallucination,1
llava,hallusionbench,perplexity,0.2,hallusionbench-image-VD-video-1-1-2,hallusionbench-image-VD-video-1,1.0001610517518678,0,1,1,wrong_hallucination,1
llava,hallusionbench,perplexity,0.2,hallusionbench-image-VD-video-1-2-2,hallusionbench-image-VD-video-1,1.0001610517518678,0,1,0,wrong_clean,3
llava,hallusionbench,perplexity,0.2,hallusionbench-image-VS-map-2-2-1,hallusionbench-image-VS-map-2,1.000161170965809,1,0,1,correct_hallucination,2
llava,hallusionbench,perplexity,0.2,hallusionbench-image-VD-math-7-0-0,hallusionbench-image-VD-math-7,1.0001615285931638,0,1,1,wrong_hallucination,1
llava,hallusionbench,perplexity,0.2,hallusionbench-image-VS-table-9-2-3,hallusionbench-image-VS-table-9,1.000164031988228,1,0,1,correct_hallucination,2
llava,hallusionbench,perplexity,0.2,hallusionbench-non_image-VS-table-4-0-1,hallusionbench-non_image-VS-table-4,1.0001665353750033,1,0,1,correct_hallucination,2
llava,hallusionbench,perplexity,0.2,hallusionbench-non_image-VS-map-3-0-0,hallusionbench-non_image-VS-map-3,1.0001667737896531,0,1,1,wrong_hallucination,1
llava,hallusionbench,perplexity,0.2,hallusionbench-image-VS-chart-14-2-0,hallusionbench-image-VS-chart-14,1.000170350074435,0,1,1,wrong_hallucination,1
llava,hallusionbench,perplexity,0.2,hallusionbench-image-VD-video-11-1-0,hallusionbench-image-VD-video-11,1.0001704692894844,0,1,1,wrong_hallucination,1
llava,hallusionbench,perplexity,0.2,hallusionbench-image-VD-video-11-2-0,hallusionbench-image-VD-video-11,1.0001704692894844,1,0,1,correct_hallucination,1
llava,hallusionbench,perplexity,0.2,hallusionbench-image-VD-math-3-0-0,hallusionbench-image-VD-math-3,1.0001746416068549,0,1,1,wrong_hallucination,1
llava,hallusionbench,perplexity,0.2,hallusionbench-image-VD-figure-13-1-1,hallusionbench-image-VD-figure-13,1.000174880023437,1,0,1,correct_hallucination,1
llava,hallusionbench,perplexity,0.2,hallusionbench-image-VD-figure-0-0-0,hallusionbench-image-VD-figure-0,1.0001754760724175,1,0,1,correct_hallucination,1
llava,hallusionbench,perplexity,0.2,hallusionbench-image-VD-figure-9-1-0,hallusionbench-image-VD-figure-9,1.0001754760724175,1,0,1,correct_hallucination,2
llava,hallusionbench,perplexity,0.2,hallusionbench-image-VD-figure-7-1-1,hallusionbench-image-VD-figure-7,1.000177979473283,1,0,1,correct_hallucination,1
llava,hallusionbench,perplexity,0.2,hallusionbench-image-VS-table-8-2-3,hallusionbench-image-VS-table-8,1.0001815557544693,0,1,1,wrong_hallucination,1
llava,hallusionbench,perplexity,0.2,hallusionbench-image-VS-table-8-3-3,hallusionbench-image-VS-table-8,1.0001815557544693,1,0,0,correct_clean,5
llava,hallusionbench,perplexity,0.2,hallusionbench-image-VS-table-3-2-0,hallusionbench-image-VS-table-3,1.0001816749563,0,1,1,wrong_hallucination,1
llava,hallusionbench,perplexity,0.2,hallusionbench-image-VD-video-18-2-2,hallusionbench-image-VD-video-18,1.0001827478461882,0,1,0,wrong_clean,3
llava,hallusionbench,perplexity,0.2,hallusionbench-image-VD-illusion-9-1-1,hallusionbench-image-VD-illusion-9,1.000182867048161,0,1,1,wrong_hallucination,1
llava,hallusionbench,perplexity,0.2,hallusionbench-image-VD-video-18-1-2,hallusionbench-image-VD-video-18,1.0001829862647025,0,1,1,wrong_hallucination,1
llava,hallusionbench,perplexity,0.2,hallusionbench-non_image-VS-table-8-0-3,hallusionbench-non_image-VS-table-8,1.0001840591414426,0,1,1,wrong_hallucination,1
llava,hallusionbench,perplexity,0.2,hallusionbench-image-VS-chart-6-1-3,hallusionbench-image-VS-chart-6,1.0001866817516638,1,0,1,correct_hallucination,1
llava,hallusionbench,perplexity,0.2,hallusionbench-non_image-VS-map-9-0-0,hallusionbench-non_image-VS-map-9,1.0001895427742844,1,0,0,correct_clean,5
llava,hallusionbench,perplexity,0.2,hallusionbench-image-VS-table-8-2-2,hallusionbench-image-VS-table-8,1.0001929998354036,1,0,0,correct_clean,5
llava,hallusionbench,perplexity,0.2,hallusionbench-image-VS-table-8-3-2,hallusionbench-image-VS-table-8,1.0001929998354036,0,1,1,wrong_hallucination,1
llava,hallusionbench,perplexity,0.2,hallusionbench-image-VD-ocr-9-1-1,hallusionbench-image-VD-ocr-9,1.0001945495653697,1,0,1,correct_hallucination,1
llava,hallusionbench,perplexity,0.2,hallusionbench-non_image-VS-map-2-0-1,hallusionbench-non_image-VS-map-2,1.0001956224399589,1,0,1,correct_hallucination,1
llava,hallusionbench,perplexity,0.2,hallusionbench-non_image-VS-chart-10-0-2,hallusionbench-non_image-VS-chart-10,1.000197052955756,0,1,1,wrong_hallucination,1
llava,hallusionbench,perplexity,0.2,hallusionbench-non_image-VS-chart-16-0-0,hallusionbench-non_image-VS-chart-16,1.0001974105813864,1,0,1,correct_hallucination,1
llava,hallusionbench,perplexity,0.2,hallusionbench-image-VS-table-7-2-1,hallusionbench-image-VS-table-7,1.0001983642552106,0,1,1,wrong_hallucination,1
llava,hallusionbench,perplexity,0.2,hallusionbench-image-VS-table-8-2-5,hallusionbench-image-VS-table-8,1.00020015240154,0,1,1,wrong_hallucination,1
llava,hallusionbench,perplexity,0.2,hallusionbench-image-VS-table-8-3-5,hallusionbench-image-VS-table-8,1.00020015240154,1,0,0,correct_clean,5
llava,hallusionbench,perplexity,0.2,hallusionbench-image-VD-ocr-9-0-0,hallusionbench-image-VD-ocr-9,1.0002002716055869,1,0,0,correct_clean,5
llava,hallusionbench,perplexity,0.2,hallusionbench-image-VS-table-7-3-1,hallusionbench-image-VS-table-7,1.0002038478791526,1,0,0,correct_clean,5
llava,hallusionbench,perplexity,0.2,hallusionbench-non_image-VS-table-6-0-2,hallusionbench-non_image-VS-table-6,1.000203967098195,0,1,1,wrong_hallucination,1
llava,hallusionbench,perplexity,0.2,hallusionbench-image-VD-illusion-2-1-2,hallusionbench-image-VD-illusion-2,1.0002059936494299,1,0,1,correct_hallucination,2
llava,hallusionbench,perplexity,0.2,hallusionbench-image-VS-table-7-3-2,hallusionbench-image-VS-table-7,1.0002059936494299,1,0,0,correct_clean,5
llava,hallusionbench,perplexity,0.2,hallusionbench-image-VS-table-7-2-2,hallusionbench-image-VS-table-7,1.0002065897023977,0,1,1,wrong_hallucination,1
llava,hallusionbench,perplexity,0.2,hallusionbench-image-VS-chart-8-2-1,hallusionbench-image-VS-chart-8,1.0002071857411658,1,0,1,correct_hallucination,1
llava,hallusionbench,perplexity,0.2,hallusionbench-image-VS-table-8-2-0,hallusionbench-image-VS-table-8,1.0002079009998004,1,0,0,correct_clean,4
llava,hallusionbench,perplexity,0.2,hallusionbench-image-VS-table-8-3-0,hallusionbench-image-VS-table-8,1.0002079009998004,0,1,1,wrong_hallucination,1
llava,hallusionbench,perplexity,0.2,hallusionbench-image-VD-video-3-1-2,hallusionbench-image-VD-video-3,1.0002092122989221,0,1,1,wrong_hallucination,2
llava,hallusionbench,perplexity,0.2,hallusionbench-image-VD-video-3-2-2,hallusionbench-image-VD-video-3,1.0002092122989221,0,1,1,wrong_hallucination,2
llava,hallusionbench,perplexity,0.2,hallusionbench-image-VD-video-18-1-0,hallusionbench-image-VD-video-18,1.0002114772860904,0,1,1,wrong_hallucination,1
llava,hallusionbench,perplexity,0.2,hallusionbench-image-VD-video-18-2-0,hallusionbench-image-VD-video-18,1.0002115964914873,1,0,0,correct_clean,5
llava,hallusionbench,perplexity,0.2,hallusionbench-image-VS-table-9-2-0,hallusionbench-image-VS-table-9,1.0002117156968982,0,1,1,wrong_hallucination,1
llava,hallusionbench,perplexity,0.2,hallusionbench-image-VD-ocr-16-1-1,hallusionbench-image-VD-ocr-16,1.0002125501642825,0,1,1,wrong_hallucination,1
llava,hallusionbench,perplexity,0.2,hallusionbench-non_image-VS-map-4-0-0,hallusionbench-non_image-VS-map-4,1.000212669369807,1,0,0,correct_clean,5
llava,hallusionbench,perplexity,0.2,hallusionbench-image-VS-map-3-2-1,hallusionbench-image-VS-map-3,1.000213027001021,0,1,1,wrong_hallucination,1
llava,hallusionbench,perplexity,0.2,hallusionbench-image-VS-ocr-11-2-0,hallusionbench-image-VS-ocr-11,1.0002131462066024,0,1,1,wrong_hallucination,1
llava,hallusionbench,perplexity,0.2,hallusionbench-image-VS-ocr-8-2-1,hallusionbench-image-VS-ocr-8,1.0002131462066024,0,1,1,wrong_hallucination,2
llava,hallusionbench,perplexity,0.2,hallusionbench-image-VD-video-14-1-3,hallusionbench-image-VD-video-14,1.0002137422492778,1,0,0,correct_clean,5
llava,hallusionbench,perplexity,0.2,hallusionbench-image-VS-chart-8-2-2,hallusionbench-image-VS-chart-8,1.0002151727618804,0,1,1,wrong_hallucination,1
llava,hallusionbench,perplexity,0.2,hallusionbench-image-VD-video-14-2-3,hallusionbench-image-VD-video-14,1.0002155303939897,0,1,1,wrong_hallucination,1
llava,hallusionbench,perplexity,0.2,hallusionbench-image-VD-ocr-13-0-0,hallusionbench-image-VD-ocr-13,1.00021791458706,1,0,0,correct_clean,4
llava,hallusionbench,perplexity,0.2,hallusionbench-non_image-VS-table-8-0-5,hallusionbench-non_image-VS-table-8,1.0002224445331627,0,1,1,wrong_hallucination,1
llava,hallusionbench,perplexity,0.2,hallusionbench-image-VD-illusion-9-0-1,hallusionbench-image-VD-illusion-9,1.0002249479351468,1,0,0,correct_clean,5
llava,hallusionbench,perplexity,0.2,hallusionbench-image-VS-ocr-4-2-0,hallusionbench-image-VS-ocr-4,1.0002311468054295,0,1,1,wrong_hallucination,1
llava,hallusionbench,perplexity,0.2,hallusionbench-image-VD-illusion-4-1-0,hallusionbench-image-VD-illusion-4,1.000231385235481,0,1,0,wrong_clean,3
llava,hallusionbench,perplexity,0.2,hallusionbench-image-VD-ocr-0-0-1,hallusionbench-image-VD-ocr-0,1.0002341270468813,0,1,1,wrong_hallucination,1
llava,hallusionbench,perplexity,0.2,hallusionbench-image-VS-chart-4-1-3,hallusionbench-image-VS-chart-4,1.000234723087504,1,0,0,correct_clean,5
llava,hallusionbench,perplexity,0.2,hallusionbench-non_image-VS-table-10-0-1,hallusionbench-non_image-VS-table-10,1.0002365112260585,0,1,1,wrong_hallucination,1
llava,hallusionbench,perplexity,0.2,hallusionbench-image-VS-chart-4-2-3,hallusionbench-image-VS-chart-4,1.0002366304344388,1,0,0,correct_clean,6
llava,hallusionbench,perplexity,0.2,hallusionbench-image-VS-table-7-2-5,hallusionbench-image-VS-table-7,1.0002366304344388,0,1,1,wrong_hallucination,1
llava,hallusionbench,perplexity,0.2,hallusionbench-image-VS-table-3-2-1,hallusionbench-image-VS-table-3,1.0002367496428333,0,1,1,wrong_hallucination,1
llava,hallusionbench,perplexity,0.2,hallusionbench-image-VS-table-7-3-5,hallusionbench-image-VS-table-7,1.0002367496428333,1,0,0,correct_clean,4
llava,hallusionbench,perplexity,0.2,hallusionbench-image-VS-chart-10-1-3,hallusionbench-image-VS-chart-10,1.0002369880742203,1,0,1,correct_hallucination,2
llava,hallusionbench,perplexity,0.2,hallusionbench-image-VD-figure-16-0-0,hallusionbench-image-VD-figure-16,1.0002390146195832,0,1,1,wrong_hallucination,1
llava,hallusionbench,perplexity,0.2,hallusionbench-non_image-VS-chart-8-0-2,hallusionbench-non_image-VS-chart-8,1.0002392530369548,0,1,1,wrong_hallucination,1
llava,hallusionbench,perplexity,0.2,hallusionbench-image-VD-illusion-12-1-0,hallusionbench-image-VD-illusion-12,1.000240564348069,1,0,0,correct_clean,3
llava,hallusionbench,perplexity,0.2,hallusionbench-non_image-VS-table-3-0-0,hallusionbench-non_image-VS-table-3,1.0002421140644004,0,1,1,wrong_hallucination,1
llava,hallusionbench,semantic_entropy,0.2,hallusionbench-image-VD-figure-0-1-0,hallusionbench-image-VD-figure-0,-0.0,0,1,1,wrong_hallucination,1
llava,hallusionbench,semantic_entropy,0.2,hallusionbench-image-VD-figure-1-0-0,hallusionbench-image-VD-figure-1,-0.0,1,0,1,correct_hallucination,1
llava,hallusionbench,semantic_entropy,0.2,hallusionbench-image-VD-figure-10-0-1,hallusionbench-image-VD-figure-10,-0.0,1,0,0,correct_clean,5
llava,hallusionbench,semantic_entropy,0.2,hallusionbench-image-VD-figure-12-0-1,hallusionbench-image-VD-figure-12,-0.0,1,0,0,correct_clean,5
llava,hallusionbench,semantic_entropy,0.2,hallusionbench-image-VD-figure-12-1-1,hallusionbench-image-VD-figure-12,-0.0,1,0,0,correct_clean,5
llava,hallusionbench,semantic_entropy,0.2,hallusionbench-image-VD-figure-13-0-1,hallusionbench-image-VD-figure-13,-0.0,0,1,1,wrong_hallucination,1
llava,hallusionbench,semantic_entropy,0.2,hallusionbench-image-VD-figure-13-1-0,hallusionbench-image-VD-figure-13,-0.0,1,0,1,correct_hallucination,1
llava,hallusionbench,semantic_entropy,0.2,hallusionbench-image-VD-figure-14-0-1,hallusionbench-image-VD-figure-14,-0.0,1,0,1,correct_hallucination,1
llava,hallusionbench,semantic_entropy,0.2,hallusionbench-image-VD-figure-14-1-0,hallusionbench-image-VD-figure-14,-0.0,0,1,1,wrong_hallucination,1
llava,hallusionbench,semantic_entropy,0.2,hallusionbench-image-VD-figure-14-1-1,hallusionbench-image-VD-figure-14,-0.0,1,0,1,correct_hallucination,1
llava,hallusionbench,semantic_entropy,0.2,hallusionbench-image-VD-figure-15-0-1,hallusionbench-image-VD-figure-15,-0.0,1,0,0,correct_clean,5
llava,hallusionbench,semantic_entropy,0.2,hallusionbench-image-VD-figure-16-0-0,hallusionbench-image-VD-figure-16,-0.0,0,1,1,wrong_hallucination,1
llava,hallusionbench,semantic_entropy,0.2,hallusionbench-image-VD-figure-17-0-1,hallusionbench-image-VD-figure-17,-0.0,1,0,0,correct_clean,5
llava,hallusionbench,semantic_entropy,0.2,hallusionbench-image-VD-figure-18-0-1,hallusionbench-image-VD-figure-18,-0.0,1,0,1,correct_hallucination,1
llava,hallusionbench,semantic_entropy,0.2,hallusionbench-image-VD-figure-19-0-1,hallusionbench-image-VD-figure-19,-0.0,1,0,0,correct_clean,5
llava,hallusionbench,semantic_entropy,0.2,hallusionbench-image-VD-figure-2-0-0,hallusionbench-image-VD-figure-2,-0.0,1,0,0,correct_clean,5
llava,hallusionbench,semantic_entropy,0.2,hallusionbench-image-VD-figure-2-0-1,hallusionbench-image-VD-figure-2,-0.0,1,0,0,correct_clean,5
llava,hallusionbench,semantic_entropy,0.2,hallusionbench-image-VD-figure-4-0-1,hallusionbench-image-VD-figure-4,-0.0,0,1,1,wrong_hallucination,1
llava,hallusionbench,semantic_entropy,0.2,hallusionbench-image-VD-figure-5-0-0,hallusionbench-image-VD-figure-5,-0.0,1,0,1,correct_hallucination,1
llava,hallusionbench,semantic_entropy,0.2,hallusionbench-image-VD-figure-5-0-1,hallusionbench-image-VD-figure-5,-0.0,1,0,0,correct_clean,5
llava,hallusionbench,semantic_entropy,0.2,hallusionbench-image-VD-figure-6-0-0,hallusionbench-image-VD-figure-6,-0.0,1,0,1,correct_hallucination,1
llava,hallusionbench,semantic_entropy,0.2,hallusionbench-image-VD-figure-6-0-1,hallusionbench-image-VD-figure-6,-0.0,0,1,1,wrong_hallucination,1
llava,hallusionbench,semantic_entropy,0.2,hallusionbench-image-VD-figure-6-1-0,hallusionbench-image-VD-figure-6,-0.0,0,1,1,wrong_hallucination,1
llava,hallusionbench,semantic_entropy,0.2,hallusionbench-image-VD-figure-6-1-1,hallusionbench-image-VD-figure-6,-0.0,0,1,1,wrong_hallucination,1
llava,hallusionbench,semantic_entropy,0.2,hallusionbench-image-VD-figure-7-0-1,hallusionbench-image-VD-figure-7,-0.0,1,0,0,correct_clean,5
llava,hallusionbench,semantic_entropy,0.2,hallusionbench-image-VD-figure-7-1-0,hallusionbench-image-VD-figure-7,-0.0,0,1,1,wrong_hallucination,1
llava,hallusionbench,semantic_entropy,0.2,hallusionbench-image-VD-figure-7-1-1,hallusionbench-image-VD-figure-7,-0.0,1,0,1,correct_hallucination,1
llava,hallusionbench,semantic_entropy,0.2,hallusionbench-image-VD-figure-8-0-1,hallusionbench-image-VD-figure-8,-0.0,1,0,0,correct_clean,5
llava,hallusionbench,semantic_entropy,0.2,hallusionbench-image-VD-figure-9-0-1,hallusionbench-image-VD-figure-9,-0.0,1,0,1,correct_hallucination,1
llava,hallusionbench,semantic_entropy,0.2,hallusionbench-image-VD-illusion-0-0-0,hallusionbench-image-VD-illusion-0,-0.0,0,1,1,wrong_hallucination,1
llava,hallusionbench,semantic_entropy,0.2,hallusionbench-image-VD-illusion-0-1-0,hallusionbench-image-VD-illusion-0,-0.0,1,0,0,correct_clean,5
llava,hallusionbench,semantic_entropy,0.2,hallusionbench-image-VD-illusion-0-1-1,hallusionbench-image-VD-illusion-0,-0.0,1,0,0,correct_clean,5
llava,hallusionbench,semantic_entropy,0.2,hallusionbench-image-VD-illusion-1-1-0,hallusionbench-image-VD-illusion-1,-0.0,0,1,1,wrong_hallucination,1
llava,hallusionbench,semantic_entropy,0.2,hallusionbench-image-VD-illusion-11-1-0,hallusionbench-image-VD-illusion-11,-0.0,1,0,0,correct_clean,5
llava,hallusionbench,semantic_entropy,0.2,hallusionbench-image-VD-illusion-13-1-0,hallusionbench-image-VD-illusion-13,-0.0,0,1,0,wrong_clean,3
llava,hallusionbench,semantic_entropy,0.2,hallusionbench-image-VD-illusion-15-0-0,hallusionbench-image-VD-illusion-15,-0.0,0,1,1,wrong_hallucination,1
llava,hallusionbench,semantic_entropy,0.2,hallusionbench-image-VD-illusion-17-0-0,hallusionbench-image-VD-illusion-17,-0.0,0,1,1,wrong_hallucination,1
llava,hallusionbench,semantic_entropy,0.2,hallusionbench-image-VD-illusion-17-1-0,hallusionbench-image-VD-illusion-17,-0.0,1,0,0,correct_clean,4
llava,hallusionbench,semantic_entropy,0.2,hallusionbench-image-VD-illusion-19-1-1,hallusionbench-image-VD-illusion-19,-0.0,0,1,1,wrong_hallucination,1
llava,hallusionbench,semantic_entropy,0.2,hallusionbench-image-VD-illusion-19-1-3,hallusionbench-image-VD-illusion-19,-0.0,0,1,1,wrong_hallucination,1
llava,hallusionbench,semantic_entropy,0.2,hallusionbench-image-VD-illusion-2-1-0,hallusionbench-image-VD-illusion-2,-0.0,0,1,1,wrong_hallucination,1
llava,hallusionbench,semantic_entropy,0.2,hallusionbench-image-VD-illusion-20-0-0,hallusionbench-image-VD-illusion-20,-0.0,1,0,1,correct_hallucination,1
llava,hallusionbench,semantic_entropy,0.2,hallusionbench-image-VD-illusion-21-0-0,hallusionbench-image-VD-illusion-21,-0.0,1,0,1,correct_hallucination,2
llava,hallusionbench,semantic_entropy,0.2,hallusionbench-image-VD-illusion-21-0-1,hallusionbench-image-VD-illusion-21,-0.0,1,0,1,correct_hallucination,2
llava,hallusionbench,semantic_entropy,0.2,hallusionbench-image-VD-illusion-21-0-2,hallusionbench-image-VD-illusion-21,-0.0,0,1,1,wrong_hallucination,1
llava,hallusionbench,semantic_entropy,0.2,hallusionbench-image-VD-illusion-21-0-3,hallusionbench-image-VD-illusion-21,-0.0,0,1,1,wrong_hallucination,1
llava,hallusionbench,semantic_entropy,0.2,hallusionbench-image-VD-illusion-21-1-1,hallusionbench-image-VD-illusion-21,-0.0,0,1,1,wrong_hallucination,1
llava,hallusionbench,semantic_entropy,0.2,hallusionbench-image-VD-illusion-24-0-1,hallusionbench-image-VD-illusion-24,-0.0,1,0,1,correct_hallucination,1
llava,hallusionbench,semantic_entropy,0.2,hallusionbench-image-VD-illusion-26-1-0,hallusionbench-image-VD-illusion-26,-0.0,1,0,1,correct_hallucination,1
llava,hallusionbench,semantic_entropy,0.2,hallusionbench-image-VD-illusion-27-1-2,hallusionbench-image-VD-illusion-27,-0.0,1,0,1,correct_hallucination,1
llava,hallusionbench,semantic_entropy,0.2,hallusionbench-image-VD-illusion-29-1-0,hallusionbench-image-VD-illusion-29,-0.0,1,0,1,correct_hallucination,1
llava,hallusionbench,semantic_entropy,0.2,hallusionbench-image-VD-illusion-29-1-2,hallusionbench-image-VD-illusion-29,-0.0,1,0,1,correct_hallucination,1
llava,hallusionbench,semantic_entropy,0.2,hallusionbench-image-VD-illusion-3-0-0,hallusionbench-image-VD-illusion-3,-0.0,0,1,1,wrong_hallucination,1
llava,hallusionbench,semantic_entropy,0.2,hallusionbench-image-VD-illusion-4-0-0,hallusionbench-image-VD-illusion-4,-0.0,1,0,0,correct_clean,5
llava,hallusionbench,semantic_entropy,0.2,hallusionbench-image-VD-illusion-4-1-0,hallusionbench-image-VD-illusion-4,-0.0,0,1,0,wrong_clean,3
llava,hallusionbench,semantic_entropy,0.2,hallusionbench-image-VD-illusion-5-1-0,hallusionbench-image-VD-illusion-5,-0.0,0,1,0,wrong_clean,3
llava,hallusionbench,semantic_entropy,0.2,hallusionbench-image-VD-illusion-6-0-0,hallusionbench-image-VD-illusion-6,-0.0,1,0,0,correct_clean,4
llava,hallusionbench,semantic_entropy,0.2,hallusionbench-image-VD-illusion-6-1-0,hallusionbench-image-VD-illusion-6,-0.0,0,1,1,wrong_hallucination,1
llava,hallusionbench,semantic_entropy,0.2,hallusionbench-image-VD-illusion-8-0-2,hallusionbench-image-VD-illusion-8,-0.0,1,0,0,correct_clean,6
llava,hallusionbench,semantic_entropy,0.2,hallusionbench-image-VD-illusion-8-1-2,hallusionbench-image-VD-illusion-8,-0.0,0,1,0,wrong_clean,4
llava,hallusionbench,semantic_entropy,0.2,hallusionbench-image-VD-illusion-9-0-1,hallusionbench-image-VD-illusion-9,-0.0,1,0,0,correct_clean,5
llava,hallusionbench,semantic_entropy,0.2,hallusionbench-image-VD-illusion-9-1-1,hallusionbench-image-VD-illusion-9,-0.0,0,1,1,wrong_hallucination,1
llava,hallusionbench,semantic_entropy,0.2,hallusionbench-image-VD-math-0-1-1,hallusionbench-image-VD-math-0,-0.0,0,1,1,wrong_hallucination,1
llava,hallusionbench,semantic_entropy,0.2,hallusionbench-image-VD-math-1-1-0,hallusionbench-image-VD-math-1,-0.0,0,1,1,wrong_hallucination,1
llava,hallusionbench,semantic_entropy,0.2,hallusionbench-image-VD-math-10-0-0,hallusionbench-image-VD-math-10,-0.0,1,0,0,correct_clean,5
llava,hallusionbench,semantic_entropy,0.2,hallusionbench-image-VD-math-10-0-1,hallusionbench-image-VD-math-10,-0.0,0,1,1,wrong_hallucination,1
llava,hallusionbench,semantic_entropy,0.2,hallusionbench-image-VD-math-10-0-2,hallusionbench-image-VD-math-10,-0.0,0,1,1,wrong_hallucination,2
llava,hallusionbench,semantic_entropy,0.2,hallusionbench-image-VD-math-10-1-0,hallusionbench-image-VD-math-10,-0.0,0,1,1,wrong_hallucination,2
llava,hallusionbench,semantic_entropy,0.2,hallusionbench-image-VD-math-11-0-0,hallusionbench-image-VD-math-11,-0.0,1,0,1,correct_hallucination,1
llava,hallusionbench,semantic_entropy,0.2,hallusionbench-image-VD-math-11-1-0,hallusionbench-image-VD-math-11,-0.0,0,1,1,wrong_hallucination,1
llava,hallusionbench,semantic_entropy,0.2,hallusionbench-image-VD-math-12-0-0,hallusionbench-image-VD-math-12,-0.0,1,0,1,correct_hallucination,1
llava,hallusionbench,semantic_entropy,0.2,hallusionbench-image-VD-math-12-0-1,hallusionbench-image-VD-math-12,-0.0,0,1,1,wrong_hallucination,1
llava,hallusionbench,semantic_entropy,0.2,hallusionbench-image-VD-math-12-0-2,hallusionbench-image-VD-math-12,-0.0,0,1,1,wrong_hallucination,1
llava,hallusionbench,semantic_entropy,0.2,hallusionbench-image-VD-math-13-0-0,hallusionbench-image-VD-math-13,-0.0,1,0,1,correct_hallucination,1
llava,hallusionbench,semantic_entropy,0.2,hallusionbench-image-VD-math-13-1-0,hallusionbench-image-VD-math-13,-0.0,0,1,0,wrong_clean,3
llava,hallusionbench,semantic_entropy,0.2,hallusionbench-image-VD-math-13-1-1,hallusionbench-image-VD-math-13,-0.0,0,1,0,wrong_clean,3
llava,hallusionbench,semantic_entropy,0.2,hallusionbench-image-VD-math-13-1-2,hallusionbench-image-VD-math-13,-0.0,0,1,1,wrong_hallucination,1
llava,hallusionbench,semantic_entropy,0.2,hallusionbench-image-VD-math-14-0-0,hallusionbench-image-VD-math-14,-0.0,0,1,1,wrong_hallucination,1
llava,hallusionbench,semantic_entropy,0.2,hallusionbench-image-VD-math-14-0-2,hallusionbench-image-VD-math-14,-0.0,0,1,1,wrong_hallucination,1
llava,hallusionbench,semantic_entropy,0.2,hallusionbench-image-VD-math-14-1-2,hallusionbench-image-VD-math-14,-0.0,1,0,0,correct_clean,5
llava,hallusionbench,semantic_entropy,0.2,hallusionbench-image-VD-math-15-0-1,hallusionbench-image-VD-math-15,-0.0,0,1,1,wrong_hallucination,1
llava,hallusionbench,semantic_entropy,0.2,hallusionbench-image-VD-math-17-0-0,hallusionbench-image-VD-math-17,-0.0,1,0,1,correct_hallucination,1
llava,hallusionbench,semantic_entropy,0.2,hallusionbench-image-VD-math-17-0-1,hallusionbench-image-VD-math-17,-0.0,1,0,1,correct_hallucination,1
llava,hallusionbench,semantic_entropy,0.2,hallusionbench-image-VD-math-17-0-2,hallusionbench-image-VD-math-17,-0.0,1,0,1,correct_hallucination,1
llava,hallusionbench,semantic_entropy,0.2,hallusionbench-image-VD-math-3-1-2,hallusionbench-image-VD-math-3,-0.0,1,0,1,correct_hallucination,1
llava,hallusionbench,semantic_entropy,0.2,hallusionbench-image-VD-math-4-1-2,hallusionbench-image-VD-math-4,-0.0,1,0,1,correct_hallucination,1
llava,hallusionbench,semantic_entropy,0.2,hallusionbench-image-VD-math-5-0-0,hallusionbench-image-VD-math-5,-0.0,1,0,1,correct_hallucination,2
llava,hallusionbench,semantic_entropy,0.2,hallusionbench-image-VD-math-8-1-1,hallusionbench-image-VD-math-8,-0.0,0,1,1,wrong_hallucination,2
llava,hallusionbench,semantic_entropy,0.2,hallusionbench-image-VD-ocr-0-0-1,hallusionbench-image-VD-ocr-0,-0.0,0,1,1,wrong_hallucination,1
llava,hallusionbench,semantic_entropy,0.2,hallusionbench-image-VD-ocr-0-1-0,hallusionbench-image-VD-ocr-0,-0.0,0,1,1,wrong_hallucination,1
llava,hallusionbench,semantic_entropy,0.2,hallusionbench-image-VD-ocr-0-1-1,hallusionbench-image-VD-ocr-0,-0.0,1,0,1,correct_hallucination,1
llava,hallusionbench,semantic_entropy,0.2,hallusionbench-image-VD-ocr-1-0-0,hallusionbench-image-VD-ocr-1,-0.0,0,1,1,wrong_hallucination,1
llava,hallusionbench,semantic_entropy,0.2,hallusionbench-image-VD-ocr-1-1-0,hallusionbench-image-VD-ocr-1,-0.0,0,1,1,wrong_hallucination,1
llava,hallusionbench,semantic_entropy,0.2,hallusionbench-image-VD-ocr-1-1-1,hallusionbench-image-VD-ocr-1,-0.0,1,0,1,correct_hallucination,1
llava,hallusionbench,semantic_entropy,0.2,hallusionbench-image-VD-ocr-10-0-0,hallusionbench-image-VD-ocr-10,-0.0,1,0,0,correct_clean,6
llava,hallusionbench,semantic_entropy,0.2,hallusionbench-image-VD-ocr-10-0-1,hallusionbench-image-VD-ocr-10,-0.0,1,0,0,correct_clean,5
llava,hallusionbench,semantic_entropy,0.2,hallusionbench-image-VD-ocr-10-1-0,hallusionbench-image-VD-ocr-10,-0.0,0,1,1,wrong_hallucination,1
llava,hallusionbench,semantic_entropy,0.2,hallusionbench-image-VD-ocr-10-1-1,hallusionbench-image-VD-ocr-10,-0.0,1,0,0,correct_clean,6
llava,hallusionbench,semantic_entropy,0.2,hallusionbench-image-VD-ocr-11-0-0,hallusionbench-image-VD-ocr-11,-0.0,1,0,0,correct_clean,6
llava,hallusionbench,semantic_entropy,0.2,hallusionbench-image-VD-ocr-11-0-1,hallusionbench-image-VD-ocr-11,-0.0,1,0,0,correct_clean,5
llava,hallusionbench,semantic_entropy,0.2,hallusionbench-image-VD-ocr-11-1-0,hallusionbench-image-VD-ocr-11,-0.0,0,1,1,wrong_hallucination,1
llava,hallusionbench,semantic_entropy,0.2,hallusionbench-image-VD-ocr-11-1-1,hallusionbench-image-VD-ocr-11,-0.0,1,0,0,correct_clean,5
llava,hallusionbench,semantic_entropy,0.2,hallusionbench-image-VD-ocr-12-1-1,hallusionbench-image-VD-ocr-12,-0.0,1,0,0,correct_clean,5
llava,hallusionbench,semantic_entropy,0.2,hallusionbench-image-VD-ocr-13-0-0,hallusionbench-image-VD-ocr-13,-0.0,1,0,0,correct_clean,4
llava,hallusionbench,semantic_entropy,0.2,hallusionbench-image-VD-ocr-13-0-1,hallusionbench-image-VD-ocr-13,-0.0,1,0,0,correct_clean,4
llava,hallusionbench,semantic_entropy,0.2,hallusionbench-image-VD-ocr-13-1-0,hallusionbench-image-VD-ocr-13,-0.0,0,1,1,wrong_hallucination,1
llava,hallusionbench,semantic_entropy,0.2,hallusionbench-image-VD-ocr-13-1-1,hallusionbench-image-VD-ocr-13,-0.0,1,0,1,correct_hallucination,1
llava,hallusionbench,semantic_entropy,0.2,hallusionbench-image-VD-ocr-14-1-0,hallusionbench-image-VD-ocr-14,-0.0,0,1,1,wrong_hallucination,1
llava,hallusionbench,semantic_entropy,0.2,hallusionbench-image-VD-ocr-15-0-0,hallusionbench-image-VD-ocr-15,-0.0,1,0,0,correct_clean,5
llava,hallusionbench,semantic_entropy,0.2,hallusionbench-image-VD-ocr-17-1-1,hallusionbench-image-VD-ocr-17,-0.0,1,0,0,correct_clean,5
llava,hallusionbench,semantic_entropy,0.2,hallusionbench-image-VD-ocr-18-0-0,hallusionbench-image-VD-ocr-18,-0.0,1,0,0,correct_clean,4
llava,hallusionbench,semantic_entropy,0.2,hallusionbench-image-VD-ocr-18-0-1,hallusionbench-image-VD-ocr-18,-0.0,0,1,1,wrong_hallucination,2
llava,hallusionbench,semantic_entropy,0.2,hallusionbench-image-VD-ocr-18-1-0,hallusionbench-image-VD-ocr-18,-0.0,0,1,1,wrong_hallucination,1
llava,hallusionbench,semantic_entropy,0.2,hallusionbench-image-VD-ocr-18-1-1,hallusionbench-image-VD-ocr-18,-0.0,1,0,0,correct_clean,5
llava,hallusionbench,semantic_entropy,0.2,hallusionbench-image-VD-ocr-19-0-0,hallusionbench-image-VD-ocr-19,-0.0,1,0,0,correct_clean,3
llava,hallusionbench,semantic_entropy,0.2,hallusionbench-image-VD-ocr-19-0-1,hallusionbench-image-VD-ocr-19,-0.0,0,1,0,wrong_clean,3
llava,hallusionbench,semantic_entropy,0.2,hallusionbench-image-VD-ocr-19-1-0,hallusionbench-image-VD-ocr-19,-0.0,0,1,1,wrong_hallucination,1
llava,hallusionbench,semantic_entropy,0.2,hallusionbench-image-VD-ocr-2-0-1,hallusionbench-image-VD-ocr-2,-0.0,1,0,0,correct_clean,5
llava,hallusionbench,semantic_entropy,0.2,hallusionbench-image-VD-ocr-2-1-1,hallusionbench-image-VD-ocr-2,-0.0,1,0,1,correct_hallucination,1
llava,hallusionbench,semantic_entropy,0.2,hallusionbench-image-VD-ocr-20-0-0,hallusionbench-image-VD-ocr-20,-0.0,1,0,1,correct_hallucination,1
llava,hallusionbench,semantic_entropy,0.2,hallusionbench-image-VD-ocr-3-0-0,hallusionbench-image-VD-ocr-3,-0.0,1,0,0,correct_clean,6
llava,hallusionbench,semantic_entropy,0.2,hallusionbench-image-VD-ocr-3-0-1,hallusionbench-image-VD-ocr-3,-0.0,1,0,0,correct_clean,5
llava,hallusionbench,semantic_entropy,0.2,hallusionbench-image-VD-ocr-3-0-2,hallusionbench-image-VD-ocr-3,-0.0,1,0,0,correct_clean,6
llava,hallusionbench,semantic_entropy,0.2,hallusionbench-image-VD-ocr-4-0-0,hallusionbench-image-VD-ocr-4,-0.0,1,0,1,correct_hallucination,2
llava,hallusionbench,semantic_entropy,0.2,hallusionbench-image-VD-ocr-6-0-0,hallusionbench-image-VD-ocr-6,-0.0,1,0,0,correct_clean,5
llava,hallusionbench,semantic_entropy,0.2,hallusionbench-image-VD-ocr-6-0-1,hallusionbench-image-VD-ocr-6,-0.0,0,1,1,wrong_hallucination,1
llava,hallusionbench,semantic_entropy,0.2,hallusionbench-image-VD-ocr-6-1-0,hallusionbench-image-VD-ocr-6,-0.0,0,1,1,wrong_hallucination,1
llava,hallusionbench,semantic_entropy,0.2,hallusionbench-image-VD-ocr-7-0-0,hallusionbench-image-VD-ocr-7,-0.0,1,0,1,correct_hallucination,1
llava,hallusionbench,semantic_entropy,0.2,hallusionbench-image-VD-ocr-7-1-0,hallusionbench-image-VD-ocr-7,-0.0,0,1,1,wrong_hallucination,1
llava,hallusionbench,semantic_entropy,0.2,hallusionbench-image-VD-ocr-8-0-1,hallusionbench-image-VD-ocr-8,-0.0,0,1,0,wrong_clean,3
llava,hallusionbench,semantic_entropy,0.2,hallusionbench-image-VD-ocr-9-1-1,hallusionbench-image-VD-ocr-9,-0.0,1,0,1,correct_hallucination,1
llava,hallusionbench,semantic_entropy,0.2,hallusionbench-image-VD-video-1-0-1,hallusionbench-image-VD-video-1,-0.0,0,1,1,wrong_hallucination,1
llava,hallusionbench,semantic_entropy,0.2,hallusionbench-image-VD-video-1-1-2,hallusionbench-image-VD-video-1,-0.0,0,1,1,wrong_hallucination,1
llava,hallusionbench,semantic_entropy,0.2,hallusionbench-image-VD-video-1-2-0,hallusionbench-image-VD-video-1,-0.0,0,1,1,wrong_hallucination,1
llava,hallusionbench,semantic_entropy,0.2,hallusionbench-image-VD-video-10-0-1,hallusionbench-image-VD-video-10,-0.0,1,0,1,correct_hallucination,1
llava,hallusionbench,semantic_entropy,0.2,hallusionbench-image-VD-video-10-1-0,hallusionbench-image-VD-video-10,-0.0,0,1,1,wrong_hallucination,1
llava,hallusionbench,semantic_entropy,0.2,hallusionbench-image-VD-video-10-1-2,hallusionbench-image-VD-video-10,-0.0,0,1,0,wrong_clean,4
llava,hallusionbench,semantic_entropy,0.2,hallusionbench-image-VD-video-10-2-3,hallusionbench-image-VD-video-10,-0.0,0,1,1,wrong_hallucination,1
llava,hallusionbench,semantic_entropy,0.2,hallusionbench-image-VD-video-11-0-1,hallusionbench-image-VD-video-11,-0.0,1,0,1,correct_hallucination,1
llava,hallusionbench,semantic_entropy,0.2,hallusionbench-image-VD-video-11-1-1,hallusionbench-image-VD-video-11,-0.0,0,1,0,wrong_clean,4
llava,hallusionbench,semantic_entropy,0.2,hallusionbench-image-VD-video-11-2-1,hallusionbench-image-VD-video-11,-0.0,0,1,0,wrong_clean,4
llava,hallusionbench,semantic_entropy,0.2,hallusionbench-image-VD-video-11-2-2,hallusionbench-image-VD-video-11,-0.0,1,0,0,correct_clean,4
llava,hallusionbench,semantic_entropy,0.2,hallusionbench-image-VD-video-12-0-2,hallusionbench-image-VD-video-12,-0.0,0,1,1,wrong_hallucination,1
llava,hallusionbench,semantic_entropy,0.2,hallusionbench-image-VD-video-12-2-1,hallusionbench-image-VD-video-12,-0.0,0,1,1,wrong_hallucination,1
llava,hallusionbench,semantic_entropy,0.2,hallusionbench-image-VD-video-13-0-1,hallusionbench-image-VD-video-13,-0.0,1,0,0,correct_clean,4
llava,hallusionbench,semantic_entropy,0.2,hallusionbench-image-VD-video-14-0-3,hallusionbench-image-VD-video-14,-0.0,0,1,0,wrong_clean,3
llava,hallusionbench,semantic_entropy,0.2,hallusionbench-image-VD-video-14-1-1,hallusionbench-image-VD-video-14,-0.0,1,0,0,correct_clean,5
llava,hallusionbench,semantic_entropy,0.2,hallusionbench-image-VD-video-14-2-1,hallusionbench-image-VD-video-14,-0.0,1,0,0,correct_clean,5
llava,hallusionbench,semantic_entropy,0.2,hallusionbench-image-VD-video-14-2-3,hallusionbench-image-VD-video-14,-0.0,0,1,1,wrong_hallucination,1
llava,hallusionbench,semantic_entropy,0.2,hallusionbench-image-VD-video-16-1-1,hallusionbench-image-VD-video-16,-0.0,1,0,0,correct_clean,5
llava,hallusionbench,semantic_entropy,0.2,hallusionbench-image-VD-video-17-1-2,hallusionbench-image-VD-video-17,-0.0,0,1,0,wrong_clean,3
llava,hallusionbench,semantic_entropy,0.2,hallusionbench-image-VD-video-17-1-3,hallusionbench-image-VD-video-17,-0.0,0,1,0,wrong_clean,4
llava,hallusionbench,semantic_entropy,0.2,hallusionbench-image-VD-video-18-0-2,hallusionbench-image-VD-video-18,-0.0,1,0,0,correct_clean,4
llava,hallusionbench,semantic_entropy,0.2,hallusionbench-image-VD-video-18-1-0,hallusionbench-image-VD-video-18,-0.0,0,1,1,wrong_hallucination,1
llava,hallusionbench,semantic_entropy,0.2,hallusionbench-image-VD-video-18-1-3,hallusionbench-image-VD-video-18,-0.0,1,0,1,correct_hallucination,1
llava,hallusionbench,semantic_entropy,0.2,hallusionbench-image-VD-video-18-2-0,hallusionbench-image-VD-video-18,-0.0,1,0,0,correct_clean,5
llava,hallusionbench,semantic_entropy,0.2,hallusionbench-image-VD-video-19-0-2,hallusionbench-image-VD-video-19,-0.0,0,1,1,wrong_hallucination,1
llava,hallusionbench,semantic_entropy,0.2,hallusionbench-image-VD-video-2-0-2,hallusionbench-image-VD-video-2,-0.0,1,0,1,correct_hallucination,2
llava,hallusionbench,semantic_entropy,0.2,hallusionbench-image-VD-video-2-1-0,hallusionbench-image-VD-video-2,-0.0,0,1,1,wrong_hallucination,1
llava,hallusionbench,semantic_entropy,0.2,hallusionbench-image-VD-video-2-1-1,hallusionbench-image-VD-video-2,-0.0,0,1,1,wrong_hallucination,1
llava,hallusionbench,semantic_entropy,0.2,hallusionbench-image-VD-video-2-1-2,hallusionbench-image-VD-video-2,-0.0,0,1,0,wrong_clean,4
llava,hallusionbench,semantic_entropy,0.2,hallusionbench-image-VD-video-3-0-2,hallusionbench-image-VD-video-3,-0.0,1,0,1,correct_hallucination,1
llava,hallusionbench,semantic_entropy,0.2,hallusionbench-image-VD-video-3-1-0,hallusionbench-image-VD-video-3,-0.0,0,1,1,wrong_hallucination,1
llava,hallusionbench,semantic_entropy,0.2,hallusionbench-image-VD-video-3-1-2,hallusionbench-image-VD-video-3,-0.0,0,1,1,wrong_hallucination,2
llava,hallusionbench,semantic_entropy,0.2,hallusionbench-image-VD-video-3-1-3,hallusionbench-image-VD-video-3,-0.0,1,0,0,correct_clean,4
llava,hallusionbench,semantic_entropy,0.2,hallusionbench-image-VD-video-3-2-0,hallusionbench-image-VD-video-3,-0.0,0,1,1,wrong_hallucination,1
llava,hallusionbench,semantic_entropy,0.2,hallusionbench-image-VD-video-3-2-2,hallusionbench-image-VD-video-3,-0.0,0,1,1,wrong_hallucination,2
llava,hallusionbench,semantic_entropy,0.2,hallusionbench-image-VD-video-4-0-0,hallusionbench-image-VD-video-4,-0.0,1,0,0,correct_clean,5
llava,hallusionbench,semantic_entropy,0.2,hallusionbench-image-VD-video-5-0-1,hallusionbench-image-VD-video-5,-0.0,0,1,1,wrong_hallucination,1
llava,hallusionbench,semantic_entropy,0.2,hallusionbench-image-VD-video-5-0-3,hallusionbench-image-VD-video-5,-0.0,0,1,1,wrong_hallucination,1
llava,hallusionbench,semantic_entropy,0.2,hallusionbench-image-VD-video-5-1-0,hallusionbench-image-VD-video-5,-0.0,0,1,1,wrong_hallucination,1
llava,hallusionbench,semantic_entropy,0.2,hallusionbench-image-VD-video-5-1-3,hallusionbench-image-VD-video-5,-0.0,1,0,0,correct_clean,5
llava,hallusionbench,semantic_entropy,0.2,hallusionbench-image-VD-video-6-0-1,hallusionbench-image-VD-video-6,-0.0,0,1,1,wrong_hallucination,1
llava,hallusionbench,semantic_entropy,0.2,hallusionbench-image-VD-video-6-0-3,hallusionbench-image-VD-video-6,-0.0,0,1,1,wrong_hallucination,1
llava,hallusionbench,semantic_entropy,0.2,hallusionbench-image-VD-video-6-1-2,hallusionbench-image-VD-video-6,-0.0,0,1,0,wrong_clean,3
llava,hallusionbench,semantic_entropy,0.2,hallusionbench-image-VD-video-7-1-3,hallusionbench-image-VD-video-7,-0.0,1,0,1,correct_hallucination,1
llava,hallusionbench,semantic_entropy,0.2,hallusionbench-image-VD-video-8-0-1,hallusionbench-image-VD-video-8,-0.0,1,0,1,correct_hallucination,1
llava,hallusionbench,semantic_entropy,0.2,hallusionbench-image-VD-video-8-1-1,hallusionbench-image-VD-video-8,-0.0,0,1,0,wrong_clean,4
llava,hallusionbench,semantic_entropy,0.2,hallusionbench-image-VD-video-9-0-2,hallusionbench-image-VD-video-9,-0.0,1,0,1,correct_hallucination,2
llava,hallusionbench,semantic_entropy,0.2,hallusionbench-image-VS-chart-0-1-3,hallusionbench-image-VS-chart-0,-0.0,0,1,1,wrong_hallucination,1
llava,hallusionbench,semantic_entropy,0.2,hallusionbench-image-VS-chart-10-2-2,hallusionbench-image-VS-chart-10,-0.0,0,1,1,wrong_hallucination,1
llava,hallusionbench,semantic_entropy,0.2,hallusionbench-image-VS-chart-12-2-0,hallusionbench-image-VS-chart-12,-0.0,0,1,1,wrong_hallucination,1
llava,hallusionbench,semantic_entropy,0.2,hallusionbench-image-VS-chart-12-2-1,hallusionbench-image-VS-chart-12,-0.0,0,1,1,wrong_hallucination,1
llava,hallusionbench,semantic_entropy,0.2,hallusionbench-image-VS-chart-12-2-2,hallusionbench-image-VS-chart-12,-0.0,0,1,1,wrong_hallucination,1
llava,hallusionbench,semantic_entropy,0.2,hallusionbench-image-VS-chart-13-2-0,hallusionbench-image-VS-chart-13,-0.0,0,1,1,wrong_hallucination,1
llava,hallusionbench,semantic_entropy,0.2,hallusionbench-image-VS-chart-14-1-0,hallusionbench-image-VS-chart-14,-0.0,1,0,1,correct_hallucination,1
llava,hallusionbench,semantic_entropy,0.2,hallusionbench-image-VS-chart-14-2-0,hallusionbench-image-VS-chart-14,-0.0,0,1,1,wrong_hallucination,1
llava,hallusionbench,semantic_entropy,0.2,hallusionbench-image-VS-chart-14-2-1,hallusionbench-image-VS-chart-14,-0.0,1,0,1,correct_hallucination,1
llava,hallusionbench,semantic_entropy,0.2,hallusionbench-image-VS-chart-14-2-2,hallusionbench-image-VS-chart-14,-0.0,0,1,1,wrong_hallucination,1
llava,hallusionbench,semantic_entropy,0.2,hallusionbench-image-VS-chart-15-2-0,hallusionbench-image-VS-chart-15,-0.0,0,1,1,wrong_hallucination,1
llava,hallusionbench,semantic_entropy,0.2,hallusionbench-image-VS-chart-16-1-0,hallusionbench-image-VS-chart-16,-0.0,1,0,0,correct_clean,6
llava,hallusionbench,semantic_entropy,0.2,hallusionbench-image-VS-chart-17-2-0,hallusionbench-image-VS-chart-17,-0.0,1,0,0,correct_clean,5
llava,hallusionbench,semantic_entropy,0.2,hallusionbench-image-VS-chart-19-1-0,hallusionbench-image-VS-chart-19,-0.0,1,0,0,correct_clean,6
llava,hallusionbench,semantic_entropy,0.2,hallusionbench-image-VS-chart-19-2-0,hallusionbench-image-VS-chart-19,-0.0,0,1,1,wrong_hallucination,1
llava,hallusionbench,semantic_entropy,0.2,hallusionbench-image-VS-chart-19-2-1,hallusionbench-image-VS-chart-19,-0.0,1,0,0,correct_clean,5
llava,hallusionbench,semantic_entropy,0.2,hallusionbench-image-VS-chart-2-1-2,hallusionbench-image-VS-chart-2,-0.0,0,1,1,wrong_hallucination,1
llava,hallusionbench,semantic_entropy,0.2,hallusionbench-image-VS-chart-21-1-0,hallusionbench-image-VS-chart-21,-0.0,1,0,0,correct_clean,6
llava,hallusionbench,semantic_entropy,0.2,hallusionbench-image-VS-chart-21-2-0,hallusionbench-image-VS-chart-21,-0.0,0,1,1,wrong_hallucination,1
llava,hallusionbench,semantic_entropy,0.2,hallusionbench-image-VS-chart-21-2-1,hallusionbench-image-VS-chart-21,-0.0,1,0,0,correct_clean,4
llava,hallusionbench,semantic_entropy,0.2,hallusionbench-image-VS-chart-3-1-0,hallusionbench-image-VS-chart-3,-0.0,0,1,1,wrong_hallucination,1
llava,hallusionbench,semantic_entropy,0.2,hallusionbench-image-VS-chart-3-2-0,hallusionbench-image-VS-chart-3,-0.0,0,1,1,wrong_hallucination,1
llava,hallusionbench,semantic_entropy,0.2,hallusionbench-image-VS-chart-4-1-3,hallusionbench-image-VS-chart-4,-0.0,1,0,0,correct_clean,5
llava,hallusionbench,semantic_entropy,0.2,hallusionbench-image-VS-chart-4-2-2,hallusionbench-image-VS-chart-4,-0.0,1,0,0,correct_clean,6
llava,hallusionbench,semantic_entropy,0.2,hallusionbench-image-VS-chart-4-2-3,hallusionbench-image-VS-chart-4,-0.0,1,0,0,correct_clean,6
llava,hallusionbench,semantic_entropy,0.2,hallusionbench-image-VS-chart-5-1-1,hallusionbench-image-VS-chart-5,-0.0,0,1,1,wrong_hallucination,2
llava,hallusionbench,semantic_entropy,0.2,hallusionbench-image-VS-chart-5-2-0,hallusionbench-image-VS-chart-5,-0.0,0,1,0,wrong_clean,3
llava,hallusionbench,semantic_entropy,0.2,hallusionbench-image-VS-chart-5-2-2,hallusionbench-image-VS-chart-5,-0.0,1,0,1,correct_hallucination,1
llava,hallusionbench,semantic_entropy,0.2,hallusionbench-image-VS-chart-5-2-3,hallusionbench-image-VS-chart-5,-0.0,0,1,1,wrong_hallucination,1
llava,hallusionbench,semantic_entropy,0.2,hallusionbench-image-VS-chart-6-2-1,hallusionbench-image-VS-chart-6,-0.0,0,1,1,wrong_hallucination,1
llava,hallusionbench,semantic_entropy,0.2,hallusionbench-image-VS-chart-6-2-3,hallusionbench-image-VS-chart-6,-0.0,1,0,1,correct_hallucination,2
llava,hallusionbench,semantic_entropy,0.2,hallusionbench-image-VS-chart-8-2-0,hallusionbench-image-VS-chart-8,-0.0,0,1,1,wrong_hallucination,1
llava,hallusionbench,semantic_entropy,0.2,hallusionbench-image-VS-chart-9-1-0,hallusionbench-image-VS-chart-9,-0.0,1,0,0,correct_clean,6
llava,hallusionbench,semantic_entropy,0.2,hallusionbench-image-VS-chart-9-2-0,hallusionbench-image-VS-chart-9,-0.0,0,1,1,wrong_hallucination,1
llava,hallusionbench,semantic_entropy,0.2,hallusionbench-image-VS-chart-9-2-1,hallusionbench-image-VS-chart-9,-0.0,0,1,0,wrong_clean,4
llava,hallusionbench,semantic_entropy,0.2,hallusionbench-image-VS-chart-9-2-3,hallusionbench-image-VS-chart-9,-0.0,1,0,0,correct_clean,5
llava,hallusionbench,semantic_entropy,0.2,hallusionbench-image-VS-map-0-1-3,hallusionbench-image-VS-map-0,-0.0,1,0,1,correct_hallucination,1
llava,hallusionbench,semantic_entropy,0.2,hallusionbench-image-VS-map-1-2-0,hallusionbench-image-VS-map-1,-0.0,0,1,1,wrong_hallucination,1
llava,hallusionbench,semantic_entropy,0.2,hallusionbench-image-VS-map-10-1-1,hallusionbench-image-VS-map-10,-0.0,1,0,0,correct_clean,5
llava,hallusionbench,semantic_entropy,0.2,hallusionbench-image-VS-map-2-1-0,hallusionbench-image-VS-map-2,-0.0,1,0,1,correct_hallucination,1
llava,hallusionbench,semantic_entropy,0.2,hallusionbench-image-VS-map-3-1-1,hallusionbench-image-VS-map-3,-0.0,1,0,0,correct_clean,5
llava,hallusionbench,semantic_entropy,0.2,hallusionbench-image-VS-map-4-1-1,hallusionbench-image-VS-map-4,-0.0,1,0,0,correct_clean,5
llava,hallusionbench,semantic_entropy,0.2,hallusionbench-image-VS-map-4-1-2,hallusionbench-image-VS-map-4,-0.0,1,0,0,correct_clean,5
llava,hallusionbench,umpire,0.2,hallusionbench-non_image-VS-table-8-0-0,hallusionbench-non_image-VS-table-8,-22.98513323348494,1,0,0,correct_clean,5
llava,hallusionbench,umpire,0.2,hallusionbench-image-VD-ocr-7-0-0,hallusionbench-image-VD-ocr-7,-22.627557108774084,1,0,1,correct_hallucination,1
llava,hallusionbench,umpire,0.2,hallusionbench-image-VD-ocr-13-0-0,hallusionbench-image-VD-ocr-13,-22.21529972434957,1,0,0,correct_clean,4
llava,hallusionbench,umpire,0.2,hallusionbench-image-VD-ocr-11-0-0,hallusionbench-image-VD-ocr-11,-22.20190600063406,1,0,0,correct_clean,6
llava,hallusionbench,umpire,0.2,hallusionbench-image-VD-video-5-0-1,hallusionbench-image-VD-video-5,-22.15792200491692,0,1,1,wrong_hallucination,1
llava,hallusionbench,umpire,0.2,hallusionbench-image-VS-map-9-1-0,hallusionbench-image-VS-map-9,-21.957024902849334,1,0,1,correct_hallucination,1
llava,hallusionbench,umpire,0.2,hallusionbench-image-VD-math-10-0-1,hallusionbench-image-VD-math-10,-21.84622478784992,0,1,1,wrong_hallucination,1
llava,hallusionbench,umpire,0.2,hallusionbench-image-VD-ocr-18-0-0,hallusionbench-image-VD-ocr-18,-21.78420514532391,1,0,0,correct_clean,4
llava,hallusionbench,umpire,0.2,hallusionbench-image-VD-ocr-6-0-0,hallusionbench-image-VD-ocr-6,-21.619042642307356,1,0,0,correct_clean,5
llava,hallusionbench,umpire,0.2,hallusionbench-image-VD-figure-2-0-0,hallusionbench-image-VD-figure-2,-21.405906382402225,1,0,0,correct_clean,5
llava,hallusionbench,umpire,0.2,hallusionbench-image-VD-figure-6-0-0,hallusionbench-image-VD-figure-6,-21.259347040976074,1,0,1,correct_hallucination,1
llava,hallusionbench,umpire,0.2,hallusionbench-image-VD-ocr-10-0-0,hallusionbench-image-VD-ocr-10,-21.16530919078056,1,0,0,correct_clean,6
llava,hallusionbench,umpire,0.2,hallusionbench-image-VD-math-10-0-2,hallusionbench-image-VD-math-10,-20.978053192954878,0,1,1,wrong_hallucination,2
llava,hallusionbench,umpire,0.2,hallusionbench-image-VD-ocr-19-0-1,hallusionbench-image-VD-ocr-19,-20.900852899610456,0,1,0,wrong_clean,3
llava,hallusionbench,umpire,0.2,hallusionbench-image-VS-map-6-1-2,hallusionbench-image-VS-map-6,-20.822060627896413,1,0,1,correct_hallucination,2
llava,hallusionbench,umpire,0.2,hallusionbench-image-VD-ocr-3-0-0,hallusionbench-image-VD-ocr-3,-20.663399761058244,1,0,0,correct_clean,6
llava,hallusionbench,umpire,0.2,hallusionbench-image-VS-map-6-1-1,hallusionbench-image-VS-map-6,-20.38616233358618,0,1,1,wrong_hallucination,1
llava,hallusionbench,umpire,0.2,hallusionbench-image-VD-figure-1-0-0,hallusionbench-image-VD-figure-1,-20.261833881689096,1,0,1,correct_hallucination,1
llava,hallusionbench,umpire,0.2,hallusionbench-image-VS-chart-0-1-3,hallusionbench-image-VS-chart-0,-19.91621653024305,0,1,1,wrong_hallucination,1
llava,hallusionbench,umpire,0.2,hallusionbench-image-VS-map-3-1-1,hallusionbench-image-VS-map-3,-19.894731560182723,1,0,0,correct_clean,5
llava,hallusionbench,umpire,0.2,hallusionbench-image-VD-ocr-11-0-1,hallusionbench-image-VD-ocr-11,-19.86871081947551,1,0,0,correct_clean,5
llava,hallusionbench,umpire,0.2,hallusionbench-image-VD-ocr-18-0-1,hallusionbench-image-VD-ocr-18,-19.801246291886443,0,1,1,wrong_hallucination,2
llava,hallusionbench,umpire,0.2,hallusionbench-image-VS-map-4-1-3,hallusionbench-image-VS-map-4,-19.65843022340497,1,0,0,correct_clean,5
llava,hallusionbench,umpire,0.2,hallusionbench-image-VD-figure-10-0-1,hallusionbench-image-VD-figure-10,-19.62662225897957,1,0,0,correct_clean,5
llava,hallusionbench,umpire,0.2,hallusionbench-image-VD-math-12-0-1,hallusionbench-image-VD-math-12,-19.595659003537907,0,1,1,wrong_hallucination,1
llava,hallusionbench,umpire,0.2,hallusionbench-image-VD-figure-4-0-1,hallusionbench-image-VD-figure-4,-19.512431449748416,0,1,1,wrong_hallucination,1
llava,hallusionbench,umpire,0.2,hallusionbench-image-VD-figure-13-0-1,hallusionbench-image-VD-figure-13,-19.49909537176694,0,1,1,wrong_hallucination,1
llava,hallusionbench,umpire,0.2,hallusionbench-image-VS-map-9-1-1,hallusionbench-image-VS-map-9,-19.4958371340702,0,1,1,wrong_hallucination,1
llava,hallusionbench,umpire,0.2,hallusionbench-image-VS-map-4-1-1,hallusionbench-image-VS-map-4,-19.4821517981151,1,0,0,correct_clean,5
llava,hallusionbench,umpire,0.2,hallusionbench-image-VD-figure-12-0-1,hallusionbench-image-VD-figure-12,-19.46909248934237,1,0,0,correct_clean,5
llava,hallusionbench,umpire,0.2,hallusionbench-image-VD-illusion-20-0-0,hallusionbench-image-VD-illusion-20,-19.465992413658412,1,0,1,correct_hallucination,1
llava,hallusionbench,umpire,0.2,hallusionbench-image-VD-ocr-19-0-0,hallusionbench-image-VD-ocr-19,-19.424662122386145,1,0,0,correct_clean,3
llava,hallusionbench,umpire,0.2,hallusionbench-image-VD-video-2-0-2,hallusionbench-image-VD-video-2,-18.812687767032553,1,0,1,correct_hallucination,2
llava,hallusionbench,umpire,0.2,hallusionbench-image-VD-math-12-0-2,hallusionbench-image-VD-math-12,-18.77285732316337,0,1,1,wrong_hallucination,1
llava,hallusionbench,umpire,0.2,hallusionbench-image-VD-figure-7-0-1,hallusionbench-image-VD-figure-7,-18.74931950078155,1,0,0,correct_clean,5
llava,hallusionbench,umpire,0.2,hallusionbench-image-VS-map-6-1-0,hallusionbench-image-VS-map-6,-18.737705765449856,1,0,0,correct_clean,5
llava,hallusionbench,umpire,0.2,hallusionbench-image-VD-figure-17-0-1,hallusionbench-image-VD-figure-17,-18.6489525591236,1,0,0,correct_clean,5
llava,hallusionbench,umpire,0.2,hallusionbench-image-VD-video-12-2-1,hallusionbench-image-VD-video-12,-18.64280261723136,0,1,1,wrong_hallucination,1
llava,hallusionbench,umpire,0.2,hallusionbench-image-VD-ocr-4-0-0,hallusionbench-image-VD-ocr-4,-18.614015776627998,1,0,1,correct_hallucination,2
llava,hallusionbench,umpire,0.2,hallusionbench-image-VD-illusion-21-0-0,hallusionbench-image-VD-illusion-21,-18.60826766765735,1,0,1,correct_hallucination,2
llava,hallusionbench,umpire,0.2,hallusionbench-image-VD-video-18-2-0,hallusionbench-image-VD-video-18,-18.270824544625572,1,0,0,correct_clean,5
llava,hallusionbench,umpire,0.2,hallusionbench-image-VD-ocr-11-1-1,hallusionbench-image-VD-ocr-11,-18.217172928976467,1,0,0,correct_clean,5
llava,hallusionbench,umpire,0.2,hallusionbench-image-VD-figure-7-1-0,hallusionbench-image-VD-figure-7,-18.20207378875802,0,1,1,wrong_hallucination,1
llava,hallusionbench,umpire,0.2,hallusionbench-image-VD-illusion-0-1-1,hallusionbench-image-VD-illusion-0,-18.131348864028503,1,0,0,correct_clean,5
llava,hallusionbench,umpire,0.2,hallusionbench-image-VD-figure-19-0-1,hallusionbench-image-VD-figure-19,-18.095618585061988,1,0,0,correct_clean,5
llava,hallusionbench,umpire,0.2,hallusionbench-image-VD-illusion-0-0-0,hallusionbench-image-VD-illusion-0,-18.040983248487922,0,1,1,wrong_hallucination,1
llava,hallusionbench,umpire,0.2,hallusionbench-image-VS-chart-21-2-0,hallusionbench-image-VS-chart-21,-18.03494806888738,0,1,1,wrong_hallucination,1
llava,hallusionbench,umpire,0.2,hallusionbench-image-VD-illusion-9-1-1,hallusionbench-image-VD-illusion-9,-17.9969132855114,0,1,1,wrong_hallucination,1
llava,hallusionbench,umpire,0.2,hallusionbench-image-VD-math-13-1-0,hallusionbench-image-VD-math-13,-17.98038667626924,0,1,0,wrong_clean,3
llava,hallusionbench,umpire,0.2,hallusionbench-image-VD-video-13-0-1,hallusionbench-image-VD-video-13,-17.948811056296933,1,0,0,correct_clean,4
llava,hallusionbench,umpire,0.2,hallusionbench-image-VD-ocr-13-1-0,hallusionbench-image-VD-ocr-13,-17.920156212582004,0,1,1,wrong_hallucination,1
llava,hallusionbench,umpire,0.2,hallusionbench-image-VD-math-13-0-0,hallusionbench-image-VD-math-13,-17.917417997505463,1,0,1,correct_hallucination,1
llava,hallusionbench,umpire,0.2,hallusionbench-image-VD-figure-15-0-1,hallusionbench-image-VD-figure-15,-17.909010716559905,1,0,0,correct_clean,5
llava,hallusionbench,umpire,0.2,hallusionbench-image-VD-figure-9-0-1,hallusionbench-image-VD-figure-9,-17.89748771398961,1,0,1,correct_hallucination,1
llava,hallusionbench,umpire,0.2,hallusionbench-image-VD-illusion-17-1-0,hallusionbench-image-VD-illusion-17,-17.894158370682714,1,0,0,correct_clean,4
llava,hallusionbench,umpire,0.2,hallusionbench-image-VD-figure-6-1-1,hallusionbench-image-VD-figure-6,-17.884915194423186,0,1,1,wrong_hallucination,1
llava,hallusionbench,umpire,0.2,hallusionbench-image-VS-ocr-11-1-1,hallusionbench-image-VS-ocr-11,-17.83856072316287,1,0,1,correct_hallucination,1
llava,hallusionbench,umpire,0.2,hallusionbench-image-VD-ocr-3-0-2,hallusionbench-image-VD-ocr-3,-17.81044505872677,1,0,0,correct_clean,6
llava,hallusionbench,umpire,0.2,hallusionbench-image-VD-ocr-2-0-0,hallusionbench-image-VD-ocr-2,-17.809491664639175,1,0,1,correct_hallucination,1
llava,hallusionbench,umpire,0.2,hallusionbench-image-VD-figure-18-0-1,hallusionbench-image-VD-figure-18,-17.710336109147445,1,0,1,correct_hallucination,1
llava,hallusionbench,umpire,0.2,hallusionbench-image-VS-ocr-9-2-0,hallusionbench-image-VS-ocr-9,-17.70103904315421,0,1,1,wrong_hallucination,1
llava,hallusionbench,umpire,0.2,hallusionbench-image-VD-ocr-3-0-1,hallusionbench-image-VD-ocr-3,-17.682845196437874,1,0,0,correct_clean,5
llava,hallusionbench,umpire,0.2,hallusionbench-image-VS-table-4-1-1,hallusionbench-image-VS-table-4,-17.659116502164252,1,0,1,correct_hallucination,2
llava,hallusionbench,umpire,0.2,hallusionbench-image-VS-table-7-3-0,hallusionbench-image-VS-table-7,-17.49506526124284,0,1,1,wrong_hallucination,1
llava,hallusionbench,umpire,0.2,hallusionbench-non_image-VS-chart-19-0-1,hallusionbench-non_image-VS-chart-19,-17.479843594260092,0,1,1,wrong_hallucination,1
llava,hallusionbench,umpire,0.2,hallusionbench-image-VS-chart-21-2-1,hallusionbench-image-VS-chart-21,-17.46672994423932,1,0,0,correct_clean,4
llava,hallusionbench,umpire,0.2,hallusionbench-image-VS-chart-16-1-0,hallusionbench-image-VS-chart-16,-17.46246283698626,1,0,0,correct_clean,6
llava,hallusionbench,umpire,0.2,hallusionbench-image-VS-map-10-1-1,hallusionbench-image-VS-map-10,-17.42259344832285,1,0,0,correct_clean,5
llava,hallusionbench,umpire,0.2,hallusionbench-image-VD-video-17-1-2,hallusionbench-image-VD-video-17,-17.34446531626806,0,1,0,wrong_clean,3
llava,hallusionbench,umpire,0.2,hallusionbench-image-VD-ocr-10-1-0,hallusionbench-image-VD-ocr-10,-17.31128817069685,0,1,1,wrong_hallucination,1
llava,hallusionbench,umpire,0.2,hallusionbench-non_image-VS-map-4-0-3,hallusionbench-non_image-VS-map-4,-17.305547081944102,1,0,0,correct_clean,5
llava,hallusionbench,umpire,0.2,hallusionbench-image-VD-figure-5-0-1,hallusionbench-image-VD-figure-5,-17.292157373233227,1,0,0,correct_clean,5
llava,hallusionbench,umpire,0.2,hallusionbench-image-VS-map-4-1-2,hallusionbench-image-VS-map-4,-17.19552449203401,1,0,0,correct_clean,5
llava,hallusionbench,umpire,0.2,hallusionbench-image-VS-chart-21-1-0,hallusionbench-image-VS-chart-21,-17.188350144767263,1,0,0,correct_clean,6
llava,hallusionbench,umpire,0.2,hallusionbench-image-VD-ocr-13-0-1,hallusionbench-image-VD-ocr-13,-17.159867317890754,1,0,0,correct_clean,4
llava,hallusionbench,umpire,0.2,hallusionbench-non_image-VS-table-4-0-1,hallusionbench-non_image-VS-table-4,-17.086867129421744,1,0,1,correct_hallucination,2
llava,hallusionbench,umpire,0.2,hallusionbench-image-VS-table-7-2-1,hallusionbench-image-VS-table-7,-16.944802522380133,0,1,1,wrong_hallucination,1
llava,hallusionbench,umpire,0.2,hallusionbench-image-VD-figure-0-1-0,hallusionbench-image-VD-figure-0,-16.943644115517948,0,1,1,wrong_hallucination,1
llava,hallusionbench,umpire,0.2,hallusionbench-non_image-VS-ocr-9-0-1,hallusionbench-non_image-VS-ocr-9,-16.932860477258806,1,0,0,correct_clean,6
llava,hallusionbench,umpire,0.2,hallusionbench-image-VD-figure-2-0-1,hallusionbench-image-VD-figure-2,-16.899499118255406,1,0,0,correct_clean,5
llava,hallusionbench,umpire,0.2,hallusionbench-image-VD-ocr-19-1-0,hallusionbench-image-VD-ocr-19,-16.840174152815482,0,1,1,wrong_hallucination,1
llava,hallusionbench,umpire,0.2,hallusionbench-image-VD-ocr-2-1-1,hallusionbench-image-VD-ocr-2,-16.813110932934848,1,0,1,correct_hallucination,1
llava,hallusionbench,umpire,0.2,hallusionbench-image-VD-video-3-2-0,hallusionbench-image-VD-video-3,-16.621302025919707,0,1,1,wrong_hallucination,1
llava,hallusionbench,umpire,0.2,hallusionbench-image-VS-chart-8-2-0,hallusionbench-image-VS-chart-8,-16.5518740045751,0,1,1,wrong_hallucination,1
llava,hallusionbench,umpire,0.2,hallusionbench-image-VD-math-11-0-0,hallusionbench-image-VD-math-11,-16.551659955402766,1,0,1,correct_hallucination,1
llava,hallusionbench,umpire,0.2,hallusionbench-image-VS-table-7-3-3,hallusionbench-image-VS-table-7,-16.54133479494111,0,1,1,wrong_hallucination,1
llava,hallusionbench,umpire,0.2,hallusionbench-image-VD-video-11-1-1,hallusionbench-image-VD-video-11,-16.461844488874657,0,1,0,wrong_clean,4
llava,hallusionbench,umpire,0.2,hallusionbench-image-VD-video-3-1-3,hallusionbench-image-VD-video-3,-16.449521952732823,1,0,0,correct_clean,4
llava,hallusionbench,umpire,0.2,hallusionbench-image-VD-video-2-1-1,hallusionbench-image-VD-video-2,-16.437137808987686,0,1,1,wrong_hallucination,1
llava,hallusionbench,umpire,0.2,hallusionbench-image-VD-ocr-18-1-0,hallusionbench-image-VD-ocr-18,-16.41164185734633,0,1,1,wrong_hallucination,1
llava,hallusionbench,umpire,0.2,hallusionbench-image-VD-figure-9-0-0,hallusionbench-image-VD-figure-9,-16.403870952993636,1,0,0,correct_clean,5
llava,hallusionbench,umpire,0.2,hallusionbench-non_image-VS-table-7-0-0,hallusionbench-non_image-VS-table-7,-16.339615799607405,1,0,0,correct_clean,5
llava,hallusionbench,umpire,0.2,hallusionbench-image-VD-ocr-7-1-0,hallusionbench-image-VD-ocr-7,-16.312450610088245,0,1,1,wrong_hallucination,1
llava,hallusionbench,umpire,0.2,hallusionbench-image-VS-chart-19-2-0,hallusionbench-image-VS-chart-19,-16.29224221128495,0,1,1,wrong_hallucination,1
llava,hallusionbench,umpire,0.2,hallusionbench-non_image-VS-ocr-11-0-0,hallusionbench-non_image-VS-ocr-11,-16.283287780165494,1,0,1,correct_hallucination,2
llava,hallusionbench,umpire,0.2,hallusionbench-image-VD-math-4-1-2,hallusionbench-image-VD-math-4,-16.276703223118048,1,0,1,correct_hallucination,1
llava,hallusionbench,umpire,0.2,hallusionbench-image-VD-video-10-0-1,hallusionbench-image-VD-video-10,-16.26544573133576,1,0,1,correct_hallucination,1
llava,hallusionbench,umpire,0.2,hallusionbench-image-VS-table-8-3-4,hallusionbench-image-VS-table-8,-16.224705288667174,0,1,1,wrong_hallucination,1
llava,hallusionbench,umpire,0.2,hallusionbench-non_image-VS-chart-0-0-1,hallusionbench-non_image-VS-chart-0,-16.20120490846292,1,0,0,correct_clean,5
llava,hallusionbench,umpire,0.2,hallusionbench-image-VS-ocr-12-1-0,hallusionbench-image-VS-ocr-12,-16.17296050344629,1,0,1,correct_hallucination,1
llava,hallusionbench,umpire,0.2,hallusionbench-non_image-VS-table-3-0-1,hallusionbench-non_image-VS-table-3,-16.15584805989445,0,1,1,wrong_hallucination,1
llava,hallusionbench,umpire,0.2,hallusionbench-non_image-VS-table-3-0-2,hallusionbench-non_image-VS-table-3,-16.148353424520394,0,1,1,wrong_hallucination,1
llava,hallusionbench,umpire,0.2,hallusionbench-image-VS-chart-5-2-0,hallusionbench-image-VS-chart-5,-16.134654328285674,0,1,0,wrong_clean,3
llava,hallusionbench,umpire,0.2,hallusionbench-image-VD-figure-6-1-0,hallusionbench-image-VD-figure-6,-16.131330588272046,0,1,1,wrong_hallucination,1
llava,hallusionbench,umpire,0.2,hallusionbench-image-VD-ocr-5-0-0,hallusionbench-image-VD-ocr-5,-16.10371807693825,1,0,0,correct_clean,5
llava,hallusionbench,umpire,0.2,hallusionbench-image-VS-chart-10-2-2,hallusionbench-image-VS-chart-10,-16.010500990264184,0,1,1,wrong_hallucination,1
llava,hallusionbench,umpire,0.2,hallusionbench-image-VS-map-6-2-1,hallusionbench-image-VS-map-6,-16.009853348761023,1,0,1,correct_hallucination,1
llava,hallusionbench,umpire,0.2,hallusionbench-image-VD-ocr-18-1-1,hallusionbench-image-VD-ocr-18,-15.946601653780638,1,0,0,correct_clean,5
llava,hallusionbench,umpire,0.2,hallusionbench-image-VD-ocr-2-0-1,hallusionbench-image-VD-ocr-2,-15.91084927895461,1,0,0,correct_clean,5
llava,hallusionbench,umpire,0.2,hallusionbench-image-VD-math-13-0-1,hallusionbench-image-VD-math-13,-15.886552315419104,0,1,1,wrong_hallucination,1
llava,hallusionbench,umpire,0.2,hallusionbench-image-VD-ocr-11-1-0,hallusionbench-image-VD-ocr-11,-15.82169126656977,0,1,1,wrong_hallucination,1
llava,hallusionbench,umpire,0.2,hallusionbench-image-VD-ocr-12-1-1,hallusionbench-image-VD-ocr-12,-15.763727418636625,1,0,0,correct_clean,5
llava,hallusionbench,umpire,0.2,hallusionbench-image-VS-map-4-2-2,hallusionbench-image-VS-map-4,-15.738820649318294,0,1,1,wrong_hallucination,1
llava,hallusionbench,umpire,0.2,hallusionbench-image-VD-ocr-8-0-0,hallusionbench-image-VD-ocr-8,-15.737900228480019,1,0,1,correct_hallucination,1
llava,hallusionbench,umpire,0.2,hallusionbench-image-VD-math-6-0-0,hallusionbench-image-VD-math-6,-15.688786829981257,1,0,0,correct_clean,5
llava,hallusionbench,umpire,0.2,hallusionbench-image-VD-math-13-0-2,hallusionbench-image-VD-math-13,-15.678551543973715,0,1,1,wrong_hallucination,1
llava,hallusionbench,umpire,0.2,hallusionbench-image-VD-figure-14-1-0,hallusionbench-image-VD-figure-14,-15.66952933981956,0,1,1,wrong_hallucination,1
llava,hallusionbench,umpire,0.2,hallusionbench-image-VD-ocr-1-1-0,hallusionbench-image-VD-ocr-1,-15.656560525454472,0,1,1,wrong_hallucination,1
llava,hallusionbench,umpire,0.2,hallusionbench-image-VD-figure-14-1-1,hallusionbench-image-VD-figure-14,-15.63241876011822,1,0,1,correct_hallucination,1
llava,hallusionbench,umpire,0.2,hallusionbench-non_image-VS-chart-14-0-1,hallusionbench-non_image-VS-chart-14,-15.630287002352285,0,1,1,wrong_hallucination,1
llava,hallusionbench,umpire,0.2,hallusionbench-image-VS-ocr-1-2-0,hallusionbench-image-VS-ocr-1,-15.60700441444246,0,1,0,wrong_clean,5
llava,hallusionbench,umpire,0.2,hallusionbench-image-VD-video-1-1-2,hallusionbench-image-VD-video-1,-15.605959605675698,0,1,1,wrong_hallucination,1
llava,hallusionbench,umpire,0.2,hallusionbench-image-VS-table-8-1-0,hallusionbench-image-VS-table-8,-15.598732329914945,1,0,1,correct_hallucination,1
llava,hallusionbench,umpire,0.2,hallusionbench-image-VD-video-2-1-0,hallusionbench-image-VD-video-2,-15.574817586447171,0,1,1,wrong_hallucination,1
llava,hallusionbench,umpire,0.2,hallusionbench-image-VD-ocr-0-1-1,hallusionbench-image-VD-ocr-0,-15.552406331854908,1,0,1,correct_hallucination,1
llava,hallusionbench,umpire,0.2,hallusionbench-image-VS-chart-12-2-1,hallusionbench-image-VS-chart-12,-15.54490087472955,0,1,1,wrong_hallucination,1
llava,hallusionbench,umpire,0.2,hallusionbench-image-VS-map-4-2-3,hallusionbench-image-VS-map-4,-15.53654748913223,0,1,1,wrong_hallucination,1
llava,hallusionbench,umpire,0.2,hallusionbench-non_image-VS-ocr-1-0-0,hallusionbench-non_image-VS-ocr-1,-15.472203985340247,1,0,0,correct_clean,5
llava,hallusionbench,umpire,0.2,hallusionbench-image-VD-ocr-5-0-1,hallusionbench-image-VD-ocr-5,-15.471291712442536,1,0,0,correct_clean,4
llava,hallusionbench,umpire,0.2,hallusionbench-image-VD-video-14-2-3,hallusionbench-image-VD-video-14,-15.463202476616965,0,1,1,wrong_hallucination,1
llava,hallusionbench,umpire,0.2,hallusionbench-non_image-VS-table-7-0-3,hallusionbench-non_image-VS-table-7,-15.45994670229289,0,1,1,wrong_hallucination,1
llava,hallusionbench,umpire,0.2,hallusionbench-image-VS-map-3-2-1,hallusionbench-image-VS-map-3,-15.440029066009462,0,1,1,wrong_hallucination,1
llava,hallusionbench,umpire,0.2,hallusionbench-image-VD-figure-12-1-1,hallusionbench-image-VD-figure-12,-15.384641686404128,1,0,0,correct_clean,5
llava,hallusionbench,umpire,0.2,hallusionbench-image-VD-ocr-9-1-1,hallusionbench-image-VD-ocr-9,-15.333323101617065,1,0,1,correct_hallucination,1
llava,hallusionbench,umpire,0.2,hallusionbench-image-VD-illusion-3-0-0,hallusionbench-image-VD-illusion-3,-15.319696615420378,0,1,1,wrong_hallucination,1
llava,hallusionbench,umpire,0.2,hallusionbench-image-VD-illusion-9-0-1,hallusionbench-image-VD-illusion-9,-15.308883114377798,1,0,0,correct_clean,5
llava,hallusionbench,umpire,0.2,hallusionbench-image-VS-table-7-3-5,hallusionbench-image-VS-table-7,-15.290960075851139,1,0,0,correct_clean,4
llava,hallusionbench,umpire,0.2,hallusionbench-image-VS-table-7-2-0,hallusionbench-image-VS-table-7,-15.280792105301495,1,0,0,correct_clean,5
llava,hallusionbench,umpire,0.2,hallusionbench-image-VD-figure-14-0-1,hallusionbench-image-VD-figure-14,-15.259176461314413,1,0,1,correct_hallucination,1
llava,hallusionbench,umpire,0.2,hallusionbench-image-VS-ocr-5-1-0,hallusionbench-image-VS-ocr-5,-15.235477652242999,1,0,1,correct_hallucination,1
llava,hallusionbench,umpire,0.2,hallusionbench-image-VD-math-12-0-0,hallusionbench-image-VD-math-12,-15.230916846716285,1,0,1,correct_hallucination,1
llava,hallusionbench,umpire,0.2,hallusionbench-non_image-VS-chart-0-0-3,hallusionbench-non_image-VS-chart-0,-15.228644511749225,0,1,1,wrong_hallucination,1
llava,hallusionbench,umpire,0.2,hallusionbench-image-VS-map-6-2-2,hallusionbench-image-VS-map-6,-15.201226246429037,1,0,0,correct_clean,5
llava,hallusionbench,umpire,0.2,hallusionbench-image-VD-ocr-10-1-1,hallusionbench-image-VD-ocr-10,-15.176333670106953,1,0,0,correct_clean,6
llava,hallusionbench,umpire,0.2,hallusionbench-image-VS-chart-8-1-2,hallusionbench-image-VS-chart-8,-15.147189135404192,0,1,1,wrong_hallucination,1
llava,hallusionbench,umpire,0.2,hallusionbench-image-VS-table-4-2-1,hallusionbench-image-VS-table-4,-15.138731978763465,0,1,1,wrong_hallucination,1
llava,hallusionbench,umpire,0.2,hallusionbench-image-VD-illusion-11-1-0,hallusionbench-image-VD-illusion-11,-15.137079034831599,1,0,0,correct_clean,5
llava,hallusionbench,umpire,0.2,hallusionbench-image-VD-ocr-14-1-0,hallusionbench-image-VD-ocr-14,-15.134307387054228,0,1,1,wrong_hallucination,1
llava,hallusionbench,umpire,0.2,hallusionbench-image-VD-illusion-11-0-0,hallusionbench-image-VD-illusion-11,-15.102589559502324,0,1,1,wrong_hallucination,1
llava,hallusionbench,umpire,0.2,hallusionbench-image-VS-chart-0-1-1,hallusionbench-image-VS-chart-0,-15.100376268939378,0,1,1,wrong_hallucination,1
llava,hallusionbench,umpire,0.2,hallusionbench-image-VD-video-3-1-2,hallusionbench-image-VD-video-3,-15.079127408908295,0,1,1,wrong_hallucination,2
llava,hallusionbench,umpire,0.2,hallusionbench-non_image-VS-chart-5-0-0,hallusionbench-non_image-VS-chart-5,-15.063100084494321,1,0,0,correct_clean,5
llava,hallusionbench,umpire,0.2,hallusionbench-image-VS-table-6-1-0,hallusionbench-image-VS-table-6,-15.041028638425445,1,0,1,correct_hallucination,1
llava,hallusionbench,umpire,0.2,hallusionbench-image-VD-ocr-3-1-0,hallusionbench-image-VD-ocr-3,-15.034391073451006,1,0,0,correct_clean,5
llava,hallusionbench,umpire,0.2,hallusionbench-non_image-VS-table-7-0-1,hallusionbench-non_image-VS-table-7,-14.992217342669798,0,1,1,wrong_hallucination,1
llava,hallusionbench,umpire,0.2,hallusionbench-non_image-VS-chart-1-0-2,hallusionbench-non_image-VS-chart-1,-14.95891066244316,1,0,0,correct_clean,5
llava,hallusionbench,umpire,0.2,hallusionbench-image-VD-illusion-21-0-1,hallusionbench-image-VD-illusion-21,-14.951410820629313,1,0,1,correct_hallucination,2
llava,hallusionbench,umpire,0.2,hallusionbench-image-VS-ocr-9-1-0,hallusionbench-image-VS-ocr-9,-14.934325077403056,1,0,1,correct_hallucination,1
llava,hallusionbench,umpire,0.2,hallusionbench-image-VS-table-3-2-0,hallusionbench-image-VS-table-3,-14.92824964810174,0,1,1,wrong_hallucination,1
llava,hallusionbench,umpire,0.2,hallusionbench-image-VD-ocr-6-1-0,hallusionbench-image-VD-ocr-6,-14.914638910918415,0,1,1,wrong_hallucination,1
llava,hallusionbench,umpire,0.2,hallusionbench-image-VS-chart-9-2-0,hallusionbench-image-VS-chart-9,-14.904824797559334,0,1,1,wrong_hallucination,1
llava,hallusionbench,umpire,0.2,hallusionbench-image-VS-table-9-2-0,hallusionbench-image-VS-table-9,-14.892799957042177,0,1,1,wrong_hallucination,1
llava,hallusionbench,umpire,0.2,hallusionbench-image-VD-video-18-0-0,hallusionbench-image-VD-video-18,-14.869694228994865,0,1,1,wrong_hallucination,1
llava,hallusionbench,umpire,0.2,hallusionbench-image-VD-ocr-1-1-1,hallusionbench-image-VD-ocr-1,-14.83091674809229,1,0,1,correct_hallucination,1
llava,hallusionbench,umpire,0.2,hallusionbench-image-VS-table-9-2-1,hallusionbench-image-VS-table-9,-14.818500507116802,1,0,0,correct_clean,5
llava,hallusionbench,umpire,0.2,hallusionbench-image-VS-chart-9-2-1,hallusionbench-image-VS-chart-9,-14.811039218100996,0,1,0,wrong_clean,4
llava,hallusionbench,umpire,0.2,hallusionbench-non_image-VS-chart-0-0-2,hallusionbench-non_image-VS-chart-0,-14.798012759493552,0,1,1,wrong_hallucination,1
llava,hallusionbench,umpire,0.2,hallusionbench-image-VD-figure-8-0-1,hallusionbench-image-VD-figure-8,-14.797765414082818,1,0,0,correct_clean,5
llava,hallusionbench,umpire,0.2,hallusionbench-non_image-VS-map-4-0-2,hallusionbench-non_image-VS-map-4,-14.792122774421564,1,0,1,correct_hallucination,1
llava,hallusionbench,umpire,0.2,hallusionbench-image-VD-figure-7-0-0,hallusionbench-image-VD-figure-7,-14.774055395219422,1,0,1,correct_hallucination,1
llava,hallusionbench,umpire,0.2,hallusionbench-image-VD-figure-12-0-0,hallusionbench-image-VD-figure-12,-14.740688139585794,1,0,0,correct_clean,5
llava,hallusionbench,umpire,0.2,hallusionbench-image-VD-figure-13-1-0,hallusionbench-image-VD-figure-13,-14.73352834888515,1,0,1,correct_hallucination,1
llava,hallusionbench,umpire,0.2,hallusionbench-image-VD-illusion-4-0-0,hallusionbench-image-VD-illusion-4,-14.71979867041773,1,0,0,correct_clean,5
llava,hallusionbench,umpire,0.2,hallusionbench-image-VD-video-11-0-1,hallusionbench-image-VD-video-11,-14.689141483792778,1,0,1,correct_hallucination,1
llava,hallusionbench,umpire,0.2,hallusionbench-non_image-VS-chart-10-0-2,hallusionbench-non_image-VS-chart-10,-14.651445809919942,0,1,1,wrong_hallucination,1
llava,hallusionbench,umpire,0.2,hallusionbench-image-VS-ocr-11-1-0,hallusionbench-image-VS-ocr-11,-14.62431771377615,1,0,1,correct_hallucination,1
llava,hallusionbench,umpire,0.2,hallusionbench-image-VS-table-8-2-3,hallusionbench-image-VS-table-8,-14.615136466375667,0,1,1,wrong_hallucination,1
llava,hallusionbench,umpire,0.2,hallusionbench-image-VS-chart-3-2-0,hallusionbench-image-VS-chart-3,-14.578763599781356,0,1,1,wrong_hallucination,1
llava,hallusionbench,umpire,0.2,hallusionbench-image-VD-video-5-1-0,hallusionbench-image-VD-video-5,-14.559767492489824,0,1,1,wrong_hallucination,1
llava,hallusionbench,umpire,0.2,hallusionbench-image-VD-video-14-1-1,hallusionbench-image-VD-video-14,-14.52691018294749,1,0,0,correct_clean,5
llava,hallusionbench,umpire,0.2,hallusionbench-non_image-VS-table-10-0-0,hallusionbench-non_image-VS-table-10,-14.494499822397453,1,0,0,correct_clean,5
llava,hallusionbench,umpire,0.2,hallusionbench-non_image-VS-ocr-12-0-0,hallusionbench-non_image-VS-ocr-12,-14.494248137572056,1,0,0,correct_clean,5
llava,hallusionbench,umpire,0.2,hallusionbench-image-VD-figure-11-0-1,hallusionbench-image-VD-figure-11,-14.46174041578427,1,0,1,correct_hallucination,1
llava,hallusionbench,umpire,0.2,hallusionbench-non_image-VS-map-7-0-0,hallusionbench-non_image-VS-map-7,-14.440547922714517,1,0,0,correct_clean,4
llava,hallusionbench,umpire,0.2,hallusionbench-image-VD-ocr-10-0-1,hallusionbench-image-VD-ocr-10,-14.325464158054219,1,0,0,correct_clean,5
llava,hallusionbench,umpire,0.2,hallusionbench-image-VS-ocr-11-2-1,hallusionbench-image-VS-ocr-11,-14.273248885862477,0,1,1,wrong_hallucination,1
llava,hallusionbench,umpire,0.2,hallusionbench-image-VS-table-0-2-0,hallusionbench-image-VS-table-0,-14.269385806762857,0,1,0,wrong_clean,3
llava,hallusionbench,umpire,0.2,hallusionbench-non_image-VS-table-9-0-1,hallusionbench-non_image-VS-table-9,-14.232545573031382,0,1,1,wrong_hallucination,1
llava,hallusionbench,umpire,0.2,hallusionbench-image-VD-figure-8-0-0,hallusionbench-image-VD-figure-8,-14.211307096493334,1,0,0,correct_clean,5
llava,hallusionbench,umpire,0.2,hallusionbench-image-VD-math-2-0-0,hallusionbench-image-VD-math-2,-14.200543436444544,1,0,1,correct_hallucination,1
llava,hallusionbench,umpire,0.2,hallusionbench-image-VD-illusion-26-0-0,hallusionbench-image-VD-illusion-26,-14.112016940836707,1,0,1,correct_hallucination,1
llava,hallusionbench,umpire,0.2,hallusionbench-image-VD-video-18-1-0,hallusionbench-image-VD-video-18,-14.103933871149218,0,1,1,wrong_hallucination,1
llava,hallusionbench,umpire,0.2,hallusionbench-image-VS-chart-19-2-1,hallusionbench-image-VS-chart-19,-14.103371323387574,1,0,0,correct_clean,5
llava,hallusionbench,umpire,0.2,hallusionbench-image-VS-map-3-1-0,hallusionbench-image-VS-map-3,-14.09817842376352,1,0,0,correct_clean,6
llava,hallusionbench,umpire,0.2,hallusionbench-image-VD-video-4-2-0,hallusionbench-image-VD-video-4,-14.089117836090493,0,1,1,wrong_hallucination,1
llava,hallusionbench,umpire,0.2,hallusionbench-image-VD-illusion-10-0-0,hallusionbench-image-VD-illusion-10,-14.086430145923998,0,1,1,wrong_hallucination,1
llava,hallusionbench,umpire,0.2,hallusionbench-image-VS-chart-4-2-3,hallusionbench-image-VS-chart-4,-14.08230858547364,1,0,0,correct_clean,6
llava,hallusionbench,umpire,0.2,hallusionbench-image-VS-chart-12-2-0,hallusionbench-image-VS-chart-12,-14.075124010105862,0,1,1,wrong_hallucination,1
llava,hallusionbench,umpire,0.2,hallusionbench-image-VS-chart-5-2-1,hallusionbench-image-VS-chart-5,-14.043333370418745,1,0,0,correct_clean,4
llava,hallusionbench,umpire,0.2,hallusionbench-image-VS-map-4-2-1,hallusionbench-image-VS-map-4,-14.005652734201718,1,0,0,correct_clean,5
llava,hallusionbench,umpire,0.2,hallusionbench-image-VD-ocr-3-1-2,hallusionbench-image-VD-ocr-3,-13.989293817359021,0,1,1,wrong_hallucination,1
llava,hallusionbench,umpire,0.2,hallusionbench-image-VD-video-11-2-1,hallusionbench-image-VD-video-11,-13.984859926231245,0,1,0,wrong_clean,4
llava,hallusionbench,umpire,0.2,hallusionbench-image-VD-math-13-1-2,hallusionbench-image-VD-math-13,-13.968611674218835,0,1,1,wrong_hallucination,1
llava,hallusionbench,umpire,0.2,hallusionbench-image-VS-chart-14-2-2,hallusionbench-image-VS-chart-14,-13.963870338587427,0,1,1,wrong_hallucination,1
llava,hallusionbench,umpire,0.2,hallusionbench-non_image-VS-ocr-12-0-1,hallusionbench-non_image-VS-ocr-12,-13.942358262434562,1,0,0,correct_clean,5
llava,hallusionbench,umpire,0.2,hallusionbench-image-VD-ocr-16-0-1,hallusionbench-image-VD-ocr-16,-13.924937263683505,1,0,0,correct_clean,4
llava,hallusionbench,umpire,0.2,hallusionbench-image-VS-ocr-7-2-0,hallusionbench-image-VS-ocr-7,-13.912599025210907,0,1,1,wrong_hallucination,1
llava,hallusionbench,umpire,0.2,hallusionbench-image-VS-chart-8-1-1,hallusionbench-image-VS-chart-8,-13.891983113224335,0,1,1,wrong_hallucination,2
llava,hallusionbench,umpire,0.2,hallusionbench-image-VD-figure-3-0-0,hallusionbench-image-VD-figure-3,-13.882002002209743,0,1,1,wrong_hallucination,1
llava,hallusionbench,umpire,0.2,hallusionbench-image-VD-figure-16-0-1,hallusionbench-image-VD-figure-16,-13.86031766010454,1,0,1,correct_hallucination,1
llava,hallusionbench,umpire,0.2,hallusionbench-non_image-VS-chart-12-0-0,hallusionbench-non_image-VS-chart-12,-13.77331694244381,0,1,1,wrong_hallucination,1
llava,hallusionbench,umpire,0.2,hallusionbench-image-VD-video-6-1-2,hallusionbench-image-VD-video-6,-13.76627901874021,0,1,0,wrong_clean,3
llava,hallusionbench,umpire,0.2,hallusionbench-image-VD-illusion-7-0-0,hallusionbench-image-VD-illusion-7,-13.74019896265612,0,1,1,wrong_hallucination,1
llava,hallusionbench,umpire,0.2,hallusionbench-image-VD-ocr-9-0-0,hallusionbench-image-VD-ocr-9,-13.688214142158788,1,0,0,correct_clean,5
llava,hallusionbench,umpire,0.2,hallusionbench-non_image-VS-ocr-8-0-0,hallusionbench-non_image-VS-ocr-8,-13.672169264780305,1,0,0,correct_clean,5
llava,hallusionbench,umpire,0.2,hallusionbench-non_image-VS-ocr-9-0-0,hallusionbench-non_image-VS-ocr-9,-13.637031310564376,1,0,0,correct_clean,5
llava,hallusionbench,umpire,0.2,hallusionbench-image-VD-ocr-6-0-1,hallusionbench-image-VD-ocr-6,-13.616638563682686,0,1,1,wrong_hallucination,1
llava,hallusionbench,umpire,0.2,hallusionbench-non_image-VS-chart-8-0-0,hallusionbench-non_image-VS-chart-8,-13.608308968591686,1,0,0,correct_clean,5
llava,hallusionbench,umpire,0.2,hallusionbench-image-VD-illusion-13-0-0,hallusionbench-image-VD-illusion-13,-13.59476498236062,1,0,0,correct_clean,4
llava,hallusionbench,umpire,0.2,hallusionbench-image-VS-map-3-2-0,hallusionbench-image-VS-map-3,-13.55256762702846,1,0,0,correct_clean,5
llava,hallusionbench,umpire,0.2,hallusionbench-image-VD-ocr-4-1-0,hallusionbench-image-VD-ocr-4,-13.546461197298948,0,1,1,wrong_hallucination,1
llava,hallusionbench,umpire,0.2,hallusionbench-image-VD-figure-3-0-1,hallusionbench-image-VD-figure-3,-13.546441407904023,0,1,1,wrong_hallucination,1
llava,mmvet,perplexity,0.2,mmvet-v1_130,mmvet-v1_130,1.000171422952175,1,0,0,correct_clean,6
llava,mmvet,perplexity,0.2,mmvet-v1_122,mmvet-v1_122,1.0002068281120404,1,0,0,correct_clean,6
llava,mmvet,perplexity,0.2,mmvet-v1_57,mmvet-v1_57,1.000234141070252,0,1,1,wrong_hallucination,0
llava,mmvet,perplexity,0.2,mmvet-v1_113,mmvet-v1_113,1.0002521276448502,1,0,1,correct_hallucination,1
llava,mmvet,perplexity,0.2,mmvet-v1_194,mmvet-v1_194,1.0002571007458465,0,1,1,wrong_hallucination,1
llava,mmvet,perplexity,0.2,mmvet-v1_108,mmvet-v1_108,1.0002764463333857,1,0,0,correct_clean,6
llava,mmvet,perplexity,0.2,mmvet-v1_112,mmvet-v1_112,1.0002787113272467,1,0,1,correct_hallucination,1
llava,mmvet,perplexity,0.2,mmvet-v1_116,mmvet-v1_116,1.0003436966256527,1,0,0,correct_clean,5
llava,mmvet,perplexity,0.2,mmvet-v1_131,mmvet-v1_131,1.0003457069324062,0,1,0,wrong_clean,4
llava,mmvet,perplexity,0.2,mmvet-v1_124,mmvet-v1_124,1.0003513097710144,1,0,0,correct_clean,5
llava,mmvet,perplexity,0.2,mmvet-v1_123,mmvet-v1_123,1.0003669262061392,1,0,0,correct_clean,6
llava,mmvet,perplexity,0.2,mmvet-v1_114,mmvet-v1_114,1.0003681183004374,1,0,0,correct_clean,6
llava,mmvet,perplexity,0.2,mmvet-v1_9,mmvet-v1_9,1.0003689527527342,0,1,1,wrong_hallucination,1
llava,mmvet,perplexity,0.2,mmvet-v1_68,mmvet-v1_68,1.0003818273559542,0,1,1,wrong_hallucination,1
llava,mmvet,perplexity,0.2,mmvet-v1_146,mmvet-v1_146,1.0004044771165002,0,1,0,wrong_clean,4
llava,mmvet,perplexity,0.2,mmvet-v1_75,mmvet-v1_75,1.0004696542314266,1,0,1,correct_hallucination,2
llava,mmvet,perplexity,0.2,mmvet-v1_136,mmvet-v1_136,1.0005497932172385,1,0,0,correct_clean,6
llava,mmvet,perplexity,0.2,mmvet-v1_115,mmvet-v1_115,1.0005739927305315,1,0,1,correct_hallucination,1
llava,mmvet,perplexity,0.2,mmvet-v1_110,mmvet-v1_110,1.0006089210350213,1,0,0,correct_clean,5
llava,mmvet,perplexity,0.2,mmvet-v1_125,mmvet-v1_125,1.0006328821275148,1,0,0,correct_clean,6
llava,mmvet,perplexity,0.2,mmvet-v1_117,mmvet-v1_117,1.0006585121323328,1,0,1,correct_hallucination,1
llava,mmvet,perplexity,0.2,mmvet-v1_119,mmvet-v1_119,1.000666856779079,1,0,0,correct_clean,5
llava,mmvet,perplexity,0.2,mmvet-v1_197,mmvet-v1_197,1.000736764076223,0,1,1,wrong_hallucination,1
llava,mmvet,perplexity,0.2,mmvet-v1_77,mmvet-v1_77,1.0007928024812591,0,1,1,wrong_hallucination,1
llava,mmvet,perplexity,0.2,mmvet-v1_127,mmvet-v1_127,1.0007941050627418,1,0,0,correct_clean,6
llava,mmvet,perplexity,0.2,mmvet-v1_196,mmvet-v1_196,1.0010320964007284,0,1,1,wrong_hallucination,1
llava,mmvet,perplexity,0.2,mmvet-v1_86,mmvet-v1_86,1.0010800362077277,0,1,1,wrong_hallucination,1
llava,mmvet,perplexity,0.2,mmvet-v1_6,mmvet-v1_6,1.0011169910093438,0,1,1,wrong_hallucination,0
llava,mmvet,perplexity,0.2,mmvet-v1_85,mmvet-v1_85,1.0011171102352507,1,0,0,correct_clean,6
llava,mmvet,perplexity,0.2,mmvet-v1_94,mmvet-v1_94,1.001429784303687,1,0,0,correct_clean,4
llava,mmvet,perplexity,0.2,mmvet-v1_190,mmvet-v1_190,1.0014353713519044,0,1,0,wrong_clean,4
llava,mmvet,perplexity,0.2,mmvet-v1_134,mmvet-v1_134,1.001449346580084,1,0,0,correct_clean,6
llava,mmvet,perplexity,0.2,mmvet-v1_14,mmvet-v1_14,1.0015491119302176,0,1,1,wrong_hallucination,1
llava,mmvet,perplexity,0.2,mmvet-v1_33,mmvet-v1_33,1.0015518665123546,1,0,0,correct_clean,4
llava,mmvet,perplexity,0.2,mmvet-v1_5,mmvet-v1_5,1.0015536487418364,0,1,1,wrong_hallucination,0
llava,mmvet,perplexity,0.2,mmvet-v1_3,mmvet-v1_3,1.0015597879290112,1,0,1,correct_hallucination,2
llava,mmvet,perplexity,0.2,mmvet-v1_29,mmvet-v1_29,1.0015814584269798,0,1,1,wrong_hallucination,1
llava,mmvet,perplexity,0.2,mmvet-v1_55,mmvet-v1_55,1.0018932282919835,0,1,1,wrong_hallucination,0
llava,mmvet,perplexity,0.2,mmvet-v1_28,mmvet-v1_28,1.0020795787579815,0,1,1,wrong_hallucination,1
llava,mmvet,perplexity,0.2,mmvet-v1_188,mmvet-v1_188,1.0022450884938408,0,1,1,wrong_hallucination,1
llava,mmvet,perplexity,0.2,mmvet-v1_17,mmvet-v1_17,1.002298832007451,1,0,0,correct_clean,6
llava,mmvet,perplexity,0.2,mmvet-v1_50,mmvet-v1_50,1.0025688034583102,0,1,1,wrong_hallucination,1
llava,mmvet,perplexity,0.2,mmvet-v1_132,mmvet-v1_132,1.0028846697196523,1,0,0,correct_clean,6
llava,mmvet,perplexity,0.2,mmvet-v1_109,mmvet-v1_109,1.0028855800287162,1,0,0,correct_clean,6
llava,mmvet,semantic_entropy,0.2,mmvet-v1_110,mmvet-v1_110,-0.0,1,0,0,correct_clean,5
llava,mmvet,semantic_entropy,0.2,mmvet-v1_112,mmvet-v1_112,-0.0,1,0,1,correct_hallucination,1
llava,mmvet,semantic_entropy,0.2,mmvet-v1_113,mmvet-v1_113,-0.0,1,0,1,correct_hallucination,1
llava,mmvet,semantic_entropy,0.2,mmvet-v1_114,mmvet-v1_114,-0.0,1,0,0,correct_clean,6
llava,mmvet,semantic_entropy,0.2,mmvet-v1_115,mmvet-v1_115,-0.0,1,0,1,correct_hallucination,1
llava,mmvet,semantic_entropy,0.2,mmvet-v1_117,mmvet-v1_117,-0.0,1,0,1,correct_hallucination,1
llava,mmvet,semantic_entropy,0.2,mmvet-v1_121,mmvet-v1_121,-0.0,1,0,0,correct_clean,5
llava,mmvet,semantic_entropy,0.2,mmvet-v1_123,mmvet-v1_123,-0.0,1,0,0,correct_clean,6
llava,mmvet,semantic_entropy,0.2,mmvet-v1_124,mmvet-v1_124,-0.0,1,0,0,correct_clean,5
llava,mmvet,semantic_entropy,0.2,mmvet-v1_125,mmvet-v1_125,-0.0,1,0,0,correct_clean,6
llava,mmvet,semantic_entropy,0.2,mmvet-v1_128,mmvet-v1_128,-0.0,1,0,0,correct_clean,6
llava,mmvet,semantic_entropy,0.2,mmvet-v1_130,mmvet-v1_130,-0.0,1,0,0,correct_clean,6
llava,mmvet,semantic_entropy,0.2,mmvet-v1_136,mmvet-v1_136,-0.0,1,0,0,correct_clean,6
llava,mmvet,semantic_entropy,0.2,mmvet-v1_137,mmvet-v1_137,-0.0,1,0,0,correct_clean,6
llava,mmvet,semantic_entropy,0.2,mmvet-v1_142,mmvet-v1_142,-0.0,1,0,0,correct_clean,5
llava,mmvet,semantic_entropy,0.2,mmvet-v1_146,mmvet-v1_146,-0.0,0,1,0,wrong_clean,4
llava,mmvet,semantic_entropy,0.2,mmvet-v1_161,mmvet-v1_161,-0.0,1,0,1,correct_hallucination,1
llava,mmvet,semantic_entropy,0.2,mmvet-v1_163,mmvet-v1_163,-0.0,0,1,1,wrong_hallucination,0
llava,mmvet,semantic_entropy,0.2,mmvet-v1_176,mmvet-v1_176,-0.0,0,1,1,wrong_hallucination,0
llava,mmvet,semantic_entropy,0.2,mmvet-v1_198,mmvet-v1_198,-0.0,0,1,1,wrong_hallucination,0
llava,mmvet,semantic_entropy,0.2,mmvet-v1_200,mmvet-v1_200,-0.0,0,1,1,wrong_hallucination,1
llava,mmvet,semantic_entropy,0.2,mmvet-v1_202,mmvet-v1_202,-0.0,0,1,1,wrong_hallucination,1
llava,mmvet,semantic_entropy,0.2,mmvet-v1_51,mmvet-v1_51,-0.0,1,0,0,correct_clean,6
llava,mmvet,semantic_entropy,0.2,mmvet-v1_52,mmvet-v1_52,-0.0,1,0,0,correct_clean,6
llava,mmvet,semantic_entropy,0.2,mmvet-v1_66,mmvet-v1_66,-0.0,0,1,1,wrong_hallucination,0
llava,mmvet,semantic_entropy,0.2,mmvet-v1_94,mmvet-v1_94,-0.0,1,0,0,correct_clean,4
llava,mmvet,semantic_entropy,0.2,mmvet-v1_97,mmvet-v1_97,-0.0,0,1,0,wrong_clean,3
llava,mmvet,semantic_entropy,0.2,mmvet-v1_169,mmvet-v1_169,0.006147959588644357,0,1,1,wrong_hallucination,0
llava,mmvet,semantic_entropy,0.2,mmvet-v1_88,mmvet-v1_88,0.012511895961904402,0,1,1,wrong_hallucination,1
llava,mmvet,semantic_entropy,0.2,mmvet-v1_81,mmvet-v1_81,0.049910094908474936,0,1,1,wrong_hallucination,1
llava,mmvet,semantic_entropy,0.2,mmvet-v1_147,mmvet-v1_147,0.27144340230599917,1,0,0,correct_clean,6
llava,mmvet,semantic_entropy,0.2,mmvet-v1_185,mmvet-v1_185,0.4412434532159779,0,1,0,wrong_clean,3
llava,mmvet,semantic_entropy,0.2,mmvet-v1_175,mmvet-v1_175,0.4789829915076263,0,1,1,wrong_hallucination,1
llava,mmvet,semantic_entropy,0.2,mmvet-v1_180,mmvet-v1_180,0.4870604430426615,0,1,0,wrong_clean,3
llava,mmvet,semantic_entropy,0.2,mmvet-v1_116,mmvet-v1_116,0.4960024551877273,1,0,0,correct_clean,5
llava,mmvet,semantic_entropy,0.2,mmvet-v1_126,mmvet-v1_126,0.4966548984449505,0,1,1,wrong_hallucination,1
llava,mmvet,semantic_entropy,0.2,mmvet-v1_122,mmvet-v1_122,0.49715746231014,1,0,0,correct_clean,6
llava,mmvet,semantic_entropy,0.2,mmvet-v1_134,mmvet-v1_134,0.49732324627231295,1,0,0,correct_clean,6
llava,mmvet,semantic_entropy,0.2,mmvet-v1_17,mmvet-v1_17,0.5005207297622081,1,0,0,correct_clean,6
llava,mmvet,semantic_entropy,0.2,mmvet-v1_111,mmvet-v1_111,0.5006253775335854,0,1,1,wrong_hallucination,1
llava,mmvet,semantic_entropy,0.2,mmvet-v1_109,mmvet-v1_109,0.5017063879094303,1,0,0,correct_clean,6
llava,mmvet,semantic_entropy,0.2,mmvet-v1_31,mmvet-v1_31,0.5128800363053165,0,1,1,wrong_hallucination,1
llava,mmvet,semantic_entropy,0.2,mmvet-v1_107,mmvet-v1_107,0.516443349497936,1,0,0,correct_clean,5
llava,mmvet,semantic_entropy,0.2,mmvet-v1_118,mmvet-v1_118,0.5328276154593792,1,0,0,correct_clean,6
llava,mmvet,umpire,0.2,mmvet-v1_112,mmvet-v1_112,-24.420208620472668,1,0,1,correct_hallucination,1
llava,mmvet,umpire,0.2,mmvet-v1_115,mmvet-v1_115,-20.463138371156926,1,0,1,correct_hallucination,1
llava,mmvet,umpire,0.2,mmvet-v1_110,mmvet-v1_110,-19.7604956869399,1,0,0,correct_clean,5
llava,mmvet,umpire,0.2,mmvet-v1_124,mmvet-v1_124,-19.635246310054715,1,0,0,correct_clean,5
llava,mmvet,umpire,0.2,mmvet-v1_122,mmvet-v1_122,-19.41459682073783,1,0,0,correct_clean,6
llava,mmvet,umpire,0.2,mmvet-v1_117,mmvet-v1_117,-19.249543041350556,1,0,1,correct_hallucination,1
llava,mmvet,umpire,0.2,mmvet-v1_130,mmvet-v1_130,-19.160800034307684,1,0,0,correct_clean,6
llava,mmvet,umpire,0.2,mmvet-v1_146,mmvet-v1_146,-19.064392383172354,0,1,0,wrong_clean,4
llava,mmvet,umpire,0.2,mmvet-v1_134,mmvet-v1_134,-18.520184582759946,1,0,0,correct_clean,6
llava,mmvet,umpire,0.2,mmvet-v1_128,mmvet-v1_128,-18.22076190857731,1,0,0,correct_clean,6
llava,mmvet,umpire,0.2,mmvet-v1_137,mmvet-v1_137,-18.18811192587318,1,0,0,correct_clean,6
llava,mmvet,umpire,0.2,mmvet-v1_125,mmvet-v1_125,-18.122484626635377,1,0,0,correct_clean,6
llava,mmvet,umpire,0.2,mmvet-v1_142,mmvet-v1_142,-17.946261171084977,1,0,0,correct_clean,5
llava,mmvet,umpire,0.2,mmvet-v1_114,mmvet-v1_114,-17.278332456641532,1,0,0,correct_clean,6
llava,mmvet,umpire,0.2,mmvet-v1_126,mmvet-v1_126,-16.733222263625148,0,1,1,wrong_hallucination,1
llava,mmvet,umpire,0.2,mmvet-v1_94,mmvet-v1_94,-16.644096852872277,1,0,0,correct_clean,4
llava,mmvet,umpire,0.2,mmvet-v1_121,mmvet-v1_121,-16.584525585794772,1,0,0,correct_clean,5
llava,mmvet,umpire,0.2,mmvet-v1_123,mmvet-v1_123,-16.490022361540237,1,0,0,correct_clean,6
llava,mmvet,umpire,0.2,mmvet-v1_109,mmvet-v1_109,-16.381616007773943,1,0,0,correct_clean,6
llava,mmvet,umpire,0.2,mmvet-v1_85,mmvet-v1_85,-15.458263024464669,1,0,0,correct_clean,6
llava,mmvet,umpire,0.2,mmvet-v1_31,mmvet-v1_31,-15.357949626354682,0,1,1,wrong_hallucination,1
llava,mmvet,umpire,0.2,mmvet-v1_113,mmvet-v1_113,-15.156796767069759,1,0,1,correct_hallucination,1
llava,mmvet,umpire,0.2,mmvet-v1_33,mmvet-v1_33,-15.060818330474785,1,0,0,correct_clean,4
llava,mmvet,umpire,0.2,mmvet-v1_111,mmvet-v1_111,-14.874697065011471,0,1,1,wrong_hallucination,1
llava,mmvet,umpire,0.2,mmvet-v1_108,mmvet-v1_108,-14.866373740918043,1,0,0,correct_clean,6
llava,mmvet,umpire,0.2,mmvet-v1_136,mmvet-v1_136,-14.739091011443907,1,0,0,correct_clean,6
llava,mmvet,umpire,0.2,mmvet-v1_17,mmvet-v1_17,-14.640864176950629,1,0,0,correct_clean,6
llava,mmvet,umpire,0.2,mmvet-v1_116,mmvet-v1_116,-14.620372108393184,1,0,0,correct_clean,5
llava,mmvet,umpire,0.2,mmvet-v1_68,mmvet-v1_68,-14.143334919053164,0,1,1,wrong_hallucination,1
llava,mmvet,umpire,0.2,mmvet-v1_66,mmvet-v1_66,-13.922589009301909,0,1,1,wrong_hallucination,0
llava,mmvet,umpire,0.2,mmvet-v1_51,mmvet-v1_51,-13.432668814867466,1,0,0,correct_clean,6
llava,mmvet,umpire,0.2,mmvet-v1_28,mmvet-v1_28,-13.372875930063485,0,1,1,wrong_hallucination,1
llava,mmvet,umpire,0.2,mmvet-v1_202,mmvet-v1_202,-12.40402544552586,0,1,1,wrong_hallucination,1
llava,mmvet,umpire,0.2,mmvet-v1_107,mmvet-v1_107,-12.304589244583049,1,0,0,correct_clean,5
llava,mmvet,umpire,0.2,mmvet-v1_86,mmvet-v1_86,-12.121942645481267,0,1,1,wrong_hallucination,1
llava,mmvet,umpire,0.2,mmvet-v1_29,mmvet-v1_29,-12.06766346110661,0,1,1,wrong_hallucination,1
llava,mmvet,umpire,0.2,mmvet-v1_72,mmvet-v1_72,-12.017142785989023,0,1,0,wrong_clean,3
llava,mmvet,umpire,0.2,mmvet-v1_131,mmvet-v1_131,-11.719450835519279,0,1,0,wrong_clean,4
llava,mmvet,umpire,0.2,mmvet-v1_38,mmvet-v1_38,-9.88590894613539,1,0,1,correct_hallucination,1
llava,mmvet,umpire,0.2,mmvet-v1_127,mmvet-v1_127,-9.706239831979833,1,0,0,correct_clean,6
llava,mmvet,umpire,0.2,mmvet-v1_71,mmvet-v1_71,-9.559981454046971,1,0,0,correct_clean,6
llava,mmvet,umpire,0.2,mmvet-v1_106,mmvet-v1_106,-9.421673149948752,0,1,1,wrong_hallucination,1
llava,mmvet,umpire,0.2,mmvet-v1_143,mmvet-v1_143,-9.278971603974323,1,0,0,correct_clean,6
llava,mmvet,umpire,0.2,mmvet-v1_119,mmvet-v1_119,-9.041582264887372,1,0,0,correct_clean,5
qwen,vilp,perplexity,0.2,vilp-257-case1,vilp-257,1.0000110268564142,1,0,0,correct_clean,6
qwen,vilp,perplexity,0.2,vilp-114-case3,vilp-114,1.0000116229037004,1,0,0,correct_clean,6
qwen,vilp,perplexity,0.2,vilp-126-case1,vilp-126,1.00001448392807,1,0,0,correct_clean,6
qwen,vilp,perplexity,0.2,vilp-257-case3,vilp-257,1.0000150799728693,0,1,1,wrong_hallucination,1
qwen,vilp,perplexity,0.2,vilp-84-case3,vilp-84,1.0000292452244255,1,0,0,correct_clean,6
qwen,vilp,perplexity,0.2,vilp-285-case1,vilp-285,1.0000395774851334,1,0,0,correct_clean,6
qwen,vilp,perplexity,0.2,vilp-43-case2,vilp-43,1.0000480413443982,1,0,0,correct_clean,6
qwen,vilp,perplexity,0.2,vilp-165-case1,vilp-165,1.0000525116228185,1,0,0,correct_clean,6
qwen,vilp,perplexity,0.2,vilp-145-case1,vilp-145,1.0000574582317503,1,0,0,correct_clean,6
qwen,vilp,perplexity,0.2,vilp-84-case1,vilp-84,1.0000617490364263,1,0,0,correct_clean,6
qwen,vilp,perplexity,0.2,vilp-19-case1,vilp-19,1.0000626723365993,1,0,0,correct_clean,6
qwen,vilp,perplexity,0.2,vilp-145-case2,vilp-145,1.0000638548261427,0,1,0,wrong_clean,4
qwen,vilp,perplexity,0.2,vilp-90-case3,vilp-90,1.0000797510150592,1,0,0,correct_clean,6
qwen,vilp,perplexity,0.2,vilp-37-case3,vilp-37,1.0000946521731477,1,0,0,correct_clean,5
qwen,vilp,perplexity,0.2,vilp-37-case2,vilp-37,1.0000951290118933,1,0,0,correct_clean,6
qwen,vilp,perplexity,0.2,vilp-91-case1,vilp-91,1.0000995397556005,1,0,0,correct_clean,6
qwen,vilp,perplexity,0.2,vilp-19-case2,vilp-19,1.0001014380240347,1,0,0,correct_clean,5
qwen,vilp,perplexity,0.2,vilp-285-case2,vilp-285,1.0001069307305075,1,0,0,correct_clean,6
qwen,vilp,perplexity,0.2,vilp-14-case3,vilp-14,1.0001143217090978,0,1,1,wrong_hallucination,1
qwen,vilp,perplexity,0.2,vilp-14-case1,vilp-14,1.00012266635851,1,0,0,correct_clean,6
qwen,vilp,perplexity,0.2,vilp-221-case2,vilp-221,1.0001244468160666,1,0,0,correct_clean,6
qwen,vilp,perplexity,0.2,vilp-22-case1,vilp-22,1.0001333878427066,1,0,0,correct_clean,6
qwen,vilp,perplexity,0.2,vilp-161-case1,vilp-161,1.0001354784413081,1,0,0,correct_clean,6
qwen,vilp,perplexity,0.2,vilp-101-case1,vilp-101,1.0001358381334056,1,0,0,correct_clean,6
qwen,vilp,perplexity,0.2,vilp-21-case2,vilp-21,1.0001368431737256,1,0,0,correct_clean,5
qwen,vilp,perplexity,0.2,vilp-144-case1,vilp-144,1.00013971328201,1,0,0,correct_clean,6
qwen,vilp,perplexity,0.2,vilp-252-case1,vilp-252,1.0001447045255611,1,0,0,correct_clean,6
qwen,vilp,perplexity,0.2,vilp-18-case3,vilp-18,1.0001541286623814,0,1,1,wrong_hallucination,1
qwen,vilp,perplexity,0.2,vilp-153-case2,vilp-153,1.0001638483093123,1,0,0,correct_clean,6
qwen,vilp,perplexity,0.2,vilp-90-case1,vilp-90,1.0001662969604106,1,0,0,correct_clean,6
qwen,vilp,perplexity,0.2,vilp-289-case1,vilp-289,1.0001704692894844,1,0,0,correct_clean,6
qwen,vilp,perplexity,0.2,vilp-219-case2,vilp-219,1.0001749992390263,0,1,1,wrong_hallucination,1
qwen,vilp,perplexity,0.2,vilp-276-case1,vilp-276,1.0001776743654183,1,0,0,correct_clean,6
qwen,vilp,perplexity,0.2,vilp-91-case3,vilp-91,1.0001825094277306,0,1,0,wrong_clean,4
qwen,vilp,perplexity,0.2,vilp-121-case2,vilp-121,1.000185478173485,1,0,0,correct_clean,6
qwen,vilp,perplexity,0.2,vilp-37-case1,vilp-37,1.0001871585906248,1,0,0,correct_clean,6
qwen,vilp,perplexity,0.2,vilp-118-case1,vilp-118,1.0002013870610564,1,0,0,correct_clean,6
qwen,vilp,perplexity,0.2,vilp-38-case3,vilp-38,1.0002212524377958,1,0,0,correct_clean,5
qwen,vilp,perplexity,0.2,vilp-260-case3,vilp-260,1.0002213716443575,1,0,0,correct_clean,6
qwen,vilp,perplexity,0.2,vilp-14-case2,vilp-14,1.000224471092725,0,1,1,wrong_hallucination,1
qwen,vilp,perplexity,0.2,vilp-251-case1,vilp-251,1.0002317179106521,1,0,0,correct_clean,6
qwen,vilp,perplexity,0.2,vilp-93-case1,vilp-93,1.0002485513733246,1,0,0,correct_clean,6
qwen,vilp,perplexity,0.2,vilp-285-case3,vilp-285,1.0002493858423294,1,0,0,correct_clean,6
qwen,vilp,perplexity,0.2,vilp-11-case1,vilp-11,1.0002581929023844,1,0,0,correct_clean,6
qwen,vilp,perplexity,0.2,vilp-38-case1,vilp-38,1.0002701282610922,1,0,0,correct_clean,6
qwen,vilp,perplexity,0.2,vilp-6-case2,vilp-6,1.0002705709699717,1,0,1,correct_hallucination,2
qwen,vilp,perplexity,0.2,vilp-114-case1,vilp-114,1.0002832412721305,1,0,0,correct_clean,5
qwen,vilp,perplexity,0.2,vilp-223-case2,vilp-223,1.000284075740964,0,1,1,wrong_hallucination,0
qwen,vilp,perplexity,0.2,vilp-284-case2,vilp-284,1.000289520932204,1,0,0,correct_clean,6
qwen,vilp,perplexity,0.2,vilp-151-case1,vilp-151,1.0002907514584667,1,0,0,correct_clean,6
qwen,vilp,perplexity,0.2,vilp-220-case3,vilp-220,1.0002927760748932,1,0,0,correct_clean,6
qwen,vilp,perplexity,0.2,vilp-265-case1,vilp-265,1.0002951483995501,1,0,0,correct_clean,6
qwen,vilp,perplexity,0.2,vilp-256-case1,vilp-256,1.0003049645987971,1,0,0,correct_clean,6
qwen,vilp,perplexity,0.2,vilp-229-case2,vilp-229,1.0003141873876977,1,0,0,correct_clean,6
qwen,vilp,perplexity,0.2,vilp-296-case2,vilp-296,1.0003239605647747,1,0,0,correct_clean,6
qwen,vilp,perplexity,0.2,vilp-20-case2,vilp-20,1.000339273936402,1,0,0,correct_clean,5
qwen,vilp,perplexity,0.2,vilp-160-case1,vilp-160,1.0003463029812918,1,0,0,correct_clean,6
qwen,vilp,perplexity,0.2,vilp-24-case3,vilp-24,1.0003538131752727,0,1,0,wrong_clean,5
qwen,vilp,perplexity,0.2,vilp-115-case1,vilp-115,1.0003684759144467,1,0,0,correct_clean,6
qwen,vilp,perplexity,0.2,vilp-6-case1,vilp-6,1.000370732968242,1,0,0,correct_clean,6
qwen,vilp,perplexity,0.2,vilp-256-case2,vilp-256,1.0003726352407862,0,1,1,wrong_hallucination,1
qwen,vilp,perplexity,0.2,vilp-55-case2,vilp-55,1.0003803599275047,1,0,0,correct_clean,6
qwen,vilp,perplexity,0.2,vilp-269-case1,vilp-269,1.0004012281020112,1,0,1,correct_hallucination,1
qwen,vilp,perplexity,0.2,vilp-203-case2,vilp-203,1.000404227406568,1,0,0,correct_clean,6
qwen,vilp,perplexity,0.2,vilp-232-case2,vilp-232,1.0004122668942905,1,0,0,correct_clean,6
qwen,vilp,perplexity,0.2,vilp-17-case2,vilp-17,1.0004142496305282,0,1,1,wrong_hallucination,1
qwen,vilp,perplexity,0.2,vilp-273-case1,vilp-273,1.000420358840522,1,0,0,correct_clean,6
qwen,vilp,perplexity,0.2,vilp-22-case3,vilp-22,1.000423233277622,0,1,0,wrong_clean,4
qwen,vilp,perplexity,0.2,vilp-22-case2,vilp-22,1.0004263882419908,0,1,1,wrong_hallucination,1
qwen,vilp,perplexity,0.2,vilp-256-case3,vilp-256,1.0004270866363472,1,0,0,correct_clean,6
qwen,vilp,perplexity,0.2,vilp-99-case1,vilp-99,1.0004315376397124,1,0,0,correct_clean,6
qwen,vilp,perplexity,0.2,vilp-296-case1,vilp-296,1.0004333257661604,1,0,0,correct_clean,6
qwen,vilp,perplexity,0.2,vilp-116-case1,vilp-116,1.0004467332495832,1,0,0,correct_clean,5
qwen,vilp,perplexity,0.2,vilp-82-case3,vilp-82,1.0004471540461293,1,0,1,correct_hallucination,2
qwen,vilp,perplexity,0.2,vilp-43-case3,vilp-43,1.000448107710587,1,0,0,correct_clean,6
qwen,vilp,perplexity,0.2,vilp-94-case1,vilp-94,1.0004488214163314,1,0,0,correct_clean,6
qwen,vilp,perplexity,0.2,vilp-299-case1,vilp-299,1.0004532843253209,1,0,0,correct_clean,6
qwen,vilp,perplexity,0.2,vilp-221-case1,vilp-221,1.0004535913352561,1,0,0,correct_clean,6
qwen,vilp,perplexity,0.2,vilp-130-case2,vilp-130,1.0004633960705742,1,0,0,correct_clean,6
qwen,vilp,perplexity,0.2,vilp-241-case1,vilp-241,1.0004712202081558,1,0,0,correct_clean,6
qwen,vilp,perplexity,0.2,vilp-178-case2,vilp-178,1.0004834842728874,1,0,0,correct_clean,6
qwen,vilp,perplexity,0.2,vilp-101-case2,vilp-101,1.0004889188855788,0,1,1,wrong_hallucination,1
qwen,vilp,perplexity,0.2,vilp-16-case2,vilp-16,1.0004945282152757,0,1,1,wrong_hallucination,2
qwen,vilp,perplexity,0.2,vilp-0-case2,vilp-0,1.000507116335268,1,0,0,correct_clean,6
qwen,vilp,perplexity,0.2,vilp-119-case2,vilp-119,1.0005112886301804,0,1,1,wrong_hallucination,2
qwen,vilp,perplexity,0.2,vilp-128-case2,vilp-128,1.0005151033632946,1,0,0,correct_clean,6
qwen,vilp,perplexity,0.2,vilp-20-case3,vilp-20,1.0005170322395973,1,0,0,correct_clean,6
qwen,vilp,perplexity,0.2,vilp-98-case1,vilp-98,1.0005190372656345,1,0,0,correct_clean,6
qwen,vilp,perplexity,0.2,vilp-23-case1,vilp-23,1.0005249976967243,1,0,0,correct_clean,5
qwen,vilp,perplexity,0.2,vilp-267-case1,vilp-267,1.0005262912994584,1,0,0,correct_clean,6
qwen,vilp,perplexity,0.2,vilp-218-case2,vilp-218,1.0005311408771358,0,1,0,wrong_clean,4
qwen,vilp,perplexity,0.2,vilp-210-case3,vilp-210,1.0005609814757896,0,1,0,wrong_clean,4
qwen,vilp,perplexity,0.2,vilp-248-case1,vilp-248,1.000562073120097,1,0,0,correct_clean,6
qwen,vilp,perplexity,0.2,vilp-234-case3,vilp-234,1.0005846020240767,0,1,0,wrong_clean,5
qwen,vilp,perplexity,0.2,vilp-276-case2,vilp-276,1.0005865110392265,1,0,0,correct_clean,6
qwen,vilp,perplexity,0.2,vilp-100-case3,vilp-100,1.000586984505134,1,0,0,correct_clean,6
qwen,vilp,perplexity,0.2,vilp-240-case1,vilp-240,1.0005911767267146,1,0,0,correct_clean,6
qwen,vilp,perplexity,0.2,vilp-148-case3,vilp-148,1.0005953880499254,1,0,0,correct_clean,5
qwen,vilp,perplexity,0.2,vilp-105-case1,vilp-105,1.00059551326864,1,0,0,correct_clean,6
qwen,vilp,perplexity,0.2,vilp-262-case1,vilp-262,1.0006024837365721,1,0,0,correct_clean,6
qwen,vilp,perplexity,0.2,vilp-248-case3,vilp-248,1.0006080588877388,0,1,1,wrong_hallucination,1
qwen,vilp,perplexity,0.2,vilp-197-case1,vilp-197,1.0006227424230933,1,0,0,correct_clean,6
qwen,vilp,perplexity,0.2,vilp-140-case3,vilp-140,1.000623816864536,1,0,0,correct_clean,6
qwen,vilp,perplexity,0.2,vilp-284-case1,vilp-284,1.0006276369328595,1,0,0,correct_clean,6
qwen,vilp,perplexity,0.2,vilp-89-case2,vilp-89,1.0006330422364238,0,1,1,wrong_hallucination,1
qwen,vilp,perplexity,0.2,vilp-19-case3,vilp-19,1.0006335839407623,0,1,0,wrong_clean,4
qwen,vilp,perplexity,0.2,vilp-260-case2,vilp-260,1.000634431840113,1,0,0,correct_clean,6
qwen,vilp,perplexity,0.2,vilp-240-case2,vilp-240,1.000653527218611,0,1,0,wrong_clean,4
qwen,vilp,perplexity,0.2,vilp-167-case1,vilp-167,1.000659585024069,1,0,0,correct_clean,6
qwen,vilp,perplexity,0.2,vilp-187-case1,vilp-187,1.0006614341850901,1,0,0,correct_clean,6
qwen,vilp,perplexity,0.2,vilp-138-case3,vilp-138,1.0006614821580861,1,0,0,correct_clean,6
qwen,vilp,perplexity,0.2,vilp-86-case3,vilp-86,1.000663550780028,0,1,1,wrong_hallucination,0
qwen,vilp,perplexity,0.2,vilp-249-case1,vilp-249,1.0006727974616965,1,0,1,correct_hallucination,2
qwen,vilp,perplexity,0.2,vilp-131-case3,vilp-131,1.000676418610126,0,1,1,wrong_hallucination,2
qwen,vilp,perplexity,0.2,vilp-253-case1,vilp-253,1.0007075779017605,1,0,0,correct_clean,6
qwen,vilp,perplexity,0.2,vilp-217-case1,vilp-217,1.0007167953742437,1,0,0,correct_clean,6
qwen,vilp,perplexity,0.2,vilp-259-case3,vilp-259,1.0007597208251324,1,0,0,correct_clean,6
qwen,vilp,perplexity,0.2,vilp-41-case2,vilp-41,1.0007824897644437,1,0,0,correct_clean,6
qwen,vilp,perplexity,0.2,vilp-260-case1,vilp-260,1.0007984637953076,1,0,0,correct_clean,6
qwen,vilp,perplexity,0.2,vilp-106-case1,vilp-106,1.0008133649651196,1,0,0,correct_clean,6
qwen,vilp,perplexity,0.2,vilp-204-case2,vilp-204,1.0008236835452988,1,0,0,correct_clean,6
qwen,vilp,perplexity,0.2,vilp-136-case2,vilp-136,1.0008259740199752,1,0,0,correct_clean,4
qwen,vilp,perplexity,0.2,vilp-131-case1,vilp-131,1.0008297625434874,1,0,0,correct_clean,6
qwen,vilp,perplexity,0.2,vilp-270-case2,vilp-270,1.0008317808814937,0,1,1,wrong_hallucination,1
qwen,vilp,perplexity,0.2,vilp-233-case1,vilp-233,1.0008356010892856,1,0,0,correct_clean,6
qwen,vilp,perplexity,0.2,vilp-280-case1,vilp-280,1.0008523899964823,1,0,0,correct_clean,6
qwen,vilp,perplexity,0.2,vilp-150-case2,vilp-150,1.0008530412839174,1,0,0,correct_clean,6
qwen,vilp,perplexity,0.2,vilp-84-case2,vilp-84,1.000873043637028,1,0,0,correct_clean,6
qwen,vilp,perplexity,0.2,vilp-125-case3,vilp-125,1.0008841753217321,1,0,0,correct_clean,6
qwen,vilp,perplexity,0.2,vilp-295-case1,vilp-295,1.0008909702232611,1,0,0,correct_clean,5
qwen,vilp,perplexity,0.2,vilp-98-case3,vilp-98,1.00090205672218,0,1,0,wrong_clean,5
qwen,vilp,perplexity,0.2,vilp-210-case1,vilp-210,1.0009533281770873,1,0,0,correct_clean,6
qwen,vilp,perplexity,0.2,vilp-23-case2,vilp-23,1.0009561776862457,0,1,1,wrong_hallucination,1
qwen,vilp,perplexity,0.2,vilp-162-case1,vilp-162,1.000966185014601,1,0,0,correct_clean,6
qwen,vilp,perplexity,0.2,vilp-258-case1,vilp-258,1.0009748549408208,1,0,0,correct_clean,6
qwen,vilp,perplexity,0.2,vilp-123-case1,vilp-123,1.0009751319717177,1,0,0,correct_clean,5
qwen,vilp,perplexity,0.2,vilp-31-case1,vilp-31,1.0009814556341465,1,0,0,correct_clean,6
qwen,vilp,perplexity,0.2,vilp-97-case1,vilp-97,1.0009954363306104,1,0,0,correct_clean,6
qwen,vilp,perplexity,0.2,vilp-274-case1,vilp-274,1.0010183236791845,1,0,0,correct_clean,6
qwen,vilp,perplexity,0.2,vilp-147-case1,vilp-147,1.001021197290803,1,0,0,correct_clean,6
qwen,vilp,perplexity,0.2,vilp-8-case2,vilp-8,1.0010215519044512,1,0,0,correct_clean,6
qwen,vilp,perplexity,0.2,vilp-110-case3,vilp-110,1.0010237693205424,0,1,1,wrong_hallucination,1
qwen,vilp,perplexity,0.2,vilp-24-case1,vilp-24,1.0010305643540138,1,0,0,correct_clean,6
qwen,vilp,perplexity,0.2,vilp-167-case3,vilp-167,1.0010339021635069,1,0,1,correct_hallucination,2
qwen,vilp,perplexity,0.2,vilp-239-case1,vilp-239,1.0010545201992125,1,0,0,correct_clean,6
qwen,vilp,perplexity,0.2,vilp-265-case2,vilp-265,1.0010688948229036,1,0,1,correct_hallucination,1
qwen,vilp,perplexity,0.2,vilp-147-case2,vilp-147,1.0010808041844368,0,1,0,wrong_clean,6
qwen,vilp,perplexity,0.2,vilp-43-case1,vilp-43,1.001084089280729,1,0,0,correct_clean,6
qwen,vilp,perplexity,0.2,vilp-244-case1,vilp-244,1.0010970330199052,1,0,0,correct_clean,6
qwen,vilp,perplexity,0.2,vilp-248-case2,vilp-248,1.0010991526959128,0,1,1,wrong_hallucination,1
qwen,vilp,perplexity,0.2,vilp-286-case1,vilp-286,1.0011092424047456,1,0,0,correct_clean,6
qwen,vilp,perplexity,0.2,vilp-218-case1,vilp-218,1.0011130623119269,1,0,0,correct_clean,6
qwen,vilp,perplexity,0.2,vilp-27-case2,vilp-27,1.0011377116524751,1,0,0,correct_clean,6
qwen,vilp,perplexity,0.2,vilp-177-case1,vilp-177,1.0011395774046192,1,0,0,correct_clean,6
qwen,vilp,perplexity,0.2,vilp-175-case1,vilp-175,1.0011453549089198,1,0,0,correct_clean,6
qwen,vilp,perplexity,0.2,vilp-216-case1,vilp-216,1.0011463751642573,1,0,0,correct_clean,6
qwen,vilp,perplexity,0.2,vilp-128-case1,vilp-128,1.001163959540212,1,0,0,correct_clean,6
qwen,vilp,perplexity,0.2,vilp-96-case3,vilp-96,1.0011727069217722,1,0,0,correct_clean,6
qwen,vilp,perplexity,0.2,vilp-239-case2,vilp-239,1.001198636699009,0,1,0,wrong_clean,5
qwen,vilp,perplexity,0.2,vilp-163-case1,vilp-163,1.0012443213391062,1,0,0,correct_clean,6
qwen,vilp,perplexity,0.2,vilp-49-case2,vilp-49,1.0012509005709367,0,1,1,wrong_hallucination,1
qwen,vilp,perplexity,0.2,vilp-33-case2,vilp-33,1.0012670808024824,1,0,0,correct_clean,6
qwen,vilp,perplexity,0.2,vilp-149-case1,vilp-149,1.0012937784183664,1,0,0,correct_clean,6
qwen,vilp,perplexity,0.2,vilp-241-case2,vilp-241,1.0012944571237674,0,1,1,wrong_hallucination,2
qwen,vilp,perplexity,0.2,vilp-28-case3,vilp-28,1.00129928634982,0,1,1,wrong_hallucination,1
qwen,vilp,perplexity,0.2,vilp-45-case3,vilp-45,1.0013009309298349,0,1,0,wrong_clean,4
qwen,vilp,perplexity,0.2,vilp-176-case3,vilp-176,1.0013019608997746,1,0,0,correct_clean,6
qwen,vilp,perplexity,0.2,vilp-88-case3,vilp-88,1.0013051037229121,1,0,0,correct_clean,6
qwen,vilp,perplexity,0.2,vilp-32-case2,vilp-32,1.0013411622052057,1,0,0,correct_clean,6
qwen,vilp,perplexity,0.2,vilp-122-case3,vilp-122,1.0013625621441222,1,0,0,correct_clean,6
qwen,vilp,perplexity,0.2,vilp-225-case1,vilp-225,1.0013786115808927,1,0,0,correct_clean,6
qwen,vilp,perplexity,0.2,vilp-46-case1,vilp-46,1.0013833045941218,1,0,0,correct_clean,6
qwen,vilp,perplexity,0.2,vilp-283-case2,vilp-283,1.0013942272474778,1,0,0,correct_clean,6
qwen,vilp,perplexity,0.2,vilp-290-case2,vilp-290,1.0013949871290002,1,0,0,correct_clean,6
qwen,vilp,perplexity,0.2,vilp-120-case2,vilp-120,1.0013993978567388,1,0,0,correct_clean,6
qwen,vilp,perplexity,0.2,vilp-295-case2,vilp-295,1.0014141798526492,1,0,0,correct_clean,6
qwen,vilp,perplexity,0.2,vilp-31-case3,vilp-31,1.0014198070207214,0,1,0,wrong_clean,6
qwen,vilp,perplexity,0.2,vilp-173-case1,vilp-173,1.0014296770624294,1,0,0,correct_clean,6
qwen,vilp,perplexity,0.2,vilp-28-case1,vilp-28,1.0014489889002889,1,0,0,correct_clean,6
qwen,vilp,perplexity,0.2,vilp-264-case1,vilp-264,1.0014668987222062,1,0,0,correct_clean,6
qwen,vilp,semantic_entropy,0.2,vilp-10-case1,vilp-10,-0.0,1,0,0,correct_clean,6
qwen,vilp,semantic_entropy,0.2,vilp-10-case3,vilp-10,-0.0,0,1,1,wrong_hallucination,1
qwen,vilp,semantic_entropy,0.2,vilp-100-case1,vilp-100,-0.0,1,0,0,correct_clean,6
qwen,vilp,semantic_entropy,0.2,vilp-101-case1,vilp-101,-0.0,1,0,0,correct_clean,6
qwen,vilp,semantic_entropy,0.2,vilp-102-case1,vilp-102,-0.0,1,0,0,correct_clean,6
qwen,vilp,semantic_entropy,0.2,vilp-102-case2,vilp-102,-0.0,1,0,0,correct_clean,6
qwen,vilp,semantic_entropy,0.2,vilp-103-case1,vilp-103,-0.0,1,0,1,correct_hallucination,1
qwen,vilp,semantic_entropy,0.2,vilp-103-case2,vilp-103,-0.0,0,1,0,wrong_clean,4
qwen,vilp,semantic_entropy,0.2,vilp-104-case1,vilp-104,-0.0,1,0,0,correct_clean,6
qwen,vilp,semantic_entropy,0.2,vilp-104-case2,vilp-104,-0.0,1,0,0,correct_clean,6
qwen,vilp,semantic_entropy,0.2,vilp-105-case1,vilp-105,-0.0,1,0,0,correct_clean,6
qwen,vilp,semantic_entropy,0.2,vilp-105-case2,vilp-105,-0.0,1,0,0,correct_clean,6
qwen,vilp,semantic_entropy,0.2,vilp-106-case1,vilp-106,-0.0,1,0,0,correct_clean,6
qwen,vilp,semantic_entropy,0.2,vilp-107-case1,vilp-107,-0.0,0,1,1,wrong_hallucination,2
qwen,vilp,semantic_entropy,0.2,vilp-108-case1,vilp-108,-0.0,1,0,0,correct_clean,6
qwen,vilp,semantic_entropy,0.2,vilp-109-case1,vilp-109,-0.0,1,0,0,correct_clean,6
qwen,vilp,semantic_entropy,0.2,vilp-109-case2,vilp-109,-0.0,1,0,0,correct_clean,6
qwen,vilp,semantic_entropy,0.2,vilp-11-case1,vilp-11,-0.0,1,0,0,correct_clean,6
qwen,vilp,semantic_entropy,0.2,vilp-110-case1,vilp-110,-0.0,1,0,0,correct_clean,6
qwen,vilp,semantic_entropy,0.2,vilp-111-case2,vilp-111,-0.0,1,0,0,correct_clean,6
qwen,vilp,semantic_entropy,0.2,vilp-111-case3,vilp-111,-0.0,0,1,0,wrong_clean,5
qwen,vilp,semantic_entropy,0.2,vilp-112-case1,vilp-112,-0.0,1,0,1,correct_hallucination,2
qwen,vilp,semantic_entropy,0.2,vilp-112-case3,vilp-112,-0.0,1,0,0,correct_clean,6
qwen,vilp,semantic_entropy,0.2,vilp-113-case1,vilp-113,-0.0,1,0,0,correct_clean,6
qwen,vilp,semantic_entropy,0.2,vilp-113-case2,vilp-113,-0.0,0,1,1,wrong_hallucination,1
qwen,vilp,semantic_entropy,0.2,vilp-114-case3,vilp-114,-0.0,1,0,0,correct_clean,6
qwen,vilp,semantic_entropy,0.2,vilp-115-case1,vilp-115,-0.0,1,0,0,correct_clean,6
qwen,vilp,semantic_entropy,0.2,vilp-116-case1,vilp-116,-0.0,1,0,0,correct_clean,5
qwen,vilp,semantic_entropy,0.2,vilp-117-case1,vilp-117,-0.0,1,0,0,correct_clean,6
qwen,vilp,semantic_entropy,0.2,vilp-118-case1,vilp-118,-0.0,1,0,0,correct_clean,6
qwen,vilp,semantic_entropy,0.2,vilp-118-case2,vilp-118,-0.0,1,0,0,correct_clean,6
qwen,vilp,semantic_entropy,0.2,vilp-119-case1,vilp-119,-0.0,1,0,0,correct_clean,6
qwen,vilp,semantic_entropy,0.2,vilp-119-case3,vilp-119,-0.0,0,1,0,wrong_clean,4
qwen,vilp,semantic_entropy,0.2,vilp-121-case1,vilp-121,-0.0,1,0,0,correct_clean,6
qwen,vilp,semantic_entropy,0.2,vilp-121-case2,vilp-121,-0.0,1,0,0,correct_clean,6
qwen,vilp,semantic_entropy,0.2,vilp-122-case3,vilp-122,-0.0,1,0,0,correct_clean,6
qwen,vilp,semantic_entropy,0.2,vilp-123-case1,vilp-123,-0.0,1,0,0,correct_clean,5
qwen,vilp,semantic_entropy,0.2,vilp-124-case1,vilp-124,-0.0,1,0,0,correct_clean,6
qwen,vilp,semantic_entropy,0.2,vilp-125-case3,vilp-125,-0.0,1,0,0,correct_clean,6
qwen,vilp,semantic_entropy,0.2,vilp-126-case1,vilp-126,-0.0,1,0,0,correct_clean,6
qwen,vilp,semantic_entropy,0.2,vilp-126-case2,vilp-126,-0.0,1,0,0,correct_clean,6
qwen,vilp,semantic_entropy,0.2,vilp-127-case1,vilp-127,-0.0,1,0,0,correct_clean,5
qwen,vilp,semantic_entropy,0.2,vilp-127-case3,vilp-127,-0.0,1,0,0,correct_clean,6
qwen,vilp,semantic_entropy,0.2,vilp-128-case1,vilp-128,-0.0,1,0,0,correct_clean,6
qwen,vilp,semantic_entropy,0.2,vilp-128-case2,vilp-128,-0.0,1,0,0,correct_clean,6
qwen,vilp,semantic_entropy,0.2,vilp-13-case1,vilp-13,-0.0,1,0,0,correct_clean,6
qwen,vilp,semantic_entropy,0.2,vilp-130-case1,vilp-130,-0.0,1,0,0,correct_clean,6
qwen,vilp,semantic_entropy,0.2,vilp-131-case1,vilp-131,-0.0,1,0,0,correct_clean,6
qwen,vilp,semantic_entropy,0.2,vilp-131-case2,vilp-131,-0.0,1,0,0,correct_clean,6
qwen,vilp,semantic_entropy,0.2,vilp-131-case3,vilp-131,-0.0,0,1,1,wrong_hallucination,2
qwen,vilp,semantic_entropy,0.2,vilp-133-case1,vilp-133,-0.0,1,0,0,correct_clean,6
qwen,vilp,semantic_entropy,0.2,vilp-133-case3,vilp-133,-0.0,1,0,0,correct_clean,6
qwen,vilp,semantic_entropy,0.2,vilp-134-case1,vilp-134,-0.0,1,0,0,correct_clean,6
qwen,vilp,semantic_entropy,0.2,vilp-135-case1,vilp-135,-0.0,1,0,0,correct_clean,6
qwen,vilp,semantic_entropy,0.2,vilp-135-case2,vilp-135,-0.0,0,1,0,wrong_clean,4
qwen,vilp,semantic_entropy,0.2,vilp-136-case1,vilp-136,-0.0,1,0,0,correct_clean,6
qwen,vilp,semantic_entropy,0.2,vilp-136-case3,vilp-136,-0.0,0,1,0,wrong_clean,4
qwen,vilp,semantic_entropy,0.2,vilp-137-case1,vilp-137,-0.0,1,0,0,correct_clean,6
qwen,vilp,semantic_entropy,0.2,vilp-138-case1,vilp-138,-0.0,1,0,0,correct_clean,6
qwen,vilp,semantic_entropy,0.2,vilp-138-case3,vilp-138,-0.0,1,0,0,correct_clean,6
qwen,vilp,semantic_entropy,0.2,vilp-139-case1,vilp-139,-0.0,1,0,0,correct_clean,6
qwen,vilp,semantic_entropy,0.2,vilp-139-case3,vilp-139,-0.0,1,0,0,correct_clean,6
qwen,vilp,semantic_entropy,0.2,vilp-14-case1,vilp-14,-0.0,1,0,0,correct_clean,6
qwen,vilp,semantic_entropy,0.2,vilp-14-case2,vilp-14,-0.0,0,1,1,wrong_hallucination,1
qwen,vilp,semantic_entropy,0.2,vilp-14-case3,vilp-14,-0.0,0,1,1,wrong_hallucination,1
qwen,vilp,semantic_entropy,0.2,vilp-140-case1,vilp-140,-0.0,1,0,0,correct_clean,6
qwen,vilp,semantic_entropy,0.2,vilp-140-case2,vilp-140,-0.0,1,0,0,correct_clean,6
qwen,vilp,semantic_entropy,0.2,vilp-141-case1,vilp-141,-0.0,1,0,0,correct_clean,6
qwen,vilp,semantic_entropy,0.2,vilp-142-case1,vilp-142,-0.0,1,0,0,correct_clean,6
qwen,vilp,semantic_entropy,0.2,vilp-143-case1,vilp-143,-0.0,1,0,0,correct_clean,6
qwen,vilp,semantic_entropy,0.2,vilp-143-case2,vilp-143,-0.0,1,0,0,correct_clean,6
qwen,vilp,semantic_entropy,0.2,vilp-144-case1,vilp-144,-0.0,1,0,0,correct_clean,6
qwen,vilp,semantic_entropy,0.2,vilp-144-case3,vilp-144,-0.0,1,0,1,correct_hallucination,2
qwen,vilp,semantic_entropy,0.2,vilp-145-case1,vilp-145,-0.0,1,0,0,correct_clean,6
qwen,vilp,semantic_entropy,0.2,vilp-146-case1,vilp-146,-0.0,1,0,0,correct_clean,6
qwen,vilp,semantic_entropy,0.2,vilp-146-case2,vilp-146,-0.0,0,1,0,wrong_clean,5
qwen,vilp,semantic_entropy,0.2,vilp-147-case1,vilp-147,-0.0,1,0,0,correct_clean,6
qwen,vilp,semantic_entropy,0.2,vilp-147-case2,vilp-147,-0.0,0,1,0,wrong_clean,6
qwen,vilp,semantic_entropy,0.2,vilp-148-case1,vilp-148,-0.0,1,0,0,correct_clean,6
qwen,vilp,semantic_entropy,0.2,vilp-149-case2,vilp-149,-0.0,1,0,0,correct_clean,6
qwen,vilp,semantic_entropy,0.2,vilp-15-case1,vilp-15,-0.0,1,0,0,correct_clean,6
qwen,vilp,semantic_entropy,0.2,vilp-150-case3,vilp-150,-0.0,0,1,1,wrong_hallucination,0
qwen,vilp,semantic_entropy,0.2,vilp-151-case1,vilp-151,-0.0,1,0,0,correct_clean,6
qwen,vilp,semantic_entropy,0.2,vilp-151-case3,vilp-151,-0.0,1,0,0,correct_clean,6
qwen,vilp,semantic_entropy,0.2,vilp-153-case1,vilp-153,-0.0,1,0,0,correct_clean,6
qwen,vilp,semantic_entropy,0.2,vilp-153-case2,vilp-153,-0.0,1,0,0,correct_clean,6
qwen,vilp,semantic_entropy,0.2,vilp-154-case1,vilp-154,-0.0,1,0,0,correct_clean,6
qwen,vilp,semantic_entropy,0.2,vilp-154-case2,vilp-154,-0.0,1,0,0,correct_clean,6
qwen,vilp,semantic_entropy,0.2,vilp-155-case1,vilp-155,-0.0,1,0,0,correct_clean,6
qwen,vilp,semantic_entropy,0.2,vilp-157-case1,vilp-157,-0.0,1,0,0,correct_clean,6
qwen,vilp,semantic_entropy,0.2,vilp-157-case2,vilp-157,-0.0,0,1,0,wrong_clean,4
qwen,vilp,semantic_entropy,0.2,vilp-158-case1,vilp-158,-0.0,1,0,0,correct_clean,6
qwen,vilp,semantic_entropy,0.2,vilp-16-case1,vilp-16,-0.0,1,0,0,correct_clean,6
qwen,vilp,semantic_entropy,0.2,vilp-160-case1,vilp-160,-0.0,1,0,0,correct_clean,6
qwen,vilp,semantic_entropy,0.2,vilp-160-case2,vilp-160,-0.0,1,0,0,correct_clean,6
qwen,vilp,semantic_entropy,0.2,vilp-161-case1,vilp-161,-0.0,1,0,0,correct_clean,6
qwen,vilp,semantic_entropy,0.2,vilp-161-case3,vilp-161,-0.0,1,0,0,correct_clean,6
qwen,vilp,semantic_entropy,0.2,vilp-163-case1,vilp-163,-0.0,1,0,0,correct_clean,6
qwen,vilp,semantic_entropy,0.2,vilp-164-case3,vilp-164,-0.0,1,0,0,correct_clean,6
qwen,vilp,semantic_entropy,0.2,vilp-165-case1,vilp-165,-0.0,1,0,0,correct_clean,6
qwen,vilp,semantic_entropy,0.2,vilp-165-case3,vilp-165,-0.0,1,0,0,correct_clean,6
qwen,vilp,semantic_entropy,0.2,vilp-166-case1,vilp-166,-0.0,1,0,1,correct_hallucination,2
qwen,vilp,semantic_entropy,0.2,vilp-166-case2,vilp-166,-0.0,0,1,1,wrong_hallucination,2
qwen,vilp,semantic_entropy,0.2,vilp-166-case3,vilp-166,-0.0,0,1,1,wrong_hallucination,1
qwen,vilp,semantic_entropy,0.2,vilp-167-case3,vilp-167,-0.0,1,0,1,correct_hallucination,2
qwen,vilp,semantic_entropy,0.2,vilp-168-case1,vilp-168,-0.0,1,0,0,correct_clean,6
qwen,vilp,semantic_entropy,0.2,vilp-17-case1,vilp-17,-0.0,1,0,0,correct_clean,6
qwen,vilp,semantic_entropy,0.2,vilp-17-case3,vilp-17,-0.0,0,1,1,wrong_hallucination,1
qwen,vilp,semantic_entropy,0.2,vilp-170-case3,vilp-170,-0.0,1,0,0,correct_clean,6
qwen,vilp,semantic_entropy,0.2,vilp-171-case1,vilp-171,-0.0,1,0,0,correct_clean,6
qwen,vilp,semantic_entropy,0.2,vilp-172-case1,vilp-172,-0.0,1,0,0,correct_clean,6
qwen,vilp,semantic_entropy,0.2,vilp-172-case3,vilp-172,-0.0,1,0,0,correct_clean,6
qwen,vilp,semantic_entropy,0.2,vilp-173-case1,vilp-173,-0.0,1,0,0,correct_clean,6
qwen,vilp,semantic_entropy,0.2,vilp-173-case2,vilp-173,-0.0,1,0,0,correct_clean,6
qwen,vilp,semantic_entropy,0.2,vilp-174-case1,vilp-174,-0.0,1,0,0,correct_clean,6
qwen,vilp,semantic_entropy,0.2,vilp-175-case1,vilp-175,-0.0,1,0,0,correct_clean,6
qwen,vilp,semantic_entropy,0.2,vilp-176-case1,vilp-176,-0.0,1,0,0,correct_clean,6
qwen,vilp,semantic_entropy,0.2,vilp-177-case1,vilp-177,-0.0,1,0,0,correct_clean,6
qwen,vilp,semantic_entropy,0.2,vilp-178-case2,vilp-178,-0.0,1,0,0,correct_clean,6
qwen,vilp,semantic_entropy,0.2,vilp-18-case1,vilp-18,-0.0,1,0,0,correct_clean,6
qwen,vilp,semantic_entropy,0.2,vilp-18-case2,vilp-18,-0.0,0,1,1,wrong_hallucination,1
qwen,vilp,semantic_entropy,0.2,vilp-182-case1,vilp-182,-0.0,1,0,0,correct_clean,6
qwen,vilp,semantic_entropy,0.2,vilp-183-case2,vilp-183,-0.0,1,0,0,correct_clean,6
qwen,vilp,semantic_entropy,0.2,vilp-184-case1,vilp-184,-0.0,1,0,0,correct_clean,6
qwen,vilp,semantic_entropy,0.2,vilp-184-case2,vilp-184,-0.0,1,0,0,correct_clean,6
qwen,vilp,semantic_entropy,0.2,vilp-185-case2,vilp-185,-0.0,1,0,0,correct_clean,6
qwen,vilp,semantic_entropy,0.2,vilp-187-case1,vilp-187,-0.0,1,0,0,correct_clean,6
qwen,vilp,semantic_entropy,0.2,vilp-187-case2,vilp-187,-0.0,1,0,0,correct_clean,6
qwen,vilp,semantic_entropy,0.2,vilp-188-case3,vilp-188,-0.0,1,0,0,correct_clean,6
qwen,vilp,semantic_entropy,0.2,vilp-189-case3,vilp-189,-0.0,1,0,0,correct_clean,6
qwen,vilp,semantic_entropy,0.2,vilp-19-case1,vilp-19,-0.0,1,0,0,correct_clean,6
qwen,vilp,semantic_entropy,0.2,vilp-19-case3,vilp-19,-0.0,0,1,0,wrong_clean,4
qwen,vilp,semantic_entropy,0.2,vilp-190-case1,vilp-190,-0.0,1,0,0,correct_clean,6
qwen,vilp,semantic_entropy,0.2,vilp-190-case3,vilp-190,-0.0,1,0,0,correct_clean,6
qwen,vilp,semantic_entropy,0.2,vilp-191-case1,vilp-191,-0.0,1,0,0,correct_clean,6
qwen,vilp,semantic_entropy,0.2,vilp-193-case2,vilp-193,-0.0,1,0,0,correct_clean,6
qwen,vilp,semantic_entropy,0.2,vilp-193-case3,vilp-193,-0.0,1,0,0,correct_clean,6
qwen,vilp,semantic_entropy,0.2,vilp-194-case1,vilp-194,-0.0,1,0,0,correct_clean,6
qwen,vilp,semantic_entropy,0.2,vilp-195-case2,vilp-195,-0.0,1,0,1,correct_hallucination,2
qwen,vilp,semantic_entropy,0.2,vilp-195-case3,vilp-195,-0.0,1,0,0,correct_clean,6
qwen,vilp,semantic_entropy,0.2,vilp-196-case3,vilp-196,-0.0,1,0,0,correct_clean,6
qwen,vilp,semantic_entropy,0.2,vilp-197-case1,vilp-197,-0.0,1,0,0,correct_clean,6
qwen,vilp,semantic_entropy,0.2,vilp-197-case2,vilp-197,-0.0,1,0,0,correct_clean,6
qwen,vilp,semantic_entropy,0.2,vilp-197-case3,vilp-197,-0.0,1,0,1,correct_hallucination,2
qwen,vilp,semantic_entropy,0.2,vilp-198-case1,vilp-198,-0.0,1,0,0,correct_clean,6
qwen,vilp,semantic_entropy,0.2,vilp-199-case1,vilp-199,-0.0,1,0,0,correct_clean,6
qwen,vilp,semantic_entropy,0.2,vilp-199-case3,vilp-199,-0.0,1,0,0,correct_clean,6
qwen,vilp,semantic_entropy,0.2,vilp-2-case1,vilp-2,-0.0,1,0,0,correct_clean,6
qwen,vilp,semantic_entropy,0.2,vilp-2-case3,vilp-2,-0.0,0,1,1,wrong_hallucination,1
qwen,vilp,semantic_entropy,0.2,vilp-20-case1,vilp-20,-0.0,1,0,0,correct_clean,6
qwen,vilp,semantic_entropy,0.2,vilp-20-case2,vilp-20,-0.0,1,0,0,correct_clean,5
qwen,vilp,semantic_entropy,0.2,vilp-200-case2,vilp-200,-0.0,1,0,0,correct_clean,6
qwen,vilp,semantic_entropy,0.2,vilp-201-case2,vilp-201,-0.0,0,1,0,wrong_clean,4
qwen,vilp,semantic_entropy,0.2,vilp-201-case3,vilp-201,-0.0,1,0,0,correct_clean,6
qwen,vilp,semantic_entropy,0.2,vilp-202-case1,vilp-202,-0.0,1,0,0,correct_clean,6
qwen,vilp,semantic_entropy,0.2,vilp-203-case2,vilp-203,-0.0,1,0,0,correct_clean,6
qwen,vilp,semantic_entropy,0.2,vilp-204-case1,vilp-204,-0.0,1,0,0,correct_clean,6
qwen,vilp,semantic_entropy,0.2,vilp-204-case3,vilp-204,-0.0,1,0,0,correct_clean,6
qwen,vilp,semantic_entropy,0.2,vilp-205-case1,vilp-205,-0.0,1,0,0,correct_clean,6
qwen,vilp,semantic_entropy,0.2,vilp-205-case3,vilp-205,-0.0,1,0,1,correct_hallucination,2
qwen,vilp,semantic_entropy,0.2,vilp-206-case1,vilp-206,-0.0,1,0,0,correct_clean,6
qwen,vilp,semantic_entropy,0.2,vilp-206-case3,vilp-206,-0.0,0,1,1,wrong_hallucination,1
qwen,vilp,semantic_entropy,0.2,vilp-207-case1,vilp-207,-0.0,1,0,0,correct_clean,6
qwen,vilp,semantic_entropy,0.2,vilp-208-case1,vilp-208,-0.0,1,0,0,correct_clean,6
qwen,vilp,semantic_entropy,0.2,vilp-209-case1,vilp-209,-0.0,1,0,0,correct_clean,6
qwen,vilp,semantic_entropy,0.2,vilp-21-case1,vilp-21,-0.0,1,0,0,correct_clean,6
qwen,vilp,semantic_entropy,0.2,vilp-21-case2,vilp-21,-0.0,1,0,0,correct_clean,5
qwen,vilp,semantic_entropy,0.2,vilp-210-case1,vilp-210,-0.0,1,0,0,correct_clean,6
qwen,vilp,semantic_entropy,0.2,vilp-211-case1,vilp-211,-0.0,1,0,0,correct_clean,6
qwen,vilp,semantic_entropy,0.2,vilp-212-case1,vilp-212,-0.0,1,0,0,correct_clean,6
qwen,vilp,semantic_entropy,0.2,vilp-212-case2,vilp-212,-0.0,0,1,0,wrong_clean,4
qwen,vilp,semantic_entropy,0.2,vilp-213-case1,vilp-213,-0.0,0,1,0,wrong_clean,4
qwen,vilp,semantic_entropy,0.2,vilp-214-case2,vilp-214,-0.0,1,0,0,correct_clean,6
qwen,vilp,semantic_entropy,0.2,vilp-215-case1,vilp-215,-0.0,1,0,0,correct_clean,6
qwen,vilp,semantic_entropy,0.2,vilp-215-case2,vilp-215,-0.0,0,1,1,wrong_hallucination,1
qwen,vilp,semantic_entropy,0.2,vilp-216-case1,vilp-216,-0.0,1,0,0,correct_clean,6
qwen,vilp,semantic_entropy,0.2,vilp-216-case3,vilp-216,-0.0,0,1,1,wrong_hallucination,1
qwen,vilp,semantic_entropy,0.2,vilp-217-case1,vilp-217,-0.0,1,0,0,correct_clean,6
qwen,vilp,semantic_entropy,0.2,vilp-217-case2,vilp-217,-0.0,0,1,1,wrong_hallucination,1
qwen,vilp,semantic_entropy,0.2,vilp-218-case1,vilp-218,-0.0,1,0,0,correct_clean,6
qwen,vilp,umpire,0.2,vilp-84-case3,vilp-84,-22.706852069186063,1,0,0,correct_clean,6
qwen,vilp,umpire,0.2,vilp-61-case1,vilp-61,-21.86195012673813,1,0,0,correct_clean,6
qwen,vilp,umpire,0.2,vilp-106-case1,vilp-106,-21.68403817236706,1,0,0,correct_clean,6
qwen,vilp,umpire,0.2,vilp-84-case2,vilp-84,-21.67581204499029,1,0,0,correct_clean,6
qwen,vilp,umpire,0.2,vilp-115-case1,vilp-115,-21.586832364775336,1,0,0,correct_clean,6
qwen,vilp,umpire,0.2,vilp-118-case1,vilp-118,-21.340078636106977,1,0,0,correct_clean,6
qwen,vilp,umpire,0.2,vilp-24-case1,vilp-24,-21.32861669812037,1,0,0,correct_clean,6
qwen,vilp,umpire,0.2,vilp-90-case1,vilp-90,-21.30274590969568,1,0,0,correct_clean,6
qwen,vilp,umpire,0.2,vilp-14-case1,vilp-14,-21.221765704861742,1,0,0,correct_clean,6
qwen,vilp,umpire,0.2,vilp-251-case1,vilp-251,-21.186192198679105,1,0,0,correct_clean,6
qwen,vilp,umpire,0.2,vilp-299-case1,vilp-299,-21.037890216978948,1,0,0,correct_clean,6
qwen,vilp,umpire,0.2,vilp-273-case1,vilp-273,-20.817954650257622,1,0,0,correct_clean,6
qwen,vilp,umpire,0.2,vilp-28-case1,vilp-28,-20.670724995935412,1,0,0,correct_clean,6
qwen,vilp,umpire,0.2,vilp-18-case2,vilp-18,-20.622305015931957,0,1,1,wrong_hallucination,1
qwen,vilp,umpire,0.2,vilp-97-case1,vilp-97,-20.621488502320634,1,0,0,correct_clean,6
qwen,vilp,umpire,0.2,vilp-14-case3,vilp-14,-20.382496678165428,0,1,1,wrong_hallucination,1
qwen,vilp,umpire,0.2,vilp-161-case1,vilp-161,-20.28746468668541,1,0,0,correct_clean,6
qwen,vilp,umpire,0.2,vilp-175-case1,vilp-175,-20.242185611974037,1,0,0,correct_clean,6
qwen,vilp,umpire,0.2,vilp-137-case1,vilp-137,-20.165886655963547,1,0,0,correct_clean,6
qwen,vilp,umpire,0.2,vilp-123-case1,vilp-123,-20.122105412145615,1,0,0,correct_clean,5
qwen,vilp,umpire,0.2,vilp-61-case3,vilp-61,-20.02035657969674,0,1,0,wrong_clean,4
qwen,vilp,umpire,0.2,vilp-14-case2,vilp-14,-20.010630375612916,0,1,1,wrong_hallucination,1
qwen,vilp,umpire,0.2,vilp-218-case1,vilp-218,-19.946922020437803,1,0,0,correct_clean,6
qwen,vilp,umpire,0.2,vilp-285-case1,vilp-285,-19.91265700252608,1,0,0,correct_clean,6
qwen,vilp,umpire,0.2,vilp-19-case1,vilp-19,-19.872268416704635,1,0,0,correct_clean,6
qwen,vilp,umpire,0.2,vilp-210-case1,vilp-210,-19.83915962877742,1,0,0,correct_clean,6
qwen,vilp,umpire,0.2,vilp-20-case2,vilp-20,-19.75976025046696,1,0,0,correct_clean,5
qwen,vilp,umpire,0.2,vilp-260-case3,vilp-260,-19.74649535892326,1,0,0,correct_clean,6
qwen,vilp,umpire,0.2,vilp-22-case1,vilp-22,-19.744482328006313,1,0,0,correct_clean,6
qwen,vilp,umpire,0.2,vilp-48-case1,vilp-48,-19.729116473939406,1,0,0,correct_clean,6
qwen,vilp,umpire,0.2,vilp-260-case2,vilp-260,-19.72559260573814,1,0,0,correct_clean,6
qwen,vilp,umpire,0.2,vilp-160-case2,vilp-160,-19.690733304424036,1,0,0,correct_clean,6
qwen,vilp,umpire,0.2,vilp-147-case1,vilp-147,-19.658395815460164,1,0,0,correct_clean,6
qwen,vilp,umpire,0.2,vilp-221-case1,vilp-221,-19.59588257885841,1,0,0,correct_clean,6
qwen,vilp,umpire,0.2,vilp-84-case1,vilp-84,-19.510804242086845,1,0,0,correct_clean,6
qwen,vilp,umpire,0.2,vilp-134-case1,vilp-134,-19.508030363494754,1,0,0,correct_clean,6
qwen,vilp,umpire,0.2,vilp-98-case1,vilp-98,-19.507451413577694,1,0,0,correct_clean,6
qwen,vilp,umpire,0.2,vilp-33-case2,vilp-33,-19.50727338776108,1,0,0,correct_clean,6
qwen,vilp,umpire,0.2,vilp-5-case2,vilp-5,-19.45182254940895,0,1,1,wrong_hallucination,1
qwen,vilp,umpire,0.2,vilp-93-case1,vilp-93,-19.42281979527521,1,0,0,correct_clean,6
qwen,vilp,umpire,0.2,vilp-276-case1,vilp-276,-19.4192022249071,1,0,0,correct_clean,6
qwen,vilp,umpire,0.2,vilp-55-case2,vilp-55,-19.401579066435744,1,0,0,correct_clean,6
qwen,vilp,umpire,0.2,vilp-148-case1,vilp-148,-19.381275845129593,1,0,0,correct_clean,6
qwen,vilp,umpire,0.2,vilp-104-case1,vilp-104,-19.35653081480833,1,0,0,correct_clean,6
qwen,vilp,umpire,0.2,vilp-255-case1,vilp-255,-19.311548530692022,1,0,0,correct_clean,6
qwen,vilp,umpire,0.2,vilp-101-case1,vilp-101,-18.9977525915784,1,0,0,correct_clean,6
qwen,vilp,umpire,0.2,vilp-256-case1,vilp-256,-18.991068538999357,1,0,0,correct_clean,6
qwen,vilp,umpire,0.2,vilp-26-case1,vilp-26,-18.979825052187426,1,0,0,correct_clean,6
qwen,vilp,umpire,0.2,vilp-128-case2,vilp-128,-18.899434665251206,1,0,0,correct_clean,6
qwen,vilp,umpire,0.2,vilp-44-case1,vilp-44,-18.813275264579783,1,0,0,correct_clean,6
qwen,vilp,umpire,0.2,vilp-2-case3,vilp-2,-18.795934794788877,0,1,1,wrong_hallucination,1
qwen,vilp,umpire,0.2,vilp-243-case1,vilp-243,-18.791973839705616,1,0,0,correct_clean,6
qwen,vilp,umpire,0.2,vilp-85-case3,vilp-85,-18.787900539358752,1,0,0,correct_clean,6
qwen,vilp,umpire,0.2,vilp-82-case3,vilp-82,-18.777373617397263,1,0,1,correct_hallucination,2
qwen,vilp,umpire,0.2,vilp-131-case1,vilp-131,-18.76853171288116,1,0,0,correct_clean,6
qwen,vilp,umpire,0.2,vilp-128-case1,vilp-128,-18.730674685140823,1,0,0,correct_clean,6
qwen,vilp,umpire,0.2,vilp-160-case1,vilp-160,-18.662167982350777,1,0,0,correct_clean,6
qwen,vilp,umpire,0.2,vilp-157-case1,vilp-157,-18.55237408699652,1,0,0,correct_clean,6
qwen,vilp,umpire,0.2,vilp-138-case3,vilp-138,-18.50139526958624,1,0,0,correct_clean,6
qwen,vilp,umpire,0.2,vilp-271-case1,vilp-271,-18.427046166473836,1,0,0,correct_clean,6
qwen,vilp,umpire,0.2,vilp-121-case1,vilp-121,-18.389534439012184,1,0,0,correct_clean,6
qwen,vilp,umpire,0.2,vilp-264-case1,vilp-264,-18.357119406500157,1,0,0,correct_clean,6
qwen,vilp,umpire,0.2,vilp-163-case1,vilp-163,-18.350343594653978,1,0,0,correct_clean,6
qwen,vilp,umpire,0.2,vilp-27-case2,vilp-27,-18.308752075893658,1,0,0,correct_clean,6
qwen,vilp,umpire,0.2,vilp-262-case1,vilp-262,-18.305505238108484,1,0,0,correct_clean,6
qwen,vilp,umpire,0.2,vilp-17-case2,vilp-17,-18.254195917331714,0,1,1,wrong_hallucination,1
qwen,vilp,umpire,0.2,vilp-136-case1,vilp-136,-18.23575567165179,1,0,0,correct_clean,6
qwen,vilp,umpire,0.2,vilp-93-case2,vilp-93,-18.226292780534276,1,0,0,correct_clean,6
qwen,vilp,umpire,0.2,vilp-240-case2,vilp-240,-18.107524659668503,0,1,0,wrong_clean,4
qwen,vilp,umpire,0.2,vilp-290-case2,vilp-290,-18.08746001563662,1,0,0,correct_clean,6
qwen,vilp,umpire,0.2,vilp-141-case1,vilp-141,-18.07398543635648,1,0,0,correct_clean,6
qwen,vilp,umpire,0.2,vilp-231-case1,vilp-231,-18.073840752204884,1,0,0,correct_clean,6
qwen,vilp,umpire,0.2,vilp-286-case1,vilp-286,-17.985586654594265,1,0,0,correct_clean,6
qwen,vilp,umpire,0.2,vilp-217-case1,vilp-217,-17.983664451341532,1,0,0,correct_clean,6
qwen,vilp,umpire,0.2,vilp-267-case1,vilp-267,-17.922381062127926,1,0,0,correct_clean,6
qwen,vilp,umpire,0.2,vilp-214-case2,vilp-214,-17.895279839751183,1,0,0,correct_clean,6
qwen,vilp,umpire,0.2,vilp-229-case1,vilp-229,-17.876483472216243,1,0,0,correct_clean,6
qwen,vilp,umpire,0.2,vilp-79-case1,vilp-79,-17.864522783139567,1,0,0,correct_clean,6
qwen,vilp,umpire,0.2,vilp-239-case1,vilp-239,-17.858169523705804,1,0,0,correct_clean,6
qwen,vilp,umpire,0.2,vilp-11-case1,vilp-11,-17.83691850404379,1,0,0,correct_clean,6
qwen,vilp,umpire,0.2,vilp-237-case1,vilp-237,-17.831298773218744,1,0,0,correct_clean,6
qwen,vilp,umpire,0.2,vilp-102-case2,vilp-102,-17.77675289935751,1,0,0,correct_clean,6
qwen,vilp,umpire,0.2,vilp-284-case1,vilp-284,-17.738740948077655,1,0,0,correct_clean,6
qwen,vilp,umpire,0.2,vilp-62-case1,vilp-62,-17.706624522444677,1,0,0,correct_clean,6
qwen,vilp,umpire,0.2,vilp-43-case2,vilp-43,-17.690617025197994,1,0,0,correct_clean,6
qwen,vilp,umpire,0.2,vilp-147-case2,vilp-147,-17.63203529711144,0,1,0,wrong_clean,6
qwen,vilp,umpire,0.2,vilp-2-case1,vilp-2,-17.626686501417158,1,0,0,correct_clean,6
qwen,vilp,umpire,0.2,vilp-158-case1,vilp-158,-17.61529576041096,1,0,0,correct_clean,6
qwen,vilp,umpire,0.2,vilp-105-case1,vilp-105,-17.607854718683583,1,0,0,correct_clean,6
qwen,vilp,umpire,0.2,vilp-116-case1,vilp-116,-17.573872833871704,1,0,0,correct_clean,5
qwen,vilp,umpire,0.2,vilp-218-case3,vilp-218,-17.56415071220204,0,1,0,wrong_clean,6
qwen,vilp,umpire,0.2,vilp-94-case1,vilp-94,-17.563811014304996,1,0,0,correct_clean,6
qwen,vilp,umpire,0.2,vilp-145-case1,vilp-145,-17.546097124698683,1,0,0,correct_clean,6
qwen,vilp,umpire,0.2,vilp-62-case3,vilp-62,-17.392375704588428,0,1,0,wrong_clean,4
qwen,vilp,umpire,0.2,vilp-31-case1,vilp-31,-17.327863275145308,1,0,0,correct_clean,6
qwen,vilp,umpire,0.2,vilp-37-case1,vilp-37,-17.316834068460626,1,0,0,correct_clean,6
qwen,vilp,umpire,0.2,vilp-290-case1,vilp-290,-17.31531972239268,1,0,0,correct_clean,6
qwen,vilp,umpire,0.2,vilp-140-case1,vilp-140,-17.30316639502653,1,0,0,correct_clean,6
qwen,vilp,umpire,0.2,vilp-212-case1,vilp-212,-17.297465226250136,1,0,0,correct_clean,6
qwen,vilp,umpire,0.2,vilp-265-case1,vilp-265,-17.27565573669622,1,0,0,correct_clean,6
qwen,vilp,umpire,0.2,vilp-99-case1,vilp-99,-17.180041453007718,1,0,0,correct_clean,6
qwen,vilp,umpire,0.2,vilp-249-case1,vilp-249,-17.095444057638183,1,0,1,correct_hallucination,2
qwen,vilp,umpire,0.2,vilp-167-case3,vilp-167,-17.07870910603514,1,0,1,correct_hallucination,2
qwen,vilp,umpire,0.2,vilp-109-case1,vilp-109,-17.048655020554296,1,0,0,correct_clean,6
qwen,vilp,umpire,0.2,vilp-153-case1,vilp-153,-17.024110594056527,1,0,0,correct_clean,6
qwen,vilp,umpire,0.2,vilp-108-case1,vilp-108,-16.98318797535199,1,0,0,correct_clean,6
qwen,vilp,umpire,0.2,vilp-8-case1,vilp-8,-16.982141644980473,1,0,0,correct_clean,6
qwen,vilp,umpire,0.2,vilp-6-case1,vilp-6,-16.938505938202166,1,0,0,correct_clean,6
qwen,vilp,umpire,0.2,vilp-5-case1,vilp-5,-16.87170834865416,1,0,0,correct_clean,6
qwen,vilp,umpire,0.2,vilp-102-case1,vilp-102,-16.805677378793998,1,0,0,correct_clean,6
qwen,vilp,umpire,0.2,vilp-187-case1,vilp-187,-16.80221256902302,1,0,0,correct_clean,6
qwen,vilp,umpire,0.2,vilp-161-case3,vilp-161,-16.703841989251814,1,0,0,correct_clean,6
qwen,vilp,umpire,0.2,vilp-258-case1,vilp-258,-16.589354396433297,1,0,0,correct_clean,6
qwen,vilp,umpire,0.2,vilp-256-case2,vilp-256,-16.58259363509411,0,1,1,wrong_hallucination,1
qwen,vilp,umpire,0.2,vilp-121-case2,vilp-121,-16.56246624042345,1,0,0,correct_clean,6
qwen,vilp,umpire,0.2,vilp-56-case1,vilp-56,-16.53398632543304,1,0,0,correct_clean,6
qwen,vilp,umpire,0.2,vilp-280-case1,vilp-280,-16.489714013265537,1,0,0,correct_clean,6
qwen,vilp,umpire,0.2,vilp-225-case1,vilp-225,-16.4279816877655,1,0,0,correct_clean,6
qwen,vilp,umpire,0.2,vilp-254-case1,vilp-254,-16.403351742615584,1,0,0,correct_clean,6
qwen,vilp,umpire,0.2,vilp-10-case2,vilp-10,-16.389441820387365,0,1,0,wrong_clean,4
qwen,vilp,umpire,0.2,vilp-122-case2,vilp-122,-16.383489060825106,1,0,0,correct_clean,6
qwen,vilp,umpire,0.2,vilp-248-case1,vilp-248,-16.382349123806115,1,0,0,correct_clean,6
qwen,vilp,umpire,0.2,vilp-114-case1,vilp-114,-16.353038838195143,1,0,0,correct_clean,5
qwen,vilp,umpire,0.2,vilp-47-case2,vilp-47,-16.337294584705308,1,0,0,correct_clean,6
qwen,vilp,umpire,0.2,vilp-71-case1,vilp-71,-16.286404580362046,1,0,0,correct_clean,6
qwen,vilp,umpire,0.2,vilp-225-case2,vilp-225,-16.2685947497725,0,1,0,wrong_clean,4
qwen,vilp,umpire,0.2,vilp-203-case2,vilp-203,-16.26109218051405,1,0,0,correct_clean,6
qwen,vilp,umpire,0.2,vilp-86-case1,vilp-86,-16.260824164184005,1,0,0,correct_clean,6
qwen,vilp,umpire,0.2,vilp-199-case1,vilp-199,-16.255814525196428,1,0,0,correct_clean,6
qwen,vilp,umpire,0.2,vilp-15-case1,vilp-15,-16.228504995514438,1,0,0,correct_clean,6
qwen,vilp,umpire,0.2,vilp-252-case1,vilp-252,-16.225332150606153,1,0,0,correct_clean,6
qwen,vilp,umpire,0.2,vilp-185-case2,vilp-185,-16.220663112697814,1,0,0,correct_clean,6
qwen,vilp,umpire,0.2,vilp-130-case1,vilp-130,-16.2054427268546,1,0,0,correct_clean,6
qwen,vilp,umpire,0.2,vilp-244-case1,vilp-244,-16.183610542652726,1,0,0,correct_clean,6
qwen,vilp,umpire,0.2,vilp-6-case2,vilp-6,-16.178379010196686,1,0,1,correct_hallucination,2
qwen,vilp,umpire,0.2,vilp-245-case1,vilp-245,-16.143945268864453,1,0,0,correct_clean,6
qwen,vilp,umpire,0.2,vilp-10-case3,vilp-10,-16.141044444337716,0,1,1,wrong_hallucination,1
qwen,vilp,umpire,0.2,vilp-284-case2,vilp-284,-16.11183135394577,1,0,0,correct_clean,6
qwen,vilp,umpire,0.2,vilp-29-case3,vilp-29,-16.108754519023464,0,1,0,wrong_clean,4
qwen,vilp,umpire,0.2,vilp-10-case1,vilp-10,-16.06759807199995,1,0,0,correct_clean,6
qwen,vilp,umpire,0.2,vilp-206-case3,vilp-206,-16.051551343894094,0,1,1,wrong_hallucination,1
qwen,vilp,umpire,0.2,vilp-131-case3,vilp-131,-16.043730598921492,0,1,1,wrong_hallucination,2
qwen,vilp,umpire,0.2,vilp-56-case2,vilp-56,-16.009714387008756,1,0,0,correct_clean,6
qwen,vilp,umpire,0.2,vilp-85-case2,vilp-85,-16.006298101926543,0,1,1,wrong_hallucination,1
qwen,vilp,umpire,0.2,vilp-22-case2,vilp-22,-15.99473079073378,0,1,1,wrong_hallucination,1
qwen,vilp,umpire,0.2,vilp-291-case1,vilp-291,-15.951529203570374,1,0,0,correct_clean,6
qwen,vilp,umpire,0.2,vilp-230-case1,vilp-230,-15.91624729426677,1,0,0,correct_clean,6
qwen,vilp,umpire,0.2,vilp-256-case3,vilp-256,-15.910231577493256,1,0,0,correct_clean,6
qwen,vilp,umpire,0.2,vilp-39-case3,vilp-39,-15.89584851979545,0,1,0,wrong_clean,4
qwen,vilp,umpire,0.2,vilp-151-case1,vilp-151,-15.883957630331302,1,0,0,correct_clean,6
qwen,vilp,umpire,0.2,vilp-288-case1,vilp-288,-15.855207041027272,1,0,0,correct_clean,6
qwen,vilp,umpire,0.2,vilp-38-case3,vilp-38,-15.82891815479773,1,0,0,correct_clean,5
qwen,vilp,umpire,0.2,vilp-55-case1,vilp-55,-15.707167898982867,1,0,0,correct_clean,6
qwen,vilp,umpire,0.2,vilp-6-case3,vilp-6,-15.642822657481936,1,0,0,correct_clean,6
qwen,vilp,umpire,0.2,vilp-198-case1,vilp-198,-15.632490752409486,1,0,0,correct_clean,6
qwen,vilp,umpire,0.2,vilp-202-case1,vilp-202,-15.623060141237444,1,0,0,correct_clean,6
qwen,vilp,umpire,0.2,vilp-139-case2,vilp-139,-15.613577601192686,1,0,1,correct_hallucination,2
qwen,vilp,umpire,0.2,vilp-204-case1,vilp-204,-15.610107084147355,1,0,0,correct_clean,6
qwen,vilp,umpire,0.2,vilp-206-case1,vilp-206,-15.605898114499013,1,0,0,correct_clean,6
qwen,vilp,umpire,0.2,vilp-98-case3,vilp-98,-15.586148540279398,0,1,0,wrong_clean,5
qwen,vilp,umpire,0.2,vilp-253-case1,vilp-253,-15.567653227439921,1,0,0,correct_clean,6
qwen,vilp,umpire,0.2,vilp-292-case1,vilp-292,-15.560226958849888,1,0,0,correct_clean,6
qwen,vilp,umpire,0.2,vilp-150-case3,vilp-150,-15.55430061343421,0,1,1,wrong_hallucination,0
qwen,vilp,umpire,0.2,vilp-100-case1,vilp-100,-15.55048982185754,1,0,0,correct_clean,6
qwen,vilp,umpire,0.2,vilp-285-case3,vilp-285,-15.529683354856004,1,0,0,correct_clean,6
qwen,vilp,umpire,0.2,vilp-204-case2,vilp-204,-15.413353471955782,1,0,0,correct_clean,6
qwen,vilp,umpire,0.2,vilp-135-case2,vilp-135,-15.375274834086289,0,1,0,wrong_clean,4
qwen,vilp,umpire,0.2,vilp-44-case2,vilp-44,-15.374927142722525,0,1,1,wrong_hallucination,1
qwen,vilp,umpire,0.2,vilp-266-case1,vilp-266,-15.37128273567782,1,0,0,correct_clean,6
qwen,vilp,umpire,0.2,vilp-48-case3,vilp-48,-15.290033542503089,0,1,1,wrong_hallucination,1
qwen,vilp,umpire,0.2,vilp-260-case1,vilp-260,-15.259002487632333,1,0,0,correct_clean,6
qwen,vilp,umpire,0.2,vilp-21-case3,vilp-21,-15.249703336387318,1,0,1,correct_hallucination,2
qwen,vilp,umpire,0.2,vilp-248-case3,vilp-248,-15.240204787147237,0,1,1,wrong_hallucination,1
qwen,vilp,umpire,0.2,vilp-122-case3,vilp-122,-15.234212192732985,1,0,0,correct_clean,6
qwen,vilp,umpire,0.2,vilp-226-case1,vilp-226,-15.23251093660602,1,0,0,correct_clean,6
qwen,vilp,umpire,0.2,vilp-82-case1,vilp-82,-15.229488674889437,1,0,0,correct_clean,6
qwen,vilp,umpire,0.2,vilp-289-case1,vilp-289,-15.219862867348093,1,0,0,correct_clean,6
qwen,vilp,umpire,0.2,vilp-247-case1,vilp-247,-15.172615477663271,1,0,0,correct_clean,6
qwen,vilp,umpire,0.2,vilp-140-case2,vilp-140,-15.126364176746382,1,0,0,correct_clean,6
qwen,vilp,umpire,0.2,vilp-153-case2,vilp-153,-15.098453831892574,1,0,0,correct_clean,6
qwen,hallusionbench,perplexity,0.2,hallusionbench-image-VD-math-8-0-1,hallusionbench-image-VD-math-8,1.0000097751613166,1,0,0,correct_clean,6
qwen,hallusionbench,perplexity,0.2,hallusionbench-image-VD-math-13-0-1,hallusionbench-image-VD-math-13,1.0000104904179348,1,0,0,correct_clean,4
qwen,hallusionbench,perplexity,0.2,hallusionbench-image-VD-math-13-0-0,hallusionbench-image-VD-math-13,1.0000114440917964,0,1,0,wrong_clean,3
qwen,hallusionbench,perplexity,0.2,hallusionbench-image-VD-math-13-1-0,hallusionbench-image-VD-math-13,1.0000160932544362,1,0,0,correct_clean,5
qwen,hallusionbench,perplexity,0.2,hallusionbench-image-VD-math-13-0-2,hallusionbench-image-VD-math-13,1.0000166892997397,1,0,1,correct_hallucination,1
qwen,hallusionbench,perplexity,0.2,hallusionbench-image-VD-illusion-19-0-1,hallusionbench-image-VD-illusion-19,1.0000177621836368,0,1,0,wrong_clean,3
qwen,hallusionbench,perplexity,0.2,hallusionbench-image-VD-figure-17-1-1,hallusionbench-image-VD-figure-17,1.0000188350668657,0,1,1,wrong_hallucination,1
qwen,hallusionbench,perplexity,0.2,hallusionbench-image-VD-math-9-0-1,hallusionbench-image-VD-math-9,1.0000193119040237,1,0,0,correct_clean,6
qwen,hallusionbench,perplexity,0.2,hallusionbench-image-VD-math-10-0-2,hallusionbench-image-VD-math-10,1.0000211000449366,1,0,1,correct_hallucination,1
qwen,hallusionbench,perplexity,0.2,hallusionbench-image-VD-math-13-1-1,hallusionbench-image-VD-math-13,1.0000212192531106,1,0,0,correct_clean,5
qwen,hallusionbench,perplexity,0.2,hallusionbench-image-VD-math-13-1-2,hallusionbench-image-VD-math-13,1.000023126602197,1,0,0,correct_clean,5
qwen,hallusionbench,perplexity,0.2,hallusionbench-image-VD-math-10-0-1,hallusionbench-image-VD-math-10,1.0000238418583605,1,0,1,correct_hallucination,1
qwen,hallusionbench,perplexity,0.2,hallusionbench-image-VS-table-9-1-1,hallusionbench-image-VS-table-9,1.0000244379046443,1,0,0,correct_clean,6
qwen,hallusionbench,perplexity,0.2,hallusionbench-image-VD-math-6-0-1,hallusionbench-image-VD-math-6,1.0000245571132163,1,0,0,correct_clean,6
qwen,hallusionbench,perplexity,0.2,hallusionbench-image-VD-math-12-1-1,hallusionbench-image-VD-math-12,1.0000300407410714,1,0,0,correct_clean,4
qwen,hallusionbench,perplexity,0.2,hallusionbench-image-VS-chart-16-1-1,hallusionbench-image-VS-chart-16,1.0000344514851285,1,0,0,correct_clean,6
qwen,hallusionbench,perplexity,0.2,hallusionbench-image-VD-math-9-0-2,hallusionbench-image-VD-math-9,1.0000349283206376,1,0,0,correct_clean,6
qwen,hallusionbench,perplexity,0.2,hallusionbench-image-VD-figure-7-0-1,hallusionbench-image-VD-figure-7,1.0000350475304598,1,0,0,correct_clean,6
qwen,hallusionbench,perplexity,0.2,hallusionbench-image-VD-illusion-19-0-0,hallusionbench-image-VD-illusion-19,1.000036597252167,0,1,1,wrong_hallucination,1
qwen,hallusionbench,perplexity,0.2,hallusionbench-image-VD-math-14-0-1,hallusionbench-image-VD-math-14,1.0000387430201718,1,0,1,correct_hallucination,2
qwen,hallusionbench,perplexity,0.2,hallusionbench-image-VD-math-9-1-1,hallusionbench-image-VD-math-9,1.0000418424592508,0,1,1,wrong_hallucination,1
qwen,hallusionbench,perplexity,0.2,hallusionbench-non_image-VS-table-4-0-1,hallusionbench-non_image-VS-table-4,1.0000422000875948,0,1,1,wrong_hallucination,1
qwen,hallusionbench,perplexity,0.2,hallusionbench-image-VD-math-11-0-2,hallusionbench-image-VD-math-11,1.0000426769267987,0,1,1,wrong_hallucination,2
qwen,hallusionbench,perplexity,0.2,hallusionbench-non_image-VS-table-3-0-0,hallusionbench-non_image-VS-table-3,1.0000438690203457,1,0,0,correct_clean,4
qwen,hallusionbench,perplexity,0.2,hallusionbench-image-VS-table-10-1-1,hallusionbench-image-VS-table-10,1.0000441074384978,1,0,0,correct_clean,6
qwen,hallusionbench,perplexity,0.2,hallusionbench-image-VD-math-5-1-1,hallusionbench-image-VD-math-5,1.000044584274973,1,0,1,correct_hallucination,1
qwen,hallusionbench,perplexity,0.2,hallusionbench-image-VS-map-8-1-2,hallusionbench-image-VS-map-8,1.0000451803190675,1,0,1,correct_hallucination,1
qwen,hallusionbench,perplexity,0.2,hallusionbench-image-VD-figure-3-1-1,hallusionbench-image-VD-figure-3,1.0000455379486053,0,1,1,wrong_hallucination,1
qwen,hallusionbench,perplexity,0.2,hallusionbench-image-VD-math-14-1-1,hallusionbench-image-VD-math-14,1.0000456571596923,1,0,0,correct_clean,4
qwen,hallusionbench,perplexity,0.2,hallusionbench-image-VS-map-8-1-1,hallusionbench-image-VS-map-8,1.0000457763671555,1,0,0,correct_clean,4
qwen,hallusionbench,perplexity,0.2,hallusionbench-image-VD-math-6-0-2,hallusionbench-image-VD-math-6,1.000048279763545,1,0,0,correct_clean,5
qwen,hallusionbench,perplexity,0.2,hallusionbench-non_image-VS-map-10-0-1,hallusionbench-non_image-VS-map-10,1.000051617623019,1,0,0,correct_clean,5
qwen,hallusionbench,perplexity,0.2,hallusionbench-image-VS-map-10-2-1,hallusionbench-image-VS-map-10,1.0000517368311925,0,1,1,wrong_hallucination,1
qwen,hallusionbench,perplexity,0.2,hallusionbench-image-VD-math-12-0-0,hallusionbench-image-VD-math-12,1.0000522136676673,1,0,1,correct_hallucination,1
qwen,hallusionbench,perplexity,0.2,hallusionbench-image-VS-chart-8-1-2,hallusionbench-image-VS-chart-8,1.000052809716309,1,0,0,correct_clean,6
qwen,hallusionbench,perplexity,0.2,hallusionbench-image-VD-math-10-1-1,hallusionbench-image-VD-math-10,1.0000532865532954,1,0,0,correct_clean,4
qwen,hallusionbench,perplexity,0.2,hallusionbench-image-VD-figure-18-0-1,hallusionbench-image-VD-figure-18,1.0000542402279502,1,0,0,correct_clean,6
qwen,hallusionbench,perplexity,0.2,hallusionbench-image-VD-math-7-0-0,hallusionbench-image-VD-math-7,1.0000544786449368,1,0,0,correct_clean,5
qwen,hallusionbench,perplexity,0.2,hallusionbench-image-VD-figure-17-0-1,hallusionbench-image-VD-figure-17,1.0000553131121142,1,0,0,correct_clean,6
qwen,hallusionbench,perplexity,0.2,hallusionbench-image-VS-table-9-2-1,hallusionbench-image-VS-table-9,1.0000556707379993,0,1,1,wrong_hallucination,1
qwen,hallusionbench,perplexity,0.2,hallusionbench-image-VS-map-3-1-0,hallusionbench-image-VS-map-3,1.000057697294373,1,0,0,correct_clean,6
qwen,hallusionbench,perplexity,0.2,hallusionbench-image-VD-ocr-1-0-1,hallusionbench-image-VD-ocr-1,1.000058889387634,1,0,0,correct_clean,6
qwen,hallusionbench,perplexity,0.2,hallusionbench-non_image-VS-chart-15-0-0,hallusionbench-non_image-VS-chart-15,1.0000591278093673,0,1,1,wrong_hallucination,1
qwen,hallusionbench,perplexity,0.2,hallusionbench-image-VD-figure-2-0-1,hallusionbench-image-VD-figure-2,1.0000594854366165,1,0,0,correct_clean,5
qwen,hallusionbench,perplexity,0.2,hallusionbench-image-VD-math-6-0-0,hallusionbench-image-VD-math-6,1.0000600814823162,1,0,0,correct_clean,6
qwen,hallusionbench,perplexity,0.2,hallusionbench-image-VD-ocr-17-1-0,hallusionbench-image-VD-ocr-17,1.0000629425066188,1,0,0,correct_clean,4
qwen,hallusionbench,perplexity,0.2,hallusionbench-image-VD-math-16-1-1,hallusionbench-image-VD-math-16,1.0000630617161423,1,0,0,correct_clean,5
qwen,hallusionbench,perplexity,0.2,hallusionbench-image-VD-figure-16-0-0,hallusionbench-image-VD-figure-16,1.000064373014563,0,1,1,wrong_hallucination,1
qwen,hallusionbench,perplexity,0.2,hallusionbench-image-VD-math-10-0-0,hallusionbench-image-VD-math-10,1.0000663995740187,1,0,1,correct_hallucination,2
qwen,hallusionbench,perplexity,0.2,hallusionbench-image-VD-math-14-0-2,hallusionbench-image-VD-math-14,1.0000683069201417,1,0,1,correct_hallucination,2
qwen,hallusionbench,perplexity,0.2,hallusionbench-image-VS-map-3-2-0,hallusionbench-image-VS-map-3,1.0000686645506733,0,1,1,wrong_hallucination,1
qwen,hallusionbench,perplexity,0.2,hallusionbench-image-VD-illusion-8-0-0,hallusionbench-image-VD-illusion-8,1.00006961822544,0,1,0,wrong_clean,4
qwen,hallusionbench,perplexity,0.2,hallusionbench-image-VS-map-4-1-1,hallusionbench-image-VS-map-4,1.0000724792479199,1,0,0,correct_clean,6
qwen,hallusionbench,perplexity,0.2,hallusionbench-non_image-VS-chart-16-0-0,hallusionbench-non_image-VS-chart-16,1.0000766515712758,0,1,1,wrong_hallucination,1
qwen,hallusionbench,perplexity,0.2,hallusionbench-image-VD-illusion-8-1-0,hallusionbench-image-VD-illusion-8,1.0000768899936054,1,0,0,correct_clean,5
qwen,hallusionbench,perplexity,0.2,hallusionbench-non_image-VS-table-6-0-2,hallusionbench-non_image-VS-table-6,1.0000793933878394,1,0,0,correct_clean,4
qwen,hallusionbench,perplexity,0.2,hallusionbench-image-VS-chart-8-1-1,hallusionbench-image-VS-chart-8,1.000079512599324,1,0,0,correct_clean,6
qwen,hallusionbench,perplexity,0.2,hallusionbench-image-VD-math-8-0-0,hallusionbench-image-VD-math-8,1.0000840425516713,1,0,0,correct_clean,6
qwen,hallusionbench,perplexity,0.2,hallusionbench-non_image-VS-table-9-0-1,hallusionbench-non_image-VS-table-9,1.0000845193853583,1,0,1,correct_hallucination,1
qwen,hallusionbench,perplexity,0.2,hallusionbench-non_image-VS-map-4-0-1,hallusionbench-non_image-VS-map-4,1.0000852346435918,1,0,0,correct_clean,5
qwen,hallusionbench,perplexity,0.2,hallusionbench-non_image-VS-chart-21-0-0,hallusionbench-non_image-VS-chart-21,1.0000854730606912,0,1,1,wrong_hallucination,1
qwen,hallusionbench,perplexity,0.2,hallusionbench-image-VD-math-16-0-1,hallusionbench-image-VD-math-16,1.000087022784137,1,0,1,correct_hallucination,2
qwen,hallusionbench,perplexity,0.2,hallusionbench-non_image-VS-map-5-0-3,hallusionbench-non_image-VS-map-5,1.0000888109206025,0,1,1,wrong_hallucination,1
qwen,hallusionbench,perplexity,0.2,hallusionbench-image-VD-math-11-1-1,hallusionbench-image-VD-math-11,1.0000890493385546,1,0,0,correct_clean,6
qwen,hallusionbench,perplexity,0.2,hallusionbench-image-VD-figure-10-0-1,hallusionbench-image-VD-figure-10,1.0000892877565632,1,0,0,correct_clean,5
qwen,hallusionbench,perplexity,0.2,hallusionbench-image-VD-ocr-3-0-1,hallusionbench-image-VD-ocr-3,1.0000895261746288,1,0,0,correct_clean,6
qwen,hallusionbench,perplexity,0.2,hallusionbench-image-VS-chart-15-2-0,hallusionbench-image-VS-chart-15,1.0000897645927511,1,0,0,correct_clean,4
qwen,hallusionbench,perplexity,0.2,hallusionbench-image-VD-ocr-10-0-1,hallusionbench-image-VD-ocr-10,1.0000900030109305,1,0,0,correct_clean,6
qwen,hallusionbench,perplexity,0.2,hallusionbench-image-VS-chart-2-1-3,hallusionbench-image-VS-chart-2,1.0000901222236798,1,0,0,correct_clean,6
qwen,hallusionbench,perplexity,0.2,hallusionbench-image-VD-figure-5-0-1,hallusionbench-image-VD-figure-5,1.0000917911527247,1,0,0,correct_clean,5
qwen,hallusionbench,perplexity,0.2,hallusionbench-image-VD-math-14-0-0,hallusionbench-image-VD-math-14,1.0000919103656871,1,0,1,correct_hallucination,2
qwen,hallusionbench,perplexity,0.2,hallusionbench-image-VD-video-6-0-1,hallusionbench-image-VD-video-6,1.000092983246605,1,0,0,correct_clean,5
qwen,hallusionbench,perplexity,0.2,hallusionbench-image-VD-math-5-1-0,hallusionbench-image-VD-math-5,1.0000941753419061,1,0,1,correct_hallucination,1
qwen,hallusionbench,perplexity,0.2,hallusionbench-image-VS-table-6-3-1,hallusionbench-image-VS-table-6,1.0000941753419061,1,0,1,correct_hallucination,1
qwen,hallusionbench,perplexity,0.2,hallusionbench-image-VD-ocr-4-0-1,hallusionbench-image-VD-ocr-4,1.0000947713864512,1,0,0,correct_clean,6
qwen,hallusionbench,perplexity,0.2,hallusionbench-image-VD-ocr-6-1-0,hallusionbench-image-VD-ocr-6,1.0000952482252536,1,0,0,correct_clean,4
qwen,hallusionbench,perplexity,0.2,hallusionbench-image-VD-math-9-1-2,hallusionbench-image-VD-math-9,1.0000959634766071,1,0,0,correct_clean,6
qwen,hallusionbench,perplexity,0.2,hallusionbench-non_image-VS-map-3-0-1,hallusionbench-non_image-VS-map-3,1.0000959634766071,0,1,1,wrong_hallucination,1
qwen,hallusionbench,perplexity,0.2,hallusionbench-non_image-VS-table-9-0-0,hallusionbench-non_image-VS-table-9,1.0000983476611818,0,1,1,wrong_hallucination,1
qwen,hallusionbench,perplexity,0.2,hallusionbench-image-VS-map-4-1-2,hallusionbench-image-VS-map-4,1.0000984668749258,1,0,0,correct_clean,6
qwen,hallusionbench,perplexity,0.2,hallusionbench-image-VD-figure-11-0-0,hallusionbench-image-VD-figure-11,1.0000994205490055,1,0,0,correct_clean,5
qwen,hallusionbench,perplexity,0.2,hallusionbench-image-VS-table-10-1-3,hallusionbench-image-VS-table-10,1.000101685520403,1,0,0,correct_clean,6
qwen,hallusionbench,perplexity,0.2,hallusionbench-image-VD-ocr-0-1-0,hallusionbench-image-VD-ocr-0,1.000102639197552,1,0,1,correct_hallucination,1
qwen,hallusionbench,perplexity,0.2,hallusionbench-image-VS-chart-6-2-3,hallusionbench-image-VS-chart-6,1.000102639197552,1,0,0,correct_clean,4
qwen,hallusionbench,perplexity,0.2,hallusionbench-image-VS-map-5-2-3,hallusionbench-image-VS-map-5,1.0001045465473013,1,0,0,correct_clean,4
qwen,hallusionbench,perplexity,0.2,hallusionbench-image-VS-chart-17-1-1,hallusionbench-image-VS-chart-17,1.0001050233834878,1,0,0,correct_clean,6
qwen,hallusionbench,perplexity,0.2,hallusionbench-image-VD-math-4-1-1,hallusionbench-image-VD-math-4,1.0001059770565428,1,0,0,correct_clean,5
qwen,hallusionbench,perplexity,0.2,hallusionbench-image-VS-chart-17-2-0,hallusionbench-image-VS-chart-17,1.0001068115230314,1,0,0,correct_clean,5
qwen,hallusionbench,perplexity,0.2,hallusionbench-image-VD-figure-1-0-1,hallusionbench-image-VD-figure-1,1.0001069307305075,1,0,1,correct_hallucination,1
qwen,hallusionbench,perplexity,0.2,hallusionbench-image-VD-illusion-29-0-0,hallusionbench-image-VD-illusion-29,1.0001083612431594,0,1,1,wrong_hallucination,1
qwen,hallusionbench,perplexity,0.2,hallusionbench-non_image-VS-map-5-0-1,hallusionbench-non_image-VS-map-5,1.0001099109656886,1,0,1,correct_hallucination,2
qwen,hallusionbench,perplexity,0.2,hallusionbench-image-VD-math-11-0-0,hallusionbench-image-VD-math-11,1.000111699106694,1,0,1,correct_hallucination,1
qwen,hallusionbench,perplexity,0.2,hallusionbench-image-VD-math-12-1-0,hallusionbench-image-VD-math-12,1.0001121759390141,0,1,1,wrong_hallucination,1
qwen,hallusionbench,perplexity,0.2,hallusionbench-image-VS-table-6-2-1,hallusionbench-image-VS-table-6,1.000112891195197,1,0,1,correct_hallucination,2
qwen,hallusionbench,perplexity,0.2,hallusionbench-image-VS-map-4-2-2,hallusionbench-image-VS-map-4,1.0001133680353622,0,1,1,wrong_hallucination,1
qwen,hallusionbench,perplexity,0.2,hallusionbench-image-VS-table-10-2-2,hallusionbench-image-VS-table-10,1.00011348724362,0,1,1,wrong_hallucination,1
qwen,hallusionbench,perplexity,0.2,hallusionbench-image-VD-ocr-15-0-0,hallusionbench-image-VD-ocr-15,1.0001156330092402,1,0,0,correct_clean,6
qwen,hallusionbench,perplexity,0.2,hallusionbench-non_image-VS-map-9-0-1,hallusionbench-non_image-VS-map-9,1.0001164674765086,1,0,0,correct_clean,5
qwen,hallusionbench,perplexity,0.2,hallusionbench-image-VD-ocr-0-0-1,hallusionbench-image-VD-ocr-0,1.0001174211531996,1,0,0,correct_clean,6
qwen,hallusionbench,perplexity,0.2,hallusionbench-image-VD-ocr-3-0-2,hallusionbench-image-VD-ocr-3,1.0001180171970454,1,0,0,correct_clean,6
qwen,hallusionbench,perplexity,0.2,hallusionbench-image-VD-math-11-1-2,hallusionbench-image-VD-math-11,1.0001213550564227,0,1,1,wrong_hallucination,1
qwen,hallusionbench,perplexity,0.2,hallusionbench-image-VS-map-5-2-1,hallusionbench-image-VS-map-5,1.0001218318933465,0,1,1,wrong_hallucination,1
qwen,hallusionbench,perplexity,0.2,hallusionbench-image-VD-math-17-0-1,hallusionbench-image-VD-math-17,1.0001223087304976,1,0,1,correct_hallucination,1
qwen,hallusionbench,perplexity,0.2,hallusionbench-image-VD-figure-12-1-1,hallusionbench-image-VD-figure-12,1.0001236200338355,0,1,1,wrong_hallucination,0
qwen,hallusionbench,perplexity,0.2,hallusionbench-image-VS-ocr-2-1-0,hallusionbench-image-VS-ocr-2,1.0001237392433149,0,1,0,wrong_clean,4
qwen,hallusionbench,perplexity,0.2,hallusionbench-image-VS-map-4-2-1,hallusionbench-image-VS-map-4,1.0001238584528087,0,1,1,wrong_hallucination,1
qwen,hallusionbench,perplexity,0.2,hallusionbench-image-VS-chart-4-2-2,hallusionbench-image-VS-chart-4,1.000124096871839,1,0,0,correct_clean,4
qwen,hallusionbench,perplexity,0.2,hallusionbench-image-VS-chart-16-2-1,hallusionbench-image-VS-chart-16,1.0001243352909261,0,1,1,wrong_hallucination,1
qwen,hallusionbench,perplexity,0.2,hallusionbench-image-VS-chart-20-2-0,hallusionbench-image-VS-chart-20,1.0001257658066423,1,0,0,correct_clean,4
qwen,hallusionbench,perplexity,0.2,hallusionbench-image-VS-table-6-1-2,hallusionbench-image-VS-table-6,1.0001263618409073,1,0,0,correct_clean,5
qwen,hallusionbench,perplexity,0.2,hallusionbench-image-VD-illusion-3-0-0,hallusionbench-image-VD-illusion-3,1.0001264810507138,0,1,0,wrong_clean,4
qwen,hallusionbench,perplexity,0.2,hallusionbench-image-VD-math-3-1-0,hallusionbench-image-VD-math-3,1.0001269578900813,1,0,0,correct_clean,5
qwen,hallusionbench,perplexity,0.2,hallusionbench-non_image-VS-chart-6-0-3,hallusionbench-non_image-VS-chart-6,1.0001269578900813,1,0,0,correct_clean,4
qwen,hallusionbench,perplexity,0.2,hallusionbench-non_image-VS-map-4-0-2,hallusionbench-non_image-VS-map-4,1.000127911569499,1,0,0,correct_clean,5
qwen,hallusionbench,perplexity,0.2,hallusionbench-image-VS-table-7-1-1,hallusionbench-image-VS-table-7,1.0001282691995148,1,0,0,correct_clean,6
qwen,hallusionbench,perplexity,0.2,hallusionbench-image-VS-map-1-1-1,hallusionbench-image-VS-map-1,1.000129222865629,1,0,0,correct_clean,5
qwen,hallusionbench,perplexity,0.2,hallusionbench-image-VS-chart-7-1-3,hallusionbench-image-VS-chart-7,1.0001293420757764,1,0,1,correct_hallucination,1
qwen,hallusionbench,perplexity,0.2,hallusionbench-image-VD-video-8-0-1,hallusionbench-image-VD-video-8,1.0001306533883358,1,0,1,correct_hallucination,2
qwen,hallusionbench,perplexity,0.2,hallusionbench-image-VD-ocr-11-0-1,hallusionbench-image-VD-ocr-11,1.0001326799365655,1,0,0,correct_clean,6
qwen,hallusionbench,perplexity,0.2,hallusionbench-image-VS-chart-2-1-2,hallusionbench-image-VS-chart-2,1.000134468081896,1,0,1,correct_hallucination,1
qwen,hallusionbench,perplexity,0.2,hallusionbench-image-VS-map-5-2-0,hallusionbench-image-VS-map-5,1.0001354217539211,1,0,1,correct_hallucination,1
qwen,hallusionbench,perplexity,0.2,hallusionbench-image-VS-ocr-2-1-2,hallusionbench-image-VS-ocr-2,1.000136733059898,1,0,1,correct_hallucination,2
qwen,hallusionbench,perplexity,0.2,hallusionbench-image-VD-figure-8-1-0,hallusionbench-image-VD-figure-8,1.0001376867340828,1,0,0,correct_clean,4
qwen,hallusionbench,perplexity,0.2,hallusionbench-image-VS-chart-4-1-2,hallusionbench-image-VS-chart-4,1.000138521197921,1,0,0,correct_clean,5
qwen,hallusionbench,perplexity,0.2,hallusionbench-image-VD-ocr-2-0-1,hallusionbench-image-VD-ocr-2,1.0001411438051677,1,0,0,correct_clean,6
qwen,hallusionbench,perplexity,0.2,hallusionbench-image-VD-figure-9-1-0,hallusionbench-image-VD-figure-9,1.0001413822137648,1,0,1,correct_hallucination,1
qwen,hallusionbench,perplexity,0.2,hallusionbench-image-VD-figure-4-0-1,hallusionbench-image-VD-figure-4,1.0001436471928709,0,1,1,wrong_hallucination,1
qwen,hallusionbench,perplexity,0.2,hallusionbench-non_image-VS-chart-16-0-1,hallusionbench-non_image-VS-chart-16,1.0001450777071015,1,0,0,correct_clean,4
qwen,hallusionbench,perplexity,0.2,hallusionbench-image-VS-map-10-1-1,hallusionbench-image-VS-map-10,1.0001462697990051,1,0,0,correct_clean,5
qwen,hallusionbench,perplexity,0.2,hallusionbench-image-VD-figure-2-1-1,hallusionbench-image-VD-figure-2,1.0001479387271466,0,1,1,wrong_hallucination,1
qwen,hallusionbench,perplexity,0.2,hallusionbench-image-VD-figure-4-1-1,hallusionbench-image-VD-figure-4,1.0001479387271466,0,1,1,wrong_hallucination,1
qwen,hallusionbench,perplexity,0.2,hallusionbench-image-VD-illusion-19-1-1,hallusionbench-image-VD-illusion-19,1.0001487731995387,1,0,0,correct_clean,4
qwen,hallusionbench,perplexity,0.2,hallusionbench-image-VS-map-5-1-1,hallusionbench-image-VS-map-5,1.0001487731995387,1,0,1,correct_hallucination,1
qwen,hallusionbench,perplexity,0.2,hallusionbench-image-VD-ocr-9-0-1,hallusionbench-image-VD-ocr-9,1.0001511573790225,1,0,0,correct_clean,6
qwen,hallusionbench,perplexity,0.2,hallusionbench-image-VD-math-3-0-1,hallusionbench-image-VD-math-3,1.0001530647267014,1,0,0,correct_clean,6
qwen,hallusionbench,perplexity,0.2,hallusionbench-non_image-VS-map-5-0-2,hallusionbench-non_image-VS-map-5,1.0001553297031562,1,0,0,correct_clean,5
qwen,hallusionbench,perplexity,0.2,hallusionbench-image-VD-figure-18-1-1,hallusionbench-image-VD-figure-18,1.000158905976126,0,1,1,wrong_hallucination,1
qwen,hallusionbench,perplexity,0.2,hallusionbench-image-VD-video-1-1-0,hallusionbench-image-VD-video-1,1.000158905976126,1,0,0,correct_clean,4
qwen,hallusionbench,perplexity,0.2,hallusionbench-image-VD-video-1-2-0,hallusionbench-image-VD-video-1,1.000158905976126,1,0,0,correct_clean,4
qwen,hallusionbench,perplexity,0.2,hallusionbench-image-VD-figure-8-0-1,hallusionbench-image-VD-figure-8,1.0001597404431144,1,0,0,correct_clean,5
qwen,hallusionbench,perplexity,0.2,hallusionbench-image-VD-math-3-0-0,hallusionbench-image-VD-math-3,1.0001610517518678,1,0,0,correct_clean,6
qwen,hallusionbench,perplexity,0.2,hallusionbench-image-VD-ocr-6-0-1,hallusionbench-image-VD-ocr-6,1.000162363047786,1,0,0,correct_clean,6
qwen,hallusionbench,perplexity,0.2,hallusionbench-image-VS-table-1-1-0,hallusionbench-image-VS-table-1,1.0001641378996062,1,0,0,correct_clean,6
qwen,hallusionbench,perplexity,0.2,hallusionbench-image-VD-figure-12-0-1,hallusionbench-image-VD-figure-12,1.00016415118797,1,0,0,correct_clean,5
qwen,hallusionbench,perplexity,0.2,hallusionbench-image-VD-figure-19-0-1,hallusionbench-image-VD-figure-19,1.00016415118797,1,0,0,correct_clean,5
qwen,hallusionbench,perplexity,0.2,hallusionbench-image-VD-figure-8-1-1,hallusionbench-image-VD-figure-8,1.0001660585458747,0,1,1,wrong_hallucination,1
qwen,hallusionbench,perplexity,0.2,hallusionbench-image-VS-map-0-1-0,hallusionbench-image-VS-map-0,1.000167012218914,1,0,0,correct_clean,6
qwen,hallusionbench,perplexity,0.2,hallusionbench-image-VD-figure-2-0-0,hallusionbench-image-VD-figure-2,1.0001685619377227,1,0,0,correct_clean,5
qwen,hallusionbench,perplexity,0.2,hallusionbench-image-VD-ocr-5-0-1,hallusionbench-image-VD-ocr-5,1.0001696348135447,1,0,0,correct_clean,6
qwen,hallusionbench,perplexity,0.2,hallusionbench-image-VD-figure-14-0-1,hallusionbench-image-VD-figure-14,1.0001726150463712,1,0,0,correct_clean,5
qwen,hallusionbench,perplexity,0.2,hallusionbench-image-VD-figure-7-0-0,hallusionbench-image-VD-figure-7,1.0001726150463712,1,0,0,correct_clean,4
qwen,hallusionbench,perplexity,0.2,hallusionbench-image-VS-table-8-1-5,hallusionbench-image-VS-table-8,1.0001742839748113,1,0,0,correct_clean,6
qwen,hallusionbench,perplexity,0.2,hallusionbench-image-VD-math-16-0-0,hallusionbench-image-VD-math-16,1.0001761913229308,1,0,1,correct_hallucination,2
qwen,hallusionbench,perplexity,0.2,hallusionbench-image-VD-figure-15-0-1,hallusionbench-image-VD-figure-15,1.0001775026386983,1,0,0,correct_clean,5
qwen,hallusionbench,perplexity,0.2,hallusionbench-image-VD-ocr-13-0-1,hallusionbench-image-VD-ocr-13,1.0001795291945306,1,0,0,correct_clean,6
qwen,hallusionbench,perplexity,0.2,hallusionbench-image-VS-chart-13-2-1,hallusionbench-image-VS-chart-13,1.00018227100933,0,1,1,wrong_hallucination,1
qwen,hallusionbench,perplexity,0.2,hallusionbench-image-VS-ocr-9-2-0,hallusionbench-image-VS-ocr-9,1.0001840591414426,1,0,1,correct_hallucination,1
qwen,hallusionbench,perplexity,0.2,hallusionbench-image-VS-table-7-1-5,hallusionbench-image-VS-table-7,1.0001859664936488,1,0,0,correct_clean,6
qwen,hallusionbench,perplexity,0.2,hallusionbench-image-VS-table-10-2-3,hallusionbench-image-VS-table-10,1.0001873970101904,0,1,1,wrong_hallucination,1
qwen,hallusionbench,perplexity,0.2,hallusionbench-image-VS-chart-8-2-2,hallusionbench-image-VS-chart-8,1.0001888275142234,1,0,1,correct_hallucination,2
qwen,hallusionbench,perplexity,0.2,hallusionbench-image-VD-figure-9-0-1,hallusionbench-image-VD-figure-9,1.0001920461666942,1,0,0,correct_clean,5
qwen,hallusionbench,perplexity,0.2,hallusionbench-image-VD-video-8-1-1,hallusionbench-image-VD-video-8,1.0001931190531528,0,1,1,wrong_hallucination,1
qwen,hallusionbench,perplexity,0.2,hallusionbench-image-VD-math-16-1-2,hallusionbench-image-VD-math-16,1.0001939535195767,1,0,1,correct_hallucination,1
qwen,hallusionbench,perplexity,0.2,hallusionbench-image-VD-figure-5-2-1,hallusionbench-image-VD-figure-5,1.000194072722885,0,1,1,wrong_hallucination,1
qwen,hallusionbench,perplexity,0.2,hallusionbench-image-VS-map-0-1-2,hallusionbench-image-VS-map-0,1.0001955032364658,1,0,0,correct_clean,4
qwen,hallusionbench,perplexity,0.2,hallusionbench-image-VD-ocr-16-0-0,hallusionbench-image-VD-ocr-16,1.0001956224399589,1,0,0,correct_clean,5
qwen,hallusionbench,perplexity,0.2,hallusionbench-image-VS-chart-4-1-1,hallusionbench-image-VS-chart-4,1.0001960992831822,0,1,1,wrong_hallucination,1
qwen,hallusionbench,perplexity,0.2,hallusionbench-image-VD-math-11-0-1,hallusionbench-image-VD-math-11,1.000197649003396,0,1,1,wrong_hallucination,1
qwen,hallusionbench,perplexity,0.2,hallusionbench-image-VD-math-17-0-2,hallusionbench-image-VD-math-17,1.0001977682071446,1,0,1,correct_hallucination,1
qwen,hallusionbench,perplexity,0.2,hallusionbench-image-VD-figure-3-0-1,hallusionbench-image-VD-figure-3,1.0001999139789337,0,1,1,wrong_hallucination,1
qwen,hallusionbench,perplexity,0.2,hallusionbench-image-VS-table-3-2-2,hallusionbench-image-VS-table-3,1.0002028942146548,1,0,1,correct_hallucination,1
qwen,hallusionbench,perplexity,0.2,hallusionbench-image-VD-figure-5-1-1,hallusionbench-image-VD-figure-5,1.0002034902512207,0,1,1,wrong_hallucination,1
qwen,hallusionbench,perplexity,0.2,hallusionbench-image-VS-ocr-11-1-1,hallusionbench-image-VS-ocr-11,1.0002081394243105,1,0,1,correct_hallucination,1
qwen,hallusionbench,perplexity,0.2,hallusionbench-image-VD-ocr-4-0-0,hallusionbench-image-VD-ocr-4,1.000211358066153,1,0,0,correct_clean,6
qwen,hallusionbench,perplexity,0.2,hallusionbench-image-VS-map-5-1-3,hallusionbench-image-VS-map-5,1.000212311738721,0,1,1,wrong_hallucination,1
qwen,hallusionbench,perplexity,0.2,hallusionbench-non_image-VS-table-9-0-2,hallusionbench-non_image-VS-table-9,1.0002125501642825,0,1,0,wrong_clean,3
qwen,hallusionbench,perplexity,0.2,hallusionbench-image-VS-table-5-2-2,hallusionbench-image-VS-table-5,1.0002149343502489,0,1,0,wrong_clean,4
qwen,hallusionbench,perplexity,0.2,hallusionbench-image-VS-map-5-1-0,hallusionbench-image-VS-map-5,1.0002158880262266,0,1,0,wrong_clean,3
qwen,hallusionbench,perplexity,0.2,hallusionbench-non_image-VS-table-6-0-3,hallusionbench-non_image-VS-table-6,1.0002202987712583,1,0,0,correct_clean,4
qwen,hallusionbench,perplexity,0.2,hallusionbench-image-VD-figure-13-0-0,hallusionbench-image-VD-figure-13,1.000226020813233,0,1,1,wrong_hallucination,1
qwen,hallusionbench,perplexity,0.2,hallusionbench-image-VD-ocr-8-0-1,hallusionbench-image-VD-ocr-8,1.0002262592275073,1,0,0,correct_clean,5
qwen,hallusionbench,perplexity,0.2,hallusionbench-image-VS-chart-1-1-0,hallusionbench-image-VS-chart-1,1.0002321004823103,1,0,1,correct_hallucination,2
qwen,hallusionbench,perplexity,0.2,hallusionbench-non_image-VS-ocr-7-0-0,hallusionbench-non_image-VS-ocr-7,1.000237941742115,1,0,0,correct_clean,6
qwen,hallusionbench,perplexity,0.2,hallusionbench-non_image-VS-map-5-0-0,hallusionbench-non_image-VS-map-5,1.0002393722602172,0,1,1,wrong_hallucination,1
qwen,hallusionbench,perplexity,0.2,hallusionbench-image-VD-illusion-0-0-0,hallusionbench-image-VD-illusion-0,1.0002424716915872,0,1,1,wrong_hallucination,1
qwen,hallusionbench,perplexity,0.2,hallusionbench-image-VD-figure-0-1-0,hallusionbench-image-VD-figure-0,1.0002446174573925,1,0,0,correct_clean,4
qwen,hallusionbench,perplexity,0.2,hallusionbench-image-VD-figure-9-0-0,hallusionbench-image-VD-figure-9,1.0002458095514957,1,0,0,correct_clean,5
qwen,hallusionbench,perplexity,0.2,hallusionbench-image-VS-table-5-3-2,hallusionbench-image-VS-table-5,1.0002461671800036,1,0,0,correct_clean,6
qwen,hallusionbench,perplexity,0.2,hallusionbench-image-VD-math-9-0-0,hallusionbench-image-VD-math-9,1.0002530813271797,1,0,0,correct_clean,6
qwen,hallusionbench,perplexity,0.2,hallusionbench-image-VD-figure-11-0-1,hallusionbench-image-VD-figure-11,1.0002535581686853,0,1,1,wrong_hallucination,1
qwen,hallusionbench,perplexity,0.2,hallusionbench-image-VD-figure-1-1-0,hallusionbench-image-VD-figure-1,1.0002547502443326,1,0,0,correct_clean,4
qwen,hallusionbench,perplexity,0.2,hallusionbench-image-VS-chart-2-1-6,hallusionbench-image-VS-chart-2,1.0002634525356666,1,0,1,correct_hallucination,1
qwen,hallusionbench,perplexity,0.2,hallusionbench-image-VS-chart-11-1-0,hallusionbench-image-VS-chart-11,1.0002644061996822,1,0,0,correct_clean,6
qwen,hallusionbench,perplexity,0.2,hallusionbench-image-VS-map-0-2-2,hallusionbench-image-VS-map-0,1.0002665519834308,0,1,1,wrong_hallucination,1
qwen,hallusionbench,perplexity,0.2,hallusionbench-image-VS-map-0-2-0,hallusionbench-image-VS-map-0,1.0002673864383413,0,1,0,wrong_clean,4
qwen,hallusionbench,perplexity,0.2,hallusionbench-image-VD-figure-18-0-0,hallusionbench-image-VD-figure-18,1.0002698898363613,1,0,0,correct_clean,5
qwen,hallusionbench,perplexity,0.2,hallusionbench-image-VS-chart-9-2-3,hallusionbench-image-VS-chart-9,1.0002708435065142,0,1,0,wrong_clean,4
qwen,hallusionbench,perplexity,0.2,hallusionbench-image-VS-table-8-1-3,hallusionbench-image-VS-table-8,1.0002710819314724,1,0,0,correct_clean,6
qwen,hallusionbench,perplexity,0.2,hallusionbench-image-VS-table-7-1-0,hallusionbench-image-VS-table-7,1.0002731084876881,1,0,0,correct_clean,6
qwen,hallusionbench,perplexity,0.2,hallusionbench-image-VD-math-16-1-0,hallusionbench-image-VD-math-16,1.0002790689384065,0,1,0,wrong_clean,3
qwen,hallusionbench,perplexity,0.2,hallusionbench-image-VD-figure-0-0-0,hallusionbench-image-VD-figure-0,1.0002825260178436,1,0,0,correct_clean,5
qwen,hallusionbench,perplexity,0.2,hallusionbench-image-VD-math-12-0-1,hallusionbench-image-VD-math-12,1.000284314169076,0,1,1,wrong_hallucination,1
qwen,hallusionbench,perplexity,0.2,hallusionbench-image-VS-chart-10-1-3,hallusionbench-image-VS-chart-10,1.0002861022943932,1,0,0,correct_clean,6
qwen,hallusionbench,perplexity,0.2,hallusionbench-image-VS-table-8-2-1,hallusionbench-image-VS-table-8,1.0002863407229885,0,1,0,wrong_clean,3
qwen,hallusionbench,perplexity,0.2,hallusionbench-image-VD-figure-16-0-1,hallusionbench-image-VD-figure-16,1.0002877712375293,1,0,1,correct_hallucination,1
qwen,hallusionbench,perplexity,0.2,hallusionbench-image-VD-math-6-1-1,hallusionbench-image-VD-math-6,1.0002884864664547,0,1,1,wrong_hallucination,1
qwen,hallusionbench,perplexity,0.2,hallusionbench-non_image-VS-ocr-11-0-1,hallusionbench-non_image-VS-ocr-11,1.00029051302882,1,0,1,correct_hallucination,1
qwen,hallusionbench,perplexity,0.2,hallusionbench-non_image-VS-chart-10-0-1,hallusionbench-non_image-VS-chart-10,1.0002908706733111,1,0,0,correct_clean,5
qwen,hallusionbench,perplexity,0.2,hallusionbench-image-VD-figure-13-0-1,hallusionbench-image-VD-figure-13,1.0002927780254207,0,1,1,wrong_hallucination,1
qwen,hallusionbench,perplexity,0.2,hallusionbench-image-VD-figure-1-0-0,hallusionbench-image-VD-figure-1,1.0002945661658678,1,0,0,correct_clean,6
qwen,hallusionbench,perplexity,0.2,hallusionbench-image-VD-illusion-11-0-0,hallusionbench-image-VD-illusion-11,1.0002974271914093,0,1,1,wrong_hallucination,1
qwen,hallusionbench,perplexity,0.2,hallusionbench-non_image-VS-chart-4-0-2,hallusionbench-non_image-VS-chart-4,1.0003019571337137,1,0,0,correct_clean,5
qwen,hallusionbench,perplexity,0.2,hallusionbench-image-VD-math-8-0-2,hallusionbench-image-VD-math-8,1.000305294988339,1,0,0,correct_clean,6
qwen,hallusionbench,perplexity,0.2,hallusionbench-image-VD-figure-3-0-0,hallusionbench-image-VD-figure-3,1.000305414204917,1,0,1,correct_hallucination,1
qwen,hallusionbench,perplexity,0.2,hallusionbench-image-VS-map-9-2-1,hallusionbench-image-VS-map-9,1.000306248663135,1,0,0,correct_clean,4
qwen,hallusionbench,perplexity,0.2,hallusionbench-image-VS-chart-8-2-1,hallusionbench-image-VS-chart-8,1.0003095865320806,0,1,1,wrong_hallucination,1
qwen,hallusionbench,perplexity,0.2,hallusionbench-image-VD-figure-18-1-0,hallusionbench-image-VD-figure-18,1.0003098249371607,0,1,1,wrong_hallucination,1
qwen,hallusionbench,perplexity,0.2,hallusionbench-image-VD-figure-8-0-0,hallusionbench-image-VD-figure-8,1.0003110170507525,1,0,0,correct_clean,6
qwen,hallusionbench,perplexity,0.2,hallusionbench-image-VS-table-8-3-1,hallusionbench-image-VS-table-8,1.0003126859772322,1,0,0,correct_clean,5
qwen,hallusionbench,perplexity,0.2,hallusionbench-image-VD-illusion-1-0-2,hallusionbench-image-VD-illusion-1,1.000312805165578,1,0,0,correct_clean,5
qwen,hallusionbench,perplexity,0.2,hallusionbench-image-VD-ocr-17-0-1,hallusionbench-image-VD-ocr-17,1.0003191232745297,1,0,0,correct_clean,6
qwen,hallusionbench,perplexity,0.2,hallusionbench-image-VS-chart-6-2-2,hallusionbench-image-VS-chart-6,1.000323653227747,1,0,0,correct_clean,4
qwen,hallusionbench,perplexity,0.2,hallusionbench-non_image-VS-ocr-0-0-0,hallusionbench-non_image-VS-ocr-0,1.0003256797740194,0,1,1,wrong_hallucination,1
qwen,hallusionbench,semantic_entropy,0.2,hallusionbench-image-VD-figure-0-0-0,hallusionbench-image-VD-figure-0,-0.0,1,0,0,correct_clean,5
qwen,hallusionbench,semantic_entropy,0.2,hallusionbench-image-VD-figure-1-0-0,hallusionbench-image-VD-figure-1,-0.0,1,0,0,correct_clean,6
qwen,hallusionbench,semantic_entropy,0.2,hallusionbench-image-VD-figure-1-0-1,hallusionbench-image-VD-figure-1,-0.0,1,0,1,correct_hallucination,1
qwen,hallusionbench,semantic_entropy,0.2,hallusionbench-image-VD-figure-1-1-0,hallusionbench-image-VD-figure-1,-0.0,1,0,0,correct_clean,4
qwen,hallusionbench,semantic_entropy,0.2,hallusionbench-image-VD-figure-1-1-1,hallusionbench-image-VD-figure-1,-0.0,1,0,0,correct_clean,4
qwen,hallusionbench,semantic_entropy,0.2,hallusionbench-image-VD-figure-10-0-1,hallusionbench-image-VD-figure-10,-0.0,1,0,0,correct_clean,5
qwen,hallusionbench,semantic_entropy,0.2,hallusionbench-image-VD-figure-11-0-0,hallusionbench-image-VD-figure-11,-0.0,1,0,0,correct_clean,5
qwen,hallusionbench,semantic_entropy,0.2,hallusionbench-image-VD-figure-11-0-1,hallusionbench-image-VD-figure-11,-0.0,0,1,1,wrong_hallucination,1
qwen,hallusionbench,semantic_entropy,0.2,hallusionbench-image-VD-figure-11-1-1,hallusionbench-image-VD-figure-11,-0.0,1,0,0,correct_clean,4
qwen,hallusionbench,semantic_entropy,0.2,hallusionbench-image-VD-figure-12-0-0,hallusionbench-image-VD-figure-12,-0.0,1,0,1,correct_hallucination,1
qwen,hallusionbench,semantic_entropy,0.2,hallusionbench-image-VD-figure-12-0-1,hallusionbench-image-VD-figure-12,-0.0,1,0,0,correct_clean,5
qwen,hallusionbench,semantic_entropy,0.2,hallusionbench-image-VD-figure-12-1-1,hallusionbench-image-VD-figure-12,-0.0,0,1,1,wrong_hallucination,0
qwen,hallusionbench,semantic_entropy,0.2,hallusionbench-image-VD-figure-13-0-1,hallusionbench-image-VD-figure-13,-0.0,0,1,1,wrong_hallucination,1
qwen,hallusionbench,semantic_entropy,0.2,hallusionbench-image-VD-figure-14-0-0,hallusionbench-image-VD-figure-14,-0.0,1,0,0,correct_clean,5
qwen,hallusionbench,semantic_entropy,0.2,hallusionbench-image-VD-figure-14-0-1,hallusionbench-image-VD-figure-14,-0.0,1,0,0,correct_clean,5
qwen,hallusionbench,semantic_entropy,0.2,hallusionbench-image-VD-figure-15-0-0,hallusionbench-image-VD-figure-15,-0.0,1,0,0,correct_clean,5
qwen,hallusionbench,semantic_entropy,0.2,hallusionbench-image-VD-figure-15-0-1,hallusionbench-image-VD-figure-15,-0.0,1,0,0,correct_clean,5
qwen,hallusionbench,semantic_entropy,0.2,hallusionbench-image-VD-figure-15-1-0,hallusionbench-image-VD-figure-15,-0.0,0,1,1,wrong_hallucination,1
qwen,hallusionbench,semantic_entropy,0.2,hallusionbench-image-VD-figure-16-0-0,hallusionbench-image-VD-figure-16,-0.0,0,1,1,wrong_hallucination,1
qwen,hallusionbench,semantic_entropy,0.2,hallusionbench-image-VD-figure-16-1-1,hallusionbench-image-VD-figure-16,-0.0,1,0,0,correct_clean,4
qwen,hallusionbench,semantic_entropy,0.2,hallusionbench-image-VD-figure-17-0-0,hallusionbench-image-VD-figure-17,-0.0,1,0,0,correct_clean,5
qwen,hallusionbench,semantic_entropy,0.2,hallusionbench-image-VD-figure-17-0-1,hallusionbench-image-VD-figure-17,-0.0,1,0,0,correct_clean,6
qwen,hallusionbench,semantic_entropy,0.2,hallusionbench-image-VD-figure-18-0-0,hallusionbench-image-VD-figure-18,-0.0,1,0,0,correct_clean,5
qwen,hallusionbench,semantic_entropy,0.2,hallusionbench-image-VD-figure-18-0-1,hallusionbench-image-VD-figure-18,-0.0,1,0,0,correct_clean,6
qwen,hallusionbench,semantic_entropy,0.2,hallusionbench-image-VD-figure-18-1-0,hallusionbench-image-VD-figure-18,-0.0,0,1,1,wrong_hallucination,1
qwen,hallusionbench,semantic_entropy,0.2,hallusionbench-image-VD-figure-19-0-0,hallusionbench-image-VD-figure-19,-0.0,1,0,0,correct_clean,5
qwen,hallusionbench,semantic_entropy,0.2,hallusionbench-image-VD-figure-19-0-1,hallusionbench-image-VD-figure-19,-0.0,1,0,0,correct_clean,5
qwen,hallusionbench,semantic_entropy,0.2,hallusionbench-image-VD-figure-2-0-0,hallusionbench-image-VD-figure-2,-0.0,1,0,0,correct_clean,5
qwen,hallusionbench,semantic_entropy,0.2,hallusionbench-image-VD-figure-2-0-1,hallusionbench-image-VD-figure-2,-0.0,1,0,0,correct_clean,5
qwen,hallusionbench,semantic_entropy,0.2,hallusionbench-image-VD-figure-5-0-1,hallusionbench-image-VD-figure-5,-0.0,1,0,0,correct_clean,5
qwen,hallusionbench,semantic_entropy,0.2,hallusionbench-image-VD-figure-6-0-0,hallusionbench-image-VD-figure-6,-0.0,1,0,0,correct_clean,5
qwen,hallusionbench,semantic_entropy,0.2,hallusionbench-image-VD-figure-6-0-1,hallusionbench-image-VD-figure-6,-0.0,1,0,0,correct_clean,6
qwen,hallusionbench,semantic_entropy,0.2,hallusionbench-image-VD-figure-6-1-0,hallusionbench-image-VD-figure-6,-0.0,0,1,1,wrong_hallucination,1
qwen,hallusionbench,semantic_entropy,0.2,hallusionbench-image-VD-figure-7-0-0,hallusionbench-image-VD-figure-7,-0.0,1,0,0,correct_clean,4
qwen,hallusionbench,semantic_entropy,0.2,hallusionbench-image-VD-figure-7-0-1,hallusionbench-image-VD-figure-7,-0.0,1,0,0,correct_clean,6
qwen,hallusionbench,semantic_entropy,0.2,hallusionbench-image-VD-figure-7-1-0,hallusionbench-image-VD-figure-7,-0.0,0,1,1,wrong_hallucination,1
qwen,hallusionbench,semantic_entropy,0.2,hallusionbench-image-VD-figure-8-0-1,hallusionbench-image-VD-figure-8,-0.0,1,0,0,correct_clean,5
qwen,hallusionbench,semantic_entropy,0.2,hallusionbench-image-VD-figure-9-0-1,hallusionbench-image-VD-figure-9,-0.0,1,0,0,correct_clean,5
qwen,hallusionbench,semantic_entropy,0.2,hallusionbench-image-VD-illusion-0-1-0,hallusionbench-image-VD-illusion-0,-0.0,0,1,1,wrong_hallucination,1
qwen,hallusionbench,semantic_entropy,0.2,hallusionbench-image-VD-illusion-1-1-2,hallusionbench-image-VD-illusion-1,-0.0,0,1,1,wrong_hallucination,1
qwen,hallusionbench,semantic_entropy,0.2,hallusionbench-image-VD-illusion-11-0-2,hallusionbench-image-VD-illusion-11,-0.0,0,1,0,wrong_clean,3
qwen,hallusionbench,semantic_entropy,0.2,hallusionbench-image-VD-illusion-11-1-0,hallusionbench-image-VD-illusion-11,-0.0,0,1,0,wrong_clean,3
qwen,hallusionbench,semantic_entropy,0.2,hallusionbench-image-VD-illusion-11-1-2,hallusionbench-image-VD-illusion-11,-0.0,0,1,1,wrong_hallucination,1
qwen,hallusionbench,semantic_entropy,0.2,hallusionbench-image-VD-illusion-12-0-0,hallusionbench-image-VD-illusion-12,-0.0,1,0,1,correct_hallucination,1
qwen,hallusionbench,semantic_entropy,0.2,hallusionbench-image-VD-illusion-13-0-0,hallusionbench-image-VD-illusion-13,-0.0,1,0,0,correct_clean,5
qwen,hallusionbench,semantic_entropy,0.2,hallusionbench-image-VD-illusion-14-0-0,hallusionbench-image-VD-illusion-14,-0.0,1,0,1,correct_hallucination,1
qwen,hallusionbench,semantic_entropy,0.2,hallusionbench-image-VD-illusion-14-0-2,hallusionbench-image-VD-illusion-14,-0.0,0,1,1,wrong_hallucination,1
qwen,hallusionbench,semantic_entropy,0.2,hallusionbench-image-VD-illusion-14-0-3,hallusionbench-image-VD-illusion-14,-0.0,0,1,1,wrong_hallucination,2
qwen,hallusionbench,semantic_entropy,0.2,hallusionbench-image-VD-illusion-14-1-0,hallusionbench-image-VD-illusion-14,-0.0,0,1,1,wrong_hallucination,1
qwen,hallusionbench,semantic_entropy,0.2,hallusionbench-image-VD-illusion-14-1-3,hallusionbench-image-VD-illusion-14,-0.0,1,0,0,correct_clean,4
qwen,hallusionbench,semantic_entropy,0.2,hallusionbench-image-VD-illusion-15-0-1,hallusionbench-image-VD-illusion-15,-0.0,1,0,0,correct_clean,5
qwen,hallusionbench,semantic_entropy,0.2,hallusionbench-image-VD-illusion-15-1-1,hallusionbench-image-VD-illusion-15,-0.0,0,1,1,wrong_hallucination,1
qwen,hallusionbench,semantic_entropy,0.2,hallusionbench-image-VD-illusion-16-1-1,hallusionbench-image-VD-illusion-16,-0.0,0,1,1,wrong_hallucination,1
qwen,hallusionbench,semantic_entropy,0.2,hallusionbench-image-VD-illusion-17-0-1,hallusionbench-image-VD-illusion-17,-0.0,1,0,0,correct_clean,5
qwen,hallusionbench,semantic_entropy,0.2,hallusionbench-image-VD-illusion-17-1-0,hallusionbench-image-VD-illusion-17,-0.0,0,1,1,wrong_hallucination,1
qwen,hallusionbench,semantic_entropy,0.2,hallusionbench-image-VD-illusion-18-0-1,hallusionbench-image-VD-illusion-18,-0.0,1,0,0,correct_clean,5
qwen,hallusionbench,semantic_entropy,0.2,hallusionbench-image-VD-illusion-19-0-2,hallusionbench-image-VD-illusion-19,-0.0,0,1,1,wrong_hallucination,1
qwen,hallusionbench,semantic_entropy,0.2,hallusionbench-image-VD-illusion-19-0-3,hallusionbench-image-VD-illusion-19,-0.0,1,0,0,correct_clean,5
qwen,hallusionbench,semantic_entropy,0.2,hallusionbench-image-VD-illusion-19-1-0,hallusionbench-image-VD-illusion-19,-0.0,0,1,1,wrong_hallucination,1
qwen,hallusionbench,semantic_entropy,0.2,hallusionbench-image-VD-illusion-19-1-3,hallusionbench-image-VD-illusion-19,-0.0,1,0,0,correct_clean,4
qwen,hallusionbench,semantic_entropy,0.2,hallusionbench-image-VD-illusion-2-0-0,hallusionbench-image-VD-illusion-2,-0.0,1,0,0,correct_clean,5
qwen,hallusionbench,semantic_entropy,0.2,hallusionbench-image-VD-illusion-2-0-1,hallusionbench-image-VD-illusion-2,-0.0,1,0,0,correct_clean,5
qwen,hallusionbench,semantic_entropy,0.2,hallusionbench-image-VD-illusion-2-0-2,hallusionbench-image-VD-illusion-2,-0.0,1,0,0,correct_clean,5
qwen,hallusionbench,semantic_entropy,0.2,hallusionbench-image-VD-illusion-21-0-2,hallusionbench-image-VD-illusion-21,-0.0,1,0,0,correct_clean,6
qwen,hallusionbench,semantic_entropy,0.2,hallusionbench-image-VD-illusion-21-0-3,hallusionbench-image-VD-illusion-21,-0.0,1,0,0,correct_clean,6
qwen,hallusionbench,semantic_entropy,0.2,hallusionbench-image-VD-illusion-21-1-2,hallusionbench-image-VD-illusion-21,-0.0,0,1,1,wrong_hallucination,1
qwen,hallusionbench,semantic_entropy,0.2,hallusionbench-image-VD-illusion-23-1-1,hallusionbench-image-VD-illusion-23,-0.0,0,1,0,wrong_clean,3
qwen,hallusionbench,semantic_entropy,0.2,hallusionbench-image-VD-illusion-24-0-0,hallusionbench-image-VD-illusion-24,-0.0,1,0,0,correct_clean,6
qwen,hallusionbench,semantic_entropy,0.2,hallusionbench-image-VD-illusion-24-0-1,hallusionbench-image-VD-illusion-24,-0.0,1,0,0,correct_clean,5
qwen,hallusionbench,semantic_entropy,0.2,hallusionbench-image-VD-illusion-24-1-1,hallusionbench-image-VD-illusion-24,-0.0,0,1,0,wrong_clean,3
qwen,hallusionbench,semantic_entropy,0.2,hallusionbench-image-VD-illusion-25-0-0,hallusionbench-image-VD-illusion-25,-0.0,0,1,1,wrong_hallucination,1
qwen,hallusionbench,semantic_entropy,0.2,hallusionbench-image-VD-illusion-25-0-1,hallusionbench-image-VD-illusion-25,-0.0,0,1,1,wrong_hallucination,1
qwen,hallusionbench,semantic_entropy,0.2,hallusionbench-image-VD-illusion-25-0-2,hallusionbench-image-VD-illusion-25,-0.0,1,0,0,correct_clean,4
qwen,hallusionbench,semantic_entropy,0.2,hallusionbench-image-VD-illusion-27-0-1,hallusionbench-image-VD-illusion-27,-0.0,1,0,0,correct_clean,4
qwen,hallusionbench,semantic_entropy,0.2,hallusionbench-image-VD-illusion-27-0-2,hallusionbench-image-VD-illusion-27,-0.0,1,0,0,correct_clean,5
qwen,hallusionbench,semantic_entropy,0.2,hallusionbench-image-VD-illusion-28-0-0,hallusionbench-image-VD-illusion-28,-0.0,1,0,1,correct_hallucination,1
qwen,hallusionbench,semantic_entropy,0.2,hallusionbench-image-VD-illusion-29-1-0,hallusionbench-image-VD-illusion-29,-0.0,0,1,1,wrong_hallucination,1
qwen,hallusionbench,semantic_entropy,0.2,hallusionbench-image-VD-illusion-29-1-2,hallusionbench-image-VD-illusion-29,-0.0,1,0,1,correct_hallucination,1
qwen,hallusionbench,semantic_entropy,0.2,hallusionbench-image-VD-illusion-3-0-0,hallusionbench-image-VD-illusion-3,-0.0,0,1,0,wrong_clean,4
qwen,hallusionbench,semantic_entropy,0.2,hallusionbench-image-VD-illusion-3-0-2,hallusionbench-image-VD-illusion-3,-0.0,1,0,0,correct_clean,4
qwen,hallusionbench,semantic_entropy,0.2,hallusionbench-image-VD-illusion-3-1-0,hallusionbench-image-VD-illusion-3,-0.0,0,1,1,wrong_hallucination,1
qwen,hallusionbench,semantic_entropy,0.2,hallusionbench-image-VD-illusion-30-0-0,hallusionbench-image-VD-illusion-30,-0.0,1,0,0,correct_clean,4
qwen,hallusionbench,semantic_entropy,0.2,hallusionbench-image-VD-illusion-4-0-0,hallusionbench-image-VD-illusion-4,-0.0,1,0,1,correct_hallucination,1
qwen,hallusionbench,semantic_entropy,0.2,hallusionbench-image-VD-illusion-5-0-1,hallusionbench-image-VD-illusion-5,-0.0,1,0,1,correct_hallucination,1
qwen,hallusionbench,semantic_entropy,0.2,hallusionbench-image-VD-illusion-5-0-2,hallusionbench-image-VD-illusion-5,-0.0,1,0,1,correct_hallucination,1
qwen,hallusionbench,semantic_entropy,0.2,hallusionbench-image-VD-illusion-5-1-2,hallusionbench-image-VD-illusion-5,-0.0,1,0,0,correct_clean,5
qwen,hallusionbench,semantic_entropy,0.2,hallusionbench-image-VD-illusion-6-0-0,hallusionbench-image-VD-illusion-6,-0.0,1,0,0,correct_clean,4
qwen,hallusionbench,semantic_entropy,0.2,hallusionbench-image-VD-illusion-7-0-1,hallusionbench-image-VD-illusion-7,-0.0,1,0,1,correct_hallucination,1
qwen,hallusionbench,semantic_entropy,0.2,hallusionbench-image-VD-illusion-8-0-2,hallusionbench-image-VD-illusion-8,-0.0,1,0,1,correct_hallucination,1
qwen,hallusionbench,semantic_entropy,0.2,hallusionbench-image-VD-illusion-9-0-0,hallusionbench-image-VD-illusion-9,-0.0,1,0,1,correct_hallucination,1
qwen,hallusionbench,semantic_entropy,0.2,hallusionbench-image-VD-illusion-9-0-1,hallusionbench-image-VD-illusion-9,-0.0,1,0,1,correct_hallucination,1
qwen,hallusionbench,semantic_entropy,0.2,hallusionbench-image-VD-illusion-9-1-0,hallusionbench-image-VD-illusion-9,-0.0,0,1,1,wrong_hallucination,1
qwen,hallusionbench,semantic_entropy,0.2,hallusionbench-image-VD-illusion-9-1-1,hallusionbench-image-VD-illusion-9,-0.0,0,1,1,wrong_hallucination,1
qwen,hallusionbench,semantic_entropy,0.2,hallusionbench-image-VD-math-0-0-0,hallusionbench-image-VD-math-0,-0.0,1,0,0,correct_clean,5
qwen,hallusionbench,semantic_entropy,0.2,hallusionbench-image-VD-math-0-0-2,hallusionbench-image-VD-math-0,-0.0,1,0,0,correct_clean,6
qwen,hallusionbench,semantic_entropy,0.2,hallusionbench-image-VD-math-1-0-0,hallusionbench-image-VD-math-1,-0.0,1,0,0,correct_clean,6
qwen,hallusionbench,semantic_entropy,0.2,hallusionbench-image-VD-math-1-0-1,hallusionbench-image-VD-math-1,-0.0,1,0,0,correct_clean,6
qwen,hallusionbench,semantic_entropy,0.2,hallusionbench-image-VD-math-10-0-0,hallusionbench-image-VD-math-10,-0.0,1,0,1,correct_hallucination,2
qwen,hallusionbench,semantic_entropy,0.2,hallusionbench-image-VD-math-10-0-1,hallusionbench-image-VD-math-10,-0.0,1,0,1,correct_hallucination,1
qwen,hallusionbench,semantic_entropy,0.2,hallusionbench-image-VD-math-10-0-2,hallusionbench-image-VD-math-10,-0.0,1,0,1,correct_hallucination,1
qwen,hallusionbench,semantic_entropy,0.2,hallusionbench-image-VD-math-10-1-0,hallusionbench-image-VD-math-10,-0.0,0,1,1,wrong_hallucination,1
qwen,hallusionbench,semantic_entropy,0.2,hallusionbench-image-VD-math-10-1-1,hallusionbench-image-VD-math-10,-0.0,1,0,0,correct_clean,4
qwen,hallusionbench,semantic_entropy,0.2,hallusionbench-image-VD-math-10-1-2,hallusionbench-image-VD-math-10,-0.0,1,0,1,correct_hallucination,1
qwen,hallusionbench,semantic_entropy,0.2,hallusionbench-image-VD-math-11-0-2,hallusionbench-image-VD-math-11,-0.0,0,1,1,wrong_hallucination,2
qwen,hallusionbench,semantic_entropy,0.2,hallusionbench-image-VD-math-11-1-1,hallusionbench-image-VD-math-11,-0.0,1,0,0,correct_clean,6
qwen,hallusionbench,semantic_entropy,0.2,hallusionbench-image-VD-math-12-0-0,hallusionbench-image-VD-math-12,-0.0,1,0,1,correct_hallucination,1
qwen,hallusionbench,semantic_entropy,0.2,hallusionbench-image-VD-math-12-1-0,hallusionbench-image-VD-math-12,-0.0,0,1,1,wrong_hallucination,1
qwen,hallusionbench,semantic_entropy,0.2,hallusionbench-image-VD-math-12-1-1,hallusionbench-image-VD-math-12,-0.0,1,0,0,correct_clean,4
qwen,hallusionbench,semantic_entropy,0.2,hallusionbench-image-VD-math-13-0-0,hallusionbench-image-VD-math-13,-0.0,0,1,0,wrong_clean,3
qwen,hallusionbench,semantic_entropy,0.2,hallusionbench-image-VD-math-13-0-1,hallusionbench-image-VD-math-13,-0.0,1,0,0,correct_clean,4
qwen,hallusionbench,semantic_entropy,0.2,hallusionbench-image-VD-math-13-1-1,hallusionbench-image-VD-math-13,-0.0,1,0,0,correct_clean,5
qwen,hallusionbench,semantic_entropy,0.2,hallusionbench-image-VD-math-14-0-1,hallusionbench-image-VD-math-14,-0.0,1,0,1,correct_hallucination,2
qwen,hallusionbench,semantic_entropy,0.2,hallusionbench-image-VD-math-14-1-1,hallusionbench-image-VD-math-14,-0.0,1,0,0,correct_clean,4
qwen,hallusionbench,semantic_entropy,0.2,hallusionbench-image-VD-math-14-1-2,hallusionbench-image-VD-math-14,-0.0,1,0,0,correct_clean,5
qwen,hallusionbench,semantic_entropy,0.2,hallusionbench-image-VD-math-15-0-0,hallusionbench-image-VD-math-15,-0.0,0,1,1,wrong_hallucination,1
qwen,hallusionbench,semantic_entropy,0.2,hallusionbench-image-VD-math-15-0-2,hallusionbench-image-VD-math-15,-0.0,1,0,1,correct_hallucination,1
qwen,hallusionbench,semantic_entropy,0.2,hallusionbench-image-VD-math-15-1-0,hallusionbench-image-VD-math-15,-0.0,1,0,0,correct_clean,5
qwen,hallusionbench,semantic_entropy,0.2,hallusionbench-image-VD-math-15-1-1,hallusionbench-image-VD-math-15,-0.0,1,0,0,correct_clean,4
qwen,hallusionbench,semantic_entropy,0.2,hallusionbench-image-VD-math-17-0-0,hallusionbench-image-VD-math-17,-0.0,1,0,1,correct_hallucination,1
qwen,hallusionbench,semantic_entropy,0.2,hallusionbench-image-VD-math-17-0-1,hallusionbench-image-VD-math-17,-0.0,1,0,1,correct_hallucination,1
qwen,hallusionbench,semantic_entropy,0.2,hallusionbench-image-VD-math-17-1-0,hallusionbench-image-VD-math-17,-0.0,1,0,1,correct_hallucination,1
qwen,hallusionbench,semantic_entropy,0.2,hallusionbench-image-VD-math-2-0-0,hallusionbench-image-VD-math-2,-0.0,1,0,0,correct_clean,5
qwen,hallusionbench,semantic_entropy,0.2,hallusionbench-image-VD-math-2-0-1,hallusionbench-image-VD-math-2,-0.0,1,0,0,correct_clean,5
qwen,hallusionbench,semantic_entropy,0.2,hallusionbench-image-VD-math-2-0-2,hallusionbench-image-VD-math-2,-0.0,1,0,0,correct_clean,5
qwen,hallusionbench,semantic_entropy,0.2,hallusionbench-image-VD-math-2-1-0,hallusionbench-image-VD-math-2,-0.0,0,1,1,wrong_hallucination,1
qwen,hallusionbench,semantic_entropy,0.2,hallusionbench-image-VD-math-2-1-1,hallusionbench-image-VD-math-2,-0.0,1,0,0,correct_clean,4
qwen,hallusionbench,semantic_entropy,0.2,hallusionbench-image-VD-math-2-1-2,hallusionbench-image-VD-math-2,-0.0,0,1,1,wrong_hallucination,1
qwen,hallusionbench,semantic_entropy,0.2,hallusionbench-image-VD-math-3-0-0,hallusionbench-image-VD-math-3,-0.0,1,0,0,correct_clean,6
qwen,hallusionbench,semantic_entropy,0.2,hallusionbench-image-VD-math-3-0-1,hallusionbench-image-VD-math-3,-0.0,1,0,0,correct_clean,6
qwen,hallusionbench,semantic_entropy,0.2,hallusionbench-image-VD-math-3-0-2,hallusionbench-image-VD-math-3,-0.0,1,0,0,correct_clean,6
qwen,hallusionbench,semantic_entropy,0.2,hallusionbench-image-VD-math-3-1-0,hallusionbench-image-VD-math-3,-0.0,1,0,0,correct_clean,5
qwen,hallusionbench,semantic_entropy,0.2,hallusionbench-image-VD-math-3-1-2,hallusionbench-image-VD-math-3,-0.0,1,0,1,correct_hallucination,1
qwen,hallusionbench,semantic_entropy,0.2,hallusionbench-image-VD-math-5-0-2,hallusionbench-image-VD-math-5,-0.0,1,0,0,correct_clean,4
qwen,hallusionbench,semantic_entropy,0.2,hallusionbench-image-VD-math-6-0-0,hallusionbench-image-VD-math-6,-0.0,1,0,0,correct_clean,6
qwen,hallusionbench,semantic_entropy,0.2,hallusionbench-image-VD-math-6-0-1,hallusionbench-image-VD-math-6,-0.0,1,0,0,correct_clean,6
qwen,hallusionbench,semantic_entropy,0.2,hallusionbench-image-VD-math-6-0-2,hallusionbench-image-VD-math-6,-0.0,1,0,0,correct_clean,5
qwen,hallusionbench,semantic_entropy,0.2,hallusionbench-image-VD-math-8-0-0,hallusionbench-image-VD-math-8,-0.0,1,0,0,correct_clean,6
qwen,hallusionbench,semantic_entropy,0.2,hallusionbench-image-VD-math-8-1-2,hallusionbench-image-VD-math-8,-0.0,1,0,0,correct_clean,3
qwen,hallusionbench,semantic_entropy,0.2,hallusionbench-image-VD-math-9-0-0,hallusionbench-image-VD-math-9,-0.0,1,0,0,correct_clean,6
qwen,hallusionbench,semantic_entropy,0.2,hallusionbench-image-VD-math-9-0-1,hallusionbench-image-VD-math-9,-0.0,1,0,0,correct_clean,6
qwen,hallusionbench,semantic_entropy,0.2,hallusionbench-image-VD-math-9-0-2,hallusionbench-image-VD-math-9,-0.0,1,0,0,correct_clean,6
qwen,hallusionbench,semantic_entropy,0.2,hallusionbench-image-VD-math-9-1-1,hallusionbench-image-VD-math-9,-0.0,0,1,1,wrong_hallucination,1
qwen,hallusionbench,semantic_entropy,0.2,hallusionbench-image-VD-math-9-1-2,hallusionbench-image-VD-math-9,-0.0,1,0,0,correct_clean,6
qwen,hallusionbench,semantic_entropy,0.2,hallusionbench-image-VD-ocr-0-0-1,hallusionbench-image-VD-ocr-0,-0.0,1,0,0,correct_clean,6
qwen,hallusionbench,semantic_entropy,0.2,hallusionbench-image-VD-ocr-1-0-0,hallusionbench-image-VD-ocr-1,-0.0,1,0,0,correct_clean,5
qwen,hallusionbench,semantic_entropy,0.2,hallusionbench-image-VD-ocr-1-0-1,hallusionbench-image-VD-ocr-1,-0.0,1,0,0,correct_clean,6
qwen,hallusionbench,semantic_entropy,0.2,hallusionbench-image-VD-ocr-10-0-0,hallusionbench-image-VD-ocr-10,-0.0,1,0,0,correct_clean,5
qwen,hallusionbench,semantic_entropy,0.2,hallusionbench-image-VD-ocr-10-0-1,hallusionbench-image-VD-ocr-10,-0.0,1,0,0,correct_clean,6
qwen,hallusionbench,semantic_entropy,0.2,hallusionbench-image-VD-ocr-10-1-0,hallusionbench-image-VD-ocr-10,-0.0,0,1,1,wrong_hallucination,1
qwen,hallusionbench,semantic_entropy,0.2,hallusionbench-image-VD-ocr-11-0-0,hallusionbench-image-VD-ocr-11,-0.0,1,0,0,correct_clean,6
qwen,hallusionbench,semantic_entropy,0.2,hallusionbench-image-VD-ocr-11-0-1,hallusionbench-image-VD-ocr-11,-0.0,1,0,0,correct_clean,6
qwen,hallusionbench,semantic_entropy,0.2,hallusionbench-image-VD-ocr-12-0-0,hallusionbench-image-VD-ocr-12,-0.0,1,0,0,correct_clean,6
qwen,hallusionbench,semantic_entropy,0.2,hallusionbench-image-VD-ocr-12-0-1,hallusionbench-image-VD-ocr-12,-0.0,1,0,0,correct_clean,6
qwen,hallusionbench,semantic_entropy,0.2,hallusionbench-image-VD-ocr-13-0-0,hallusionbench-image-VD-ocr-13,-0.0,1,0,0,correct_clean,6
qwen,hallusionbench,semantic_entropy,0.2,hallusionbench-image-VD-ocr-13-0-1,hallusionbench-image-VD-ocr-13,-0.0,1,0,0,correct_clean,6
qwen,hallusionbench,semantic_entropy,0.2,hallusionbench-image-VD-ocr-13-1-0,hallusionbench-image-VD-ocr-13,-0.0,0,1,1,wrong_hallucination,1
qwen,hallusionbench,semantic_entropy,0.2,hallusionbench-image-VD-ocr-14-0-0,hallusionbench-image-VD-ocr-14,-0.0,1,0,0,correct_clean,6
qwen,hallusionbench,semantic_entropy,0.2,hallusionbench-image-VD-ocr-14-0-1,hallusionbench-image-VD-ocr-14,-0.0,1,0,0,correct_clean,5
qwen,hallusionbench,semantic_entropy,0.2,hallusionbench-image-VD-ocr-14-1-0,hallusionbench-image-VD-ocr-14,-0.0,0,1,1,wrong_hallucination,1
qwen,hallusionbench,semantic_entropy,0.2,hallusionbench-image-VD-ocr-15-0-0,hallusionbench-image-VD-ocr-15,-0.0,1,0,0,correct_clean,6
qwen,hallusionbench,semantic_entropy,0.2,hallusionbench-image-VD-ocr-15-0-1,hallusionbench-image-VD-ocr-15,-0.0,1,0,0,correct_clean,6
qwen,hallusionbench,semantic_entropy,0.2,hallusionbench-image-VD-ocr-16-0-0,hallusionbench-image-VD-ocr-16,-0.0,1,0,0,correct_clean,5
qwen,hallusionbench,semantic_entropy,0.2,hallusionbench-image-VD-ocr-17-0-0,hallusionbench-image-VD-ocr-17,-0.0,1,0,0,correct_clean,5
qwen,hallusionbench,semantic_entropy,0.2,hallusionbench-image-VD-ocr-17-0-1,hallusionbench-image-VD-ocr-17,-0.0,1,0,0,correct_clean,6
qwen,hallusionbench,semantic_entropy,0.2,hallusionbench-image-VD-ocr-18-0-0,hallusionbench-image-VD-ocr-18,-0.0,1,0,0,correct_clean,6
qwen,hallusionbench,semantic_entropy,0.2,hallusionbench-image-VD-ocr-18-0-1,hallusionbench-image-VD-ocr-18,-0.0,0,1,1,wrong_hallucination,1
qwen,hallusionbench,semantic_entropy,0.2,hallusionbench-image-VD-ocr-18-1-0,hallusionbench-image-VD-ocr-18,-0.0,0,1,1,wrong_hallucination,1
qwen,hallusionbench,semantic_entropy,0.2,hallusionbench-image-VD-ocr-19-0-0,hallusionbench-image-VD-ocr-19,-0.0,1,0,1,correct_hallucination,1
qwen,hallusionbench,semantic_entropy,0.2,hallusionbench-image-VD-ocr-19-0-1,hallusionbench-image-VD-ocr-19,-0.0,0,1,1,wrong_hallucination,2
qwen,hallusionbench,semantic_entropy,0.2,hallusionbench-image-VD-ocr-2-0-0,hallusionbench-image-VD-ocr-2,-0.0,1,0,0,correct_clean,6
qwen,hallusionbench,semantic_entropy,0.2,hallusionbench-image-VD-ocr-2-0-1,hallusionbench-image-VD-ocr-2,-0.0,1,0,0,correct_clean,6
qwen,hallusionbench,semantic_entropy,0.2,hallusionbench-image-VD-ocr-2-1-0,hallusionbench-image-VD-ocr-2,-0.0,0,1,1,wrong_hallucination,1
qwen,hallusionbench,semantic_entropy,0.2,hallusionbench-image-VD-ocr-3-0-0,hallusionbench-image-VD-ocr-3,-0.0,1,0,0,correct_clean,6
qwen,hallusionbench,semantic_entropy,0.2,hallusionbench-image-VD-ocr-3-0-1,hallusionbench-image-VD-ocr-3,-0.0,1,0,0,correct_clean,6
qwen,hallusionbench,semantic_entropy,0.2,hallusionbench-image-VD-ocr-3-0-2,hallusionbench-image-VD-ocr-3,-0.0,1,0,0,correct_clean,6
qwen,hallusionbench,semantic_entropy,0.2,hallusionbench-image-VD-ocr-3-1-0,hallusionbench-image-VD-ocr-3,-0.0,1,0,0,correct_clean,6
qwen,hallusionbench,semantic_entropy,0.2,hallusionbench-image-VD-ocr-3-1-2,hallusionbench-image-VD-ocr-3,-0.0,0,1,1,wrong_hallucination,1
qwen,hallusionbench,semantic_entropy,0.2,hallusionbench-image-VD-ocr-3-2-2,hallusionbench-image-VD-ocr-3,-0.0,0,1,1,wrong_hallucination,1
qwen,hallusionbench,semantic_entropy,0.2,hallusionbench-image-VD-ocr-4-0-0,hallusionbench-image-VD-ocr-4,-0.0,1,0,0,correct_clean,6
qwen,hallusionbench,semantic_entropy,0.2,hallusionbench-image-VD-ocr-4-0-1,hallusionbench-image-VD-ocr-4,-0.0,1,0,0,correct_clean,6
qwen,hallusionbench,semantic_entropy,0.2,hallusionbench-image-VD-ocr-5-0-0,hallusionbench-image-VD-ocr-5,-0.0,1,0,0,correct_clean,5
qwen,hallusionbench,semantic_entropy,0.2,hallusionbench-image-VD-ocr-5-0-1,hallusionbench-image-VD-ocr-5,-0.0,1,0,0,correct_clean,6
qwen,hallusionbench,semantic_entropy,0.2,hallusionbench-image-VD-ocr-5-1-0,hallusionbench-image-VD-ocr-5,-0.0,0,1,1,wrong_hallucination,1
qwen,hallusionbench,semantic_entropy,0.2,hallusionbench-image-VD-ocr-6-0-0,hallusionbench-image-VD-ocr-6,-0.0,1,0,0,correct_clean,6
qwen,hallusionbench,semantic_entropy,0.2,hallusionbench-image-VD-ocr-6-0-1,hallusionbench-image-VD-ocr-6,-0.0,1,0,0,correct_clean,6
qwen,hallusionbench,semantic_entropy,0.2,hallusionbench-image-VD-ocr-6-1-1,hallusionbench-image-VD-ocr-6,-0.0,1,0,1,correct_hallucination,1
qwen,hallusionbench,semantic_entropy,0.2,hallusionbench-image-VD-ocr-7-0-0,hallusionbench-image-VD-ocr-7,-0.0,1,0,1,correct_hallucination,1
qwen,hallusionbench,semantic_entropy,0.2,hallusionbench-image-VD-ocr-7-0-1,hallusionbench-image-VD-ocr-7,-0.0,0,1,0,wrong_clean,5
qwen,hallusionbench,semantic_entropy,0.2,hallusionbench-image-VD-ocr-7-1-0,hallusionbench-image-VD-ocr-7,-0.0,0,1,1,wrong_hallucination,1
qwen,hallusionbench,semantic_entropy,0.2,hallusionbench-image-VD-ocr-8-0-0,hallusionbench-image-VD-ocr-8,-0.0,1,0,0,correct_clean,6
qwen,hallusionbench,semantic_entropy,0.2,hallusionbench-image-VD-ocr-8-0-1,hallusionbench-image-VD-ocr-8,-0.0,1,0,0,correct_clean,5
qwen,hallusionbench,semantic_entropy,0.2,hallusionbench-image-VD-ocr-8-1-1,hallusionbench-image-VD-ocr-8,-0.0,1,0,1,correct_hallucination,1
qwen,hallusionbench,semantic_entropy,0.2,hallusionbench-image-VD-ocr-9-0-0,hallusionbench-image-VD-ocr-9,-0.0,1,0,0,correct_clean,6
qwen,hallusionbench,semantic_entropy,0.2,hallusionbench-image-VD-ocr-9-0-1,hallusionbench-image-VD-ocr-9,-0.0,1,0,0,correct_clean,6
qwen,hallusionbench,semantic_entropy,0.2,hallusionbench-image-VD-video-0-0-0,hallusionbench-image-VD-video-0,-0.0,1,0,0,correct_clean,5
qwen,hallusionbench,semantic_entropy,0.2,hallusionbench-image-VD-video-0-1-0,hallusionbench-image-VD-video-0,-0.0,0,1,0,wrong_clean,3
qwen,hallusionbench,semantic_entropy,0.2,hallusionbench-image-VD-video-1-0-0,hallusionbench-image-VD-video-1,-0.0,1,0,1,correct_hallucination,1
qwen,hallusionbench,semantic_entropy,0.2,hallusionbench-image-VD-video-1-0-2,hallusionbench-image-VD-video-1,-0.0,1,0,0,correct_clean,5
qwen,hallusionbench,semantic_entropy,0.2,hallusionbench-image-VD-video-1-0-3,hallusionbench-image-VD-video-1,-0.0,0,1,1,wrong_hallucination,1
qwen,hallusionbench,semantic_entropy,0.2,hallusionbench-image-VD-video-1-1-3,hallusionbench-image-VD-video-1,-0.0,1,0,0,correct_clean,4
qwen,hallusionbench,semantic_entropy,0.2,hallusionbench-image-VD-video-1-2-1,hallusionbench-image-VD-video-1,-0.0,0,1,1,wrong_hallucination,1
qwen,hallusionbench,semantic_entropy,0.2,hallusionbench-image-VD-video-1-2-3,hallusionbench-image-VD-video-1,-0.0,0,1,0,wrong_clean,4
qwen,hallusionbench,semantic_entropy,0.2,hallusionbench-image-VD-video-10-1-0,hallusionbench-image-VD-video-10,-0.0,1,0,0,correct_clean,4
qwen,hallusionbench,semantic_entropy,0.2,hallusionbench-image-VD-video-10-2-0,hallusionbench-image-VD-video-10,-0.0,1,0,0,correct_clean,4
qwen,hallusionbench,semantic_entropy,0.2,hallusionbench-image-VD-video-10-2-2,hallusionbench-image-VD-video-10,-0.0,0,1,0,wrong_clean,3
qwen,hallusionbench,semantic_entropy,0.2,hallusionbench-image-VD-video-10-2-3,hallusionbench-image-VD-video-10,-0.0,1,0,0,correct_clean,4
qwen,hallusionbench,semantic_entropy,0.2,hallusionbench-image-VD-video-11-1-1,hallusionbench-image-VD-video-11,-0.0,0,1,0,wrong_clean,4
qwen,hallusionbench,semantic_entropy,0.2,hallusionbench-image-VD-video-11-2-1,hallusionbench-image-VD-video-11,-0.0,0,1,0,wrong_clean,4
qwen,hallusionbench,semantic_entropy,0.2,hallusionbench-image-VD-video-12-0-0,hallusionbench-image-VD-video-12,-0.0,0,1,1,wrong_hallucination,1
qwen,hallusionbench,semantic_entropy,0.2,hallusionbench-image-VD-video-12-1-0,hallusionbench-image-VD-video-12,-0.0,0,1,1,wrong_hallucination,1
qwen,hallusionbench,semantic_entropy,0.2,hallusionbench-image-VD-video-12-2-1,hallusionbench-image-VD-video-12,-0.0,0,1,1,wrong_hallucination,1
qwen,hallusionbench,semantic_entropy,0.2,hallusionbench-image-VD-video-14-0-3,hallusionbench-image-VD-video-14,-0.0,0,1,1,wrong_hallucination,1
qwen,hallusionbench,semantic_entropy,0.2,hallusionbench-image-VD-video-14-1-0,hallusionbench-image-VD-video-14,-0.0,0,1,1,wrong_hallucination,1
qwen,hallusionbench,semantic_entropy,0.2,hallusionbench-image-VD-video-14-1-1,hallusionbench-image-VD-video-14,-0.0,1,0,0,correct_clean,5
qwen,hallusionbench,semantic_entropy,0.2,hallusionbench-image-VD-video-15-0-0,hallusionbench-image-VD-video-15,-0.0,1,0,0,correct_clean,5
qwen,hallusionbench,semantic_entropy,0.2,hallusionbench-image-VD-video-16-1-0,hallusionbench-image-VD-video-16,-0.0,0,1,1,wrong_hallucination,1
qwen,hallusionbench,semantic_entropy,0.2,hallusionbench-image-VD-video-17-0-0,hallusionbench-image-VD-video-17,-0.0,0,1,1,wrong_hallucination,1
qwen,hallusionbench,semantic_entropy,0.2,hallusionbench-image-VD-video-17-0-1,hallusionbench-image-VD-video-17,-0.0,1,0,1,correct_hallucination,1
qwen,hallusionbench,semantic_entropy,0.2,hallusionbench-image-VD-video-17-1-2,hallusionbench-image-VD-video-17,-0.0,0,1,0,wrong_clean,4
qwen,hallusionbench,semantic_entropy,0.2,hallusionbench-image-VD-video-17-1-3,hallusionbench-image-VD-video-17,-0.0,0,1,1,wrong_hallucination,1
qwen,hallusionbench,semantic_entropy,0.2,hallusionbench-image-VD-video-18-0-0,hallusionbench-image-VD-video-18,-0.0,1,0,0,correct_clean,6
qwen,hallusionbench,semantic_entropy,0.2,hallusionbench-image-VD-video-18-0-1,hallusionbench-image-VD-video-18,-0.0,1,0,0,correct_clean,6
qwen,hallusionbench,semantic_entropy,0.2,hallusionbench-image-VD-video-18-0-2,hallusionbench-image-VD-video-18,-0.0,1,0,0,correct_clean,5
qwen,hallusionbench,umpire,0.2,hallusionbench-image-VD-math-17-0-0,hallusionbench-image-VD-math-17,-24.270295735677127,1,0,1,correct_hallucination,1
qwen,hallusionbench,umpire,0.2,hallusionbench-image-VD-math-12-0-0,hallusionbench-image-VD-math-12,-23.74947601975857,1,0,1,correct_hallucination,1
qwen,hallusionbench,umpire,0.2,hallusionbench-image-VD-illusion-19-1-0,hallusionbench-image-VD-illusion-19,-23.548116749095847,0,1,1,wrong_hallucination,1
qwen,hallusionbench,umpire,0.2,hallusionbench-image-VD-math-9-0-0,hallusionbench-image-VD-math-9,-23.254087797737277,1,0,0,correct_clean,6
qwen,hallusionbench,umpire,0.2,hallusionbench-image-VD-ocr-8-0-0,hallusionbench-image-VD-ocr-8,-23.054866929218868,1,0,0,correct_clean,6
qwen,hallusionbench,umpire,0.2,hallusionbench-image-VD-figure-18-0-1,hallusionbench-image-VD-figure-18,-22.66024860078226,1,0,0,correct_clean,6
qwen,hallusionbench,umpire,0.2,hallusionbench-image-VD-math-6-0-2,hallusionbench-image-VD-math-6,-22.65105741210282,1,0,0,correct_clean,5
qwen,hallusionbench,umpire,0.2,hallusionbench-image-VD-ocr-13-0-0,hallusionbench-image-VD-ocr-13,-22.364702397461908,1,0,0,correct_clean,6
qwen,hallusionbench,umpire,0.2,hallusionbench-image-VD-illusion-9-0-0,hallusionbench-image-VD-illusion-9,-22.294424857280735,1,0,1,correct_hallucination,1
qwen,hallusionbench,umpire,0.2,hallusionbench-image-VS-table-9-1-0,hallusionbench-image-VS-table-9,-22.200651071969464,1,0,0,correct_clean,6
qwen,hallusionbench,umpire,0.2,hallusionbench-image-VS-ocr-10-1-1,hallusionbench-image-VS-ocr-10,-22.16123172936612,1,0,0,correct_clean,5
qwen,hallusionbench,umpire,0.2,hallusionbench-image-VS-map-4-2-1,hallusionbench-image-VS-map-4,-22.10616368318805,0,1,1,wrong_hallucination,1
qwen,hallusionbench,umpire,0.2,hallusionbench-image-VD-figure-17-0-0,hallusionbench-image-VD-figure-17,-22.04152517343557,1,0,0,correct_clean,5
qwen,hallusionbench,umpire,0.2,hallusionbench-image-VD-ocr-3-1-0,hallusionbench-image-VD-ocr-3,-22.018807539942756,1,0,0,correct_clean,6
qwen,hallusionbench,umpire,0.2,hallusionbench-image-VD-illusion-1-1-2,hallusionbench-image-VD-illusion-1,-21.79451627688702,0,1,1,wrong_hallucination,1
qwen,hallusionbench,umpire,0.2,hallusionbench-image-VD-math-14-0-1,hallusionbench-image-VD-math-14,-21.749032369570543,1,0,1,correct_hallucination,2
qwen,hallusionbench,umpire,0.2,hallusionbench-image-VD-math-6-0-0,hallusionbench-image-VD-math-6,-21.710618696737786,1,0,0,correct_clean,6
qwen,hallusionbench,umpire,0.2,hallusionbench-image-VD-ocr-15-0-0,hallusionbench-image-VD-ocr-15,-21.69717542297245,1,0,0,correct_clean,6
qwen,hallusionbench,umpire,0.2,hallusionbench-image-VD-figure-6-0-0,hallusionbench-image-VD-figure-6,-21.582925068789752,1,0,0,correct_clean,5
qwen,hallusionbench,umpire,0.2,hallusionbench-image-VS-map-4-1-3,hallusionbench-image-VS-map-4,-21.573092279220646,1,0,0,correct_clean,5
qwen,hallusionbench,umpire,0.2,hallusionbench-image-VD-illusion-9-1-1,hallusionbench-image-VD-illusion-9,-21.50164713405171,0,1,1,wrong_hallucination,1
qwen,hallusionbench,umpire,0.2,hallusionbench-image-VD-figure-1-0-0,hallusionbench-image-VD-figure-1,-21.452645367670662,1,0,0,correct_clean,6
qwen,hallusionbench,umpire,0.2,hallusionbench-image-VS-chart-2-1-1,hallusionbench-image-VS-chart-2,-21.450608697018726,1,0,0,correct_clean,4
qwen,hallusionbench,umpire,0.2,hallusionbench-image-VS-map-4-1-0,hallusionbench-image-VS-map-4,-21.430368083991354,1,0,0,correct_clean,6
qwen,hallusionbench,umpire,0.2,hallusionbench-image-VD-math-12-1-0,hallusionbench-image-VD-math-12,-21.417008646768714,0,1,1,wrong_hallucination,1
qwen,hallusionbench,umpire,0.2,hallusionbench-image-VS-table-7-1-2,hallusionbench-image-VS-table-7,-21.400352371088523,1,0,0,correct_clean,6
qwen,hallusionbench,umpire,0.2,hallusionbench-image-VD-math-12-1-1,hallusionbench-image-VD-math-12,-21.334862258140376,1,0,0,correct_clean,4
qwen,hallusionbench,umpire,0.2,hallusionbench-non_image-VS-map-4-0-1,hallusionbench-non_image-VS-map-4,-21.30649125099732,1,0,0,correct_clean,5
qwen,hallusionbench,umpire,0.2,hallusionbench-image-VD-illusion-0-1-0,hallusionbench-image-VD-illusion-0,-21.249834023054337,0,1,1,wrong_hallucination,1
qwen,hallusionbench,umpire,0.2,hallusionbench-image-VD-figure-2-0-0,hallusionbench-image-VD-figure-2,-21.24152050199101,1,0,0,correct_clean,5
qwen,hallusionbench,umpire,0.2,hallusionbench-image-VD-ocr-1-0-1,hallusionbench-image-VD-ocr-1,-21.185078252820265,1,0,0,correct_clean,6
qwen,hallusionbench,umpire,0.2,hallusionbench-image-VD-illusion-3-1-0,hallusionbench-image-VD-illusion-3,-21.108257894069705,0,1,1,wrong_hallucination,1
qwen,hallusionbench,umpire,0.2,hallusionbench-image-VS-table-7-1-0,hallusionbench-image-VS-table-7,-21.107995862585327,1,0,0,correct_clean,6
qwen,hallusionbench,umpire,0.2,hallusionbench-image-VD-figure-6-0-1,hallusionbench-image-VD-figure-6,-21.091315934703374,1,0,0,correct_clean,6
qwen,hallusionbench,umpire,0.2,hallusionbench-image-VD-ocr-15-0-1,hallusionbench-image-VD-ocr-15,-21.071996571486928,1,0,0,correct_clean,6
qwen,hallusionbench,umpire,0.2,hallusionbench-image-VD-figure-17-0-1,hallusionbench-image-VD-figure-17,-20.982565466456848,1,0,0,correct_clean,6
qwen,hallusionbench,umpire,0.2,hallusionbench-image-VS-map-4-2-2,hallusionbench-image-VS-map-4,-20.96193599542521,0,1,1,wrong_hallucination,1
qwen,hallusionbench,umpire,0.2,hallusionbench-image-VS-table-8-1-2,hallusionbench-image-VS-table-8,-20.960086012032253,1,0,0,correct_clean,6
qwen,hallusionbench,umpire,0.2,hallusionbench-image-VD-math-1-0-1,hallusionbench-image-VD-math-1,-20.95541163150754,1,0,0,correct_clean,6
qwen,hallusionbench,umpire,0.2,hallusionbench-non_image-VS-map-4-0-2,hallusionbench-non_image-VS-map-4,-20.92564083026353,1,0,0,correct_clean,5
qwen,hallusionbench,umpire,0.2,hallusionbench-image-VD-math-10-1-2,hallusionbench-image-VD-math-10,-20.84671533591854,1,0,1,correct_hallucination,1
qwen,hallusionbench,umpire,0.2,hallusionbench-image-VD-figure-7-0-0,hallusionbench-image-VD-figure-7,-20.795392905140382,1,0,0,correct_clean,4
qwen,hallusionbench,umpire,0.2,hallusionbench-image-VS-chart-16-1-0,hallusionbench-image-VS-chart-16,-20.777570293404658,1,0,0,correct_clean,5
qwen,hallusionbench,umpire,0.2,hallusionbench-image-VS-map-7-1-0,hallusionbench-image-VS-map-7,-20.76640904507758,1,0,0,correct_clean,5
qwen,hallusionbench,umpire,0.2,hallusionbench-image-VD-figure-12-0-0,hallusionbench-image-VD-figure-12,-20.760021981196545,1,0,1,correct_hallucination,1
qwen,hallusionbench,umpire,0.2,hallusionbench-image-VS-chart-8-1-2,hallusionbench-image-VS-chart-8,-20.71476822344098,1,0,0,correct_clean,6
qwen,hallusionbench,umpire,0.2,hallusionbench-image-VD-figure-15-0-1,hallusionbench-image-VD-figure-15,-20.66959739206853,1,0,0,correct_clean,5
qwen,hallusionbench,umpire,0.2,hallusionbench-image-VS-table-6-1-0,hallusionbench-image-VS-table-6,-20.606261134800352,1,0,0,correct_clean,6
qwen,hallusionbench,umpire,0.2,hallusionbench-image-VD-ocr-6-0-0,hallusionbench-image-VD-ocr-6,-20.590614014848445,1,0,0,correct_clean,6
qwen,hallusionbench,umpire,0.2,hallusionbench-image-VS-table-7-1-4,hallusionbench-image-VS-table-7,-20.568580118606018,1,0,0,correct_clean,5
qwen,hallusionbench,umpire,0.2,hallusionbench-image-VS-table-1-1-1,hallusionbench-image-VS-table-1,-20.56408757705106,1,0,0,correct_clean,6
qwen,hallusionbench,umpire,0.2,hallusionbench-image-VS-ocr-3-1-1,hallusionbench-image-VS-ocr-3,-20.558207480811877,1,0,0,correct_clean,4
qwen,hallusionbench,umpire,0.2,hallusionbench-image-VD-figure-11-0-0,hallusionbench-image-VD-figure-11,-20.53686752433025,1,0,0,correct_clean,5
qwen,hallusionbench,umpire,0.2,hallusionbench-image-VS-map-7-1-1,hallusionbench-image-VS-map-7,-20.516508274612264,0,1,1,wrong_hallucination,1
qwen,hallusionbench,umpire,0.2,hallusionbench-image-VS-table-10-1-0,hallusionbench-image-VS-table-10,-20.506266381917058,1,0,0,correct_clean,6
qwen,hallusionbench,umpire,0.2,hallusionbench-image-VD-figure-15-0-0,hallusionbench-image-VD-figure-15,-20.474792064693975,1,0,0,correct_clean,5
qwen,hallusionbench,umpire,0.2,hallusionbench-image-VD-illusion-11-1-0,hallusionbench-image-VD-illusion-11,-20.457701487710843,0,1,0,wrong_clean,3
qwen,hallusionbench,umpire,0.2,hallusionbench-image-VS-chart-8-1-1,hallusionbench-image-VS-chart-8,-20.42613880783156,1,0,0,correct_clean,6
qwen,hallusionbench,umpire,0.2,hallusionbench-image-VS-map-3-1-0,hallusionbench-image-VS-map-3,-20.422416328438597,1,0,0,correct_clean,6
qwen,hallusionbench,umpire,0.2,hallusionbench-image-VD-ocr-17-0-0,hallusionbench-image-VD-ocr-17,-20.371065348809957,1,0,0,correct_clean,5
qwen,hallusionbench,umpire,0.2,hallusionbench-image-VD-ocr-11-0-1,hallusionbench-image-VD-ocr-11,-20.354019059917476,1,0,0,correct_clean,6
qwen,hallusionbench,umpire,0.2,hallusionbench-image-VS-table-10-2-3,hallusionbench-image-VS-table-10,-20.316839370109033,0,1,1,wrong_hallucination,1
qwen,hallusionbench,umpire,0.2,hallusionbench-image-VD-video-5-0-0,hallusionbench-image-VD-video-5,-20.30137456857409,1,0,0,correct_clean,5
qwen,hallusionbench,umpire,0.2,hallusionbench-image-VS-chart-21-1-0,hallusionbench-image-VS-chart-21,-20.28193078562473,1,0,0,correct_clean,6
qwen,hallusionbench,umpire,0.2,hallusionbench-image-VD-figure-10-0-1,hallusionbench-image-VD-figure-10,-20.230189045271572,1,0,0,correct_clean,5
qwen,hallusionbench,umpire,0.2,hallusionbench-image-VD-ocr-14-0-0,hallusionbench-image-VD-ocr-14,-20.223470291513703,1,0,0,correct_clean,6
qwen,hallusionbench,umpire,0.2,hallusionbench-image-VD-ocr-6-1-1,hallusionbench-image-VD-ocr-6,-20.20772681370893,1,0,1,correct_hallucination,1
qwen,hallusionbench,umpire,0.2,hallusionbench-image-VD-ocr-11-0-0,hallusionbench-image-VD-ocr-11,-20.169972872713203,1,0,0,correct_clean,6
qwen,hallusionbench,umpire,0.2,hallusionbench-image-VD-math-13-0-2,hallusionbench-image-VD-math-13,-20.1663270515582,1,0,1,correct_hallucination,1
qwen,hallusionbench,umpire,0.2,hallusionbench-image-VD-video-8-1-0,hallusionbench-image-VD-video-8,-20.161906331845703,0,1,1,wrong_hallucination,1
qwen,hallusionbench,umpire,0.2,hallusionbench-image-VS-chart-20-2-0,hallusionbench-image-VS-chart-20,-20.16088546259388,1,0,0,correct_clean,4
qwen,hallusionbench,umpire,0.2,hallusionbench-image-VD-illusion-2-0-2,hallusionbench-image-VD-illusion-2,-20.14013682556948,1,0,0,correct_clean,5
qwen,hallusionbench,umpire,0.2,hallusionbench-image-VD-ocr-18-0-0,hallusionbench-image-VD-ocr-18,-20.093217119358297,1,0,0,correct_clean,6
qwen,hallusionbench,umpire,0.2,hallusionbench-non_image-VS-map-10-0-1,hallusionbench-non_image-VS-map-10,-20.084396821388182,1,0,0,correct_clean,5
qwen,hallusionbench,umpire,0.2,hallusionbench-image-VD-figure-2-0-1,hallusionbench-image-VD-figure-2,-20.021743044775747,1,0,0,correct_clean,5
qwen,hallusionbench,umpire,0.2,hallusionbench-image-VD-ocr-1-0-0,hallusionbench-image-VD-ocr-1,-19.989908605135643,1,0,0,correct_clean,5
qwen,hallusionbench,umpire,0.2,hallusionbench-image-VD-ocr-13-0-1,hallusionbench-image-VD-ocr-13,-19.988708468143525,1,0,0,correct_clean,6
qwen,hallusionbench,umpire,0.2,hallusionbench-image-VD-figure-12-0-1,hallusionbench-image-VD-figure-12,-19.976260777492403,1,0,0,correct_clean,5
qwen,hallusionbench,umpire,0.2,hallusionbench-image-VS-map-10-1-1,hallusionbench-image-VS-map-10,-19.9726621476088,1,0,0,correct_clean,5
qwen,hallusionbench,umpire,0.2,hallusionbench-image-VD-ocr-6-0-1,hallusionbench-image-VD-ocr-6,-19.95560018228844,1,0,0,correct_clean,6
qwen,hallusionbench,umpire,0.2,hallusionbench-image-VS-table-2-1-1,hallusionbench-image-VS-table-2,-19.931488224446447,1,0,0,correct_clean,6
qwen,hallusionbench,umpire,0.2,hallusionbench-image-VD-math-9-0-1,hallusionbench-image-VD-math-9,-19.92551549432854,1,0,0,correct_clean,6
qwen,hallusionbench,umpire,0.2,hallusionbench-image-VD-video-8-1-1,hallusionbench-image-VD-video-8,-19.920385759133705,0,1,1,wrong_hallucination,1
qwen,hallusionbench,umpire,0.2,hallusionbench-image-VD-ocr-4-0-0,hallusionbench-image-VD-ocr-4,-19.911918773304194,1,0,0,correct_clean,6
qwen,hallusionbench,umpire,0.2,hallusionbench-image-VS-chart-8-1-0,hallusionbench-image-VS-chart-8,-19.881075534374997,1,0,0,correct_clean,6
qwen,hallusionbench,umpire,0.2,hallusionbench-non_image-VS-ocr-4-0-0,hallusionbench-non_image-VS-ocr-4,-19.844147033728174,1,0,0,correct_clean,5
qwen,hallusionbench,umpire,0.2,hallusionbench-image-VS-chart-11-1-0,hallusionbench-image-VS-chart-11,-19.84184164037845,1,0,0,correct_clean,6
qwen,hallusionbench,umpire,0.2,hallusionbench-image-VD-illusion-19-0-2,hallusionbench-image-VD-illusion-19,-19.8245243811872,0,1,1,wrong_hallucination,1
qwen,hallusionbench,umpire,0.2,hallusionbench-image-VS-map-4-2-0,hallusionbench-image-VS-map-4,-19.79132674450296,0,1,1,wrong_hallucination,1
qwen,hallusionbench,umpire,0.2,hallusionbench-image-VD-ocr-0-0-1,hallusionbench-image-VD-ocr-0,-19.77626739784502,1,0,0,correct_clean,6
qwen,hallusionbench,umpire,0.2,hallusionbench-image-VS-chart-15-2-0,hallusionbench-image-VS-chart-15,-19.773988381585237,1,0,0,correct_clean,4
qwen,hallusionbench,umpire,0.2,hallusionbench-image-VD-figure-0-0-0,hallusionbench-image-VD-figure-0,-19.75772050188125,1,0,0,correct_clean,5
qwen,hallusionbench,umpire,0.2,hallusionbench-image-VD-illusion-29-1-0,hallusionbench-image-VD-illusion-29,-19.74145962427122,0,1,1,wrong_hallucination,1
qwen,hallusionbench,umpire,0.2,hallusionbench-image-VS-table-7-1-1,hallusionbench-image-VS-table-7,-19.72996959101987,1,0,0,correct_clean,6
qwen,hallusionbench,umpire,0.2,hallusionbench-image-VD-figure-8-0-1,hallusionbench-image-VD-figure-8,-19.719316906375475,1,0,0,correct_clean,5
qwen,hallusionbench,umpire,0.2,hallusionbench-image-VS-chart-15-1-1,hallusionbench-image-VS-chart-15,-19.689314672547724,1,0,0,correct_clean,6
qwen,hallusionbench,umpire,0.2,hallusionbench-image-VD-math-3-0-2,hallusionbench-image-VD-math-3,-19.685280784939565,1,0,0,correct_clean,6
qwen,hallusionbench,umpire,0.2,hallusionbench-image-VS-table-1-1-0,hallusionbench-image-VS-table-1,-19.67066667730544,1,0,0,correct_clean,6
qwen,hallusionbench,umpire,0.2,hallusionbench-image-VD-figure-19-0-0,hallusionbench-image-VD-figure-19,-19.627434183190594,1,0,0,correct_clean,5
qwen,hallusionbench,umpire,0.2,hallusionbench-image-VS-table-8-1-3,hallusionbench-image-VS-table-8,-19.61715438159287,1,0,0,correct_clean,6
qwen,hallusionbench,umpire,0.2,hallusionbench-image-VS-map-4-1-2,hallusionbench-image-VS-map-4,-19.614718192907056,1,0,0,correct_clean,6
qwen,hallusionbench,umpire,0.2,hallusionbench-image-VS-ocr-7-1-0,hallusionbench-image-VS-ocr-7,-19.613417874143934,1,0,0,correct_clean,6
qwen,hallusionbench,umpire,0.2,hallusionbench-image-VD-figure-9-0-1,hallusionbench-image-VD-figure-9,-19.602651281858396,1,0,0,correct_clean,5
qwen,hallusionbench,umpire,0.2,hallusionbench-image-VD-ocr-8-0-1,hallusionbench-image-VD-ocr-8,-19.59562392120542,1,0,0,correct_clean,5
qwen,hallusionbench,umpire,0.2,hallusionbench-image-VS-map-0-1-1,hallusionbench-image-VS-map-0,-19.587465270146765,1,0,0,correct_clean,5
qwen,hallusionbench,umpire,0.2,hallusionbench-image-VD-figure-1-0-1,hallusionbench-image-VD-figure-1,-19.575826925742586,1,0,1,correct_hallucination,1
qwen,hallusionbench,umpire,0.2,hallusionbench-image-VS-chart-6-1-3,hallusionbench-image-VS-chart-6,-19.536267048111572,1,0,0,correct_clean,6
qwen,hallusionbench,umpire,0.2,hallusionbench-image-VS-table-10-1-3,hallusionbench-image-VS-table-10,-19.525441894531472,1,0,0,correct_clean,6
qwen,hallusionbench,umpire,0.2,hallusionbench-image-VD-figure-13-0-1,hallusionbench-image-VD-figure-13,-19.51307353240634,0,1,1,wrong_hallucination,1
qwen,hallusionbench,umpire,0.2,hallusionbench-image-VS-chart-4-2-3,hallusionbench-image-VS-chart-4,-19.500866447364707,1,0,0,correct_clean,4
qwen,hallusionbench,umpire,0.2,hallusionbench-image-VD-ocr-5-0-0,hallusionbench-image-VD-ocr-5,-19.46326002806405,1,0,0,correct_clean,5
qwen,hallusionbench,umpire,0.2,hallusionbench-image-VD-illusion-0-1-1,hallusionbench-image-VD-illusion-0,-19.453155802022003,1,0,0,correct_clean,5
qwen,hallusionbench,umpire,0.2,hallusionbench-image-VS-table-7-1-3,hallusionbench-image-VS-table-7,-19.452250472138555,1,0,0,correct_clean,5
qwen,hallusionbench,umpire,0.2,hallusionbench-image-VS-table-8-1-1,hallusionbench-image-VS-table-8,-19.42678521027537,1,0,0,correct_clean,6
qwen,hallusionbench,umpire,0.2,hallusionbench-image-VD-math-13-0-0,hallusionbench-image-VD-math-13,-19.42401613298207,0,1,0,wrong_clean,3
qwen,hallusionbench,umpire,0.2,hallusionbench-image-VD-figure-7-0-1,hallusionbench-image-VD-figure-7,-19.418784770200737,1,0,0,correct_clean,6
qwen,hallusionbench,umpire,0.2,hallusionbench-image-VD-figure-16-0-0,hallusionbench-image-VD-figure-16,-19.416619743232438,0,1,1,wrong_hallucination,1
qwen,hallusionbench,umpire,0.2,hallusionbench-image-VD-figure-5-0-1,hallusionbench-image-VD-figure-5,-19.366140874749902,1,0,0,correct_clean,5
qwen,hallusionbench,umpire,0.2,hallusionbench-non_image-VS-map-0-0-0,hallusionbench-non_image-VS-map-0,-19.336958966683795,1,0,0,correct_clean,4
qwen,hallusionbench,umpire,0.2,hallusionbench-image-VS-ocr-5-1-1,hallusionbench-image-VS-ocr-5,-19.328134936930578,0,1,1,wrong_hallucination,1
qwen,hallusionbench,umpire,0.2,hallusionbench-image-VS-map-0-1-0,hallusionbench-image-VS-map-0,-19.293569535243115,1,0,0,correct_clean,6
qwen,hallusionbench,umpire,0.2,hallusionbench-image-VD-math-12-0-1,hallusionbench-image-VD-math-12,-19.280894381444927,0,1,1,wrong_hallucination,1
qwen,hallusionbench,umpire,0.2,hallusionbench-image-VD-illusion-9-1-0,hallusionbench-image-VD-illusion-9,-19.271660834841132,0,1,1,wrong_hallucination,1
qwen,hallusionbench,umpire,0.2,hallusionbench-image-VD-ocr-10-0-1,hallusionbench-image-VD-ocr-10,-19.247749291669603,1,0,0,correct_clean,6
qwen,hallusionbench,umpire,0.2,hallusionbench-image-VD-video-3-0-0,hallusionbench-image-VD-video-3,-19.1711073810486,1,0,1,correct_hallucination,1
qwen,hallusionbench,umpire,0.2,hallusionbench-image-VD-ocr-2-0-1,hallusionbench-image-VD-ocr-2,-19.168898781878145,1,0,0,correct_clean,6
qwen,hallusionbench,umpire,0.2,hallusionbench-image-VD-ocr-19-0-1,hallusionbench-image-VD-ocr-19,-19.12897097513546,0,1,1,wrong_hallucination,2
qwen,hallusionbench,umpire,0.2,hallusionbench-image-VD-ocr-18-0-1,hallusionbench-image-VD-ocr-18,-19.08034284441939,0,1,1,wrong_hallucination,1
qwen,hallusionbench,umpire,0.2,hallusionbench-image-VS-chart-16-1-1,hallusionbench-image-VS-chart-16,-19.061748180977375,1,0,0,correct_clean,6
qwen,hallusionbench,umpire,0.2,hallusionbench-image-VD-video-17-0-1,hallusionbench-image-VD-video-17,-19.060025994244427,1,0,1,correct_hallucination,1
qwen,hallusionbench,umpire,0.2,hallusionbench-image-VD-math-11-0-2,hallusionbench-image-VD-math-11,-19.058190671631955,0,1,1,wrong_hallucination,2
qwen,hallusionbench,umpire,0.2,hallusionbench-image-VS-map-4-2-3,hallusionbench-image-VS-map-4,-19.0426442290337,0,1,1,wrong_hallucination,1
qwen,hallusionbench,umpire,0.2,hallusionbench-image-VS-table-7-2-5,hallusionbench-image-VS-table-7,-19.01108979101134,0,1,1,wrong_hallucination,1
qwen,hallusionbench,umpire,0.2,hallusionbench-image-VS-table-8-3-3,hallusionbench-image-VS-table-8,-19.00344597300497,1,0,0,correct_clean,5
qwen,hallusionbench,umpire,0.2,hallusionbench-image-VS-chart-0-1-2,hallusionbench-image-VS-chart-0,-18.97645746492222,1,0,1,correct_hallucination,1
qwen,hallusionbench,umpire,0.2,hallusionbench-image-VD-video-0-1-0,hallusionbench-image-VD-video-0,-18.935978671991737,0,1,0,wrong_clean,3
qwen,hallusionbench,umpire,0.2,hallusionbench-image-VD-ocr-3-0-0,hallusionbench-image-VD-ocr-3,-18.93320011195199,1,0,0,correct_clean,6
qwen,hallusionbench,umpire,0.2,hallusionbench-image-VS-map-4-1-1,hallusionbench-image-VS-map-4,-18.917672432657294,1,0,0,correct_clean,6
qwen,hallusionbench,umpire,0.2,hallusionbench-image-VS-ocr-5-1-0,hallusionbench-image-VS-ocr-5,-18.905305536456297,1,0,0,correct_clean,6
qwen,hallusionbench,umpire,0.2,hallusionbench-image-VS-ocr-4-1-0,hallusionbench-image-VS-ocr-4,-18.857572086638708,1,0,0,correct_clean,6
qwen,hallusionbench,umpire,0.2,hallusionbench-image-VD-figure-11-1-1,hallusionbench-image-VD-figure-11,-18.84740520273014,1,0,0,correct_clean,4
qwen,hallusionbench,umpire,0.2,hallusionbench-image-VD-math-6-1-0,hallusionbench-image-VD-math-6,-18.84675604804701,0,1,1,wrong_hallucination,1
qwen,hallusionbench,umpire,0.2,hallusionbench-image-VD-illusion-3-0-0,hallusionbench-image-VD-illusion-3,-18.82381469483901,0,1,0,wrong_clean,4
qwen,hallusionbench,umpire,0.2,hallusionbench-image-VD-ocr-5-1-0,hallusionbench-image-VD-ocr-5,-18.796028841613282,0,1,1,wrong_hallucination,1
qwen,hallusionbench,umpire,0.2,hallusionbench-image-VD-video-0-0-0,hallusionbench-image-VD-video-0,-18.76515142834592,1,0,0,correct_clean,5
qwen,hallusionbench,umpire,0.2,hallusionbench-image-VS-ocr-12-1-0,hallusionbench-image-VS-ocr-12,-18.734226423266012,1,0,0,correct_clean,5
qwen,hallusionbench,umpire,0.2,hallusionbench-non_image-VS-map-0-0-2,hallusionbench-non_image-VS-map-0,-18.72719159889326,1,0,0,correct_clean,5
qwen,hallusionbench,umpire,0.2,hallusionbench-image-VD-video-1-0-0,hallusionbench-image-VD-video-1,-18.725851577717336,1,0,1,correct_hallucination,1
qwen,hallusionbench,umpire,0.2,hallusionbench-image-VD-math-14-0-0,hallusionbench-image-VD-math-14,-18.715236211602907,1,0,1,correct_hallucination,2
qwen,hallusionbench,umpire,0.2,hallusionbench-image-VS-ocr-1-1-0,hallusionbench-image-VS-ocr-1,-18.670319759224146,1,0,0,correct_clean,6
qwen,hallusionbench,umpire,0.2,hallusionbench-image-VD-math-3-0-0,hallusionbench-image-VD-math-3,-18.651473121623383,1,0,0,correct_clean,6
qwen,hallusionbench,umpire,0.2,hallusionbench-image-VD-video-12-2-1,hallusionbench-image-VD-video-12,-18.64081053564595,0,1,1,wrong_hallucination,1
qwen,hallusionbench,umpire,0.2,hallusionbench-image-VS-chart-2-1-2,hallusionbench-image-VS-chart-2,-18.620439923108666,1,0,1,correct_hallucination,1
qwen,hallusionbench,umpire,0.2,hallusionbench-image-VD-ocr-12-0-0,hallusionbench-image-VD-ocr-12,-18.61699939722242,1,0,0,correct_clean,6
qwen,hallusionbench,umpire,0.2,hallusionbench-non_image-VS-map-4-0-0,hallusionbench-non_image-VS-map-4,-18.592659421786035,1,0,0,correct_clean,5
qwen,hallusionbench,umpire,0.2,hallusionbench-image-VD-ocr-5-0-1,hallusionbench-image-VD-ocr-5,-18.58586594569931,1,0,0,correct_clean,6
qwen,hallusionbench,umpire,0.2,hallusionbench-image-VD-ocr-17-0-1,hallusionbench-image-VD-ocr-17,-18.571156466256056,1,0,0,correct_clean,6
qwen,hallusionbench,umpire,0.2,hallusionbench-image-VD-ocr-19-0-0,hallusionbench-image-VD-ocr-19,-18.564652326344866,1,0,1,correct_hallucination,1
qwen,hallusionbench,umpire,0.2,hallusionbench-image-VD-figure-12-1-1,hallusionbench-image-VD-figure-12,-18.561286904817443,0,1,1,wrong_hallucination,0
qwen,hallusionbench,umpire,0.2,hallusionbench-image-VS-table-8-1-4,hallusionbench-image-VS-table-8,-18.54042436356083,1,0,0,correct_clean,6
qwen,hallusionbench,umpire,0.2,hallusionbench-image-VD-illusion-9-0-1,hallusionbench-image-VD-illusion-9,-18.496703134001837,1,0,1,correct_hallucination,1
qwen,hallusionbench,umpire,0.2,hallusionbench-image-VD-illusion-2-0-0,hallusionbench-image-VD-illusion-2,-18.4687630344411,1,0,0,correct_clean,5
qwen,hallusionbench,umpire,0.2,hallusionbench-image-VD-figure-7-1-0,hallusionbench-image-VD-figure-7,-18.45848141655461,0,1,1,wrong_hallucination,1
qwen,hallusionbench,umpire,0.2,hallusionbench-image-VD-ocr-2-1-0,hallusionbench-image-VD-ocr-2,-18.44890575708965,0,1,1,wrong_hallucination,1
qwen,hallusionbench,umpire,0.2,hallusionbench-image-VS-ocr-12-1-1,hallusionbench-image-VS-ocr-12,-18.432225856219752,1,0,0,correct_clean,4
qwen,hallusionbench,umpire,0.2,hallusionbench-image-VS-ocr-4-2-1,hallusionbench-image-VS-ocr-4,-18.4273615139266,1,0,0,correct_clean,6
qwen,hallusionbench,umpire,0.2,hallusionbench-image-VD-illusion-11-0-2,hallusionbench-image-VD-illusion-11,-18.412143670453872,0,1,0,wrong_clean,3
qwen,hallusionbench,umpire,0.2,hallusionbench-image-VD-ocr-10-0-0,hallusionbench-image-VD-ocr-10,-18.311630332165727,1,0,0,correct_clean,5
qwen,hallusionbench,umpire,0.2,hallusionbench-image-VD-math-5-0-1,hallusionbench-image-VD-math-5,-18.288296223331308,1,0,0,correct_clean,4
qwen,hallusionbench,umpire,0.2,hallusionbench-image-VD-figure-6-1-0,hallusionbench-image-VD-figure-6,-18.263957691534664,0,1,1,wrong_hallucination,1
qwen,hallusionbench,umpire,0.2,hallusionbench-image-VD-ocr-4-0-1,hallusionbench-image-VD-ocr-4,-18.220339212162827,1,0,0,correct_clean,6
qwen,hallusionbench,umpire,0.2,hallusionbench-image-VS-chart-10-1-3,hallusionbench-image-VS-chart-10,-18.161833666532015,1,0,0,correct_clean,6
qwen,hallusionbench,umpire,0.2,hallusionbench-image-VD-ocr-16-0-0,hallusionbench-image-VD-ocr-16,-18.13044159609296,1,0,0,correct_clean,5
qwen,hallusionbench,umpire,0.2,hallusionbench-image-VD-ocr-2-0-0,hallusionbench-image-VD-ocr-2,-18.127636830716575,1,0,0,correct_clean,6
qwen,hallusionbench,umpire,0.2,hallusionbench-image-VS-ocr-7-1-1,hallusionbench-image-VS-ocr-7,-18.120435463803325,1,0,0,correct_clean,6
qwen,hallusionbench,umpire,0.2,hallusionbench-image-VS-ocr-0-2-1,hallusionbench-image-VS-ocr-0,-18.112349434113106,0,1,1,wrong_hallucination,1
qwen,hallusionbench,umpire,0.2,hallusionbench-image-VS-chart-2-1-5,hallusionbench-image-VS-chart-2,-18.109823746575763,1,0,0,correct_clean,5
qwen,hallusionbench,umpire,0.2,hallusionbench-image-VD-ocr-3-0-1,hallusionbench-image-VD-ocr-3,-18.086733515450717,1,0,0,correct_clean,6
qwen,hallusionbench,umpire,0.2,hallusionbench-image-VD-math-15-1-0,hallusionbench-image-VD-math-15,-18.078788284007246,1,0,0,correct_clean,5
qwen,hallusionbench,umpire,0.2,hallusionbench-image-VD-ocr-9-0-1,hallusionbench-image-VD-ocr-9,-18.042137852997207,1,0,0,correct_clean,6
qwen,hallusionbench,umpire,0.2,hallusionbench-image-VS-table-9-2-2,hallusionbench-image-VS-table-9,-18.036654161507016,0,1,1,wrong_hallucination,1
qwen,hallusionbench,umpire,0.2,hallusionbench-image-VD-video-5-0-2,hallusionbench-image-VD-video-5,-18.029634152426862,1,0,0,correct_clean,6
qwen,hallusionbench,umpire,0.2,hallusionbench-image-VD-ocr-9-0-0,hallusionbench-image-VD-ocr-9,-18.02041159393336,1,0,0,correct_clean,6
qwen,hallusionbench,umpire,0.2,hallusionbench-image-VS-chart-2-1-3,hallusionbench-image-VS-chart-2,-18.014488850652356,1,0,0,correct_clean,6
qwen,hallusionbench,umpire,0.2,hallusionbench-image-VD-illusion-2-1-2,hallusionbench-image-VD-illusion-2,-18.006537220500157,0,1,0,wrong_clean,3
qwen,hallusionbench,umpire,0.2,hallusionbench-image-VS-table-9-1-1,hallusionbench-image-VS-table-9,-17.972747188903465,1,0,0,correct_clean,6
qwen,hallusionbench,umpire,0.2,hallusionbench-image-VD-ocr-12-0-1,hallusionbench-image-VD-ocr-12,-17.96942990388601,1,0,0,correct_clean,6
qwen,hallusionbench,umpire,0.2,hallusionbench-image-VS-table-4-1-1,hallusionbench-image-VS-table-4,-17.94637992624528,1,0,0,correct_clean,6
qwen,hallusionbench,umpire,0.2,hallusionbench-image-VD-ocr-7-0-1,hallusionbench-image-VD-ocr-7,-17.923225162738014,0,1,0,wrong_clean,5
qwen,hallusionbench,umpire,0.2,hallusionbench-image-VS-chart-6-1-1,hallusionbench-image-VS-chart-6,-17.9072278713594,1,0,0,correct_clean,4
qwen,hallusionbench,umpire,0.2,hallusionbench-image-VD-math-13-0-1,hallusionbench-image-VD-math-13,-17.906170071061798,1,0,0,correct_clean,4
qwen,hallusionbench,umpire,0.2,hallusionbench-image-VD-math-0-0-0,hallusionbench-image-VD-math-0,-17.84502021789928,1,0,0,correct_clean,5
qwen,hallusionbench,umpire,0.2,hallusionbench-image-VS-ocr-7-2-0,hallusionbench-image-VS-ocr-7,-17.783662237994264,0,1,1,wrong_hallucination,1
qwen,hallusionbench,umpire,0.2,hallusionbench-image-VS-chart-7-1-3,hallusionbench-image-VS-chart-7,-17.769141085836647,1,0,1,correct_hallucination,1
qwen,hallusionbench,umpire,0.2,hallusionbench-non_image-VS-chart-3-0-2,hallusionbench-non_image-VS-chart-3,-17.757044133756693,1,0,1,correct_hallucination,1
qwen,hallusionbench,umpire,0.2,hallusionbench-image-VD-ocr-3-0-2,hallusionbench-image-VD-ocr-3,-17.688118722895418,1,0,0,correct_clean,6
qwen,hallusionbench,umpire,0.2,hallusionbench-image-VD-video-11-2-1,hallusionbench-image-VD-video-11,-17.66441532922398,0,1,0,wrong_clean,4
qwen,hallusionbench,umpire,0.2,hallusionbench-image-VS-ocr-11-1-1,hallusionbench-image-VS-ocr-11,-17.645550054044314,1,0,1,correct_hallucination,1
qwen,hallusionbench,umpire,0.2,hallusionbench-image-VS-table-8-1-0,hallusionbench-image-VS-table-8,-17.63644720804594,1,0,0,correct_clean,6
qwen,hallusionbench,umpire,0.2,hallusionbench-image-VS-table-7-3-3,hallusionbench-image-VS-table-7,-17.628724115156402,0,1,1,wrong_hallucination,1
qwen,hallusionbench,umpire,0.2,hallusionbench-image-VS-map-10-2-1,hallusionbench-image-VS-map-10,-17.58189885756372,0,1,1,wrong_hallucination,1
qwen,hallusionbench,umpire,0.2,hallusionbench-image-VD-video-6-0-0,hallusionbench-image-VD-video-6,-17.561442722637466,1,0,0,correct_clean,6
qwen,hallusionbench,umpire,0.2,hallusionbench-image-VS-table-6-1-3,hallusionbench-image-VS-table-6,-17.50055401530866,1,0,0,correct_clean,5
qwen,hallusionbench,umpire,0.2,hallusionbench-image-VS-chart-5-1-0,hallusionbench-image-VS-chart-5,-17.493135885130116,1,0,1,correct_hallucination,1
qwen,hallusionbench,umpire,0.2,hallusionbench-image-VD-ocr-14-1-0,hallusionbench-image-VD-ocr-14,-17.450806059783964,0,1,1,wrong_hallucination,1
qwen,hallusionbench,umpire,0.2,hallusionbench-image-VD-video-6-0-1,hallusionbench-image-VD-video-6,-17.401474817347793,1,0,0,correct_clean,5
qwen,hallusionbench,umpire,0.2,hallusionbench-image-VD-figure-7-1-1,hallusionbench-image-VD-figure-7,-17.393362763285797,1,0,0,correct_clean,4
qwen,hallusionbench,umpire,0.2,hallusionbench-non_image-VS-chart-4-0-2,hallusionbench-non_image-VS-chart-4,-17.392407619745544,1,0,0,correct_clean,5
qwen,hallusionbench,umpire,0.2,hallusionbench-image-VD-math-5-0-0,hallusionbench-image-VD-math-5,-17.383491707295047,0,1,0,wrong_clean,4
qwen,hallusionbench,umpire,0.2,hallusionbench-image-VD-video-2-1-2,hallusionbench-image-VD-video-2,-17.338892581414644,0,1,1,wrong_hallucination,1
qwen,hallusionbench,umpire,0.2,hallusionbench-image-VS-table-4-1-2,hallusionbench-image-VS-table-4,-17.323128271229773,1,0,0,correct_clean,6
qwen,hallusionbench,umpire,0.2,hallusionbench-image-VD-figure-4-1-1,hallusionbench-image-VD-figure-4,-17.31247749787018,0,1,1,wrong_hallucination,1
qwen,hallusionbench,umpire,0.2,hallusionbench-image-VD-ocr-7-0-0,hallusionbench-image-VD-ocr-7,-17.305133568996965,1,0,1,correct_hallucination,1
qwen,hallusionbench,umpire,0.2,hallusionbench-image-VD-illusion-19-0-0,hallusionbench-image-VD-illusion-19,-17.258391895514368,0,1,1,wrong_hallucination,1
qwen,hallusionbench,umpire,0.2,hallusionbench-image-VD-math-9-1-0,hallusionbench-image-VD-math-9,-17.21978084240189,0,1,1,wrong_hallucination,1
qwen,hallusionbench,umpire,0.2,hallusionbench-image-VD-illusion-4-0-0,hallusionbench-image-VD-illusion-4,-17.184663744625976,1,0,1,correct_hallucination,1
qwen,hallusionbench,umpire,0.2,hallusionbench-image-VS-ocr-9-1-0,hallusionbench-image-VS-ocr-9,-17.135878854689878,1,0,0,correct_clean,6
qwen,hallusionbench,umpire,0.2,hallusionbench-non_image-VS-map-4-0-3,hallusionbench-non_image-VS-map-4,-17.109871685700615,1,0,0,correct_clean,4
qwen,hallusionbench,umpire,0.2,hallusionbench-non_image-VS-table-7-0-1,hallusionbench-non_image-VS-table-7,-17.08761411953344,1,0,1,correct_hallucination,1
qwen,hallusionbench,umpire,0.2,hallusionbench-image-VS-map-1-2-3,hallusionbench-image-VS-map-1,-17.01206750180515,0,1,1,wrong_hallucination,1
qwen,hallusionbench,umpire,0.2,hallusionbench-image-VS-map-0-2-3,hallusionbench-image-VS-map-0,-16.98811421543337,0,1,0,wrong_clean,3
qwen,hallusionbench,umpire,0.2,hallusionbench-image-VD-figure-11-0-1,hallusionbench-image-VD-figure-11,-16.93592517662946,0,1,1,wrong_hallucination,1
qwen,hallusionbench,umpire,0.2,hallusionbench-image-VS-map-8-1-2,hallusionbench-image-VS-map-8,-16.93332350363451,1,0,1,correct_hallucination,1
qwen,mmvet,perplexity,0.2,mmvet-v1_57,mmvet-v1_57,1.000017851444173,0,1,0,wrong_clean,4
qwen,mmvet,perplexity,0.2,mmvet-v1_130,mmvet-v1_130,1.0000199079512457,1,0,0,correct_clean,6
qwen,mmvet,perplexity,0.2,mmvet-v1_123,mmvet-v1_123,1.000035762786054,1,0,1,correct_hallucination,2
qwen,mmvet,perplexity,0.2,mmvet-v1_17,mmvet-v1_17,1.0000419616698972,1,0,0,correct_clean,6
qwen,mmvet,perplexity,0.2,mmvet-v1_126,mmvet-v1_126,1.0000438690203457,1,0,0,correct_clean,5
qwen,mmvet,perplexity,0.2,mmvet-v1_114,mmvet-v1_114,1.000045895578271,1,0,0,correct_clean,6
qwen,mmvet,perplexity,0.2,mmvet-v1_136,mmvet-v1_136,1.0000485181791108,1,0,0,correct_clean,6
qwen,mmvet,perplexity,0.2,mmvet-v1_113,mmvet-v1_113,1.000053763390509,1,0,1,correct_hallucination,2
qwen,mmvet,perplexity,0.2,mmvet-v1_117,mmvet-v1_117,1.0000568628324826,1,0,0,correct_clean,6
qwen,mmvet,perplexity,0.2,mmvet-v1_106,mmvet-v1_106,1.0000585317605981,1,0,0,correct_clean,5
qwen,mmvet,perplexity,0.2,mmvet-v1_119,mmvet-v1_119,1.00011348724362,1,0,0,correct_clean,6
qwen,mmvet,perplexity,0.2,mmvet-v1_28,mmvet-v1_28,1.000119442316144,0,1,1,wrong_hallucination,1
qwen,mmvet,perplexity,0.2,mmvet-v1_124,mmvet-v1_124,1.0001354217539211,0,1,1,wrong_hallucination,1
qwen,mmvet,perplexity,0.2,mmvet-v1_51,mmvet-v1_51,1.0001512058866378,0,1,0,wrong_clean,4
qwen,mmvet,perplexity,0.2,mmvet-v1_85,mmvet-v1_85,1.000174760822416,1,0,0,correct_clean,6
qwen,mmvet,perplexity,0.2,mmvet-v1_146,mmvet-v1_146,1.0001966953302537,1,0,1,correct_hallucination,2
qwen,mmvet,perplexity,0.2,mmvet-v1_68,mmvet-v1_68,1.0002049207637158,1,0,0,correct_clean,6
qwen,mmvet,perplexity,0.2,mmvet-v1_12,mmvet-v1_12,1.0002249347144871,1,0,0,correct_clean,6
qwen,mmvet,perplexity,0.2,mmvet-v1_29,mmvet-v1_29,1.0002366033721612,0,1,1,wrong_hallucination,2
qwen,mmvet,perplexity,0.2,mmvet-v1_87,mmvet-v1_87,1.0002378725094632,0,1,0,wrong_clean,3
qwen,mmvet,perplexity,0.2,mmvet-v1_132,mmvet-v1_132,1.0002393668965528,1,0,0,correct_clean,6
qwen,mmvet,perplexity,0.2,mmvet-v1_16,mmvet-v1_16,1.000245932724627,0,1,1,wrong_hallucination,1
qwen,mmvet,perplexity,0.2,mmvet-v1_115,mmvet-v1_115,1.0002623796319856,1,0,0,correct_clean,6
qwen,mmvet,perplexity,0.2,mmvet-v1_116,mmvet-v1_116,1.0002720069786362,1,0,0,correct_clean,6
qwen,mmvet,perplexity,0.2,mmvet-v1_142,mmvet-v1_142,1.0003306865769754,1,0,0,correct_clean,6
qwen,mmvet,perplexity,0.2,mmvet-v1_128,mmvet-v1_128,1.0003370046533002,1,0,0,correct_clean,6
qwen,mmvet,perplexity,0.2,mmvet-v1_3,mmvet-v1_3,1.000362229226132,1,0,1,correct_hallucination,2
qwen,mmvet,perplexity,0.2,mmvet-v1_131,mmvet-v1_131,1.0003707408837794,1,0,0,correct_clean,5
qwen,mmvet,perplexity,0.2,mmvet-v1_35,mmvet-v1_35,1.0004090070777385,1,0,1,correct_hallucination,2
qwen,mmvet,perplexity,0.2,mmvet-v1_31,mmvet-v1_31,1.0004421472425704,0,1,1,wrong_hallucination,1
qwen,mmvet,perplexity,0.2,mmvet-v1_120,mmvet-v1_120,1.000450730328929,1,0,0,correct_clean,6
qwen,mmvet,perplexity,0.2,mmvet-v1_6,mmvet-v1_6,1.0005053281642855,1,0,0,correct_clean,6
qwen,mmvet,perplexity,0.2,mmvet-v1_111,mmvet-v1_111,1.0005718469570282,1,0,1,correct_hallucination,2
qwen,mmvet,perplexity,0.2,mmvet-v1_125,mmvet-v1_125,1.0006049871287281,1,0,0,correct_clean,6
qwen,mmvet,perplexity,0.2,mmvet-v1_15,mmvet-v1_15,1.0006783860592485,1,0,0,correct_clean,6
qwen,mmvet,perplexity,0.2,mmvet-v1_97,mmvet-v1_97,1.0008298723982127,0,1,0,wrong_clean,4
qwen,mmvet,perplexity,0.2,mmvet-v1_129,mmvet-v1_129,1.000882029523878,1,0,0,correct_clean,6
qwen,mmvet,perplexity,0.2,mmvet-v1_112,mmvet-v1_112,1.000887990020099,1,0,0,correct_clean,6
qwen,mmvet,perplexity,0.2,mmvet-v1_110,mmvet-v1_110,1.0008885860716734,1,0,0,correct_clean,5
qwen,mmvet,perplexity,0.2,mmvet-v1_11,mmvet-v1_11,1.0008971659195993,1,0,0,correct_clean,6
qwen,mmvet,perplexity,0.2,mmvet-v1_107,mmvet-v1_107,1.0009282827636579,0,1,1,wrong_hallucination,2
qwen,mmvet,perplexity,0.2,mmvet-v1_86,mmvet-v1_86,1.0009410381358785,1,0,0,correct_clean,6
qwen,mmvet,perplexity,0.2,mmvet-v1_10,mmvet-v1_10,1.00106802670679,1,0,0,correct_clean,6
qwen,mmvet,semantic_entropy,0.2,mmvet-v1_10,mmvet-v1_10,-0.0,1,0,0,correct_clean,6
qwen,mmvet,semantic_entropy,0.2,mmvet-v1_108,mmvet-v1_108,-0.0,1,0,0,correct_clean,5
qwen,mmvet,semantic_entropy,0.2,mmvet-v1_109,mmvet-v1_109,-0.0,0,1,1,wrong_hallucination,1
qwen,mmvet,semantic_entropy,0.2,mmvet-v1_110,mmvet-v1_110,-0.0,1,0,0,correct_clean,5
qwen,mmvet,semantic_entropy,0.2,mmvet-v1_111,mmvet-v1_111,-0.0,1,0,1,correct_hallucination,2
qwen,mmvet,semantic_entropy,0.2,mmvet-v1_112,mmvet-v1_112,-0.0,1,0,0,correct_clean,6
qwen,mmvet,semantic_entropy,0.2,mmvet-v1_113,mmvet-v1_113,-0.0,1,0,1,correct_hallucination,2
qwen,mmvet,semantic_entropy,0.2,mmvet-v1_114,mmvet-v1_114,-0.0,1,0,0,correct_clean,6
qwen,mmvet,semantic_entropy,0.2,mmvet-v1_115,mmvet-v1_115,-0.0,1,0,0,correct_clean,6
qwen,mmvet,semantic_entropy,0.2,mmvet-v1_116,mmvet-v1_116,-0.0,1,0,0,correct_clean,6
qwen,mmvet,semantic_entropy,0.2,mmvet-v1_117,mmvet-v1_117,-0.0,1,0,0,correct_clean,6
qwen,mmvet,semantic_entropy,0.2,mmvet-v1_118,mmvet-v1_118,-0.0,1,0,0,correct_clean,5
qwen,mmvet,semantic_entropy,0.2,mmvet-v1_119,mmvet-v1_119,-0.0,1,0,0,correct_clean,6
qwen,mmvet,semantic_entropy,0.2,mmvet-v1_120,mmvet-v1_120,-0.0,1,0,0,correct_clean,6
qwen,mmvet,semantic_entropy,0.2,mmvet-v1_121,mmvet-v1_121,-0.0,1,0,0,correct_clean,6
qwen,mmvet,semantic_entropy,0.2,mmvet-v1_122,mmvet-v1_122,-0.0,0,1,1,wrong_hallucination,1
qwen,mmvet,semantic_entropy,0.2,mmvet-v1_123,mmvet-v1_123,-0.0,1,0,1,correct_hallucination,2
qwen,mmvet,semantic_entropy,0.2,mmvet-v1_125,mmvet-v1_125,-0.0,1,0,0,correct_clean,6
qwen,mmvet,semantic_entropy,0.2,mmvet-v1_126,mmvet-v1_126,-0.0,1,0,0,correct_clean,5
qwen,mmvet,semantic_entropy,0.2,mmvet-v1_130,mmvet-v1_130,-0.0,1,0,0,correct_clean,6
qwen,mmvet,semantic_entropy,0.2,mmvet-v1_132,mmvet-v1_132,-0.0,1,0,0,correct_clean,6
qwen,mmvet,semantic_entropy,0.2,mmvet-v1_133,mmvet-v1_133,-0.0,1,0,0,correct_clean,5
qwen,mmvet,semantic_entropy,0.2,mmvet-v1_134,mmvet-v1_134,-0.0,1,0,0,correct_clean,6
qwen,mmvet,semantic_entropy,0.2,mmvet-v1_135,mmvet-v1_135,-0.0,1,0,0,correct_clean,6
qwen,mmvet,semantic_entropy,0.2,mmvet-v1_136,mmvet-v1_136,-0.0,1,0,0,correct_clean,6
qwen,mmvet,semantic_entropy,0.2,mmvet-v1_137,mmvet-v1_137,-0.0,1,0,0,correct_clean,6
qwen,mmvet,semantic_entropy,0.2,mmvet-v1_146,mmvet-v1_146,-0.0,1,0,1,correct_hallucination,2
qwen,mmvet,semantic_entropy,0.2,mmvet-v1_16,mmvet-v1_16,-0.0,0,1,1,wrong_hallucination,1
qwen,mmvet,semantic_entropy,0.2,mmvet-v1_162,mmvet-v1_162,-0.0,0,1,0,wrong_clean,3
qwen,mmvet,semantic_entropy,0.2,mmvet-v1_163,mmvet-v1_163,-0.0,0,1,1,wrong_hallucination,1
qwen,mmvet,semantic_entropy,0.2,mmvet-v1_169,mmvet-v1_169,-0.0,0,1,0,wrong_clean,3
qwen,mmvet,semantic_entropy,0.2,mmvet-v1_170,mmvet-v1_170,-0.0,0,1,0,wrong_clean,3
qwen,mmvet,semantic_entropy,0.2,mmvet-v1_19,mmvet-v1_19,-0.0,1,0,0,correct_clean,6
qwen,mmvet,semantic_entropy,0.2,mmvet-v1_20,mmvet-v1_20,-0.0,1,0,1,correct_hallucination,1
qwen,mmvet,semantic_entropy,0.2,mmvet-v1_31,mmvet-v1_31,-0.0,0,1,1,wrong_hallucination,1
qwen,mmvet,semantic_entropy,0.2,mmvet-v1_35,mmvet-v1_35,-0.0,1,0,1,correct_hallucination,2
qwen,mmvet,semantic_entropy,0.2,mmvet-v1_38,mmvet-v1_38,-0.0,1,0,0,correct_clean,6
qwen,mmvet,semantic_entropy,0.2,mmvet-v1_40,mmvet-v1_40,-0.0,1,0,0,correct_clean,6
qwen,mmvet,semantic_entropy,0.2,mmvet-v1_41,mmvet-v1_41,-0.0,1,0,0,correct_clean,6
qwen,mmvet,semantic_entropy,0.2,mmvet-v1_45,mmvet-v1_45,-0.0,1,0,0,correct_clean,6
qwen,mmvet,semantic_entropy,0.2,mmvet-v1_52,mmvet-v1_52,-0.0,1,0,1,correct_hallucination,2
qwen,mmvet,semantic_entropy,0.2,mmvet-v1_58,mmvet-v1_58,-0.0,1,0,0,correct_clean,5
qwen,mmvet,semantic_entropy,0.2,mmvet-v1_6,mmvet-v1_6,-0.0,1,0,0,correct_clean,6
qwen,mmvet,umpire,0.2,mmvet-v1_134,mmvet-v1_134,-22.189033088472108,1,0,0,correct_clean,6
qwen,mmvet,umpire,0.2,mmvet-v1_136,mmvet-v1_136,-21.90137628173423,1,0,0,correct_clean,6
qwen,mmvet,umpire,0.2,mmvet-v1_68,mmvet-v1_68,-21.76777411822039,1,0,0,correct_clean,6
qwen,mmvet,umpire,0.2,mmvet-v1_111,mmvet-v1_111,-21.559454885929753,1,0,1,correct_hallucination,2
qwen,mmvet,umpire,0.2,mmvet-v1_137,mmvet-v1_137,-21.556033929568986,1,0,0,correct_clean,6
qwen,mmvet,umpire,0.2,mmvet-v1_130,mmvet-v1_130,-21.506145632167083,1,0,0,correct_clean,6
qwen,mmvet,umpire,0.2,mmvet-v1_117,mmvet-v1_117,-21.33288982260205,1,0,0,correct_clean,6
qwen,mmvet,umpire,0.2,mmvet-v1_123,mmvet-v1_123,-21.179032928702565,1,0,1,correct_hallucination,2
qwen,mmvet,umpire,0.2,mmvet-v1_112,mmvet-v1_112,-20.925370861773356,1,0,0,correct_clean,6
qwen,mmvet,umpire,0.2,mmvet-v1_85,mmvet-v1_85,-20.4653682825343,1,0,0,correct_clean,6
qwen,mmvet,umpire,0.2,mmvet-v1_110,mmvet-v1_110,-20.048006947392278,1,0,0,correct_clean,5
qwen,mmvet,umpire,0.2,mmvet-v1_126,mmvet-v1_126,-19.973875873424,1,0,0,correct_clean,5
qwen,mmvet,umpire,0.2,mmvet-v1_116,mmvet-v1_116,-19.433416249652602,1,0,0,correct_clean,6
qwen,mmvet,umpire,0.2,mmvet-v1_120,mmvet-v1_120,-19.353714359535836,1,0,0,correct_clean,6
qwen,mmvet,umpire,0.2,mmvet-v1_113,mmvet-v1_113,-19.210456131373878,1,0,1,correct_hallucination,2
qwen,mmvet,umpire,0.2,mmvet-v1_122,mmvet-v1_122,-19.034758471070454,0,1,1,wrong_hallucination,1
qwen,mmvet,umpire,0.2,mmvet-v1_128,mmvet-v1_128,-18.937379724472873,1,0,0,correct_clean,6
qwen,mmvet,umpire,0.2,mmvet-v1_121,mmvet-v1_121,-18.898635856506576,1,0,0,correct_clean,6
qwen,mmvet,umpire,0.2,mmvet-v1_52,mmvet-v1_52,-18.82260329954723,1,0,1,correct_hallucination,2
qwen,mmvet,umpire,0.2,mmvet-v1_114,mmvet-v1_114,-18.775662319187916,1,0,0,correct_clean,6
qwen,mmvet,umpire,0.2,mmvet-v1_125,mmvet-v1_125,-18.45677150670042,1,0,0,correct_clean,6
qwen,mmvet,umpire,0.2,mmvet-v1_35,mmvet-v1_35,-18.161507219881308,1,0,1,correct_hallucination,2
qwen,mmvet,umpire,0.2,mmvet-v1_108,mmvet-v1_108,-17.651196982727395,1,0,0,correct_clean,5
qwen,mmvet,umpire,0.2,mmvet-v1_133,mmvet-v1_133,-17.450013687725036,1,0,0,correct_clean,5
qwen,mmvet,umpire,0.2,mmvet-v1_41,mmvet-v1_41,-17.04648435140344,1,0,0,correct_clean,6
qwen,mmvet,umpire,0.2,mmvet-v1_135,mmvet-v1_135,-16.92788838032446,1,0,0,correct_clean,6
qwen,mmvet,umpire,0.2,mmvet-v1_50,mmvet-v1_50,-16.89201486442756,1,0,0,correct_clean,6
qwen,mmvet,umpire,0.2,mmvet-v1_55,mmvet-v1_55,-16.786679243070182,0,1,1,wrong_hallucination,2
qwen,mmvet,umpire,0.2,mmvet-v1_29,mmvet-v1_29,-16.78443035345856,0,1,1,wrong_hallucination,2
qwen,mmvet,umpire,0.2,mmvet-v1_4,mmvet-v1_4,-16.767170509781742,1,0,1,correct_hallucination,2
qwen,mmvet,umpire,0.2,mmvet-v1_109,mmvet-v1_109,-16.712697207730034,0,1,1,wrong_hallucination,1
qwen,mmvet,umpire,0.2,mmvet-v1_28,mmvet-v1_28,-16.508886092393098,0,1,1,wrong_hallucination,1
qwen,mmvet,umpire,0.2,mmvet-v1_119,mmvet-v1_119,-16.496096584481673,1,0,0,correct_clean,6
qwen,mmvet,umpire,0.2,mmvet-v1_19,mmvet-v1_19,-16.43874445691438,1,0,0,correct_clean,6
qwen,mmvet,umpire,0.2,mmvet-v1_12,mmvet-v1_12,-16.258224196204342,1,0,0,correct_clean,6
qwen,mmvet,umpire,0.2,mmvet-v1_124,mmvet-v1_124,-16.084102375462166,0,1,1,wrong_hallucination,1
qwen,mmvet,umpire,0.2,mmvet-v1_86,mmvet-v1_86,-15.949521905046863,1,0,0,correct_clean,6
qwen,mmvet,umpire,0.2,mmvet-v1_146,mmvet-v1_146,-15.664378834075157,1,0,1,correct_hallucination,2
qwen,mmvet,umpire,0.2,mmvet-v1_51,mmvet-v1_51,-15.403598354437529,0,1,0,wrong_clean,4
qwen,mmvet,umpire,0.2,mmvet-v1_142,mmvet-v1_142,-15.386044480948884,1,0,0,correct_clean,6
qwen,mmvet,umpire,0.2,mmvet-v1_17,mmvet-v1_17,-15.291687862429505,1,0,0,correct_clean,6
qwen,mmvet,umpire,0.2,mmvet-v1_118,mmvet-v1_118,-14.993323720377543,1,0,0,correct_clean,5
qwen,mmvet,umpire,0.2,mmvet-v1_25,mmvet-v1_25,-14.911719045858701,1,0,0,correct_clean,6
internvl,vilp,perplexity,0.2,vilp-126-case3,vilp-126,1.0000133514404288,0,1,1,wrong_hallucination,2
internvl,vilp,perplexity,0.2,vilp-118-case1,vilp-118,1.0000153183777916,1,0,0,correct_clean,6
internvl,vilp,perplexity,0.2,vilp-120-case3,vilp-120,1.0000156164169938,1,0,0,correct_clean,6
internvl,vilp,perplexity,0.2,vilp-19-case1,vilp-19,1.000015944174043,1,0,0,correct_clean,6
internvl,vilp,perplexity,0.2,vilp-84-case1,vilp-84,1.00001856680002,1,0,0,correct_clean,6
internvl,vilp,perplexity,0.2,vilp-265-case1,vilp-265,1.0000215172754265,1,0,0,correct_clean,6
internvl,vilp,perplexity,0.2,vilp-276-case1,vilp-276,1.0000244972268646,1,0,1,correct_hallucination,2
internvl,vilp,perplexity,0.2,vilp-285-case2,vilp-285,1.0000276565556234,1,0,0,correct_clean,6
internvl,vilp,perplexity,0.2,vilp-257-case3,vilp-257,1.0000281333915306,0,1,1,wrong_hallucination,1
internvl,vilp,perplexity,0.2,vilp-19-case3,vilp-19,1.0000326036307579,0,1,0,wrong_clean,5
internvl,vilp,perplexity,0.2,vilp-21-case1,vilp-21,1.0000350475304598,1,0,0,correct_clean,6
internvl,vilp,perplexity,0.2,vilp-218-case2,vilp-218,1.0000363188914687,0,1,0,wrong_clean,4
internvl,vilp,perplexity,0.2,vilp-156-case3,vilp-156,1.0000367164621884,1,0,1,correct_hallucination,2
internvl,vilp,perplexity,0.2,vilp-147-case1,vilp-147,1.0000368353629843,1,0,0,correct_clean,6
internvl,vilp,perplexity,0.2,vilp-167-case3,vilp-167,1.0000402927403296,1,0,0,correct_clean,6
internvl,vilp,perplexity,0.2,vilp-218-case1,vilp-218,1.0000422392260169,1,0,0,correct_clean,6
internvl,vilp,perplexity,0.2,vilp-230-case1,vilp-230,1.000054060249667,1,0,0,correct_clean,6
internvl,vilp,perplexity,0.2,vilp-90-case1,vilp-90,1.000057697294373,1,0,0,correct_clean,5
internvl,vilp,perplexity,0.2,vilp-147-case2,vilp-147,1.0000613910933647,0,1,0,wrong_clean,6
internvl,vilp,perplexity,0.2,vilp-14-case3,vilp-14,1.0000690221813329,0,1,1,wrong_hallucination,1
internvl,vilp,perplexity,0.2,vilp-90-case3,vilp-90,1.0000711679461467,1,0,0,correct_clean,6
internvl,vilp,perplexity,0.2,vilp-167-case1,vilp-167,1.0000725984585803,1,0,0,correct_clean,6
internvl,vilp,perplexity,0.2,vilp-218-case3,vilp-218,1.0000853520866544,0,1,0,wrong_clean,4
internvl,vilp,perplexity,0.2,vilp-124-case3,vilp-124,1.0000859498950603,0,1,1,wrong_hallucination,1
internvl,vilp,perplexity,0.2,vilp-37-case2,vilp-37,1.0000872612016625,1,0,0,correct_clean,6
internvl,vilp,perplexity,0.2,vilp-285-case3,vilp-285,1.0000948905924922,1,0,0,correct_clean,6
internvl,vilp,perplexity,0.2,vilp-37-case1,vilp-37,1.0000966787357486,1,0,0,correct_clean,6
internvl,vilp,perplexity,0.2,vilp-148-case2,vilp-148,1.000097988444636,1,0,0,correct_clean,6
internvl,vilp,perplexity,0.2,vilp-260-case2,vilp-260,1.0000988245016895,1,0,0,correct_clean,6
internvl,vilp,perplexity,0.2,vilp-43-case2,vilp-43,1.0000994205490055,1,0,0,correct_clean,6
internvl,vilp,perplexity,0.2,vilp-134-case1,vilp-134,1.0001022203887364,1,0,0,correct_clean,6
internvl,vilp,perplexity,0.2,vilp-296-case2,vilp-296,1.0001071644410915,1,0,0,correct_clean,6
internvl,vilp,perplexity,0.2,vilp-14-case1,vilp-14,1.000109076496614,1,0,0,correct_clean,6
internvl,vilp,perplexity,0.2,vilp-150-case2,vilp-150,1.000110861479831,1,0,0,correct_clean,6
internvl,vilp,perplexity,0.2,vilp-240-case1,vilp-240,1.0001123309518936,1,0,0,correct_clean,6
internvl,vilp,perplexity,0.2,vilp-141-case1,vilp-141,1.0001136064518918,1,0,0,correct_clean,6
internvl,vilp,perplexity,0.2,vilp-14-case2,vilp-14,1.000115752217768,0,1,1,wrong_hallucination,0
internvl,vilp,perplexity,0.2,vilp-236-case1,vilp-236,1.0001204606712613,1,0,0,correct_clean,6
internvl,vilp,perplexity,0.2,vilp-251-case1,vilp-251,1.0001236099699422,1,0,0,correct_clean,6
internvl,vilp,perplexity,0.2,vilp-239-case3,vilp-239,1.0001303735815505,0,1,1,wrong_hallucination,1
internvl,vilp,perplexity,0.2,vilp-298-case1,vilp-298,1.0001306533883358,1,0,0,correct_clean,6
internvl,vilp,perplexity,0.2,vilp-85-case3,vilp-85,1.0001319646880609,1,0,0,correct_clean,6
internvl,vilp,perplexity,0.2,vilp-38-case3,vilp-38,1.000134944910518,1,0,0,correct_clean,6
internvl,vilp,perplexity,0.2,vilp-210-case1,vilp-210,1.0001434623388248,1,0,0,correct_clean,6
internvl,vilp,perplexity,0.2,vilp-140-case3,vilp-140,1.000148049325335,1,0,0,correct_clean,6
internvl,vilp,perplexity,0.2,vilp-84-case2,vilp-84,1.0001494731409744,1,0,0,correct_clean,6
internvl,vilp,perplexity,0.2,vilp-6-case1,vilp-6,1.000150118448627,1,0,0,correct_clean,6
internvl,vilp,perplexity,0.2,vilp-221-case1,vilp-221,1.0001519918395458,1,0,0,correct_clean,6
internvl,vilp,perplexity,0.2,vilp-239-case2,vilp-239,1.000162200500772,0,1,0,wrong_clean,4
internvl,vilp,perplexity,0.2,vilp-260-case3,vilp-260,1.0001629591038617,1,0,0,correct_clean,6
internvl,vilp,perplexity,0.2,vilp-8-case2,vilp-8,1.0001638478763217,1,0,0,correct_clean,6
internvl,vilp,perplexity,0.2,vilp-290-case2,vilp-290,1.000164031988228,1,0,0,correct_clean,6
internvl,vilp,perplexity,0.2,vilp-236-case2,vilp-236,1.0001673079014037,0,1,1,wrong_hallucination,0
internvl,vilp,perplexity,0.2,vilp-256-case3,vilp-256,1.000168579689807,1,0,0,correct_clean,6
internvl,vilp,perplexity,0.2,vilp-128-case2,vilp-128,1.000169754028509,1,0,0,correct_clean,6
internvl,vilp,perplexity,0.2,vilp-6-case2,vilp-6,1.0001757002146725,1,0,1,correct_hallucination,2
internvl,vilp,perplexity,0.2,vilp-242-case3,vilp-242,1.0001790961967993,1,0,0,correct_clean,6
internvl,vilp,perplexity,0.2,vilp-136-case1,vilp-136,1.000196926070807,1,0,0,correct_clean,6
internvl,vilp,perplexity,0.2,vilp-94-case1,vilp-94,1.0002021025729833,1,0,1,correct_hallucination,2
internvl,vilp,perplexity,0.2,vilp-210-case3,vilp-210,1.0002105081478339,0,1,0,wrong_clean,4
internvl,vilp,perplexity,0.2,vilp-217-case2,vilp-217,1.0002128265866694,0,1,0,wrong_clean,4
internvl,vilp,perplexity,0.2,vilp-263-case3,vilp-263,1.0002167633913783,1,0,0,correct_clean,6
internvl,vilp,perplexity,0.2,vilp-286-case1,vilp-286,1.0002225637398665,1,0,0,correct_clean,6
internvl,vilp,perplexity,0.2,vilp-136-case2,vilp-136,1.0002235086972957,0,1,1,wrong_hallucination,1
internvl,vilp,perplexity,0.2,vilp-237-case2,vilp-237,1.0002315044432502,0,1,1,wrong_hallucination,0
internvl,vilp,perplexity,0.2,vilp-96-case3,vilp-96,1.0002352954287506,1,0,1,correct_hallucination,1
internvl,vilp,perplexity,0.2,vilp-263-case1,vilp-263,1.0002379143163722,1,0,0,correct_clean,6
internvl,vilp,perplexity,0.2,vilp-237-case1,vilp-237,1.0002387762022686,1,0,0,correct_clean,6
internvl,vilp,perplexity,0.2,vilp-101-case1,vilp-101,1.000241197295988,1,0,0,correct_clean,6
internvl,vilp,perplexity,0.2,vilp-151-case1,vilp-151,1.0002431869463442,1,0,0,correct_clean,6
internvl,vilp,perplexity,0.2,vilp-38-case1,vilp-38,1.0002506971230611,1,0,0,correct_clean,5
internvl,vilp,perplexity,0.2,vilp-228-case2,vilp-228,1.0002567760615113,1,0,1,correct_hallucination,2
internvl,vilp,perplexity,0.2,vilp-179-case2,vilp-179,1.0002593875926626,1,0,0,correct_clean,6
internvl,vilp,perplexity,0.2,vilp-8-case1,vilp-8,1.000259664088434,1,0,0,correct_clean,6
internvl,vilp,perplexity,0.2,vilp-140-case1,vilp-140,1.0002660751357306,1,0,0,correct_clean,6
internvl,vilp,perplexity,0.2,vilp-10-case2,vilp-10,1.0002689266039382,0,1,1,wrong_hallucination,1
internvl,vilp,perplexity,0.2,vilp-94-case2,vilp-94,1.0002807378698075,0,1,1,wrong_hallucination,1
internvl,vilp,perplexity,0.2,vilp-162-case1,vilp-162,1.0002878661142123,1,0,0,correct_clean,6
internvl,vilp,perplexity,0.2,vilp-106-case1,vilp-106,1.0002967119269788,1,0,0,correct_clean,6
internvl,vilp,perplexity,0.2,vilp-156-case1,vilp-156,1.0002975197873167,1,0,0,correct_clean,6
internvl,vilp,perplexity,0.2,vilp-80-case1,vilp-80,1.0002999197025215,1,0,0,correct_clean,6
internvl,vilp,perplexity,0.2,vilp-237-case3,vilp-237,1.0002999305772755,0,1,0,wrong_clean,4
internvl,vilp,perplexity,0.2,vilp-26-case3,vilp-26,1.0003022719917367,1,0,0,correct_clean,6
internvl,vilp,perplexity,0.2,vilp-21-case3,vilp-21,1.0003042411313299,1,0,0,correct_clean,4
internvl,vilp,perplexity,0.2,vilp-217-case1,vilp-217,1.0003048915432688,1,0,0,correct_clean,6
internvl,vilp,perplexity,0.2,vilp-281-case2,vilp-281,1.000305294988339,0,1,1,wrong_hallucination,1
internvl,vilp,perplexity,0.2,vilp-128-case1,vilp-128,1.000306248663135,1,0,0,correct_clean,6
internvl,vilp,perplexity,0.2,vilp-46-case1,vilp-46,1.0003116130789682,1,0,0,correct_clean,6
internvl,vilp,perplexity,0.2,vilp-82-case3,vilp-82,1.000312328324941,1,0,1,correct_hallucination,2
internvl,vilp,perplexity,0.2,vilp-134-case3,vilp-134,1.0003147125303993,1,0,0,correct_clean,6
internvl,vilp,perplexity,0.2,vilp-239-case1,vilp-239,1.0003173340421134,1,0,0,correct_clean,6
internvl,vilp,perplexity,0.2,vilp-262-case1,vilp-262,1.0003205537777267,1,0,0,correct_clean,6
internvl,vilp,perplexity,0.2,vilp-186-case3,vilp-186,1.00032186509353,1,0,0,correct_clean,6
internvl,vilp,perplexity,0.2,vilp-110-case1,vilp-110,1.000323176381939,1,0,0,correct_clean,5
internvl,vilp,perplexity,0.2,vilp-153-case1,vilp-153,1.0003249645185,1,0,0,correct_clean,6
internvl,vilp,perplexity,0.2,vilp-244-case3,vilp-244,1.0003283600652886,0,1,1,wrong_hallucination,1
internvl,vilp,perplexity,0.2,vilp-252-case1,vilp-252,1.0003309984185158,1,0,0,correct_clean,6
internvl,vilp,perplexity,0.2,vilp-262-case3,vilp-262,1.0003336148393744,1,0,0,correct_clean,6
internvl,vilp,perplexity,0.2,vilp-26-case1,vilp-26,1.0003342667812756,1,0,0,correct_clean,6
internvl,vilp,perplexity,0.2,vilp-288-case2,vilp-288,1.00033593178718,0,1,0,wrong_clean,4
internvl,vilp,perplexity,0.2,vilp-19-case2,vilp-19,1.0003371137548471,1,0,0,correct_clean,5
internvl,vilp,perplexity,0.2,vilp-160-case1,vilp-160,1.000341534600152,1,0,0,correct_clean,6
internvl,vilp,perplexity,0.2,vilp-256-case1,vilp-256,1.000358500434058,1,0,1,correct_hallucination,2
internvl,vilp,perplexity,0.2,vilp-38-case2,vilp-38,1.0003663301449655,0,1,1,wrong_hallucination,1
internvl,vilp,perplexity,0.2,vilp-140-case2,vilp-140,1.0003669262061392,1,0,0,correct_clean,6
internvl,vilp,perplexity,0.2,vilp-161-case1,vilp-161,1.0003682997386534,1,0,0,correct_clean,6
internvl,vilp,perplexity,0.2,vilp-295-case3,vilp-295,1.000370255339287,1,0,0,correct_clean,6
internvl,vilp,perplexity,0.2,vilp-22-case1,vilp-22,1.000374964857297,1,0,0,correct_clean,6
internvl,vilp,perplexity,0.2,vilp-249-case3,vilp-249,1.0003761640933855,1,0,0,correct_clean,6
internvl,vilp,perplexity,0.2,vilp-145-case2,vilp-145,1.000381061567735,1,0,1,correct_hallucination,2
internvl,vilp,perplexity,0.2,vilp-115-case2,vilp-115,1.0003811120894028,1,0,0,correct_clean,6
internvl,vilp,perplexity,0.2,vilp-114-case2,vilp-114,1.0003873109958257,1,0,0,correct_clean,6
internvl,vilp,perplexity,0.2,vilp-97-case2,vilp-97,1.000389750413138,1,0,0,correct_clean,6
internvl,vilp,perplexity,0.2,vilp-233-case1,vilp-233,1.0003901817640826,1,0,0,correct_clean,6
internvl,vilp,perplexity,0.2,vilp-113-case1,vilp-113,1.000393033032437,1,0,0,correct_clean,6
internvl,vilp,perplexity,0.2,vilp-264-case1,vilp-264,1.000395803043462,1,0,0,correct_clean,6
internvl,vilp,perplexity,0.2,vilp-149-case1,vilp-149,1.0003961324741084,1,0,0,correct_clean,6
internvl,vilp,perplexity,0.2,vilp-114-case3,vilp-114,1.0003987435429493,1,0,0,correct_clean,6
internvl,vilp,perplexity,0.2,vilp-254-case1,vilp-254,1.000407483707294,1,0,0,correct_clean,6
internvl,vilp,perplexity,0.2,vilp-163-case1,vilp-163,1.0004117641523074,1,0,0,correct_clean,6
internvl,vilp,perplexity,0.2,vilp-244-case1,vilp-244,1.000421053272095,1,0,0,correct_clean,6
internvl,vilp,perplexity,0.2,vilp-115-case1,vilp-115,1.0004320144789425,1,0,0,correct_clean,6
internvl,vilp,perplexity,0.2,vilp-34-case1,vilp-34,1.0004349946928857,1,0,0,correct_clean,5
internvl,vilp,perplexity,0.2,vilp-285-case1,vilp-285,1.000437378870432,1,0,0,correct_clean,6
internvl,vilp,perplexity,0.2,vilp-123-case1,vilp-123,1.000437617305969,1,0,0,correct_clean,6
internvl,vilp,perplexity,0.2,vilp-284-case2,vilp-284,1.0004471249365645,1,0,0,correct_clean,6
internvl,vilp,perplexity,0.2,vilp-274-case1,vilp-274,1.0004497389555598,1,0,0,correct_clean,6
internvl,vilp,perplexity,0.2,vilp-122-case2,vilp-122,1.0004525184605642,1,0,1,correct_hallucination,2
internvl,vilp,perplexity,0.2,vilp-36-case3,vilp-36,1.0004657279736648,0,1,1,wrong_hallucination,1
internvl,vilp,perplexity,0.2,vilp-100-case1,vilp-100,1.0004661667982295,1,0,0,correct_clean,6
internvl,vilp,perplexity,0.2,vilp-249-case2,vilp-249,1.0004694378362622,0,1,1,wrong_hallucination,1
internvl,vilp,perplexity,0.2,vilp-99-case1,vilp-99,1.0004737377288027,1,0,0,correct_clean,6
internvl,vilp,perplexity,0.2,vilp-232-case1,vilp-232,1.0004796981812056,1,0,0,correct_clean,6
internvl,vilp,perplexity,0.2,vilp-93-case1,vilp-93,1.0004857778489564,1,0,0,correct_clean,6
internvl,vilp,perplexity,0.2,vilp-257-case1,vilp-257,1.000486086885283,1,0,0,correct_clean,6
internvl,vilp,perplexity,0.2,vilp-241-case1,vilp-241,1.0004878640225403,1,0,0,correct_clean,6
internvl,vilp,perplexity,0.2,vilp-135-case3,vilp-135,1.0004928112316045,1,0,0,correct_clean,5
internvl,vilp,perplexity,0.2,vilp-152-case2,vilp-152,1.0004971027354037,1,0,0,correct_clean,6
internvl,vilp,perplexity,0.2,vilp-230-case3,vilp-230,1.0005001421361792,0,1,1,wrong_hallucination,1
internvl,vilp,perplexity,0.2,vilp-123-case3,vilp-123,1.0005140228540275,1,0,0,correct_clean,6
internvl,vilp,perplexity,0.2,vilp-207-case2,vilp-207,1.0005171299188786,0,1,1,wrong_hallucination,2
internvl,vilp,perplexity,0.2,vilp-165-case2,vilp-165,1.0005198681165928,0,1,1,wrong_hallucination,1
internvl,vilp,perplexity,0.2,vilp-89-case2,vilp-89,1.0005242452737668,0,1,1,wrong_hallucination,1
internvl,vilp,perplexity,0.2,vilp-267-case2,vilp-267,1.0005330785538296,0,1,1,wrong_hallucination,1
internvl,vilp,perplexity,0.2,vilp-89-case1,vilp-89,1.0005347376059284,1,0,0,correct_clean,6
internvl,vilp,perplexity,0.2,vilp-125-case3,vilp-125,1.0005424022818523,1,0,0,correct_clean,6
internvl,vilp,perplexity,0.2,vilp-269-case2,vilp-269,1.000550804242527,0,1,0,wrong_clean,4
internvl,vilp,perplexity,0.2,vilp-263-case2,vilp-263,1.0005529227745635,0,1,1,wrong_hallucination,1
internvl,vilp,perplexity,0.2,vilp-126-case1,vilp-126,1.0005556112572873,1,0,0,correct_clean,6
internvl,vilp,perplexity,0.2,vilp-114-case1,vilp-114,1.000559449167013,1,0,0,correct_clean,6
internvl,vilp,perplexity,0.2,vilp-258-case3,vilp-258,1.0005614757541794,1,0,0,correct_clean,6
internvl,vilp,perplexity,0.2,vilp-58-case3,vilp-58,1.0005650190010071,1,0,0,correct_clean,6
internvl,vilp,perplexity,0.2,vilp-222-case3,vilp-222,1.000567078607354,0,1,1,wrong_hallucination,1
internvl,vilp,perplexity,0.2,vilp-258-case2,vilp-258,1.000568389896881,1,0,1,correct_hallucination,2
internvl,vilp,perplexity,0.2,vilp-94-case3,vilp-94,1.0005702972248751,1,0,0,correct_clean,5
internvl,vilp,perplexity,0.2,vilp-129-case3,vilp-129,1.000571520608486,1,0,0,correct_clean,6
internvl,vilp,perplexity,0.2,vilp-253-case1,vilp-253,1.0005779605442697,1,0,0,correct_clean,6
internvl,vilp,perplexity,0.2,vilp-289-case1,vilp-289,1.0005797147574629,0,1,1,wrong_hallucination,1
internvl,vilp,perplexity,0.2,vilp-164-case1,vilp-164,1.0005851679441706,1,0,0,correct_clean,6
internvl,vilp,perplexity,0.2,vilp-120-case2,vilp-120,1.0005905628020764,0,1,1,wrong_hallucination,1
internvl,vilp,perplexity,0.2,vilp-229-case2,vilp-229,1.0006003138441328,1,0,0,correct_clean,5
internvl,vilp,perplexity,0.2,vilp-273-case1,vilp-273,1.0006022620380715,1,0,0,correct_clean,6
internvl,vilp,perplexity,0.2,vilp-111-case1,vilp-111,1.000608086586407,1,0,0,correct_clean,6
internvl,vilp,perplexity,0.2,vilp-113-case2,vilp-113,1.0006133317950678,0,1,1,wrong_hallucination,1
internvl,vilp,perplexity,0.2,vilp-81-case1,vilp-81,1.0006136894093716,1,0,0,correct_clean,6
internvl,vilp,perplexity,0.2,vilp-141-case3,vilp-141,1.0006190538139947,0,1,1,wrong_hallucination,2
internvl,vilp,perplexity,0.2,vilp-11-case1,vilp-11,1.000622088315994,1,0,0,correct_clean,6
internvl,vilp,perplexity,0.2,vilp-145-case1,vilp-145,1.0006234050630554,1,0,0,correct_clean,6
internvl,vilp,perplexity,0.2,vilp-148-case1,vilp-148,1.000631787903262,1,0,0,correct_clean,6
internvl,vilp,perplexity,0.2,vilp-91-case2,vilp-91,1.0006463090090034,1,0,0,correct_clean,6
internvl,vilp,perplexity,0.2,vilp-16-case3,vilp-16,1.0006482601331723,0,1,1,wrong_hallucination,1
internvl,vilp,perplexity,0.2,vilp-108-case1,vilp-108,1.000649189526243,1,0,0,correct_clean,6
internvl,vilp,perplexity,0.2,vilp-93-case3,vilp-93,1.0006513171255365,1,0,0,correct_clean,6
internvl,vilp,perplexity,0.2,vilp-56-case2,vilp-56,1.000657176275974,1,0,0,correct_clean,6
internvl,vilp,perplexity,0.2,vilp-226-case2,vilp-226,1.0006625652460963,1,0,0,correct_clean,6
internvl,vilp,perplexity,0.2,vilp-280-case1,vilp-280,1.000670523749189,1,0,0,correct_clean,6
internvl,vilp,perplexity,0.2,vilp-143-case2,vilp-143,1.0006713867343484,1,0,0,correct_clean,6
internvl,vilp,perplexity,0.2,vilp-176-case3,vilp-176,1.000674379687759,1,0,0,correct_clean,6
internvl,vilp,perplexity,0.2,vilp-242-case2,vilp-242,1.0006775645301584,1,0,0,correct_clean,6
internvl,vilp,perplexity,0.2,vilp-284-case1,vilp-284,1.0006839036877422,1,0,0,correct_clean,6
internvl,vilp,semantic_entropy,0.2,vilp-0-case1,vilp-0,-0.0,1,0,0,correct_clean,6
internvl,vilp,semantic_entropy,0.2,vilp-1-case1,vilp-1,-0.0,1,0,0,correct_clean,6
internvl,vilp,semantic_entropy,0.2,vilp-10-case1,vilp-10,-0.0,1,0,0,correct_clean,6
internvl,vilp,semantic_entropy,0.2,vilp-100-case1,vilp-100,-0.0,1,0,0,correct_clean,6
internvl,vilp,semantic_entropy,0.2,vilp-101-case1,vilp-101,-0.0,1,0,0,correct_clean,6
internvl,vilp,semantic_entropy,0.2,vilp-101-case3,vilp-101,-0.0,1,0,0,correct_clean,6
internvl,vilp,semantic_entropy,0.2,vilp-102-case2,vilp-102,-0.0,1,0,0,correct_clean,6
internvl,vilp,semantic_entropy,0.2,vilp-103-case1,vilp-103,-0.0,1,0,0,correct_clean,6
internvl,vilp,semantic_entropy,0.2,vilp-103-case2,vilp-103,-0.0,0,1,1,wrong_hallucination,1
internvl,vilp,semantic_entropy,0.2,vilp-103-case3,vilp-103,-0.0,0,1,0,wrong_clean,6
internvl,vilp,semantic_entropy,0.2,vilp-104-case1,vilp-104,-0.0,1,0,0,correct_clean,6
internvl,vilp,semantic_entropy,0.2,vilp-104-case2,vilp-104,-0.0,1,0,0,correct_clean,6
internvl,vilp,semantic_entropy,0.2,vilp-105-case2,vilp-105,-0.0,0,1,1,wrong_hallucination,0
internvl,vilp,semantic_entropy,0.2,vilp-106-case1,vilp-106,-0.0,1,0,0,correct_clean,6
internvl,vilp,semantic_entropy,0.2,vilp-108-case1,vilp-108,-0.0,1,0,0,correct_clean,6
internvl,vilp,semantic_entropy,0.2,vilp-109-case1,vilp-109,-0.0,1,0,0,correct_clean,6
internvl,vilp,semantic_entropy,0.2,vilp-109-case2,vilp-109,-0.0,1,0,0,correct_clean,6
internvl,vilp,semantic_entropy,0.2,vilp-11-case1,vilp-11,-0.0,1,0,0,correct_clean,6
internvl,vilp,semantic_entropy,0.2,vilp-11-case3,vilp-11,-0.0,1,0,0,correct_clean,6
internvl,vilp,semantic_entropy,0.2,vilp-110-case1,vilp-110,-0.0,1,0,0,correct_clean,5
internvl,vilp,semantic_entropy,0.2,vilp-111-case1,vilp-111,-0.0,1,0,0,correct_clean,6
internvl,vilp,semantic_entropy,0.2,vilp-111-case2,vilp-111,-0.0,1,0,0,correct_clean,6
internvl,vilp,semantic_entropy,0.2,vilp-114-case1,vilp-114,-0.0,1,0,0,correct_clean,6
internvl,vilp,semantic_entropy,0.2,vilp-114-case3,vilp-114,-0.0,1,0,0,correct_clean,6
internvl,vilp,semantic_entropy,0.2,vilp-115-case1,vilp-115,-0.0,1,0,0,correct_clean,6
internvl,vilp,semantic_entropy,0.2,vilp-115-case2,vilp-115,-0.0,1,0,0,correct_clean,6
internvl,vilp,semantic_entropy,0.2,vilp-118-case1,vilp-118,-0.0,1,0,0,correct_clean,6
internvl,vilp,semantic_entropy,0.2,vilp-119-case1,vilp-119,-0.0,1,0,0,correct_clean,6
internvl,vilp,semantic_entropy,0.2,vilp-119-case3,vilp-119,-0.0,0,1,0,wrong_clean,5
internvl,vilp,semantic_entropy,0.2,vilp-12-case1,vilp-12,-0.0,1,0,0,correct_clean,6
internvl,vilp,semantic_entropy,0.2,vilp-120-case3,vilp-120,-0.0,1,0,0,correct_clean,6
internvl,vilp,semantic_entropy,0.2,vilp-121-case2,vilp-121,-0.0,1,0,0,correct_clean,6
internvl,vilp,semantic_entropy,0.2,vilp-122-case2,vilp-122,-0.0,1,0,1,correct_hallucination,2
internvl,vilp,semantic_entropy,0.2,vilp-123-case3,vilp-123,-0.0,1,0,0,correct_clean,6
internvl,vilp,semantic_entropy,0.2,vilp-124-case1,vilp-124,-0.0,1,0,0,correct_clean,6
internvl,vilp,semantic_entropy,0.2,vilp-125-case1,vilp-125,-0.0,1,0,0,correct_clean,5
internvl,vilp,semantic_entropy,0.2,vilp-126-case1,vilp-126,-0.0,1,0,0,correct_clean,6
internvl,vilp,semantic_entropy,0.2,vilp-126-case2,vilp-126,-0.0,1,0,0,correct_clean,6
internvl,vilp,semantic_entropy,0.2,vilp-127-case2,vilp-127,-0.0,1,0,0,correct_clean,6
internvl,vilp,semantic_entropy,0.2,vilp-127-case3,vilp-127,-0.0,1,0,0,correct_clean,6
internvl,vilp,semantic_entropy,0.2,vilp-128-case2,vilp-128,-0.0,1,0,0,correct_clean,6
internvl,vilp,semantic_entropy,0.2,vilp-128-case3,vilp-128,-0.0,1,0,0,correct_clean,6
internvl,vilp,semantic_entropy,0.2,vilp-130-case1,vilp-130,-0.0,1,0,0,correct_clean,6
internvl,vilp,semantic_entropy,0.2,vilp-130-case2,vilp-130,-0.0,0,1,0,wrong_clean,4
internvl,vilp,semantic_entropy,0.2,vilp-131-case1,vilp-131,-0.0,1,0,0,correct_clean,6
internvl,vilp,semantic_entropy,0.2,vilp-131-case3,vilp-131,-0.0,0,1,1,wrong_hallucination,2
internvl,vilp,semantic_entropy,0.2,vilp-133-case1,vilp-133,-0.0,1,0,0,correct_clean,6
internvl,vilp,semantic_entropy,0.2,vilp-134-case1,vilp-134,-0.0,1,0,0,correct_clean,6
internvl,vilp,semantic_entropy,0.2,vilp-135-case1,vilp-135,-0.0,1,0,0,correct_clean,6
internvl,vilp,semantic_entropy,0.2,vilp-136-case1,vilp-136,-0.0,1,0,0,correct_clean,6
internvl,vilp,semantic_entropy,0.2,vilp-137-case1,vilp-137,-0.0,1,0,0,correct_clean,6
internvl,vilp,semantic_entropy,0.2,vilp-138-case1,vilp-138,-0.0,1,0,0,correct_clean,6
internvl,vilp,semantic_entropy,0.2,vilp-138-case3,vilp-138,-0.0,1,0,0,correct_clean,6
internvl,vilp,semantic_entropy,0.2,vilp-139-case1,vilp-139,-0.0,1,0,0,correct_clean,6
internvl,vilp,semantic_entropy,0.2,vilp-139-case2,vilp-139,-0.0,1,0,0,correct_clean,6
internvl,vilp,semantic_entropy,0.2,vilp-139-case3,vilp-139,-0.0,1,0,0,correct_clean,6
internvl,vilp,semantic_entropy,0.2,vilp-14-case1,vilp-14,-0.0,1,0,0,correct_clean,6
internvl,vilp,semantic_entropy,0.2,vilp-14-case2,vilp-14,-0.0,0,1,1,wrong_hallucination,0
internvl,vilp,semantic_entropy,0.2,vilp-140-case1,vilp-140,-0.0,1,0,0,correct_clean,6
internvl,vilp,semantic_entropy,0.2,vilp-140-case2,vilp-140,-0.0,1,0,0,correct_clean,6
internvl,vilp,semantic_entropy,0.2,vilp-140-case3,vilp-140,-0.0,1,0,0,correct_clean,6
internvl,vilp,semantic_entropy,0.2,vilp-141-case1,vilp-141,-0.0,1,0,0,correct_clean,6
internvl,vilp,semantic_entropy,0.2,vilp-143-case1,vilp-143,-0.0,1,0,0,correct_clean,6
internvl,vilp,semantic_entropy,0.2,vilp-143-case2,vilp-143,-0.0,1,0,0,correct_clean,6
internvl,vilp,semantic_entropy,0.2,vilp-144-case1,vilp-144,-0.0,1,0,0,correct_clean,6
internvl,vilp,semantic_entropy,0.2,vilp-145-case1,vilp-145,-0.0,1,0,0,correct_clean,6
internvl,vilp,semantic_entropy,0.2,vilp-145-case2,vilp-145,-0.0,1,0,1,correct_hallucination,2
internvl,vilp,semantic_entropy,0.2,vilp-146-case1,vilp-146,-0.0,1,0,0,correct_clean,6
internvl,vilp,semantic_entropy,0.2,vilp-147-case1,vilp-147,-0.0,1,0,0,correct_clean,6
internvl,vilp,semantic_entropy,0.2,vilp-147-case2,vilp-147,-0.0,0,1,0,wrong_clean,6
internvl,vilp,semantic_entropy,0.2,vilp-148-case1,vilp-148,-0.0,1,0,0,correct_clean,6
internvl,vilp,semantic_entropy,0.2,vilp-148-case2,vilp-148,-0.0,1,0,0,correct_clean,6
internvl,vilp,semantic_entropy,0.2,vilp-149-case1,vilp-149,-0.0,1,0,0,correct_clean,6
internvl,vilp,semantic_entropy,0.2,vilp-149-case2,vilp-149,-0.0,1,0,0,correct_clean,6
internvl,vilp,semantic_entropy,0.2,vilp-15-case1,vilp-15,-0.0,1,0,0,correct_clean,6
internvl,vilp,semantic_entropy,0.2,vilp-150-case3,vilp-150,-0.0,0,1,1,wrong_hallucination,2
internvl,vilp,semantic_entropy,0.2,vilp-151-case1,vilp-151,-0.0,1,0,0,correct_clean,6
internvl,vilp,semantic_entropy,0.2,vilp-151-case3,vilp-151,-0.0,1,0,0,correct_clean,6
internvl,vilp,semantic_entropy,0.2,vilp-153-case1,vilp-153,-0.0,1,0,0,correct_clean,6
internvl,vilp,semantic_entropy,0.2,vilp-153-case2,vilp-153,-0.0,1,0,0,correct_clean,6
internvl,vilp,semantic_entropy,0.2,vilp-154-case1,vilp-154,-0.0,1,0,0,correct_clean,6
internvl,vilp,semantic_entropy,0.2,vilp-155-case1,vilp-155,-0.0,1,0,0,correct_clean,6
internvl,vilp,semantic_entropy,0.2,vilp-156-case1,vilp-156,-0.0,1,0,0,correct_clean,6
internvl,vilp,semantic_entropy,0.2,vilp-157-case1,vilp-157,-0.0,1,0,0,correct_clean,6
internvl,vilp,semantic_entropy,0.2,vilp-158-case1,vilp-158,-0.0,1,0,0,correct_clean,6
internvl,vilp,semantic_entropy,0.2,vilp-159-case2,vilp-159,-0.0,0,1,1,wrong_hallucination,1
internvl,vilp,semantic_entropy,0.2,vilp-16-case3,vilp-16,-0.0,0,1,1,wrong_hallucination,1
internvl,vilp,semantic_entropy,0.2,vilp-160-case1,vilp-160,-0.0,1,0,0,correct_clean,6
internvl,vilp,semantic_entropy,0.2,vilp-160-case2,vilp-160,-0.0,1,0,0,correct_clean,5
internvl,vilp,semantic_entropy,0.2,vilp-161-case1,vilp-161,-0.0,1,0,0,correct_clean,6
internvl,vilp,semantic_entropy,0.2,vilp-161-case2,vilp-161,-0.0,0,1,1,wrong_hallucination,1
internvl,vilp,semantic_entropy,0.2,vilp-161-case3,vilp-161,-0.0,1,0,0,correct_clean,6
internvl,vilp,semantic_entropy,0.2,vilp-162-case1,vilp-162,-0.0,1,0,0,correct_clean,6
internvl,vilp,semantic_entropy,0.2,vilp-163-case1,vilp-163,-0.0,1,0,0,correct_clean,6
internvl,vilp,semantic_entropy,0.2,vilp-164-case3,vilp-164,-0.0,1,0,0,correct_clean,6
internvl,vilp,semantic_entropy,0.2,vilp-165-case1,vilp-165,-0.0,1,0,0,correct_clean,6
internvl,vilp,semantic_entropy,0.2,vilp-165-case2,vilp-165,-0.0,0,1,1,wrong_hallucination,1
internvl,vilp,semantic_entropy,0.2,vilp-165-case3,vilp-165,-0.0,1,0,0,correct_clean,6
internvl,vilp,semantic_entropy,0.2,vilp-166-case1,vilp-166,-0.0,1,0,0,correct_clean,6
internvl,vilp,semantic_entropy,0.2,vilp-167-case1,vilp-167,-0.0,1,0,0,correct_clean,6
internvl,vilp,semantic_entropy,0.2,vilp-167-case3,vilp-167,-0.0,1,0,0,correct_clean,6
internvl,vilp,semantic_entropy,0.2,vilp-168-case1,vilp-168,-0.0,1,0,0,correct_clean,6
internvl,vilp,semantic_entropy,0.2,vilp-169-case1,vilp-169,-0.0,1,0,0,correct_clean,6
internvl,vilp,semantic_entropy,0.2,vilp-17-case1,vilp-17,-0.0,1,0,0,correct_clean,6
internvl,vilp,semantic_entropy,0.2,vilp-17-case2,vilp-17,-0.0,0,1,1,wrong_hallucination,1
internvl,vilp,semantic_entropy,0.2,vilp-171-case1,vilp-171,-0.0,1,0,0,correct_clean,6
internvl,vilp,semantic_entropy,0.2,vilp-171-case3,vilp-171,-0.0,1,0,0,correct_clean,6
internvl,vilp,semantic_entropy,0.2,vilp-172-case1,vilp-172,-0.0,1,0,0,correct_clean,6
internvl,vilp,semantic_entropy,0.2,vilp-172-case2,vilp-172,-0.0,1,0,0,correct_clean,6
internvl,vilp,semantic_entropy,0.2,vilp-172-case3,vilp-172,-0.0,1,0,0,correct_clean,6
internvl,vilp,semantic_entropy,0.2,vilp-174-case1,vilp-174,-0.0,1,0,0,correct_clean,6
internvl,vilp,semantic_entropy,0.2,vilp-175-case1,vilp-175,-0.0,1,0,0,correct_clean,6
internvl,vilp,semantic_entropy,0.2,vilp-175-case2,vilp-175,-0.0,1,0,0,correct_clean,6
internvl,vilp,semantic_entropy,0.2,vilp-176-case1,vilp-176,-0.0,1,0,0,correct_clean,6
internvl,vilp,semantic_entropy,0.2,vilp-176-case2,vilp-176,-0.0,0,1,1,wrong_hallucination,1
internvl,vilp,semantic_entropy,0.2,vilp-177-case1,vilp-177,-0.0,1,0,0,correct_clean,6
internvl,vilp,semantic_entropy,0.2,vilp-179-case1,vilp-179,-0.0,1,0,0,correct_clean,6
internvl,vilp,semantic_entropy,0.2,vilp-179-case2,vilp-179,-0.0,1,0,0,correct_clean,6
internvl,vilp,semantic_entropy,0.2,vilp-18-case1,vilp-18,-0.0,1,0,0,correct_clean,6
internvl,vilp,semantic_entropy,0.2,vilp-18-case2,vilp-18,-0.0,0,1,0,wrong_clean,3
internvl,vilp,semantic_entropy,0.2,vilp-182-case1,vilp-182,-0.0,1,0,0,correct_clean,6
internvl,vilp,semantic_entropy,0.2,vilp-184-case1,vilp-184,-0.0,1,0,0,correct_clean,6
internvl,vilp,semantic_entropy,0.2,vilp-184-case2,vilp-184,-0.0,1,0,0,correct_clean,6
internvl,vilp,semantic_entropy,0.2,vilp-185-case1,vilp-185,-0.0,1,0,1,correct_hallucination,2
internvl,vilp,semantic_entropy,0.2,vilp-185-case2,vilp-185,-0.0,1,0,1,correct_hallucination,2
internvl,vilp,semantic_entropy,0.2,vilp-185-case3,vilp-185,-0.0,0,1,0,wrong_clean,6
internvl,vilp,semantic_entropy,0.2,vilp-187-case1,vilp-187,-0.0,1,0,0,correct_clean,6
internvl,vilp,semantic_entropy,0.2,vilp-187-case2,vilp-187,-0.0,1,0,0,correct_clean,6
internvl,vilp,semantic_entropy,0.2,vilp-19-case1,vilp-19,-0.0,1,0,0,correct_clean,6
internvl,vilp,semantic_entropy,0.2,vilp-19-case2,vilp-19,-0.0,1,0,0,correct_clean,5
internvl,vilp,semantic_entropy,0.2,vilp-190-case1,vilp-190,-0.0,1,0,0,correct_clean,6
internvl,vilp,semantic_entropy,0.2,vilp-191-case1,vilp-191,-0.0,1,0,0,correct_clean,5
internvl,vilp,semantic_entropy,0.2,vilp-191-case2,vilp-191,-0.0,0,1,1,wrong_hallucination,1
internvl,vilp,semantic_entropy,0.2,vilp-193-case1,vilp-193,-0.0,1,0,0,correct_clean,6
internvl,vilp,semantic_entropy,0.2,vilp-194-case2,vilp-194,-0.0,1,0,0,correct_clean,6
internvl,vilp,semantic_entropy,0.2,vilp-195-case1,vilp-195,-0.0,1,0,0,correct_clean,6
internvl,vilp,semantic_entropy,0.2,vilp-195-case3,vilp-195,-0.0,1,0,0,correct_clean,6
internvl,vilp,semantic_entropy,0.2,vilp-196-case2,vilp-196,-0.0,1,0,1,correct_hallucination,2
internvl,vilp,semantic_entropy,0.2,vilp-197-case1,vilp-197,-0.0,1,0,0,correct_clean,6
internvl,vilp,semantic_entropy,0.2,vilp-197-case2,vilp-197,-0.0,1,0,0,correct_clean,6
internvl,vilp,semantic_entropy,0.2,vilp-197-case3,vilp-197,-0.0,0,1,1,wrong_hallucination,1
internvl,vilp,semantic_entropy,0.2,vilp-199-case1,vilp-199,-0.0,1,0,0,correct_clean,6
internvl,vilp,semantic_entropy,0.2,vilp-199-case2,vilp-199,-0.0,1,0,0,correct_clean,6
internvl,vilp,semantic_entropy,0.2,vilp-2-case1,vilp-2,-0.0,1,0,0,correct_clean,6
internvl,vilp,semantic_entropy,0.2,vilp-2-case2,vilp-2,-0.0,0,1,0,wrong_clean,6
internvl,vilp,semantic_entropy,0.2,vilp-2-case3,vilp-2,-0.0,0,1,0,wrong_clean,4
internvl,vilp,semantic_entropy,0.2,vilp-20-case1,vilp-20,-0.0,1,0,0,correct_clean,6
internvl,vilp,semantic_entropy,0.2,vilp-200-case2,vilp-200,-0.0,1,0,0,correct_clean,6
internvl,vilp,semantic_entropy,0.2,vilp-202-case3,vilp-202,-0.0,0,1,1,wrong_hallucination,1
internvl,vilp,semantic_entropy,0.2,vilp-203-case2,vilp-203,-0.0,1,0,0,correct_clean,6
internvl,vilp,semantic_entropy,0.2,vilp-205-case1,vilp-205,-0.0,1,0,0,correct_clean,6
internvl,vilp,semantic_entropy,0.2,vilp-205-case2,vilp-205,-0.0,0,1,1,wrong_hallucination,1
internvl,vilp,semantic_entropy,0.2,vilp-206-case1,vilp-206,-0.0,1,0,0,correct_clean,6
internvl,vilp,semantic_entropy,0.2,vilp-208-case1,vilp-208,-0.0,1,0,0,correct_clean,6
internvl,vilp,semantic_entropy,0.2,vilp-209-case1,vilp-209,-0.0,1,0,0,correct_clean,6
internvl,vilp,semantic_entropy,0.2,vilp-209-case2,vilp-209,-0.0,1,0,1,correct_hallucination,2
internvl,vilp,semantic_entropy,0.2,vilp-21-case1,vilp-21,-0.0,1,0,0,correct_clean,6
internvl,vilp,semantic_entropy,0.2,vilp-210-case1,vilp-210,-0.0,1,0,0,correct_clean,6
internvl,vilp,semantic_entropy,0.2,vilp-212-case1,vilp-212,-0.0,1,0,0,correct_clean,6
internvl,vilp,semantic_entropy,0.2,vilp-212-case3,vilp-212,-0.0,0,1,1,wrong_hallucination,1
internvl,vilp,semantic_entropy,0.2,vilp-215-case1,vilp-215,-0.0,1,0,0,correct_clean,6
internvl,vilp,semantic_entropy,0.2,vilp-216-case1,vilp-216,-0.0,1,0,0,correct_clean,6
internvl,vilp,semantic_entropy,0.2,vilp-217-case1,vilp-217,-0.0,1,0,0,correct_clean,6
internvl,vilp,semantic_entropy,0.2,vilp-218-case1,vilp-218,-0.0,1,0,0,correct_clean,6
internvl,vilp,semantic_entropy,0.2,vilp-218-case3,vilp-218,-0.0,0,1,0,wrong_clean,4
internvl,vilp,semantic_entropy,0.2,vilp-22-case1,vilp-22,-0.0,1,0,0,correct_clean,6
internvl,vilp,semantic_entropy,0.2,vilp-22-case2,vilp-22,-0.0,0,1,1,wrong_hallucination,1
internvl,vilp,semantic_entropy,0.2,vilp-220-case1,vilp-220,-0.0,1,0,0,correct_clean,6
internvl,vilp,semantic_entropy,0.2,vilp-220-case3,vilp-220,-0.0,1,0,0,correct_clean,6
internvl,vilp,semantic_entropy,0.2,vilp-221-case2,vilp-221,-0.0,1,0,0,correct_clean,6
internvl,vilp,semantic_entropy,0.2,vilp-222-case2,vilp-222,-0.0,0,1,0,wrong_clean,4
internvl,vilp,semantic_entropy,0.2,vilp-224-case3,vilp-224,-0.0,1,0,0,correct_clean,6
internvl,vilp,semantic_entropy,0.2,vilp-225-case2,vilp-225,-0.0,1,0,0,correct_clean,5
internvl,vilp,semantic_entropy,0.2,vilp-225-case3,vilp-225,-0.0,0,1,1,wrong_hallucination,1
internvl,vilp,semantic_entropy,0.2,vilp-226-case1,vilp-226,-0.0,1,0,0,correct_clean,6
internvl,vilp,semantic_entropy,0.2,vilp-227-case1,vilp-227,-0.0,1,0,0,correct_clean,6
internvl,vilp,semantic_entropy,0.2,vilp-227-case3,vilp-227,-0.0,0,1,1,wrong_hallucination,2
internvl,vilp,semantic_entropy,0.2,vilp-228-case1,vilp-228,-0.0,1,0,1,correct_hallucination,2
internvl,vilp,semantic_entropy,0.2,vilp-229-case1,vilp-229,-0.0,1,0,0,correct_clean,6
internvl,vilp,semantic_entropy,0.2,vilp-229-case3,vilp-229,-0.0,0,1,1,wrong_hallucination,1
internvl,vilp,umpire,0.2,vilp-84-case2,vilp-84,-24.754384691391994,1,0,0,correct_clean,6
internvl,vilp,umpire,0.2,vilp-282-case1,vilp-282,-22.810026171261043,1,0,0,correct_clean,6
internvl,vilp,umpire,0.2,vilp-90-case1,vilp-90,-22.35554684280224,1,0,0,correct_clean,5
internvl,vilp,umpire,0.2,vilp-133-case1,vilp-133,-22.108143368397663,1,0,0,correct_clean,6
internvl,vilp,umpire,0.2,vilp-95-case1,vilp-95,-21.591437346611247,1,0,0,correct_clean,6
internvl,vilp,umpire,0.2,vilp-101-case1,vilp-101,-20.963869361986532,1,0,0,correct_clean,6
internvl,vilp,umpire,0.2,vilp-254-case1,vilp-254,-20.947809084963843,1,0,0,correct_clean,6
internvl,vilp,umpire,0.2,vilp-106-case1,vilp-106,-20.902722072165414,1,0,0,correct_clean,6
internvl,vilp,umpire,0.2,vilp-18-case1,vilp-18,-20.87542993223986,1,0,0,correct_clean,6
internvl,vilp,umpire,0.2,vilp-229-case3,vilp-229,-20.87108990621798,0,1,1,wrong_hallucination,1
internvl,vilp,umpire,0.2,vilp-26-case1,vilp-26,-20.47479522702923,1,0,0,correct_clean,6
internvl,vilp,umpire,0.2,vilp-162-case1,vilp-162,-20.125812257761226,1,0,0,correct_clean,6
internvl,vilp,umpire,0.2,vilp-111-case1,vilp-111,-20.112105679119292,1,0,0,correct_clean,6
internvl,vilp,umpire,0.2,vilp-22-case1,vilp-22,-20.054000888116647,1,0,0,correct_clean,6
internvl,vilp,umpire,0.2,vilp-285-case1,vilp-285,-20.025173156294684,1,0,0,correct_clean,6
internvl,vilp,umpire,0.2,vilp-22-case2,vilp-22,-20.00282444360018,0,1,1,wrong_hallucination,1
internvl,vilp,umpire,0.2,vilp-237-case1,vilp-237,-19.996374513098996,1,0,0,correct_clean,6
internvl,vilp,umpire,0.2,vilp-10-case1,vilp-10,-19.950839781316002,1,0,0,correct_clean,6
internvl,vilp,umpire,0.2,vilp-94-case1,vilp-94,-19.931404022643566,1,0,1,correct_hallucination,2
internvl,vilp,umpire,0.2,vilp-141-case1,vilp-141,-19.878840372679647,1,0,0,correct_clean,6
internvl,vilp,umpire,0.2,vilp-232-case1,vilp-232,-19.746405292880624,1,0,0,correct_clean,6
internvl,vilp,umpire,0.2,vilp-218-case3,vilp-218,-19.731188233076924,0,1,0,wrong_clean,4
internvl,vilp,umpire,0.2,vilp-148-case1,vilp-148,-19.59341106501007,1,0,0,correct_clean,6
internvl,vilp,umpire,0.2,vilp-5-case2,vilp-5,-19.56357896051657,0,1,1,wrong_hallucination,1
internvl,vilp,umpire,0.2,vilp-31-case3,vilp-31,-19.562573443219815,0,1,0,wrong_clean,5
internvl,vilp,umpire,0.2,vilp-17-case1,vilp-17,-19.46319891570246,1,0,0,correct_clean,6
internvl,vilp,umpire,0.2,vilp-244-case1,vilp-244,-19.43960645942636,1,0,0,correct_clean,6
internvl,vilp,umpire,0.2,vilp-31-case1,vilp-31,-19.431519265320972,1,0,0,correct_clean,6
internvl,vilp,umpire,0.2,vilp-2-case1,vilp-2,-19.406473330376674,1,0,0,correct_clean,6
internvl,vilp,umpire,0.2,vilp-260-case2,vilp-260,-19.314585651175033,1,0,0,correct_clean,6
internvl,vilp,umpire,0.2,vilp-260-case3,vilp-260,-19.311231498654276,1,0,0,correct_clean,6
internvl,vilp,umpire,0.2,vilp-6-case1,vilp-6,-19.299680932709354,1,0,0,correct_clean,6
internvl,vilp,umpire,0.2,vilp-23-case2,vilp-23,-19.289744552253516,0,1,1,wrong_hallucination,1
internvl,vilp,umpire,0.2,vilp-55-case1,vilp-55,-19.274950204435093,1,0,0,correct_clean,6
internvl,vilp,umpire,0.2,vilp-140-case2,vilp-140,-19.24738814527107,1,0,0,correct_clean,6
internvl,vilp,umpire,0.2,vilp-262-case1,vilp-262,-19.193960556978286,1,0,0,correct_clean,6
internvl,vilp,umpire,0.2,vilp-81-case1,vilp-81,-19.168206070049553,1,0,0,correct_clean,6
internvl,vilp,umpire,0.2,vilp-126-case1,vilp-126,-19.162240357269436,1,0,0,correct_clean,6
internvl,vilp,umpire,0.2,vilp-18-case2,vilp-18,-19.149813811583716,0,1,0,wrong_clean,3
internvl,vilp,umpire,0.2,vilp-114-case1,vilp-114,-19.14751872429634,1,0,0,correct_clean,6
internvl,vilp,umpire,0.2,vilp-139-case2,vilp-139,-19.086304070614865,1,0,0,correct_clean,6
internvl,vilp,umpire,0.2,vilp-246-case1,vilp-246,-19.018133669119987,1,0,0,correct_clean,6
internvl,vilp,umpire,0.2,vilp-161-case1,vilp-161,-19.013376752005083,1,0,0,correct_clean,6
internvl,vilp,umpire,0.2,vilp-134-case1,vilp-134,-18.994569097072507,1,0,0,correct_clean,6
internvl,vilp,umpire,0.2,vilp-239-case1,vilp-239,-18.98594556259672,1,0,0,correct_clean,6
internvl,vilp,umpire,0.2,vilp-241-case1,vilp-241,-18.90621030602725,1,0,0,correct_clean,6
internvl,vilp,umpire,0.2,vilp-165-case2,vilp-165,-18.904442562713335,0,1,1,wrong_hallucination,1
internvl,vilp,umpire,0.2,vilp-212-case1,vilp-212,-18.847588324369735,1,0,0,correct_clean,6
internvl,vilp,umpire,0.2,vilp-11-case1,vilp-11,-18.819545170543037,1,0,0,correct_clean,6
internvl,vilp,umpire,0.2,vilp-217-case1,vilp-217,-18.81360413926402,1,0,0,correct_clean,6
internvl,vilp,umpire,0.2,vilp-154-case1,vilp-154,-18.80133570544621,1,0,0,correct_clean,6
internvl,vilp,umpire,0.2,vilp-38-case1,vilp-38,-18.78753535525949,1,0,0,correct_clean,5
internvl,vilp,umpire,0.2,vilp-231-case1,vilp-231,-18.74999079637607,1,0,0,correct_clean,6
internvl,vilp,umpire,0.2,vilp-229-case1,vilp-229,-18.738198692744437,1,0,0,correct_clean,6
internvl,vilp,umpire,0.2,vilp-140-case1,vilp-140,-18.73617274643964,1,0,0,correct_clean,6
internvl,vilp,umpire,0.2,vilp-153-case1,vilp-153,-18.708861117706086,1,0,0,correct_clean,6
internvl,vilp,umpire,0.2,vilp-37-case1,vilp-37,-18.693042344769022,1,0,0,correct_clean,6
internvl,vilp,umpire,0.2,vilp-165-case1,vilp-165,-18.61093205359974,1,0,0,correct_clean,6
internvl,vilp,umpire,0.2,vilp-151-case1,vilp-151,-18.597190450865927,1,0,0,correct_clean,6
internvl,vilp,umpire,0.2,vilp-256-case1,vilp-256,-18.56751016865964,1,0,1,correct_hallucination,2
internvl,vilp,umpire,0.2,vilp-218-case1,vilp-218,-18.561760350031967,1,0,0,correct_clean,6
internvl,vilp,umpire,0.2,vilp-145-case1,vilp-145,-18.54070728681396,1,0,0,correct_clean,6
internvl,vilp,umpire,0.2,vilp-115-case1,vilp-115,-18.534200400327762,1,0,0,correct_clean,6
internvl,vilp,umpire,0.2,vilp-163-case1,vilp-163,-18.512662471943216,1,0,0,correct_clean,6
internvl,vilp,umpire,0.2,vilp-249-case2,vilp-249,-18.50634870922267,0,1,1,wrong_hallucination,1
internvl,vilp,umpire,0.2,vilp-276-case1,vilp-276,-18.49336940739757,1,0,1,correct_hallucination,2
internvl,vilp,umpire,0.2,vilp-34-case1,vilp-34,-18.375774265100095,1,0,0,correct_clean,5
internvl,vilp,umpire,0.2,vilp-230-case1,vilp-230,-18.358871815408786,1,0,0,correct_clean,6
internvl,vilp,umpire,0.2,vilp-5-case3,vilp-5,-18.353838410704135,0,1,1,wrong_hallucination,1
internvl,vilp,umpire,0.2,vilp-149-case1,vilp-149,-18.334396398967677,1,0,0,correct_clean,6
internvl,vilp,umpire,0.2,vilp-215-case1,vilp-215,-18.268505855134894,1,0,0,correct_clean,6
internvl,vilp,umpire,0.2,vilp-2-case3,vilp-2,-18.24586411035573,0,1,0,wrong_clean,4
internvl,vilp,umpire,0.2,vilp-19-case2,vilp-19,-18.22151272983917,1,0,0,correct_clean,5
internvl,vilp,umpire,0.2,vilp-299-case1,vilp-299,-18.214933455383864,1,0,0,correct_clean,6
internvl,vilp,umpire,0.2,vilp-6-case2,vilp-6,-18.21134040471877,1,0,1,correct_hallucination,2
internvl,vilp,umpire,0.2,vilp-48-case1,vilp-48,-18.15717096262731,1,0,0,correct_clean,6
internvl,vilp,umpire,0.2,vilp-167-case1,vilp-167,-18.094924893719394,1,0,0,correct_clean,6
internvl,vilp,umpire,0.2,vilp-260-case1,vilp-260,-18.082336804540084,1,0,0,correct_clean,6
internvl,vilp,umpire,0.2,vilp-285-case3,vilp-285,-18.06019516652442,1,0,0,correct_clean,6
internvl,vilp,umpire,0.2,vilp-85-case1,vilp-85,-18.049459585588718,1,0,0,correct_clean,6
internvl,vilp,umpire,0.2,vilp-118-case1,vilp-118,-18.04870797939186,1,0,0,correct_clean,6
internvl,vilp,umpire,0.2,vilp-8-case1,vilp-8,-18.024453578144875,1,0,0,correct_clean,6
internvl,vilp,umpire,0.2,vilp-157-case1,vilp-157,-18.017205600608136,1,0,0,correct_clean,6
internvl,vilp,umpire,0.2,vilp-39-case1,vilp-39,-17.971706445834585,1,0,0,correct_clean,6
internvl,vilp,umpire,0.2,vilp-267-case1,vilp-267,-17.894204238488754,1,0,0,correct_clean,6
internvl,vilp,umpire,0.2,vilp-284-case2,vilp-284,-17.89182860602857,1,0,0,correct_clean,6
internvl,vilp,umpire,0.2,vilp-2-case2,vilp-2,-17.85288514856192,0,1,0,wrong_clean,6
internvl,vilp,umpire,0.2,vilp-82-case3,vilp-82,-17.852691689447166,1,0,1,correct_hallucination,2
internvl,vilp,umpire,0.2,vilp-99-case1,vilp-99,-17.850268309059384,1,0,0,correct_clean,6
internvl,vilp,umpire,0.2,vilp-265-case1,vilp-265,-17.825743612463295,1,0,0,correct_clean,6
internvl,vilp,umpire,0.2,vilp-205-case1,vilp-205,-17.824959682979035,1,0,0,correct_clean,6
internvl,vilp,umpire,0.2,vilp-92-case1,vilp-92,-17.761992961638207,1,0,0,correct_clean,6
internvl,vilp,umpire,0.2,vilp-147-case2,vilp-147,-17.747282987998215,0,1,0,wrong_clean,6
internvl,vilp,umpire,0.2,vilp-209-case1,vilp-209,-17.733176399623076,1,0,0,correct_clean,6
internvl,vilp,umpire,0.2,vilp-167-case3,vilp-167,-17.720205976751302,1,0,0,correct_clean,6
internvl,vilp,umpire,0.2,vilp-92-case3,vilp-92,-17.713314896378353,1,0,0,correct_clean,6
internvl,vilp,umpire,0.2,vilp-296-case1,vilp-296,-17.695136237520533,1,0,0,correct_clean,6
internvl,vilp,umpire,0.2,vilp-21-case1,vilp-21,-17.682087911276465,1,0,0,correct_clean,6
internvl,vilp,umpire,0.2,vilp-24-case2,vilp-24,-17.680571755166508,0,1,1,wrong_hallucination,2
internvl,vilp,umpire,0.2,vilp-240-case1,vilp-240,-17.63801649199328,1,0,0,correct_clean,6
internvl,vilp,umpire,0.2,vilp-35-case2,vilp-35,-17.62651726454649,1,0,0,correct_clean,6
internvl,vilp,umpire,0.2,vilp-125-case1,vilp-125,-17.617838831019984,1,0,0,correct_clean,5
internvl,vilp,umpire,0.2,vilp-257-case1,vilp-257,-17.568535190153565,1,0,0,correct_clean,6
internvl,vilp,umpire,0.2,vilp-14-case1,vilp-14,-17.560450122627184,1,0,0,correct_clean,6
internvl,vilp,umpire,0.2,vilp-27-case1,vilp-27,-17.55068693128607,1,0,0,correct_clean,5
internvl,vilp,umpire,0.2,vilp-5-case1,vilp-5,-17.545749228137744,1,0,0,correct_clean,6
internvl,vilp,umpire,0.2,vilp-37-case2,vilp-37,-17.537861564608612,1,0,0,correct_clean,6
internvl,vilp,umpire,0.2,vilp-128-case3,vilp-128,-17.49121237549434,1,0,0,correct_clean,6
internvl,vilp,umpire,0.2,vilp-130-case1,vilp-130,-17.488438531738517,1,0,0,correct_clean,6
internvl,vilp,umpire,0.2,vilp-102-case2,vilp-102,-17.45586860054666,1,0,0,correct_clean,6
internvl,vilp,umpire,0.2,vilp-283-case1,vilp-283,-17.42461467702005,1,0,0,correct_clean,6
internvl,vilp,umpire,0.2,vilp-284-case1,vilp-284,-17.411460619128693,1,0,0,correct_clean,6
internvl,vilp,umpire,0.2,vilp-44-case3,vilp-44,-17.371658476665505,0,1,1,wrong_hallucination,2
internvl,vilp,umpire,0.2,vilp-185-case3,vilp-185,-17.367051215965315,0,1,0,wrong_clean,6
internvl,vilp,umpire,0.2,vilp-23-case1,vilp-23,-17.361652481225285,1,0,0,correct_clean,6
internvl,vilp,umpire,0.2,vilp-84-case1,vilp-84,-17.32523606287263,1,0,0,correct_clean,6
internvl,vilp,umpire,0.2,vilp-93-case3,vilp-93,-17.319916385245556,1,0,0,correct_clean,6
internvl,vilp,umpire,0.2,vilp-32-case3,vilp-32,-17.305834959276368,0,1,0,wrong_clean,4
internvl,vilp,umpire,0.2,vilp-140-case3,vilp-140,-17.299771373431426,1,0,0,correct_clean,6
internvl,vilp,umpire,0.2,vilp-19-case1,vilp-19,-17.287400287233574,1,0,0,correct_clean,6
internvl,vilp,umpire,0.2,vilp-136-case1,vilp-136,-17.25230473503193,1,0,0,correct_clean,6
internvl,vilp,umpire,0.2,vilp-104-case2,vilp-104,-17.23519626224048,1,0,0,correct_clean,6
internvl,vilp,umpire,0.2,vilp-128-case2,vilp-128,-17.177132205810604,1,0,0,correct_clean,6
internvl,vilp,umpire,0.2,vilp-96-case1,vilp-96,-17.087931650919298,1,0,0,correct_clean,6
internvl,vilp,umpire,0.2,vilp-24-case1,vilp-24,-17.0497654664124,1,0,0,correct_clean,6
internvl,vilp,umpire,0.2,vilp-263-case1,vilp-263,-17.00995789041515,1,0,0,correct_clean,6
internvl,vilp,umpire,0.2,vilp-294-case2,vilp-294,-17.002328961242117,0,1,0,wrong_clean,4
internvl,vilp,umpire,0.2,vilp-46-case1,vilp-46,-16.940478053244075,1,0,0,correct_clean,6
internvl,vilp,umpire,0.2,vilp-85-case3,vilp-85,-16.9136221124591,1,0,0,correct_clean,6
internvl,vilp,umpire,0.2,vilp-18-case3,vilp-18,-16.829448208506143,0,1,0,wrong_clean,3
internvl,vilp,umpire,0.2,vilp-264-case1,vilp-264,-16.72293627133887,1,0,0,correct_clean,6
internvl,vilp,umpire,0.2,vilp-145-case2,vilp-145,-16.651929857709035,1,0,1,correct_hallucination,2
internvl,vilp,umpire,0.2,vilp-267-case2,vilp-267,-16.629647255227766,0,1,1,wrong_hallucination,1
internvl,vilp,umpire,0.2,vilp-199-case1,vilp-199,-16.552670982029678,1,0,0,correct_clean,6
internvl,vilp,umpire,0.2,vilp-298-case1,vilp-298,-16.47312701729051,1,0,0,correct_clean,6
internvl,vilp,umpire,0.2,vilp-42-case3,vilp-42,-16.460175204412838,1,0,0,correct_clean,6
internvl,vilp,umpire,0.2,vilp-87-case1,vilp-87,-16.450152247693524,1,0,0,correct_clean,6
internvl,vilp,umpire,0.2,vilp-91-case2,vilp-91,-16.440998400427475,1,0,0,correct_clean,6
internvl,vilp,umpire,0.2,vilp-89-case2,vilp-89,-16.43847571922219,0,1,1,wrong_hallucination,1
internvl,vilp,umpire,0.2,vilp-85-case2,vilp-85,-16.391770637364555,0,1,1,wrong_hallucination,2
internvl,vilp,umpire,0.2,vilp-82-case2,vilp-82,-16.368853219750193,0,1,1,wrong_hallucination,1
internvl,vilp,umpire,0.2,vilp-273-case1,vilp-273,-16.367910773116293,1,0,0,correct_clean,6
internvl,vilp,umpire,0.2,vilp-90-case3,vilp-90,-16.35047491447342,1,0,0,correct_clean,6
internvl,vilp,umpire,0.2,vilp-187-case1,vilp-187,-16.347193174294908,1,0,0,correct_clean,6
internvl,vilp,umpire,0.2,vilp-87-case3,vilp-87,-16.326082154062348,0,1,1,wrong_hallucination,1
internvl,vilp,umpire,0.2,vilp-19-case3,vilp-19,-16.3252500019392,0,1,0,wrong_clean,5
internvl,vilp,umpire,0.2,vilp-131-case1,vilp-131,-16.30924979706805,1,0,0,correct_clean,6
internvl,vilp,umpire,0.2,vilp-114-case3,vilp-114,-16.30502247209144,1,0,0,correct_clean,6
internvl,vilp,umpire,0.2,vilp-123-case3,vilp-123,-16.206684921912856,1,0,0,correct_clean,6
internvl,vilp,umpire,0.2,vilp-245-case1,vilp-245,-16.153954600474886,1,0,0,correct_clean,6
internvl,vilp,umpire,0.2,vilp-100-case1,vilp-100,-16.10946492154281,1,0,0,correct_clean,6
internvl,vilp,umpire,0.2,vilp-126-case2,vilp-126,-16.08698793151319,1,0,0,correct_clean,6
internvl,vilp,umpire,0.2,vilp-14-case2,vilp-14,-16.070815989262634,0,1,1,wrong_hallucination,0
internvl,vilp,umpire,0.2,vilp-17-case3,vilp-17,-16.04494690868197,0,1,1,wrong_hallucination,1
internvl,vilp,umpire,0.2,vilp-148-case2,vilp-148,-15.975178368789413,1,0,0,correct_clean,6
internvl,vilp,umpire,0.2,vilp-212-case3,vilp-212,-15.959199767020943,0,1,1,wrong_hallucination,1
internvl,vilp,umpire,0.2,vilp-45-case1,vilp-45,-15.94528204845748,1,0,0,correct_clean,6
internvl,vilp,umpire,0.2,vilp-295-case1,vilp-295,-15.933267583633759,1,0,0,correct_clean,6
internvl,vilp,umpire,0.2,vilp-242-case1,vilp-242,-15.89738499203372,1,0,0,correct_clean,6
internvl,vilp,umpire,0.2,vilp-23-case3,vilp-23,-15.756300279374967,0,1,1,wrong_hallucination,1
internvl,vilp,umpire,0.2,vilp-294-case3,vilp-294,-15.662785347220755,0,1,0,wrong_clean,4
internvl,vilp,umpire,0.2,vilp-147-case1,vilp-147,-15.661540918545946,1,0,0,correct_clean,6
internvl,vilp,umpire,0.2,vilp-263-case2,vilp-263,-15.65632706235775,0,1,1,wrong_hallucination,1
internvl,vilp,umpire,0.2,vilp-16-case3,vilp-16,-15.617309084822672,0,1,1,wrong_hallucination,1
internvl,vilp,umpire,0.2,vilp-139-case3,vilp-139,-15.570976828258857,1,0,0,correct_clean,6
internvl,vilp,umpire,0.2,vilp-100-case2,vilp-100,-15.481788154468749,1,0,1,correct_hallucination,1
internvl,vilp,umpire,0.2,vilp-203-case2,vilp-203,-15.44222733507118,1,0,0,correct_clean,6
internvl,vilp,umpire,0.2,vilp-195-case1,vilp-195,-15.420881738410536,1,0,0,correct_clean,6
internvl,vilp,umpire,0.2,vilp-261-case1,vilp-261,-15.387891995858329,1,0,0,correct_clean,6
internvl,vilp,umpire,0.2,vilp-108-case1,vilp-108,-15.387007473523422,1,0,0,correct_clean,6
internvl,vilp,umpire,0.2,vilp-268-case1,vilp-268,-15.364800202832852,1,0,0,correct_clean,6
internvl,vilp,umpire,0.2,vilp-187-case2,vilp-187,-15.274647804810037,1,0,0,correct_clean,6
internvl,vilp,umpire,0.2,vilp-84-case3,vilp-84,-15.23743520495567,1,0,0,correct_clean,6
internvl,vilp,umpire,0.2,vilp-80-case3,vilp-80,-15.200996602419332,1,0,0,correct_clean,6
internvl,vilp,umpire,0.2,vilp-220-case3,vilp-220,-15.189486167941954,1,0,0,correct_clean,6
internvl,vilp,umpire,0.2,vilp-143-case2,vilp-143,-15.121855518343297,1,0,0,correct_clean,6
internvl,vilp,umpire,0.2,vilp-296-case2,vilp-296,-15.117655405189067,1,0,0,correct_clean,6
internvl,vilp,umpire,0.2,vilp-233-case1,vilp-233,-15.056469803875467,1,0,0,correct_clean,6
internvl,vilp,umpire,0.2,vilp-156-case1,vilp-156,-15.033904554071805,1,0,0,correct_clean,6
internvl,vilp,umpire,0.2,vilp-56-case1,vilp-56,-15.033279939486238,1,0,0,correct_clean,6
internvl,hallusionbench,perplexity,0.2,hallusionbench-image-VD-math-6-0-2,hallusionbench-image-VD-math-6,1.000001072883613,1,0,0,correct_clean,5
internvl,hallusionbench,perplexity,0.2,hallusionbench-image-VD-math-13-1-1,hallusionbench-image-VD-math-13,1.0000032186507681,1,0,0,correct_clean,6
internvl,hallusionbench,perplexity,0.2,hallusionbench-image-VD-math-13-0-1,hallusionbench-image-VD-math-13,1.000003576278715,1,0,0,correct_clean,5
internvl,hallusionbench,perplexity,0.2,hallusionbench-image-VD-math-6-1-1,hallusionbench-image-VD-math-6,1.0000040531158731,1,0,1,correct_hallucination,1
internvl,hallusionbench,perplexity,0.2,hallusionbench-image-VD-illusion-19-0-0,hallusionbench-image-VD-illusion-19,1.000004768371582,0,1,1,wrong_hallucination,1
internvl,hallusionbench,perplexity,0.2,hallusionbench-image-VD-ocr-15-0-0,hallusionbench-image-VD-ocr-15,1.0000050067899622,1,0,0,correct_clean,6
internvl,hallusionbench,perplexity,0.2,hallusionbench-image-VD-ocr-3-0-1,hallusionbench-image-VD-ocr-3,1.000005125999401,1,0,0,correct_clean,6
internvl,hallusionbench,perplexity,0.2,hallusionbench-image-VD-math-10-1-2,hallusionbench-image-VD-math-10,1.0000060796736037,1,0,0,correct_clean,5
internvl,hallusionbench,perplexity,0.2,hallusionbench-image-VD-math-8-1-0,hallusionbench-image-VD-math-8,1.000006556511046,1,0,0,correct_clean,5
internvl,hallusionbench,perplexity,0.2,hallusionbench-image-VD-math-10-0-2,hallusionbench-image-VD-math-10,1.0000071525574865,1,0,1,correct_hallucination,2
internvl,hallusionbench,perplexity,0.2,hallusionbench-image-VD-ocr-3-0-2,hallusionbench-image-VD-ocr-3,1.0000078678131386,1,0,0,correct_clean,6
internvl,hallusionbench,perplexity,0.2,hallusionbench-image-VD-figure-18-0-1,hallusionbench-image-VD-figure-18,1.0000082254411564,1,0,0,correct_clean,6
internvl,hallusionbench,perplexity,0.2,hallusionbench-image-VD-math-6-1-2,hallusionbench-image-VD-math-6,1.0000083446505241,0,1,1,wrong_hallucination,1
internvl,hallusionbench,perplexity,0.2,hallusionbench-image-VS-table-10-1-0,hallusionbench-image-VS-table-10,1.0000088214872276,1,0,0,correct_clean,6
internvl,hallusionbench,perplexity,0.2,hallusionbench-image-VD-ocr-11-0-1,hallusionbench-image-VD-ocr-11,1.0000090599061193,1,0,0,correct_clean,6
internvl,hallusionbench,perplexity,0.2,hallusionbench-image-VD-math-10-0-1,hallusionbench-image-VD-math-10,1.0000103712083113,1,0,1,correct_hallucination,2
internvl,hallusionbench,perplexity,0.2,hallusionbench-image-VD-math-13-0-2,hallusionbench-image-VD-math-13,1.0000103712083113,1,0,0,correct_clean,6
internvl,hallusionbench,perplexity,0.2,hallusionbench-image-VD-math-6-1-0,hallusionbench-image-VD-math-6,1.0000103712083113,1,0,0,correct_clean,5
internvl,hallusionbench,perplexity,0.2,hallusionbench-image-VD-ocr-10-0-1,hallusionbench-image-VD-ocr-10,1.0000103712083113,1,0,0,correct_clean,6
internvl,hallusionbench,perplexity,0.2,hallusionbench-image-VD-math-10-1-1,hallusionbench-image-VD-math-10,1.000011086463537,1,0,0,correct_clean,6
internvl,hallusionbench,perplexity,0.2,hallusionbench-image-VS-table-9-1-1,hallusionbench-image-VS-table-9,1.000011920929068,1,0,0,correct_clean,6
internvl,hallusionbench,perplexity,0.2,hallusionbench-image-VS-table-8-1-3,hallusionbench-image-VS-table-8,1.0000120401379669,1,0,0,correct_clean,6
internvl,hallusionbench,perplexity,0.2,hallusionbench-image-VS-ocr-7-1-1,hallusionbench-image-VS-ocr-7,1.0000121593477893,1,0,0,correct_clean,6
internvl,hallusionbench,perplexity,0.2,hallusionbench-image-VD-math-13-1-0,hallusionbench-image-VD-math-13,1.0000122785567165,1,0,0,correct_clean,5
internvl,hallusionbench,perplexity,0.2,hallusionbench-image-VD-ocr-3-0-0,hallusionbench-image-VD-ocr-3,1.000012516975523,1,0,0,correct_clean,6
internvl,hallusionbench,perplexity,0.2,hallusionbench-image-VD-math-3-0-1,hallusionbench-image-VD-math-3,1.000013232231374,1,0,0,correct_clean,6
internvl,hallusionbench,perplexity,0.2,hallusionbench-image-VS-table-9-1-2,hallusionbench-image-VS-table-9,1.000013232231374,1,0,0,correct_clean,6
internvl,hallusionbench,perplexity,0.2,hallusionbench-image-VS-ocr-1-1-0,hallusionbench-image-VS-ocr-1,1.000013470649498,1,0,0,correct_clean,6
internvl,hallusionbench,perplexity,0.2,hallusionbench-image-VS-table-10-1-1,hallusionbench-image-VS-table-10,1.0000137090685888,1,0,0,correct_clean,6
internvl,hallusionbench,perplexity,0.2,hallusionbench-image-VD-ocr-0-0-0,hallusionbench-image-VD-ocr-0,1.0000138282777007,1,0,0,correct_clean,6
internvl,hallusionbench,perplexity,0.2,hallusionbench-image-VD-figure-9-1-0,hallusionbench-image-VD-figure-9,1.0000140666959672,1,0,1,correct_hallucination,1
internvl,hallusionbench,perplexity,0.2,hallusionbench-image-VD-ocr-8-0-1,hallusionbench-image-VD-ocr-8,1.0000143051152,1,0,0,correct_clean,6
internvl,hallusionbench,perplexity,0.2,hallusionbench-image-VS-table-8-1-5,hallusionbench-image-VS-table-8,1.000014424324383,1,0,0,correct_clean,6
internvl,hallusionbench,perplexity,0.2,hallusionbench-image-VS-table-10-1-3,hallusionbench-image-VS-table-10,1.0000145435335799,1,0,0,correct_clean,6
internvl,hallusionbench,perplexity,0.2,hallusionbench-image-VD-figure-11-1-0,hallusionbench-image-VD-figure-11,1.0000147819520169,1,0,1,correct_hallucination,1
internvl,hallusionbench,perplexity,0.2,hallusionbench-image-VD-illusion-19-1-0,hallusionbench-image-VD-illusion-19,1.0000150203705107,1,0,0,correct_clean,5
internvl,hallusionbench,perplexity,0.2,hallusionbench-image-VD-figure-5-0-1,hallusionbench-image-VD-figure-5,1.0000152587890614,1,0,0,correct_clean,6
internvl,hallusionbench,perplexity,0.2,hallusionbench-image-VS-chart-8-1-0,hallusionbench-image-VS-chart-8,1.000015377998358,1,0,0,correct_clean,6
internvl,hallusionbench,perplexity,0.2,hallusionbench-image-VS-table-9-1-3,hallusionbench-image-VS-table-9,1.0000156164169938,1,0,0,correct_clean,6
internvl,hallusionbench,perplexity,0.2,hallusionbench-image-VD-illusion-22-0-0,hallusionbench-image-VD-illusion-22,1.0000160932544362,1,0,0,correct_clean,4
internvl,hallusionbench,perplexity,0.2,hallusionbench-image-VD-ocr-9-0-1,hallusionbench-image-VD-ocr-9,1.0000160932544362,1,0,0,correct_clean,6
internvl,hallusionbench,perplexity,0.2,hallusionbench-image-VD-ocr-15-0-1,hallusionbench-image-VD-ocr-15,1.000016450882667,1,0,0,correct_clean,6
internvl,hallusionbench,perplexity,0.2,hallusionbench-image-VS-table-8-1-1,hallusionbench-image-VS-table-8,1.0000165700921058,1,0,0,correct_clean,6
internvl,hallusionbench,perplexity,0.2,hallusionbench-image-VS-table-7-1-3,hallusionbench-image-VS-table-7,1.000016808509207,1,0,0,correct_clean,6
internvl,hallusionbench,perplexity,0.2,hallusionbench-image-VD-math-3-1-1,hallusionbench-image-VD-math-3,1.000017642974056,0,1,0,wrong_clean,3
internvl,hallusionbench,perplexity,0.2,hallusionbench-image-VD-ocr-6-0-0,hallusionbench-image-VD-ocr-6,1.0000177621836368,1,0,0,correct_clean,6
internvl,hallusionbench,perplexity,0.2,hallusionbench-image-VD-ocr-9-0-0,hallusionbench-image-VD-ocr-9,1.000018000602841,1,0,0,correct_clean,6
internvl,hallusionbench,perplexity,0.2,hallusionbench-image-VS-table-8-1-2,hallusionbench-image-VS-table-8,1.0000184774396013,1,0,0,correct_clean,6
internvl,hallusionbench,perplexity,0.2,hallusionbench-image-VD-ocr-16-0-0,hallusionbench-image-VD-ocr-16,1.000019073486326,1,0,0,correct_clean,5
internvl,hallusionbench,perplexity,0.2,hallusionbench-image-VS-table-7-1-2,hallusionbench-image-VS-table-7,1.0000195503235976,1,0,0,correct_clean,6
internvl,hallusionbench,perplexity,0.2,hallusionbench-image-VS-table-8-1-4,hallusionbench-image-VS-table-8,1.0000196695334058,1,0,0,correct_clean,6
internvl,hallusionbench,perplexity,0.2,hallusionbench-image-VD-figure-7-0-1,hallusionbench-image-VD-figure-7,1.0000200271610966,1,0,0,correct_clean,6
internvl,hallusionbench,perplexity,0.2,hallusionbench-image-VD-video-13-0-2,hallusionbench-image-VD-video-13,1.0000200271610966,1,0,1,correct_hallucination,1
internvl,hallusionbench,perplexity,0.2,hallusionbench-image-VD-ocr-4-0-0,hallusionbench-image-VD-ocr-4,1.000020623206926,1,0,0,correct_clean,6
internvl,hallusionbench,perplexity,0.2,hallusionbench-image-VS-table-9-1-0,hallusionbench-image-VS-table-9,1.0000209808349578,1,0,0,correct_clean,6
internvl,hallusionbench,perplexity,0.2,hallusionbench-image-VD-figure-2-1-0,hallusionbench-image-VD-figure-2,1.0000212192531106,1,0,1,correct_hallucination,1
internvl,hallusionbench,perplexity,0.2,hallusionbench-image-VS-ocr-5-1-0,hallusionbench-image-VS-ocr-5,1.0000215768813556,1,0,0,correct_clean,6
internvl,hallusionbench,perplexity,0.2,hallusionbench-image-VD-figure-12-0-1,hallusionbench-image-VD-figure-12,1.0000218152996503,1,0,0,correct_clean,5
internvl,hallusionbench,perplexity,0.2,hallusionbench-image-VD-math-4-1-1,hallusionbench-image-VD-math-4,1.0000218152996503,0,1,1,wrong_hallucination,1
internvl,hallusionbench,perplexity,0.2,hallusionbench-image-VS-table-4-1-2,hallusionbench-image-VS-table-4,1.0000219345097285,1,0,0,correct_clean,6
internvl,hallusionbench,perplexity,0.2,hallusionbench-image-VD-math-12-1-2,hallusionbench-image-VD-math-12,1.0000221729281087,1,0,0,correct_clean,6
internvl,hallusionbench,perplexity,0.2,hallusionbench-image-VD-math-9-1-1,hallusionbench-image-VD-math-9,1.0000224113465455,0,1,0,wrong_clean,4
internvl,hallusionbench,perplexity,0.2,hallusionbench-image-VS-map-4-1-2,hallusionbench-image-VS-map-4,1.0000224113465455,1,0,0,correct_clean,6
internvl,hallusionbench,perplexity,0.2,hallusionbench-image-VD-figure-8-0-1,hallusionbench-image-VD-figure-8,1.000023007391977,1,0,0,correct_clean,5
internvl,hallusionbench,perplexity,0.2,hallusionbench-image-VD-illusion-27-0-0,hallusionbench-image-VD-illusion-27,1.000023007391977,0,1,0,wrong_clean,4
internvl,hallusionbench,perplexity,0.2,hallusionbench-image-VD-math-13-1-2,hallusionbench-image-VD-math-13,1.0000232458106126,1,0,0,correct_clean,5
internvl,hallusionbench,perplexity,0.2,hallusionbench-image-VD-ocr-5-0-0,hallusionbench-image-VD-ocr-5,1.0000233650208614,1,0,0,correct_clean,6
internvl,hallusionbench,perplexity,0.2,hallusionbench-image-VS-chart-16-1-0,hallusionbench-image-VS-chart-16,1.0000236034395824,1,0,0,correct_clean,6
internvl,hallusionbench,perplexity,0.2,hallusionbench-image-VS-table-4-1-1,hallusionbench-image-VS-table-4,1.0000236034395824,1,0,0,correct_clean,6
internvl,hallusionbench,perplexity,0.2,hallusionbench-image-VD-figure-6-0-1,hallusionbench-image-VD-figure-6,1.0000238418583605,1,0,0,correct_clean,6
internvl,hallusionbench,perplexity,0.2,hallusionbench-image-VD-ocr-8-0-0,hallusionbench-image-VD-ocr-8,1.0000238418583605,1,0,0,correct_clean,6
internvl,hallusionbench,perplexity,0.2,hallusionbench-image-VS-table-7-1-1,hallusionbench-image-VS-table-7,1.0000238418583605,1,0,0,correct_clean,6
internvl,hallusionbench,perplexity,0.2,hallusionbench-image-VD-ocr-10-0-0,hallusionbench-image-VD-ocr-10,1.0000244379046443,1,0,0,correct_clean,6
internvl,hallusionbench,perplexity,0.2,hallusionbench-image-VD-math-11-0-2,hallusionbench-image-VD-math-11,1.0000245571132163,1,0,1,correct_hallucination,1
internvl,hallusionbench,perplexity,0.2,hallusionbench-image-VS-table-7-1-4,hallusionbench-image-VS-table-7,1.0000245571132163,1,0,0,correct_clean,6
internvl,hallusionbench,perplexity,0.2,hallusionbench-non_image-VS-map-10-0-1,hallusionbench-non_image-VS-map-10,1.000024914740836,1,0,0,correct_clean,5
internvl,hallusionbench,perplexity,0.2,hallusionbench-image-VS-table-7-1-0,hallusionbench-image-VS-table-7,1.0000255107877594,1,0,0,correct_clean,6
internvl,hallusionbench,perplexity,0.2,hallusionbench-image-VD-math-11-1-2,hallusionbench-image-VD-math-11,1.0000258684157202,1,0,0,correct_clean,6
internvl,hallusionbench,perplexity,0.2,hallusionbench-image-VS-table-2-1-1,hallusionbench-image-VS-table-2,1.0000258684157202,1,0,0,correct_clean,6
internvl,hallusionbench,perplexity,0.2,hallusionbench-image-VD-figure-9-0-1,hallusionbench-image-VD-figure-9,1.000026106835038,1,0,0,correct_clean,5
internvl,hallusionbench,perplexity,0.2,hallusionbench-image-VD-ocr-0-0-1,hallusionbench-image-VD-ocr-0,1.000026106835038,1,0,0,correct_clean,6
internvl,hallusionbench,perplexity,0.2,hallusionbench-image-VD-ocr-11-0-0,hallusionbench-image-VD-ocr-11,1.000026106835038,1,0,0,correct_clean,5
internvl,hallusionbench,perplexity,0.2,hallusionbench-image-VD-ocr-5-0-1,hallusionbench-image-VD-ocr-5,1.000026106835038,1,0,0,correct_clean,6
internvl,hallusionbench,perplexity,0.2,hallusionbench-image-VD-ocr-18-0-0,hallusionbench-image-VD-ocr-18,1.0000265836720255,1,0,0,correct_clean,5
internvl,hallusionbench,perplexity,0.2,hallusionbench-image-VD-figure-1-0-0,hallusionbench-image-VD-figure-1,1.000027418135936,1,0,0,correct_clean,6
internvl,hallusionbench,perplexity,0.2,hallusionbench-image-VD-ocr-19-0-0,hallusionbench-image-VD-ocr-19,1.0000276565556234,1,0,0,correct_clean,6
internvl,hallusionbench,perplexity,0.2,hallusionbench-image-VD-math-9-0-1,hallusionbench-image-VD-math-9,1.000027775764579,1,0,0,correct_clean,6
internvl,hallusionbench,perplexity,0.2,hallusionbench-image-VD-ocr-13-0-0,hallusionbench-image-VD-ocr-13,1.0000281333915306,1,0,0,correct_clean,6
internvl,hallusionbench,perplexity,0.2,hallusionbench-image-VS-chart-13-1-1,hallusionbench-image-VS-chart-13,1.0000284910204293,1,0,0,correct_clean,6
internvl,hallusionbench,perplexity,0.2,hallusionbench-image-VD-ocr-3-1-1,hallusionbench-image-VD-ocr-3,1.0000287294385535,1,0,1,correct_hallucination,1
internvl,hallusionbench,perplexity,0.2,hallusionbench-image-VD-ocr-3-2-1,hallusionbench-image-VD-ocr-3,1.0000287294385535,1,0,1,correct_hallucination,2
internvl,hallusionbench,perplexity,0.2,hallusionbench-image-VD-ocr-6-0-1,hallusionbench-image-VD-ocr-6,1.0000290870658464,1,0,0,correct_clean,6
internvl,hallusionbench,perplexity,0.2,hallusionbench-image-VD-ocr-14-0-1,hallusionbench-image-VD-ocr-14,1.0000294446950861,1,0,0,correct_clean,5
internvl,hallusionbench,perplexity,0.2,hallusionbench-image-VS-table-6-1-0,hallusionbench-image-VS-table-6,1.0000294446950861,1,0,0,correct_clean,6
internvl,hallusionbench,perplexity,0.2,hallusionbench-image-VD-math-11-1-0,hallusionbench-image-VD-math-11,1.0000298023226346,1,0,0,correct_clean,6
internvl,hallusionbench,perplexity,0.2,hallusionbench-image-VD-ocr-17-0-1,hallusionbench-image-VD-ocr-17,1.0000298023226346,1,0,0,correct_clean,6
internvl,hallusionbench,perplexity,0.2,hallusionbench-image-VS-chart-8-1-1,hallusionbench-image-VS-chart-8,1.000030279159565,1,0,0,correct_clean,6
internvl,hallusionbench,perplexity,0.2,hallusionbench-image-VS-chart-8-1-2,hallusionbench-image-VS-chart-8,1.000030279159565,1,0,0,correct_clean,6
internvl,hallusionbench,perplexity,0.2,hallusionbench-image-VD-illusion-21-0-0,hallusionbench-image-VD-illusion-21,1.000030636787412,0,1,1,wrong_hallucination,2
internvl,hallusionbench,perplexity,0.2,hallusionbench-image-VD-ocr-14-0-0,hallusionbench-image-VD-ocr-14,1.0000312328341079,1,0,0,correct_clean,6
internvl,hallusionbench,perplexity,0.2,hallusionbench-image-VD-math-12-0-2,hallusionbench-image-VD-math-12,1.0000313520434898,1,0,0,correct_clean,6
internvl,hallusionbench,perplexity,0.2,hallusionbench-image-VD-ocr-2-0-1,hallusionbench-image-VD-ocr-2,1.0000313520434898,1,0,0,correct_clean,6
internvl,hallusionbench,perplexity,0.2,hallusionbench-image-VD-math-3-0-2,hallusionbench-image-VD-math-3,1.0000314712528857,1,0,0,correct_clean,6
internvl,hallusionbench,perplexity,0.2,hallusionbench-image-VS-ocr-4-1-0,hallusionbench-image-VS-ocr-4,1.0000317096717204,1,0,0,correct_clean,6
internvl,hallusionbench,perplexity,0.2,hallusionbench-image-VS-map-4-1-1,hallusionbench-image-VS-map-4,1.000031948090612,1,0,0,correct_clean,5
internvl,hallusionbench,perplexity,0.2,hallusionbench-image-VS-map-4-1-3,hallusionbench-image-VS-map-4,1.000032067300079,1,0,0,correct_clean,6
internvl,hallusionbench,perplexity,0.2,hallusionbench-image-VD-ocr-6-1-0,hallusionbench-image-VD-ocr-6,1.0000323057190559,1,0,0,correct_clean,4
internvl,hallusionbench,perplexity,0.2,hallusionbench-non_image-VS-map-4-0-1,hallusionbench-non_image-VS-map-4,1.0000325441344513,1,0,0,correct_clean,6
internvl,hallusionbench,perplexity,0.2,hallusionbench-image-VS-table-7-1-5,hallusionbench-image-VS-table-7,1.000033020972689,1,0,0,correct_clean,6
internvl,hallusionbench,perplexity,0.2,hallusionbench-image-VS-map-10-1-1,hallusionbench-image-VS-map-10,1.000034332275377,1,0,0,correct_clean,5
internvl,hallusionbench,perplexity,0.2,hallusionbench-non_image-VS-map-9-0-0,hallusionbench-non_image-VS-map-9,1.0000345706948939,1,0,0,correct_clean,4
internvl,hallusionbench,perplexity,0.2,hallusionbench-image-VD-ocr-1-0-1,hallusionbench-image-VD-ocr-1,1.0000346899046737,1,0,0,correct_clean,6
internvl,hallusionbench,perplexity,0.2,hallusionbench-image-VD-figure-15-1-0,hallusionbench-image-VD-figure-15,1.0000352859501471,1,0,1,correct_hallucination,1
internvl,hallusionbench,perplexity,0.2,hallusionbench-image-VS-map-4-2-2,hallusionbench-image-VS-map-4,1.0000352859501471,0,1,1,wrong_hallucination,1
internvl,hallusionbench,perplexity,0.2,hallusionbench-image-VD-math-4-0-0,hallusionbench-image-VD-math-4,1.0000356435761466,0,1,1,wrong_hallucination,1
internvl,hallusionbench,perplexity,0.2,hallusionbench-image-VS-map-4-2-1,hallusionbench-image-VS-map-4,1.000036001205912,0,1,1,wrong_hallucination,1
internvl,hallusionbench,perplexity,0.2,hallusionbench-image-VD-figure-17-0-1,hallusionbench-image-VD-figure-17,1.0000363588321672,1,0,0,correct_clean,5
internvl,hallusionbench,perplexity,0.2,hallusionbench-image-VD-figure-4-1-1,hallusionbench-image-VD-figure-4,1.00003647804216,1,0,1,correct_hallucination,1
internvl,hallusionbench,perplexity,0.2,hallusionbench-non_image-VS-map-4-0-2,hallusionbench-non_image-VS-map-4,1.00003647804216,1,0,0,correct_clean,5
internvl,hallusionbench,perplexity,0.2,hallusionbench-image-VD-figure-17-1-1,hallusionbench-image-VD-figure-17,1.000036597252167,0,1,1,wrong_hallucination,0
internvl,hallusionbench,perplexity,0.2,hallusionbench-image-VS-ocr-10-1-1,hallusionbench-image-VS-ocr-10,1.0000367164621884,1,0,0,correct_clean,6
internvl,hallusionbench,perplexity,0.2,hallusionbench-image-VD-illusion-23-0-0,hallusionbench-image-VD-illusion-23,1.0000371932987775,0,1,1,wrong_hallucination,1
internvl,hallusionbench,perplexity,0.2,hallusionbench-non_image-VS-map-8-0-2,hallusionbench-non_image-VS-map-8,1.0000388622268108,1,0,1,correct_hallucination,1
internvl,hallusionbench,perplexity,0.2,hallusionbench-image-VS-ocr-9-2-0,hallusionbench-image-VS-ocr-9,1.0000392198577273,1,0,1,correct_hallucination,1
internvl,hallusionbench,perplexity,0.2,hallusionbench-image-VD-math-6-0-1,hallusionbench-image-VD-math-6,1.0000400543230867,1,0,0,correct_clean,6
internvl,hallusionbench,perplexity,0.2,hallusionbench-image-VD-math-14-1-1,hallusionbench-image-VD-math-14,1.0000406503681194,1,0,1,correct_hallucination,1
internvl,hallusionbench,perplexity,0.2,hallusionbench-image-VD-figure-2-1-1,hallusionbench-image-VD-figure-2,1.0000408887855043,1,0,1,correct_hallucination,1
internvl,hallusionbench,perplexity,0.2,hallusionbench-non_image-VS-table-6-0-2,hallusionbench-non_image-VS-table-6,1.0000410079960373,1,0,0,correct_clean,5
internvl,hallusionbench,perplexity,0.2,hallusionbench-image-VD-math-3-1-2,hallusionbench-image-VD-math-3,1.0000412464135076,1,0,0,correct_clean,5
internvl,hallusionbench,perplexity,0.2,hallusionbench-image-VS-ocr-7-1-0,hallusionbench-image-VS-ocr-7,1.0000416040416384,1,0,0,correct_clean,6
internvl,hallusionbench,perplexity,0.2,hallusionbench-image-VS-chart-13-1-0,hallusionbench-image-VS-chart-13,1.0000419616698972,1,0,0,correct_clean,6
internvl,hallusionbench,perplexity,0.2,hallusionbench-image-VS-table-10-2-3,hallusionbench-image-VS-table-10,1.0000429153446666,0,1,1,wrong_hallucination,1
internvl,hallusionbench,perplexity,0.2,hallusionbench-image-VS-chart-18-1-0,hallusionbench-image-VS-chart-18,1.000043034551803,1,0,0,correct_clean,6
internvl,hallusionbench,perplexity,0.2,hallusionbench-image-VD-ocr-17-0-0,hallusionbench-image-VD-ocr-17,1.0000449419006594,1,0,0,correct_clean,6
internvl,hallusionbench,perplexity,0.2,hallusionbench-image-VS-chart-16-1-1,hallusionbench-image-VS-chart-16,1.0000455379486053,1,0,0,correct_clean,6
internvl,hallusionbench,perplexity,0.2,hallusionbench-image-VD-illusion-19-1-1,hallusionbench-image-VD-illusion-19,1.0000457763671555,1,0,1,correct_hallucination,1
internvl,hallusionbench,perplexity,0.2,hallusionbench-image-VD-ocr-1-0-0,hallusionbench-image-VD-ocr-1,1.0000457763671555,1,0,0,correct_clean,6
internvl,hallusionbench,perplexity,0.2,hallusionbench-image-VD-ocr-3-1-0,hallusionbench-image-VD-ocr-3,1.0000467300419247,0,1,1,wrong_hallucination,1
internvl,hallusionbench,perplexity,0.2,hallusionbench-image-VD-ocr-3-2-0,hallusionbench-image-VD-ocr-3,1.0000467300419247,0,1,1,wrong_hallucination,1
internvl,hallusionbench,perplexity,0.2,hallusionbench-image-VS-table-10-2-2,hallusionbench-image-VS-table-10,1.0000467300419247,0,1,1,wrong_hallucination,1
internvl,hallusionbench,perplexity,0.2,hallusionbench-image-VS-table-10-1-2,hallusionbench-image-VS-table-10,1.0000473260872982,1,0,0,correct_clean,6
internvl,hallusionbench,perplexity,0.2,hallusionbench-image-VD-figure-19-1-0,hallusionbench-image-VD-figure-19,1.000048398971321,1,0,1,correct_hallucination,1
internvl,hallusionbench,perplexity,0.2,hallusionbench-image-VD-ocr-18-0-1,hallusionbench-image-VD-ocr-18,1.0000485181791108,0,1,1,wrong_hallucination,1
internvl,hallusionbench,perplexity,0.2,hallusionbench-image-VS-table-8-1-0,hallusionbench-image-VS-table-8,1.0000505447391812,1,0,0,correct_clean,6
internvl,hallusionbench,perplexity,0.2,hallusionbench-image-VD-figure-9-1-1,hallusionbench-image-VD-figure-9,1.0000511407868284,1,0,0,correct_clean,5
internvl,hallusionbench,perplexity,0.2,hallusionbench-image-VD-figure-19-0-1,hallusionbench-image-VD-figure-19,1.0000512599949452,1,0,0,correct_clean,5
internvl,hallusionbench,perplexity,0.2,hallusionbench-image-VD-figure-6-0-0,hallusionbench-image-VD-figure-6,1.0000512599949452,1,0,0,correct_clean,6
internvl,hallusionbench,perplexity,0.2,hallusionbench-image-VS-table-6-1-1,hallusionbench-image-VS-table-6,1.000051379203076,1,0,0,correct_clean,6
internvl,hallusionbench,perplexity,0.2,hallusionbench-image-VD-math-8-0-2,hallusionbench-image-VD-math-8,1.0000518560393803,1,0,0,correct_clean,6
internvl,hallusionbench,perplexity,0.2,hallusionbench-image-VD-math-17-1-2,hallusionbench-image-VD-math-17,1.000052452087809,1,0,0,correct_clean,4
internvl,hallusionbench,perplexity,0.2,hallusionbench-image-VS-map-10-2-1,hallusionbench-image-VS-map-10,1.000052809716309,0,1,1,wrong_hallucination,2
internvl,hallusionbench,perplexity,0.2,hallusionbench-image-VD-video-13-0-0,hallusionbench-image-VD-video-13,1.0000538825989385,0,1,1,wrong_hallucination,1
internvl,hallusionbench,perplexity,0.2,hallusionbench-image-VS-table-3-1-0,hallusionbench-image-VS-table-3,1.0000538825989385,1,0,0,correct_clean,6
internvl,hallusionbench,perplexity,0.2,hallusionbench-image-VD-math-11-1-1,hallusionbench-image-VD-math-11,1.0000544786449368,1,0,0,correct_clean,6
internvl,hallusionbench,perplexity,0.2,hallusionbench-image-VS-map-8-2-2,hallusionbench-image-VS-map-8,1.0000560283676503,0,1,1,wrong_hallucination,0
internvl,hallusionbench,perplexity,0.2,hallusionbench-image-VD-math-12-1-1,hallusionbench-image-VD-math-12,1.0000590085966745,1,0,0,correct_clean,6
internvl,hallusionbench,perplexity,0.2,hallusionbench-image-VD-ocr-4-0-1,hallusionbench-image-VD-ocr-4,1.0000594854366165,1,0,0,correct_clean,6
internvl,hallusionbench,perplexity,0.2,hallusionbench-image-VD-video-10-0-1,hallusionbench-image-VD-video-10,1.0000594854366165,1,0,0,correct_clean,5
internvl,hallusionbench,perplexity,0.2,hallusionbench-image-VS-chart-2-1-2,hallusionbench-image-VS-chart-2,1.0000594854366165,1,0,0,correct_clean,6
internvl,hallusionbench,perplexity,0.2,hallusionbench-image-VD-ocr-6-1-1,hallusionbench-image-VD-ocr-6,1.0000602006914987,0,1,0,wrong_clean,4
internvl,hallusionbench,perplexity,0.2,hallusionbench-image-VS-chart-4-2-2,hallusionbench-image-VS-chart-4,1.0000602006914987,1,0,0,correct_clean,6
internvl,hallusionbench,perplexity,0.2,hallusionbench-image-VS-chart-21-1-0,hallusionbench-image-VS-chart-21,1.0000607967376245,1,0,0,correct_clean,6
internvl,hallusionbench,perplexity,0.2,hallusionbench-image-VD-ocr-5-1-1,hallusionbench-image-VD-ocr-5,1.000061273574781,0,1,0,wrong_clean,3
internvl,hallusionbench,perplexity,0.2,hallusionbench-image-VD-figure-1-0-1,hallusionbench-image-VD-figure-1,1.0000615119934444,1,0,0,correct_clean,6
internvl,hallusionbench,perplexity,0.2,hallusionbench-image-VS-chart-4-1-2,hallusionbench-image-VS-chart-4,1.0000615119934444,1,0,0,correct_clean,6
internvl,hallusionbench,perplexity,0.2,hallusionbench-image-VD-illusion-25-0-0,hallusionbench-image-VD-illusion-25,1.0000621080403518,0,1,1,wrong_hallucination,1
internvl,hallusionbench,perplexity,0.2,hallusionbench-image-VD-ocr-9-1-1,hallusionbench-image-VD-ocr-9,1.0000625848781333,0,1,0,wrong_clean,3
internvl,hallusionbench,perplexity,0.2,hallusionbench-image-VS-map-3-1-0,hallusionbench-image-VS-map-3,1.0000629425066188,1,0,0,correct_clean,5
internvl,hallusionbench,perplexity,0.2,hallusionbench-image-VD-ocr-2-0-0,hallusionbench-image-VD-ocr-2,1.000064015385566,1,0,0,correct_clean,6
internvl,hallusionbench,perplexity,0.2,hallusionbench-image-VD-video-3-0-1,hallusionbench-image-VD-video-3,1.000064373014563,1,0,0,correct_clean,5
internvl,hallusionbench,perplexity,0.2,hallusionbench-image-VS-table-2-1-2,hallusionbench-image-VS-table-2,1.0000644922242572,1,0,0,correct_clean,6
internvl,hallusionbench,perplexity,0.2,hallusionbench-non_image-VS-ocr-4-0-1,hallusionbench-non_image-VS-ocr-4,1.0000644922242572,1,0,0,correct_clean,6
internvl,hallusionbench,perplexity,0.2,hallusionbench-image-VS-table-4-2-2,hallusionbench-image-VS-table-4,1.0000646114339655,1,0,0,correct_clean,5
internvl,hallusionbench,perplexity,0.2,hallusionbench-image-VS-chart-6-1-3,hallusionbench-image-VS-chart-6,1.000064730643688,1,0,1,correct_hallucination,1
internvl,hallusionbench,perplexity,0.2,hallusionbench-non_image-VS-ocr-4-0-0,hallusionbench-non_image-VS-ocr-4,1.00006520748272,1,0,0,correct_clean,5
internvl,hallusionbench,perplexity,0.2,hallusionbench-image-VD-illusion-17-0-0,hallusionbench-image-VD-illusion-17,1.0000654459023215,0,1,1,wrong_hallucination,1
internvl,hallusionbench,perplexity,0.2,hallusionbench-image-VS-table-6-2-2,hallusionbench-image-VS-table-6,1.0000658035245535,0,1,1,wrong_hallucination,2
internvl,hallusionbench,perplexity,0.2,hallusionbench-image-VD-figure-10-0-1,hallusionbench-image-VD-figure-10,1.0000659227344182,1,0,0,correct_clean,5
internvl,hallusionbench,perplexity,0.2,hallusionbench-image-VS-map-4-2-3,hallusionbench-image-VS-map-4,1.0000662803640974,0,1,1,wrong_hallucination,1
internvl,hallusionbench,perplexity,0.2,hallusionbench-image-VD-math-14-0-2,hallusionbench-image-VD-math-14,1.0000663995740187,1,0,1,correct_hallucination,1
internvl,hallusionbench,perplexity,0.2,hallusionbench-image-VS-chart-9-1-3,hallusionbench-image-VS-chart-9,1.0000672340365904,1,0,0,correct_clean,6
internvl,hallusionbench,perplexity,0.2,hallusionbench-image-VS-table-5-2-2,hallusionbench-image-VS-table-5,1.0000673532466255,0,1,1,wrong_hallucination,1
internvl,hallusionbench,perplexity,0.2,hallusionbench-non_image-VS-map-3-0-0,hallusionbench-non_image-VS-map-3,1.0000675916667383,1,0,0,correct_clean,5
internvl,hallusionbench,perplexity,0.2,hallusionbench-image-VS-table-3-1-1,hallusionbench-image-VS-table-3,1.0000677108768161,1,0,0,correct_clean,6
internvl,hallusionbench,perplexity,0.2,hallusionbench-image-VD-math-9-1-2,hallusionbench-image-VD-math-9,1.0000678300869081,1,0,0,correct_clean,6
internvl,hallusionbench,perplexity,0.2,hallusionbench-image-VD-math-12-1-0,hallusionbench-image-VD-math-12,1.0000679492970144,0,1,1,wrong_hallucination,2
internvl,hallusionbench,perplexity,0.2,hallusionbench-image-VS-table-6-1-2,hallusionbench-image-VS-table-6,1.0000686645506733,1,0,0,correct_clean,6
internvl,hallusionbench,perplexity,0.2,hallusionbench-non_image-VS-table-9-0-0,hallusionbench-non_image-VS-table-9,1.0000689029710987,0,1,1,wrong_hallucination,1
internvl,hallusionbench,perplexity,0.2,hallusionbench-image-VD-illusion-10-0-0,hallusionbench-image-VD-illusion-10,1.0000692605945671,0,1,1,wrong_hallucination,1
internvl,hallusionbench,perplexity,0.2,hallusionbench-image-VD-figure-19-1-1,hallusionbench-image-VD-figure-19,1.0000694990151349,1,0,1,correct_hallucination,1
internvl,hallusionbench,perplexity,0.2,hallusionbench-image-VD-figure-5-2-1,hallusionbench-image-VD-figure-5,1.00006961822544,1,0,0,correct_clean,5
internvl,hallusionbench,perplexity,0.2,hallusionbench-non_image-VS-chart-8-0-2,hallusionbench-non_image-VS-chart-8,1.0000697374357592,1,0,1,correct_hallucination,2
internvl,hallusionbench,perplexity,0.2,hallusionbench-non_image-VS-map-1-0-2,hallusionbench-non_image-VS-map-1,1.0000703334802927,1,0,1,correct_hallucination,2
internvl,hallusionbench,perplexity,0.2,hallusionbench-image-VS-chart-6-1-1,hallusionbench-image-VS-chart-6,1.000070571901116,1,0,1,correct_hallucination,2
internvl,hallusionbench,perplexity,0.2,hallusionbench-non_image-VS-table-8-0-1,hallusionbench-non_image-VS-table-8,1.000070571901116,1,0,0,correct_clean,5
internvl,hallusionbench,perplexity,0.2,hallusionbench-non_image-VS-map-4-0-3,hallusionbench-non_image-VS-map-4,1.0000715255704251,1,0,0,correct_clean,5
internvl,hallusionbench,perplexity,0.2,hallusionbench-image-VS-chart-10-1-1,hallusionbench-image-VS-chart-10,1.000072002412697,1,0,0,correct_clean,6
internvl,hallusionbench,perplexity,0.2,hallusionbench-image-VS-chart-1-1-0,hallusionbench-image-VS-chart-1,1.0000728368726672,1,0,1,correct_hallucination,2
internvl,hallusionbench,perplexity,0.2,hallusionbench-image-VD-video-11-1-0,hallusionbench-image-VD-video-11,1.0000739097622293,1,0,0,correct_clean,4
internvl,hallusionbench,perplexity,0.2,hallusionbench-image-VS-chart-8-2-2,hallusionbench-image-VS-chart-8,1.0000743865983617,1,0,0,correct_clean,5
internvl,hallusionbench,perplexity,0.2,hallusionbench-image-VD-illusion-10-1-0,hallusionbench-image-VD-illusion-10,1.000074744223791,1,0,1,correct_hallucination,1
internvl,hallusionbench,perplexity,0.2,hallusionbench-image-VD-video-4-0-0,hallusionbench-image-VD-video-4,1.0000753402713083,1,0,0,correct_clean,6
internvl,hallusionbench,perplexity,0.2,hallusionbench-image-VD-math-14-1-2,hallusionbench-image-VD-math-14,1.000075578686049,1,0,1,correct_hallucination,1
internvl,hallusionbench,perplexity,0.2,hallusionbench-image-VS-table-6-3-3,hallusionbench-image-VS-table-6,1.0000756978970786,0,1,1,wrong_hallucination,1
internvl,hallusionbench,perplexity,0.2,hallusionbench-non_image-VS-chart-16-0-0,hallusionbench-non_image-VS-chart-16,1.0000760555302535,1,0,1,correct_hallucination,2
internvl,hallusionbench,perplexity,0.2,hallusionbench-image-VD-ocr-0-1-0,hallusionbench-image-VD-ocr-0,1.0000765323674088,1,0,0,correct_clean,4
internvl,hallusionbench,perplexity,0.2,hallusionbench-image-VD-illusion-29-0-0,hallusionbench-image-VD-illusion-29,1.0000771284087155,0,1,1,wrong_hallucination,1
internvl,hallusionbench,perplexity,0.2,hallusionbench-image-VS-chart-10-1-0,hallusionbench-image-VS-chart-10,1.00007724761993,1,0,0,correct_clean,6
internvl,hallusionbench,perplexity,0.2,hallusionbench-image-VD-figure-3-1-1,hallusionbench-image-VD-figure-3,1.0000780820842767,1,0,0,correct_clean,5
internvl,hallusionbench,perplexity,0.2,hallusionbench-image-VS-table-3-1-2,hallusionbench-image-VS-table-3,1.0000787973379064,1,0,1,correct_hallucination,2
internvl,hallusionbench,perplexity,0.2,hallusionbench-image-VD-illusion-11-1-0,hallusionbench-image-VD-illusion-11,1.0000791549649128,1,0,1,correct_hallucination,1
internvl,hallusionbench,perplexity,0.2,hallusionbench-non_image-VS-ocr-1-0-0,hallusionbench-non_image-VS-ocr-1,1.0000791549649128,1,0,0,correct_clean,6
internvl,hallusionbench,perplexity,0.2,hallusionbench-image-VS-chart-2-1-5,hallusionbench-image-VS-chart-2,1.000079274176369,1,0,0,correct_clean,5
internvl,hallusionbench,perplexity,0.2,hallusionbench-image-VS-chart-9-1-2,hallusionbench-image-VS-chart-9,1.000079512599324,1,0,0,correct_clean,6
internvl,hallusionbench,perplexity,0.2,hallusionbench-image-VS-chart-10-1-3,hallusionbench-image-VS-chart-10,1.000079631803546,1,0,0,correct_clean,5
internvl,hallusionbench,perplexity,0.2,hallusionbench-image-VS-map-3-2-0,hallusionbench-image-VS-map-3,1.0000799894308512,0,1,1,wrong_hallucination,1
internvl,hallusionbench,perplexity,0.2,hallusionbench-image-VS-chart-6-2-3,hallusionbench-image-VS-chart-6,1.0000805854814947,1,0,0,correct_clean,5
internvl,hallusionbench,perplexity,0.2,hallusionbench-non_image-VS-chart-4-0-3,hallusionbench-non_image-VS-chart-4,1.0000808238974856,1,0,0,correct_clean,5
internvl,hallusionbench,perplexity,0.2,hallusionbench-non_image-VS-chart-6-0-1,hallusionbench-non_image-VS-chart-6,1.0000821351973668,1,0,0,correct_clean,5
internvl,hallusionbench,perplexity,0.2,hallusionbench-image-VS-table-8-3-1,hallusionbench-image-VS-table-8,1.0000834465062438,1,0,0,correct_clean,6
internvl,hallusionbench,perplexity,0.2,hallusionbench-image-VD-illusion-6-1-0,hallusionbench-image-VD-illusion-6,1.0000839233396468,0,1,0,wrong_clean,3
internvl,hallusionbench,perplexity,0.2,hallusionbench-non_image-VS-table-5-0-2,hallusionbench-non_image-VS-table-5,1.0000842809684864,0,1,1,wrong_hallucination,2
internvl,hallusionbench,perplexity,0.2,hallusionbench-image-VD-illusion-19-0-2,hallusionbench-image-VD-illusion-19,1.0000851154314252,0,1,1,wrong_hallucination,1
internvl,hallusionbench,perplexity,0.2,hallusionbench-non_image-VS-table-4-0-1,hallusionbench-non_image-VS-table-4,1.0000852346435918,0,1,1,wrong_hallucination,1
internvl,hallusionbench,perplexity,0.2,hallusionbench-image-VD-illusion-19-1-2,hallusionbench-image-VD-illusion-19,1.0000854730606912,0,1,0,wrong_clean,3
internvl,hallusionbench,semantic_entropy,0.2,hallusionbench-image-VD-figure-0-0-0,hallusionbench-image-VD-figure-0,-0.0,1,0,0,correct_clean,5
internvl,hallusionbench,semantic_entropy,0.2,hallusionbench-image-VD-figure-1-0-0,hallusionbench-image-VD-figure-1,-0.0,1,0,0,correct_clean,6
internvl,hallusionbench,semantic_entropy,0.2,hallusionbench-image-VD-figure-1-1-0,hallusionbench-image-VD-figure-1,-0.0,0,1,1,wrong_hallucination,1
internvl,hallusionbench,semantic_entropy,0.2,hallusionbench-image-VD-figure-1-1-1,hallusionbench-image-VD-figure-1,-0.0,1,0,0,correct_clean,5
internvl,hallusionbench,semantic_entropy,0.2,hallusionbench-image-VD-figure-10-0-1,hallusionbench-image-VD-figure-10,-0.0,1,0,0,correct_clean,5
internvl,hallusionbench,semantic_entropy,0.2,hallusionbench-image-VD-figure-12-0-1,hallusionbench-image-VD-figure-12,-0.0,1,0,0,correct_clean,5
internvl,hallusionbench,semantic_entropy,0.2,hallusionbench-image-VD-figure-12-1-1,hallusionbench-image-VD-figure-12,-0.0,0,1,1,wrong_hallucination,1
internvl,hallusionbench,semantic_entropy,0.2,hallusionbench-image-VD-figure-13-0-0,hallusionbench-image-VD-figure-13,-0.0,1,0,0,correct_clean,5
internvl,hallusionbench,semantic_entropy,0.2,hallusionbench-image-VD-figure-14-0-0,hallusionbench-image-VD-figure-14,-0.0,1,0,0,correct_clean,5
internvl,hallusionbench,semantic_entropy,0.2,hallusionbench-image-VD-figure-14-0-1,hallusionbench-image-VD-figure-14,-0.0,1,0,0,correct_clean,5
internvl,hallusionbench,semantic_entropy,0.2,hallusionbench-image-VD-figure-14-1-0,hallusionbench-image-VD-figure-14,-0.0,0,1,1,wrong_hallucination,1
internvl,hallusionbench,semantic_entropy,0.2,hallusionbench-image-VD-figure-15-1-1,hallusionbench-image-VD-figure-15,-0.0,1,0,1,correct_hallucination,1
internvl,hallusionbench,semantic_entropy,0.2,hallusionbench-image-VD-figure-16-0-0,hallusionbench-image-VD-figure-16,-0.0,1,0,1,correct_hallucination,1
internvl,hallusionbench,semantic_entropy,0.2,hallusionbench-image-VD-figure-16-1-1,hallusionbench-image-VD-figure-16,-0.0,1,0,1,correct_hallucination,2
internvl,hallusionbench,semantic_entropy,0.2,hallusionbench-image-VD-figure-17-0-0,hallusionbench-image-VD-figure-17,-0.0,1,0,0,correct_clean,5
internvl,hallusionbench,semantic_entropy,0.2,hallusionbench-image-VD-figure-17-0-1,hallusionbench-image-VD-figure-17,-0.0,1,0,0,correct_clean,5
internvl,hallusionbench,semantic_entropy,0.2,hallusionbench-image-VD-figure-17-1-1,hallusionbench-image-VD-figure-17,-0.0,0,1,1,wrong_hallucination,0
internvl,hallusionbench,semantic_entropy,0.2,hallusionbench-image-VD-figure-18-0-0,hallusionbench-image-VD-figure-18,-0.0,1,0,0,correct_clean,6
internvl,hallusionbench,semantic_entropy,0.2,hallusionbench-image-VD-figure-18-0-1,hallusionbench-image-VD-figure-18,-0.0,1,0,0,correct_clean,6
internvl,hallusionbench,semantic_entropy,0.2,hallusionbench-image-VD-figure-19-0-0,hallusionbench-image-VD-figure-19,-0.0,1,0,0,correct_clean,5
internvl,hallusionbench,semantic_entropy,0.2,hallusionbench-image-VD-figure-19-0-1,hallusionbench-image-VD-figure-19,-0.0,1,0,0,correct_clean,5
internvl,hallusionbench,semantic_entropy,0.2,hallusionbench-image-VD-figure-2-0-0,hallusionbench-image-VD-figure-2,-0.0,1,0,0,correct_clean,6
internvl,hallusionbench,semantic_entropy,0.2,hallusionbench-image-VD-figure-3-0-1,hallusionbench-image-VD-figure-3,-0.0,0,1,1,wrong_hallucination,1
internvl,hallusionbench,semantic_entropy,0.2,hallusionbench-image-VD-figure-4-0-1,hallusionbench-image-VD-figure-4,-0.0,0,1,1,wrong_hallucination,1
internvl,hallusionbench,semantic_entropy,0.2,hallusionbench-image-VD-figure-5-0-0,hallusionbench-image-VD-figure-5,-0.0,1,0,0,correct_clean,5
internvl,hallusionbench,semantic_entropy,0.2,hallusionbench-image-VD-figure-5-0-1,hallusionbench-image-VD-figure-5,-0.0,1,0,0,correct_clean,6
internvl,hallusionbench,semantic_entropy,0.2,hallusionbench-image-VD-figure-6-0-1,hallusionbench-image-VD-figure-6,-0.0,1,0,0,correct_clean,6
internvl,hallusionbench,semantic_entropy,0.2,hallusionbench-image-VD-figure-6-1-0,hallusionbench-image-VD-figure-6,-0.0,0,1,1,wrong_hallucination,1
internvl,hallusionbench,semantic_entropy,0.2,hallusionbench-image-VD-figure-7-0-1,hallusionbench-image-VD-figure-7,-0.0,1,0,0,correct_clean,6
internvl,hallusionbench,semantic_entropy,0.2,hallusionbench-image-VD-figure-8-0-1,hallusionbench-image-VD-figure-8,-0.0,1,0,0,correct_clean,5
internvl,hallusionbench,semantic_entropy,0.2,hallusionbench-image-VD-figure-9-0-0,hallusionbench-image-VD-figure-9,-0.0,1,0,0,correct_clean,5
internvl,hallusionbench,semantic_entropy,0.2,hallusionbench-image-VD-figure-9-0-1,hallusionbench-image-VD-figure-9,-0.0,1,0,0,correct_clean,5
internvl,hallusionbench,semantic_entropy,0.2,hallusionbench-image-VD-figure-9-1-0,hallusionbench-image-VD-figure-9,-0.0,1,0,1,correct_hallucination,1
internvl,hallusionbench,semantic_entropy,0.2,hallusionbench-image-VD-illusion-1-0-1,hallusionbench-image-VD-illusion-1,-0.0,1,0,1,correct_hallucination,1
internvl,hallusionbench,semantic_entropy,0.2,hallusionbench-image-VD-illusion-1-0-2,hallusionbench-image-VD-illusion-1,-0.0,0,1,1,wrong_hallucination,1
internvl,hallusionbench,semantic_entropy,0.2,hallusionbench-image-VD-illusion-1-1-1,hallusionbench-image-VD-illusion-1,-0.0,1,0,0,correct_clean,6
internvl,hallusionbench,semantic_entropy,0.2,hallusionbench-image-VD-illusion-10-0-0,hallusionbench-image-VD-illusion-10,-0.0,0,1,1,wrong_hallucination,1
internvl,hallusionbench,semantic_entropy,0.2,hallusionbench-image-VD-illusion-10-1-0,hallusionbench-image-VD-illusion-10,-0.0,1,0,1,correct_hallucination,1
internvl,hallusionbench,semantic_entropy,0.2,hallusionbench-image-VD-illusion-11-0-1,hallusionbench-image-VD-illusion-11,-0.0,1,0,1,correct_hallucination,2
internvl,hallusionbench,semantic_entropy,0.2,hallusionbench-image-VD-illusion-11-1-1,hallusionbench-image-VD-illusion-11,-0.0,0,1,0,wrong_clean,4
internvl,hallusionbench,semantic_entropy,0.2,hallusionbench-image-VD-illusion-13-0-0,hallusionbench-image-VD-illusion-13,-0.0,1,0,0,correct_clean,5
internvl,hallusionbench,semantic_entropy,0.2,hallusionbench-image-VD-illusion-14-0-0,hallusionbench-image-VD-illusion-14,-0.0,0,1,1,wrong_hallucination,1
internvl,hallusionbench,semantic_entropy,0.2,hallusionbench-image-VD-illusion-14-0-2,hallusionbench-image-VD-illusion-14,-0.0,0,1,1,wrong_hallucination,1
internvl,hallusionbench,semantic_entropy,0.2,hallusionbench-image-VD-illusion-14-0-3,hallusionbench-image-VD-illusion-14,-0.0,0,1,1,wrong_hallucination,2
internvl,hallusionbench,semantic_entropy,0.2,hallusionbench-image-VD-illusion-14-1-0,hallusionbench-image-VD-illusion-14,-0.0,0,1,1,wrong_hallucination,1
internvl,hallusionbench,semantic_entropy,0.2,hallusionbench-image-VD-illusion-14-1-3,hallusionbench-image-VD-illusion-14,-0.0,1,0,0,correct_clean,4
internvl,hallusionbench,semantic_entropy,0.2,hallusionbench-image-VD-illusion-15-0-0,hallusionbench-image-VD-illusion-15,-0.0,1,0,0,correct_clean,5
internvl,hallusionbench,semantic_entropy,0.2,hallusionbench-image-VD-illusion-15-0-1,hallusionbench-image-VD-illusion-15,-0.0,1,0,0,correct_clean,4
internvl,hallusionbench,semantic_entropy,0.2,hallusionbench-image-VD-illusion-16-0-1,hallusionbench-image-VD-illusion-16,-0.0,1,0,0,correct_clean,5
internvl,hallusionbench,semantic_entropy,0.2,hallusionbench-image-VD-illusion-17-0-1,hallusionbench-image-VD-illusion-17,-0.0,0,1,1,wrong_hallucination,1
internvl,hallusionbench,semantic_entropy,0.2,hallusionbench-image-VD-illusion-17-1-1,hallusionbench-image-VD-illusion-17,-0.0,0,1,0,wrong_clean,3
internvl,hallusionbench,semantic_entropy,0.2,hallusionbench-image-VD-illusion-18-0-0,hallusionbench-image-VD-illusion-18,-0.0,0,1,1,wrong_hallucination,1
internvl,hallusionbench,semantic_entropy,0.2,hallusionbench-image-VD-illusion-19-0-0,hallusionbench-image-VD-illusion-19,-0.0,0,1,1,wrong_hallucination,1
internvl,hallusionbench,semantic_entropy,0.2,hallusionbench-image-VD-illusion-2-0-1,hallusionbench-image-VD-illusion-2,-0.0,1,0,1,correct_hallucination,1
internvl,hallusionbench,semantic_entropy,0.2,hallusionbench-image-VD-illusion-2-1-1,hallusionbench-image-VD-illusion-2,-0.0,1,0,1,correct_hallucination,1
internvl,hallusionbench,semantic_entropy,0.2,hallusionbench-image-VD-illusion-20-0-0,hallusionbench-image-VD-illusion-20,-0.0,1,0,0,correct_clean,6
internvl,hallusionbench,semantic_entropy,0.2,hallusionbench-image-VD-illusion-22-0-0,hallusionbench-image-VD-illusion-22,-0.0,1,0,0,correct_clean,4
internvl,hallusionbench,semantic_entropy,0.2,hallusionbench-image-VD-illusion-23-0-0,hallusionbench-image-VD-illusion-23,-0.0,0,1,1,wrong_hallucination,1
internvl,hallusionbench,semantic_entropy,0.2,hallusionbench-image-VD-illusion-23-0-1,hallusionbench-image-VD-illusion-23,-0.0,0,1,1,wrong_hallucination,1
internvl,hallusionbench,semantic_entropy,0.2,hallusionbench-image-VD-illusion-24-0-0,hallusionbench-image-VD-illusion-24,-0.0,1,0,0,correct_clean,5
internvl,hallusionbench,semantic_entropy,0.2,hallusionbench-image-VD-illusion-24-0-1,hallusionbench-image-VD-illusion-24,-0.0,1,0,0,correct_clean,5
internvl,hallusionbench,semantic_entropy,0.2,hallusionbench-image-VD-illusion-24-1-0,hallusionbench-image-VD-illusion-24,-0.0,1,0,0,correct_clean,5
internvl,hallusionbench,semantic_entropy,0.2,hallusionbench-image-VD-illusion-25-0-2,hallusionbench-image-VD-illusion-25,-0.0,1,0,0,correct_clean,5
internvl,hallusionbench,semantic_entropy,0.2,hallusionbench-image-VD-illusion-26-0-0,hallusionbench-image-VD-illusion-26,-0.0,1,0,0,correct_clean,5
internvl,hallusionbench,semantic_entropy,0.2,hallusionbench-image-VD-illusion-27-0-2,hallusionbench-image-VD-illusion-27,-0.0,1,0,0,correct_clean,4
internvl,hallusionbench,semantic_entropy,0.2,hallusionbench-image-VD-illusion-27-1-1,hallusionbench-image-VD-illusion-27,-0.0,1,0,0,correct_clean,5
internvl,hallusionbench,semantic_entropy,0.2,hallusionbench-image-VD-illusion-27-1-2,hallusionbench-image-VD-illusion-27,-0.0,1,0,1,correct_hallucination,1
internvl,hallusionbench,semantic_entropy,0.2,hallusionbench-image-VD-illusion-28-0-1,hallusionbench-image-VD-illusion-28,-0.0,1,0,0,correct_clean,5
internvl,hallusionbench,semantic_entropy,0.2,hallusionbench-image-VD-illusion-28-0-2,hallusionbench-image-VD-illusion-28,-0.0,1,0,0,correct_clean,5
internvl,hallusionbench,semantic_entropy,0.2,hallusionbench-image-VD-illusion-28-1-0,hallusionbench-image-VD-illusion-28,-0.0,1,0,0,correct_clean,5
internvl,hallusionbench,semantic_entropy,0.2,hallusionbench-image-VD-illusion-28-1-2,hallusionbench-image-VD-illusion-28,-0.0,1,0,1,correct_hallucination,1
internvl,hallusionbench,semantic_entropy,0.2,hallusionbench-image-VD-illusion-29-0-0,hallusionbench-image-VD-illusion-29,-0.0,0,1,1,wrong_hallucination,1
internvl,hallusionbench,semantic_entropy,0.2,hallusionbench-image-VD-illusion-29-0-1,hallusionbench-image-VD-illusion-29,-0.0,0,1,1,wrong_hallucination,1
internvl,hallusionbench,semantic_entropy,0.2,hallusionbench-image-VD-illusion-29-0-2,hallusionbench-image-VD-illusion-29,-0.0,1,0,1,correct_hallucination,2
internvl,hallusionbench,semantic_entropy,0.2,hallusionbench-image-VD-illusion-3-0-2,hallusionbench-image-VD-illusion-3,-0.0,1,0,0,correct_clean,5
internvl,hallusionbench,semantic_entropy,0.2,hallusionbench-image-VD-illusion-3-1-2,hallusionbench-image-VD-illusion-3,-0.0,0,1,0,wrong_clean,4
internvl,hallusionbench,semantic_entropy,0.2,hallusionbench-image-VD-illusion-30-0-0,hallusionbench-image-VD-illusion-30,-0.0,0,1,1,wrong_hallucination,1
internvl,hallusionbench,semantic_entropy,0.2,hallusionbench-image-VD-illusion-30-0-1,hallusionbench-image-VD-illusion-30,-0.0,1,0,1,correct_hallucination,2
internvl,hallusionbench,semantic_entropy,0.2,hallusionbench-image-VD-illusion-4-0-0,hallusionbench-image-VD-illusion-4,-0.0,1,0,0,correct_clean,4
internvl,hallusionbench,semantic_entropy,0.2,hallusionbench-image-VD-illusion-5-0-1,hallusionbench-image-VD-illusion-5,-0.0,1,0,0,correct_clean,5
internvl,hallusionbench,semantic_entropy,0.2,hallusionbench-image-VD-illusion-5-0-2,hallusionbench-image-VD-illusion-5,-0.0,1,0,0,correct_clean,5
internvl,hallusionbench,semantic_entropy,0.2,hallusionbench-image-VD-illusion-5-1-0,hallusionbench-image-VD-illusion-5,-0.0,1,0,0,correct_clean,5
internvl,hallusionbench,semantic_entropy,0.2,hallusionbench-image-VD-illusion-6-1-0,hallusionbench-image-VD-illusion-6,-0.0,0,1,0,wrong_clean,3
internvl,hallusionbench,semantic_entropy,0.2,hallusionbench-image-VD-illusion-8-0-0,hallusionbench-image-VD-illusion-8,-0.0,0,1,1,wrong_hallucination,1
internvl,hallusionbench,semantic_entropy,0.2,hallusionbench-image-VD-illusion-8-0-2,hallusionbench-image-VD-illusion-8,-0.0,1,0,1,correct_hallucination,1
internvl,hallusionbench,semantic_entropy,0.2,hallusionbench-image-VD-illusion-9-0-0,hallusionbench-image-VD-illusion-9,-0.0,1,0,0,correct_clean,5
internvl,hallusionbench,semantic_entropy,0.2,hallusionbench-image-VD-illusion-9-0-1,hallusionbench-image-VD-illusion-9,-0.0,1,0,0,correct_clean,6
internvl,hallusionbench,semantic_entropy,0.2,hallusionbench-image-VD-illusion-9-1-0,hallusionbench-image-VD-illusion-9,-0.0,0,1,0,wrong_clean,3
internvl,hallusionbench,semantic_entropy,0.2,hallusionbench-image-VD-illusion-9-1-1,hallusionbench-image-VD-illusion-9,-0.0,0,1,0,wrong_clean,3
internvl,hallusionbench,semantic_entropy,0.2,hallusionbench-image-VD-math-0-0-0,hallusionbench-image-VD-math-0,-0.0,1,0,0,correct_clean,6
internvl,hallusionbench,semantic_entropy,0.2,hallusionbench-image-VD-math-0-0-1,hallusionbench-image-VD-math-0,-0.0,1,0,0,correct_clean,6
internvl,hallusionbench,semantic_entropy,0.2,hallusionbench-image-VD-math-0-0-2,hallusionbench-image-VD-math-0,-0.0,1,0,0,correct_clean,5
internvl,hallusionbench,semantic_entropy,0.2,hallusionbench-image-VD-math-0-1-0,hallusionbench-image-VD-math-0,-0.0,0,1,1,wrong_hallucination,1
internvl,hallusionbench,semantic_entropy,0.2,hallusionbench-image-VD-math-0-1-1,hallusionbench-image-VD-math-0,-0.0,0,1,0,wrong_clean,4
internvl,hallusionbench,semantic_entropy,0.2,hallusionbench-image-VD-math-0-1-2,hallusionbench-image-VD-math-0,-0.0,1,0,0,correct_clean,5
internvl,hallusionbench,semantic_entropy,0.2,hallusionbench-image-VD-math-1-0-0,hallusionbench-image-VD-math-1,-0.0,1,0,0,correct_clean,6
internvl,hallusionbench,semantic_entropy,0.2,hallusionbench-image-VD-math-1-0-1,hallusionbench-image-VD-math-1,-0.0,1,0,0,correct_clean,6
internvl,hallusionbench,semantic_entropy,0.2,hallusionbench-image-VD-math-1-0-2,hallusionbench-image-VD-math-1,-0.0,1,0,0,correct_clean,6
internvl,hallusionbench,semantic_entropy,0.2,hallusionbench-image-VD-math-10-0-0,hallusionbench-image-VD-math-10,-0.0,1,0,1,correct_hallucination,2
internvl,hallusionbench,semantic_entropy,0.2,hallusionbench-image-VD-math-10-0-1,hallusionbench-image-VD-math-10,-0.0,1,0,1,correct_hallucination,2
internvl,hallusionbench,semantic_entropy,0.2,hallusionbench-image-VD-math-10-0-2,hallusionbench-image-VD-math-10,-0.0,1,0,1,correct_hallucination,2
internvl,hallusionbench,semantic_entropy,0.2,hallusionbench-image-VD-math-10-1-0,hallusionbench-image-VD-math-10,-0.0,0,1,1,wrong_hallucination,1
internvl,hallusionbench,semantic_entropy,0.2,hallusionbench-image-VD-math-10-1-1,hallusionbench-image-VD-math-10,-0.0,1,0,0,correct_clean,6
internvl,hallusionbench,semantic_entropy,0.2,hallusionbench-image-VD-math-10-1-2,hallusionbench-image-VD-math-10,-0.0,1,0,0,correct_clean,5
internvl,hallusionbench,semantic_entropy,0.2,hallusionbench-image-VD-math-11-1-0,hallusionbench-image-VD-math-11,-0.0,1,0,0,correct_clean,6
internvl,hallusionbench,semantic_entropy,0.2,hallusionbench-image-VD-math-11-1-1,hallusionbench-image-VD-math-11,-0.0,1,0,0,correct_clean,6
internvl,hallusionbench,semantic_entropy,0.2,hallusionbench-image-VD-math-11-1-2,hallusionbench-image-VD-math-11,-0.0,1,0,0,correct_clean,6
internvl,hallusionbench,semantic_entropy,0.2,hallusionbench-image-VD-math-12-0-0,hallusionbench-image-VD-math-12,-0.0,1,0,0,correct_clean,6
internvl,hallusionbench,semantic_entropy,0.2,hallusionbench-image-VD-math-12-0-2,hallusionbench-image-VD-math-12,-0.0,1,0,0,correct_clean,6
internvl,hallusionbench,semantic_entropy,0.2,hallusionbench-image-VD-math-12-1-0,hallusionbench-image-VD-math-12,-0.0,0,1,1,wrong_hallucination,2
internvl,hallusionbench,semantic_entropy,0.2,hallusionbench-image-VD-math-12-1-2,hallusionbench-image-VD-math-12,-0.0,1,0,0,correct_clean,6
internvl,hallusionbench,semantic_entropy,0.2,hallusionbench-image-VD-math-13-0-1,hallusionbench-image-VD-math-13,-0.0,1,0,0,correct_clean,5
internvl,hallusionbench,semantic_entropy,0.2,hallusionbench-image-VD-math-13-1-0,hallusionbench-image-VD-math-13,-0.0,1,0,0,correct_clean,5
internvl,hallusionbench,semantic_entropy,0.2,hallusionbench-image-VD-math-13-1-1,hallusionbench-image-VD-math-13,-0.0,1,0,0,correct_clean,6
internvl,hallusionbench,semantic_entropy,0.2,hallusionbench-image-VD-math-13-1-2,hallusionbench-image-VD-math-13,-0.0,1,0,0,correct_clean,5
internvl,hallusionbench,semantic_entropy,0.2,hallusionbench-image-VD-math-14-0-1,hallusionbench-image-VD-math-14,-0.0,1,0,1,correct_hallucination,1
internvl,hallusionbench,semantic_entropy,0.2,hallusionbench-image-VD-math-15-0-2,hallusionbench-image-VD-math-15,-0.0,1,0,0,correct_clean,6
internvl,hallusionbench,semantic_entropy,0.2,hallusionbench-image-VD-math-15-1-0,hallusionbench-image-VD-math-15,-0.0,1,0,0,correct_clean,4
internvl,hallusionbench,semantic_entropy,0.2,hallusionbench-image-VD-math-15-1-2,hallusionbench-image-VD-math-15,-0.0,1,0,0,correct_clean,4
internvl,hallusionbench,semantic_entropy,0.2,hallusionbench-image-VD-math-16-0-0,hallusionbench-image-VD-math-16,-0.0,1,0,0,correct_clean,6
internvl,hallusionbench,semantic_entropy,0.2,hallusionbench-image-VD-math-16-0-1,hallusionbench-image-VD-math-16,-0.0,1,0,0,correct_clean,6
internvl,hallusionbench,semantic_entropy,0.2,hallusionbench-image-VD-math-16-0-2,hallusionbench-image-VD-math-16,-0.0,1,0,0,correct_clean,6
internvl,hallusionbench,semantic_entropy,0.2,hallusionbench-image-VD-math-16-1-0,hallusionbench-image-VD-math-16,-0.0,1,0,0,correct_clean,4
internvl,hallusionbench,semantic_entropy,0.2,hallusionbench-image-VD-math-17-0-0,hallusionbench-image-VD-math-17,-0.0,0,1,1,wrong_hallucination,1
internvl,hallusionbench,semantic_entropy,0.2,hallusionbench-image-VD-math-2-0-1,hallusionbench-image-VD-math-2,-0.0,1,0,0,correct_clean,5
internvl,hallusionbench,semantic_entropy,0.2,hallusionbench-image-VD-math-2-0-2,hallusionbench-image-VD-math-2,-0.0,1,0,0,correct_clean,5
internvl,hallusionbench,semantic_entropy,0.2,hallusionbench-image-VD-math-2-1-0,hallusionbench-image-VD-math-2,-0.0,0,1,0,wrong_clean,3
internvl,hallusionbench,semantic_entropy,0.2,hallusionbench-image-VD-math-2-1-1,hallusionbench-image-VD-math-2,-0.0,1,0,0,correct_clean,5
internvl,hallusionbench,semantic_entropy,0.2,hallusionbench-image-VD-math-3-0-1,hallusionbench-image-VD-math-3,-0.0,1,0,0,correct_clean,6
internvl,hallusionbench,semantic_entropy,0.2,hallusionbench-image-VD-math-3-0-2,hallusionbench-image-VD-math-3,-0.0,1,0,0,correct_clean,6
internvl,hallusionbench,semantic_entropy,0.2,hallusionbench-image-VD-math-3-1-0,hallusionbench-image-VD-math-3,-0.0,0,1,1,wrong_hallucination,1
internvl,hallusionbench,semantic_entropy,0.2,hallusionbench-image-VD-math-3-1-2,hallusionbench-image-VD-math-3,-0.0,1,0,0,correct_clean,5
internvl,hallusionbench,semantic_entropy,0.2,hallusionbench-image-VD-math-4-0-0,hallusionbench-image-VD-math-4,-0.0,0,1,1,wrong_hallucination,1
internvl,hallusionbench,semantic_entropy,0.2,hallusionbench-image-VD-math-4-1-0,hallusionbench-image-VD-math-4,-0.0,0,1,1,wrong_hallucination,1
internvl,hallusionbench,semantic_entropy,0.2,hallusionbench-image-VD-math-4-1-1,hallusionbench-image-VD-math-4,-0.0,0,1,1,wrong_hallucination,1
internvl,hallusionbench,semantic_entropy,0.2,hallusionbench-image-VD-math-5-0-0,hallusionbench-image-VD-math-5,-0.0,1,0,0,correct_clean,6
internvl,hallusionbench,semantic_entropy,0.2,hallusionbench-image-VD-math-5-1-2,hallusionbench-image-VD-math-5,-0.0,1,0,0,correct_clean,4
internvl,hallusionbench,semantic_entropy,0.2,hallusionbench-image-VD-math-6-0-0,hallusionbench-image-VD-math-6,-0.0,1,0,0,correct_clean,5
internvl,hallusionbench,semantic_entropy,0.2,hallusionbench-image-VD-math-6-0-1,hallusionbench-image-VD-math-6,-0.0,1,0,0,correct_clean,6
internvl,hallusionbench,semantic_entropy,0.2,hallusionbench-image-VD-math-6-0-2,hallusionbench-image-VD-math-6,-0.0,1,0,0,correct_clean,5
internvl,hallusionbench,semantic_entropy,0.2,hallusionbench-image-VD-math-7-0-0,hallusionbench-image-VD-math-7,-0.0,0,1,0,wrong_clean,4
internvl,hallusionbench,semantic_entropy,0.2,hallusionbench-image-VD-math-7-0-1,hallusionbench-image-VD-math-7,-0.0,0,1,1,wrong_hallucination,1
internvl,hallusionbench,semantic_entropy,0.2,hallusionbench-image-VD-math-7-1-0,hallusionbench-image-VD-math-7,-0.0,0,1,1,wrong_hallucination,1
internvl,hallusionbench,semantic_entropy,0.2,hallusionbench-image-VD-math-7-1-1,hallusionbench-image-VD-math-7,-0.0,1,0,0,correct_clean,3
internvl,hallusionbench,semantic_entropy,0.2,hallusionbench-image-VD-math-8-0-1,hallusionbench-image-VD-math-8,-0.0,1,0,0,correct_clean,6
internvl,hallusionbench,semantic_entropy,0.2,hallusionbench-image-VD-math-8-0-2,hallusionbench-image-VD-math-8,-0.0,1,0,0,correct_clean,6
internvl,hallusionbench,semantic_entropy,0.2,hallusionbench-image-VD-math-9-0-0,hallusionbench-image-VD-math-9,-0.0,1,0,1,correct_hallucination,2
internvl,hallusionbench,semantic_entropy,0.2,hallusionbench-image-VD-math-9-0-1,hallusionbench-image-VD-math-9,-0.0,1,0,0,correct_clean,6
internvl,hallusionbench,semantic_entropy,0.2,hallusionbench-image-VD-math-9-0-2,hallusionbench-image-VD-math-9,-0.0,1,0,0,correct_clean,6
internvl,hallusionbench,semantic_entropy,0.2,hallusionbench-image-VD-math-9-1-0,hallusionbench-image-VD-math-9,-0.0,0,1,0,wrong_clean,4
internvl,hallusionbench,semantic_entropy,0.2,hallusionbench-image-VD-math-9-1-1,hallusionbench-image-VD-math-9,-0.0,0,1,0,wrong_clean,4
internvl,hallusionbench,semantic_entropy,0.2,hallusionbench-image-VD-math-9-1-2,hallusionbench-image-VD-math-9,-0.0,1,0,0,correct_clean,6
internvl,hallusionbench,semantic_entropy,0.2,hallusionbench-image-VD-ocr-0-0-0,hallusionbench-image-VD-ocr-0,-0.0,1,0,0,correct_clean,6
internvl,hallusionbench,semantic_entropy,0.2,hallusionbench-image-VD-ocr-0-0-1,hallusionbench-image-VD-ocr-0,-0.0,1,0,0,correct_clean,6
internvl,hallusionbench,semantic_entropy,0.2,hallusionbench-image-VD-ocr-0-1-0,hallusionbench-image-VD-ocr-0,-0.0,1,0,0,correct_clean,4
internvl,hallusionbench,semantic_entropy,0.2,hallusionbench-image-VD-ocr-1-0-0,hallusionbench-image-VD-ocr-1,-0.0,1,0,0,correct_clean,6
internvl,hallusionbench,semantic_entropy,0.2,hallusionbench-image-VD-ocr-1-0-1,hallusionbench-image-VD-ocr-1,-0.0,1,0,0,correct_clean,6
internvl,hallusionbench,semantic_entropy,0.2,hallusionbench-image-VD-ocr-10-0-0,hallusionbench-image-VD-ocr-10,-0.0,1,0,0,correct_clean,6
internvl,hallusionbench,semantic_entropy,0.2,hallusionbench-image-VD-ocr-10-0-1,hallusionbench-image-VD-ocr-10,-0.0,1,0,0,correct_clean,6
internvl,hallusionbench,semantic_entropy,0.2,hallusionbench-image-VD-ocr-11-0-0,hallusionbench-image-VD-ocr-11,-0.0,1,0,0,correct_clean,5
internvl,hallusionbench,semantic_entropy,0.2,hallusionbench-image-VD-ocr-11-0-1,hallusionbench-image-VD-ocr-11,-0.0,1,0,0,correct_clean,6
internvl,hallusionbench,semantic_entropy,0.2,hallusionbench-image-VD-ocr-13-0-0,hallusionbench-image-VD-ocr-13,-0.0,1,0,0,correct_clean,6
internvl,hallusionbench,semantic_entropy,0.2,hallusionbench-image-VD-ocr-13-0-1,hallusionbench-image-VD-ocr-13,-0.0,1,0,0,correct_clean,6
internvl,hallusionbench,semantic_entropy,0.2,hallusionbench-image-VD-ocr-14-0-0,hallusionbench-image-VD-ocr-14,-0.0,1,0,0,correct_clean,6
internvl,hallusionbench,semantic_entropy,0.2,hallusionbench-image-VD-ocr-14-0-1,hallusionbench-image-VD-ocr-14,-0.0,1,0,0,correct_clean,5
internvl,hallusionbench,semantic_entropy,0.2,hallusionbench-image-VD-ocr-15-0-0,hallusionbench-image-VD-ocr-15,-0.0,1,0,0,correct_clean,6
internvl,hallusionbench,semantic_entropy,0.2,hallusionbench-image-VD-ocr-15-0-1,hallusionbench-image-VD-ocr-15,-0.0,1,0,0,correct_clean,6
internvl,hallusionbench,semantic_entropy,0.2,hallusionbench-image-VD-ocr-16-0-0,hallusionbench-image-VD-ocr-16,-0.0,1,0,0,correct_clean,5
internvl,hallusionbench,semantic_entropy,0.2,hallusionbench-image-VD-ocr-17-0-0,hallusionbench-image-VD-ocr-17,-0.0,1,0,0,correct_clean,6
internvl,hallusionbench,semantic_entropy,0.2,hallusionbench-image-VD-ocr-17-0-1,hallusionbench-image-VD-ocr-17,-0.0,1,0,0,correct_clean,6
internvl,hallusionbench,semantic_entropy,0.2,hallusionbench-image-VD-ocr-18-0-0,hallusionbench-image-VD-ocr-18,-0.0,1,0,0,correct_clean,5
internvl,hallusionbench,semantic_entropy,0.2,hallusionbench-image-VD-ocr-19-0-0,hallusionbench-image-VD-ocr-19,-0.0,1,0,0,correct_clean,6
internvl,hallusionbench,semantic_entropy,0.2,hallusionbench-image-VD-ocr-19-0-1,hallusionbench-image-VD-ocr-19,-0.0,0,1,1,wrong_hallucination,1
internvl,hallusionbench,semantic_entropy,0.2,hallusionbench-image-VD-ocr-2-0-0,hallusionbench-image-VD-ocr-2,-0.0,1,0,0,correct_clean,6
internvl,hallusionbench,semantic_entropy,0.2,hallusionbench-image-VD-ocr-2-0-1,hallusionbench-image-VD-ocr-2,-0.0,1,0,0,correct_clean,6
internvl,hallusionbench,semantic_entropy,0.2,hallusionbench-image-VD-ocr-20-0-0,hallusionbench-image-VD-ocr-20,-0.0,1,0,1,correct_hallucination,1
internvl,hallusionbench,semantic_entropy,0.2,hallusionbench-image-VD-ocr-3-0-0,hallusionbench-image-VD-ocr-3,-0.0,1,0,0,correct_clean,6
internvl,hallusionbench,semantic_entropy,0.2,hallusionbench-image-VD-ocr-3-0-1,hallusionbench-image-VD-ocr-3,-0.0,1,0,0,correct_clean,6
internvl,hallusionbench,semantic_entropy,0.2,hallusionbench-image-VD-ocr-3-0-2,hallusionbench-image-VD-ocr-3,-0.0,1,0,0,correct_clean,6
internvl,hallusionbench,semantic_entropy,0.2,hallusionbench-image-VD-ocr-3-1-1,hallusionbench-image-VD-ocr-3,-0.0,1,0,1,correct_hallucination,1
internvl,hallusionbench,semantic_entropy,0.2,hallusionbench-image-VD-ocr-3-2-0,hallusionbench-image-VD-ocr-3,-0.0,0,1,1,wrong_hallucination,1
internvl,hallusionbench,semantic_entropy,0.2,hallusionbench-image-VD-ocr-4-0-0,hallusionbench-image-VD-ocr-4,-0.0,1,0,0,correct_clean,6
internvl,hallusionbench,semantic_entropy,0.2,hallusionbench-image-VD-ocr-4-0-1,hallusionbench-image-VD-ocr-4,-0.0,1,0,0,correct_clean,6
internvl,hallusionbench,semantic_entropy,0.2,hallusionbench-image-VD-ocr-5-0-0,hallusionbench-image-VD-ocr-5,-0.0,1,0,0,correct_clean,6
internvl,hallusionbench,semantic_entropy,0.2,hallusionbench-image-VD-ocr-5-0-1,hallusionbench-image-VD-ocr-5,-0.0,1,0,0,correct_clean,6
internvl,hallusionbench,semantic_entropy,0.2,hallusionbench-image-VD-ocr-6-0-0,hallusionbench-image-VD-ocr-6,-0.0,1,0,0,correct_clean,6
internvl,hallusionbench,semantic_entropy,0.2,hallusionbench-image-VD-ocr-6-1-0,hallusionbench-image-VD-ocr-6,-0.0,1,0,0,correct_clean,4
internvl,hallusionbench,semantic_entropy,0.2,hallusionbench-image-VD-ocr-7-0-0,hallusionbench-image-VD-ocr-7,-0.0,1,0,1,correct_hallucination,1
internvl,hallusionbench,semantic_entropy,0.2,hallusionbench-image-VD-ocr-8-0-0,hallusionbench-image-VD-ocr-8,-0.0,1,0,0,correct_clean,6
internvl,hallusionbench,semantic_entropy,0.2,hallusionbench-image-VD-ocr-8-0-1,hallusionbench-image-VD-ocr-8,-0.0,1,0,0,correct_clean,6
internvl,hallusionbench,semantic_entropy,0.2,hallusionbench-image-VD-ocr-9-0-0,hallusionbench-image-VD-ocr-9,-0.0,1,0,0,correct_clean,6
internvl,hallusionbench,semantic_entropy,0.2,hallusionbench-image-VD-ocr-9-0-1,hallusionbench-image-VD-ocr-9,-0.0,1,0,0,correct_clean,6
internvl,hallusionbench,semantic_entropy,0.2,hallusionbench-image-VD-ocr-9-1-0,hallusionbench-image-VD-ocr-9,-0.0,0,1,1,wrong_hallucination,1
internvl,hallusionbench,semantic_entropy,0.2,hallusionbench-image-VD-video-0-0-0,hallusionbench-image-VD-video-0,-0.0,1,0,0,correct_clean,6
internvl,hallusionbench,semantic_entropy,0.2,hallusionbench-image-VD-video-0-1-0,hallusionbench-image-VD-video-0,-0.0,0,1,1,wrong_hallucination,1
internvl,hallusionbench,semantic_entropy,0.2,hallusionbench-image-VD-video-1-0-2,hallusionbench-image-VD-video-1,-0.0,1,0,0,correct_clean,5
internvl,hallusionbench,semantic_entropy,0.2,hallusionbench-image-VD-video-1-1-0,hallusionbench-image-VD-video-1,-0.0,1,0,0,correct_clean,4
internvl,hallusionbench,semantic_entropy,0.2,hallusionbench-image-VD-video-1-1-1,hallusionbench-image-VD-video-1,-0.0,0,1,1,wrong_hallucination,1
internvl,hallusionbench,semantic_entropy,0.2,hallusionbench-image-VD-video-1-2-0,hallusionbench-image-VD-video-1,-0.0,1,0,0,correct_clean,5
internvl,hallusionbench,semantic_entropy,0.2,hallusionbench-image-VD-video-10-0-0,hallusionbench-image-VD-video-10,-0.0,1,0,0,correct_clean,5
internvl,hallusionbench,semantic_entropy,0.2,hallusionbench-image-VD-video-10-0-2,hallusionbench-image-VD-video-10,-0.0,1,0,1,correct_hallucination,1
internvl,hallusionbench,semantic_entropy,0.2,hallusionbench-image-VD-video-10-1-1,hallusionbench-image-VD-video-10,-0.0,1,0,0,correct_clean,5
internvl,hallusionbench,semantic_entropy,0.2,hallusionbench-image-VD-video-10-1-3,hallusionbench-image-VD-video-10,-0.0,1,0,0,correct_clean,4
internvl,hallusionbench,semantic_entropy,0.2,hallusionbench-image-VD-video-11-0-0,hallusionbench-image-VD-video-11,-0.0,1,0,0,correct_clean,5
internvl,hallusionbench,semantic_entropy,0.2,hallusionbench-image-VD-video-11-0-1,hallusionbench-image-VD-video-11,-0.0,1,0,0,correct_clean,5
internvl,hallusionbench,semantic_entropy,0.2,hallusionbench-image-VD-video-11-0-3,hallusionbench-image-VD-video-11,-0.0,0,1,1,wrong_hallucination,1
internvl,hallusionbench,semantic_entropy,0.2,hallusionbench-image-VD-video-11-2-1,hallusionbench-image-VD-video-11,-0.0,0,1,1,wrong_hallucination,1
internvl,hallusionbench,semantic_entropy,0.2,hallusionbench-image-VD-video-12-0-1,hallusionbench-image-VD-video-12,-0.0,1,0,0,correct_clean,5
internvl,hallusionbench,semantic_entropy,0.2,hallusionbench-image-VD-video-13-0-0,hallusionbench-image-VD-video-13,-0.0,0,1,1,wrong_hallucination,1
internvl,hallusionbench,semantic_entropy,0.2,hallusionbench-image-VD-video-13-0-2,hallusionbench-image-VD-video-13,-0.0,1,0,1,correct_hallucination,1
internvl,hallusionbench,semantic_entropy,0.2,hallusionbench-image-VD-video-14-0-3,hallusionbench-image-VD-video-14,-0.0,0,1,1,wrong_hallucination,1
internvl,hallusionbench,semantic_entropy,0.2,hallusionbench-image-VD-video-14-1-0,hallusionbench-image-VD-video-14,-0.0,1,0,1,correct_hallucination,1
internvl,hallusionbench,semantic_entropy,0.2,hallusionbench-image-VD-video-14-1-2,hallusionbench-image-VD-video-14,-0.0,1,0,1,correct_hallucination,1
internvl,hallusionbench,semantic_entropy,0.2,hallusionbench-image-VD-video-14-1-3,hallusionbench-image-VD-video-14,-0.0,1,0,0,correct_clean,4
internvl,hallusionbench,semantic_entropy,0.2,hallusionbench-image-VD-video-15-0-1,hallusionbench-image-VD-video-15,-0.0,1,0,0,correct_clean,5
internvl,hallusionbench,semantic_entropy,0.2,hallusionbench-image-VD-video-15-1-0,hallusionbench-image-VD-video-15,-0.0,0,1,1,wrong_hallucination,1
internvl,hallusionbench,semantic_entropy,0.2,hallusionbench-image-VD-video-17-0-3,hallusionbench-image-VD-video-17,-0.0,0,1,1,wrong_hallucination,1
internvl,hallusionbench,semantic_entropy,0.2,hallusionbench-image-VD-video-17-1-3,hallusionbench-image-VD-video-17,-0.0,0,1,0,wrong_clean,4
internvl,hallusionbench,semantic_entropy,0.2,hallusionbench-image-VD-video-18-0-1,hallusionbench-image-VD-video-18,-0.0,1,0,0,correct_clean,6
internvl,hallusionbench,semantic_entropy,0.2,hallusionbench-image-VD-video-18-0-2,hallusionbench-image-VD-video-18,-0.0,1,0,0,correct_clean,5
internvl,hallusionbench,semantic_entropy,0.2,hallusionbench-image-VD-video-18-0-3,hallusionbench-image-VD-video-18,-0.0,1,0,0,correct_clean,6
internvl,hallusionbench,semantic_entropy,0.2,hallusionbench-image-VD-video-18-1-3,hallusionbench-image-VD-video-18,-0.0,1,0,0,correct_clean,5
internvl,hallusionbench,semantic_entropy,0.2,hallusionbench-image-VD-video-18-2-3,hallusionbench-image-VD-video-18,-0.0,0,1,0,wrong_clean,5
internvl,hallusionbench,semantic_entropy,0.2,hallusionbench-image-VD-video-19-0-2,hallusionbench-image-VD-video-19,-0.0,1,0,0,correct_clean,5
internvl,hallusionbench,semantic_entropy,0.2,hallusionbench-image-VD-video-2-0-1,hallusionbench-image-VD-video-2,-0.0,1,0,1,correct_hallucination,2
internvl,hallusionbench,umpire,0.2,hallusionbench-image-VD-ocr-9-0-1,hallusionbench-image-VD-ocr-9,-23.15010411580431,1,0,0,correct_clean,6
internvl,hallusionbench,umpire,0.2,hallusionbench-image-VD-ocr-15-0-0,hallusionbench-image-VD-ocr-15,-22.987550766851808,1,0,0,correct_clean,6
internvl,hallusionbench,umpire,0.2,hallusionbench-image-VD-ocr-8-0-0,hallusionbench-image-VD-ocr-8,-22.0661149761727,1,0,0,correct_clean,6
internvl,hallusionbench,umpire,0.2,hallusionbench-image-VS-table-4-1-2,hallusionbench-image-VS-table-4,-21.853732394341034,1,0,0,correct_clean,6
internvl,hallusionbench,umpire,0.2,hallusionbench-image-VS-table-9-1-1,hallusionbench-image-VS-table-9,-21.83652876883767,1,0,0,correct_clean,6
internvl,hallusionbench,umpire,0.2,hallusionbench-image-VS-table-7-1-1,hallusionbench-image-VS-table-7,-21.786114476105194,1,0,0,correct_clean,6
internvl,hallusionbench,umpire,0.2,hallusionbench-image-VD-math-1-0-2,hallusionbench-image-VD-math-1,-21.662135048475474,1,0,0,correct_clean,6
internvl,hallusionbench,umpire,0.2,hallusionbench-image-VD-figure-4-0-1,hallusionbench-image-VD-figure-4,-21.557852995098457,0,1,1,wrong_hallucination,1
internvl,hallusionbench,umpire,0.2,hallusionbench-image-VS-ocr-7-1-1,hallusionbench-image-VS-ocr-7,-21.472491834739984,1,0,0,correct_clean,6
internvl,hallusionbench,umpire,0.2,hallusionbench-image-VD-illusion-23-0-0,hallusionbench-image-VD-illusion-23,-21.45939788234187,0,1,1,wrong_hallucination,1
internvl,hallusionbench,umpire,0.2,hallusionbench-image-VD-ocr-11-0-0,hallusionbench-image-VD-ocr-11,-21.304607350746558,1,0,0,correct_clean,5
internvl,hallusionbench,umpire,0.2,hallusionbench-image-VD-ocr-9-0-0,hallusionbench-image-VD-ocr-9,-21.251126516710965,1,0,0,correct_clean,6
internvl,hallusionbench,umpire,0.2,hallusionbench-image-VS-table-3-1-0,hallusionbench-image-VS-table-3,-21.13832399787503,1,0,0,correct_clean,6
internvl,hallusionbench,umpire,0.2,hallusionbench-image-VD-ocr-5-0-1,hallusionbench-image-VD-ocr-5,-21.133561406973286,1,0,0,correct_clean,6
internvl,hallusionbench,umpire,0.2,hallusionbench-image-VS-table-10-1-3,hallusionbench-image-VS-table-10,-21.095272165446723,1,0,0,correct_clean,6
internvl,hallusionbench,umpire,0.2,hallusionbench-image-VS-table-8-1-3,hallusionbench-image-VS-table-8,-21.092560475498466,1,0,0,correct_clean,6
internvl,hallusionbench,umpire,0.2,hallusionbench-image-VD-ocr-13-0-0,hallusionbench-image-VD-ocr-13,-20.935634131077364,1,0,0,correct_clean,6
internvl,hallusionbench,umpire,0.2,hallusionbench-image-VD-ocr-3-0-2,hallusionbench-image-VD-ocr-3,-20.91152143001329,1,0,0,correct_clean,6
internvl,hallusionbench,umpire,0.2,hallusionbench-image-VS-map-4-1-1,hallusionbench-image-VS-map-4,-20.877001621114815,1,0,0,correct_clean,5
internvl,hallusionbench,umpire,0.2,hallusionbench-image-VS-map-10-1-1,hallusionbench-image-VS-map-10,-20.80400397844848,1,0,0,correct_clean,5
internvl,hallusionbench,umpire,0.2,hallusionbench-image-VS-chart-6-1-3,hallusionbench-image-VS-chart-6,-20.771466341627644,1,0,1,correct_hallucination,1
internvl,hallusionbench,umpire,0.2,hallusionbench-image-VD-ocr-8-0-1,hallusionbench-image-VD-ocr-8,-20.688690629687848,1,0,0,correct_clean,6
internvl,hallusionbench,umpire,0.2,hallusionbench-image-VS-table-8-1-1,hallusionbench-image-VS-table-8,-20.6757202546827,1,0,0,correct_clean,6
internvl,hallusionbench,umpire,0.2,hallusionbench-non_image-VS-ocr-1-0-0,hallusionbench-non_image-VS-ocr-1,-20.606279481832537,1,0,0,correct_clean,6
internvl,hallusionbench,umpire,0.2,hallusionbench-image-VS-table-2-1-1,hallusionbench-image-VS-table-2,-20.586332532327322,1,0,0,correct_clean,6
internvl,hallusionbench,umpire,0.2,hallusionbench-image-VS-map-4-2-1,hallusionbench-image-VS-map-4,-20.48233737955449,0,1,1,wrong_hallucination,1
internvl,hallusionbench,umpire,0.2,hallusionbench-image-VD-ocr-6-0-0,hallusionbench-image-VD-ocr-6,-20.45959122407184,1,0,0,correct_clean,6
internvl,hallusionbench,umpire,0.2,hallusionbench-image-VD-ocr-17-0-0,hallusionbench-image-VD-ocr-17,-20.416002980497346,1,0,0,correct_clean,6
internvl,hallusionbench,umpire,0.2,hallusionbench-image-VD-illusion-19-0-0,hallusionbench-image-VD-illusion-19,-20.407050280136747,0,1,1,wrong_hallucination,1
internvl,hallusionbench,umpire,0.2,hallusionbench-image-VS-ocr-5-1-0,hallusionbench-image-VS-ocr-5,-20.379935564583892,1,0,0,correct_clean,6
internvl,hallusionbench,umpire,0.2,hallusionbench-image-VD-math-13-0-1,hallusionbench-image-VD-math-13,-20.3007347329084,1,0,0,correct_clean,5
internvl,hallusionbench,umpire,0.2,hallusionbench-image-VS-chart-16-1-0,hallusionbench-image-VS-chart-16,-20.264350562819363,1,0,0,correct_clean,6
internvl,hallusionbench,umpire,0.2,hallusionbench-image-VS-chart-16-1-1,hallusionbench-image-VS-chart-16,-20.238454413480653,1,0,0,correct_clean,6
internvl,hallusionbench,umpire,0.2,hallusionbench-image-VD-illusion-10-1-0,hallusionbench-image-VD-illusion-10,-20.22920954035581,1,0,1,correct_hallucination,1
internvl,hallusionbench,umpire,0.2,hallusionbench-image-VD-math-1-0-1,hallusionbench-image-VD-math-1,-20.222280122790064,1,0,0,correct_clean,6
internvl,hallusionbench,umpire,0.2,hallusionbench-image-VS-chart-4-2-3,hallusionbench-image-VS-chart-4,-20.216493315317155,1,0,0,correct_clean,6
internvl,hallusionbench,umpire,0.2,hallusionbench-image-VS-table-10-1-1,hallusionbench-image-VS-table-10,-20.210960093956306,1,0,0,correct_clean,6
internvl,hallusionbench,umpire,0.2,hallusionbench-image-VS-table-1-1-1,hallusionbench-image-VS-table-1,-20.185833747030177,1,0,0,correct_clean,6
internvl,hallusionbench,umpire,0.2,hallusionbench-image-VS-table-7-1-5,hallusionbench-image-VS-table-7,-20.127363939202834,1,0,0,correct_clean,6
internvl,hallusionbench,umpire,0.2,hallusionbench-image-VD-illusion-9-0-1,hallusionbench-image-VD-illusion-9,-20.11272967086385,1,0,0,correct_clean,6
internvl,hallusionbench,umpire,0.2,hallusionbench-image-VS-chart-21-1-0,hallusionbench-image-VS-chart-21,-20.09578524218795,1,0,0,correct_clean,6
internvl,hallusionbench,umpire,0.2,hallusionbench-image-VS-table-9-1-0,hallusionbench-image-VS-table-9,-20.085933219959205,1,0,0,correct_clean,6
internvl,hallusionbench,umpire,0.2,hallusionbench-image-VS-ocr-10-1-1,hallusionbench-image-VS-ocr-10,-20.038235886114578,1,0,0,correct_clean,6
internvl,hallusionbench,umpire,0.2,hallusionbench-image-VS-map-3-1-1,hallusionbench-image-VS-map-3,-19.94340270750272,1,0,0,correct_clean,6
internvl,hallusionbench,umpire,0.2,hallusionbench-image-VS-chart-8-1-1,hallusionbench-image-VS-chart-8,-19.936203569486768,1,0,0,correct_clean,6
internvl,hallusionbench,umpire,0.2,hallusionbench-image-VD-ocr-11-0-1,hallusionbench-image-VD-ocr-11,-19.905651769665084,1,0,0,correct_clean,6
internvl,hallusionbench,umpire,0.2,hallusionbench-non_image-VS-map-4-0-3,hallusionbench-non_image-VS-map-4,-19.884681977895223,1,0,0,correct_clean,5
internvl,hallusionbench,umpire,0.2,hallusionbench-image-VS-chart-8-1-2,hallusionbench-image-VS-chart-8,-19.82990237974776,1,0,0,correct_clean,6
internvl,hallusionbench,umpire,0.2,hallusionbench-image-VS-map-4-2-0,hallusionbench-image-VS-map-4,-19.768114571298078,0,1,1,wrong_hallucination,1
internvl,hallusionbench,umpire,0.2,hallusionbench-image-VD-ocr-3-0-1,hallusionbench-image-VD-ocr-3,-19.763450783459955,1,0,0,correct_clean,6
internvl,hallusionbench,umpire,0.2,hallusionbench-image-VD-ocr-3-1-1,hallusionbench-image-VD-ocr-3,-19.736621649857266,1,0,1,correct_hallucination,1
internvl,hallusionbench,umpire,0.2,hallusionbench-image-VS-map-3-1-0,hallusionbench-image-VS-map-3,-19.72462193763681,1,0,0,correct_clean,5
internvl,hallusionbench,umpire,0.2,hallusionbench-image-VS-ocr-4-1-1,hallusionbench-image-VS-ocr-4,-19.66480674893516,1,0,0,correct_clean,6
internvl,hallusionbench,umpire,0.2,hallusionbench-image-VD-ocr-5-0-0,hallusionbench-image-VD-ocr-5,-19.66030144129654,1,0,0,correct_clean,6
internvl,hallusionbench,umpire,0.2,hallusionbench-image-VD-ocr-15-0-1,hallusionbench-image-VD-ocr-15,-19.64292781618436,1,0,0,correct_clean,6
internvl,hallusionbench,umpire,0.2,hallusionbench-image-VS-table-5-1-2,hallusionbench-image-VS-table-5,-19.624641674575965,1,0,0,correct_clean,6
internvl,hallusionbench,umpire,0.2,hallusionbench-image-VD-ocr-3-0-0,hallusionbench-image-VD-ocr-3,-19.616704676138934,1,0,0,correct_clean,6
internvl,hallusionbench,umpire,0.2,hallusionbench-image-VS-map-4-1-0,hallusionbench-image-VS-map-4,-19.616623183102337,1,0,0,correct_clean,6
internvl,hallusionbench,umpire,0.2,hallusionbench-image-VS-table-8-1-4,hallusionbench-image-VS-table-8,-19.566808801136517,1,0,0,correct_clean,6
internvl,hallusionbench,umpire,0.2,hallusionbench-image-VD-math-10-1-1,hallusionbench-image-VD-math-10,-19.54107952863024,1,0,0,correct_clean,6
internvl,hallusionbench,umpire,0.2,hallusionbench-image-VS-map-9-2-1,hallusionbench-image-VS-map-9,-19.478390756263565,1,0,0,correct_clean,5
internvl,hallusionbench,umpire,0.2,hallusionbench-image-VD-ocr-2-0-0,hallusionbench-image-VD-ocr-2,-19.468343758914394,1,0,0,correct_clean,6
internvl,hallusionbench,umpire,0.2,hallusionbench-image-VD-figure-1-1-0,hallusionbench-image-VD-figure-1,-19.466027759172682,0,1,1,wrong_hallucination,1
internvl,hallusionbench,umpire,0.2,hallusionbench-image-VS-table-3-1-1,hallusionbench-image-VS-table-3,-19.427477031680414,1,0,0,correct_clean,6
internvl,hallusionbench,umpire,0.2,hallusionbench-image-VS-table-8-1-2,hallusionbench-image-VS-table-8,-19.410779960582307,1,0,0,correct_clean,6
internvl,hallusionbench,umpire,0.2,hallusionbench-image-VS-table-6-1-0,hallusionbench-image-VS-table-6,-19.403698701216527,1,0,0,correct_clean,6
internvl,hallusionbench,umpire,0.2,hallusionbench-image-VS-table-5-1-3,hallusionbench-image-VS-table-5,-19.366613107448952,1,0,0,correct_clean,6
internvl,hallusionbench,umpire,0.2,hallusionbench-image-VD-ocr-2-0-1,hallusionbench-image-VD-ocr-2,-19.366448013207055,1,0,0,correct_clean,6
internvl,hallusionbench,umpire,0.2,hallusionbench-image-VD-figure-12-0-1,hallusionbench-image-VD-figure-12,-19.359782191885337,1,0,0,correct_clean,5
internvl,hallusionbench,umpire,0.2,hallusionbench-image-VD-ocr-10-0-0,hallusionbench-image-VD-ocr-10,-19.329968163177014,1,0,0,correct_clean,6
internvl,hallusionbench,umpire,0.2,hallusionbench-image-VS-table-9-1-3,hallusionbench-image-VS-table-9,-19.319536608998888,1,0,0,correct_clean,6
internvl,hallusionbench,umpire,0.2,hallusionbench-image-VS-table-4-1-1,hallusionbench-image-VS-table-4,-19.27807420565141,1,0,0,correct_clean,6
internvl,hallusionbench,umpire,0.2,hallusionbench-image-VD-math-13-1-0,hallusionbench-image-VD-math-13,-19.270818481646064,1,0,0,correct_clean,5
internvl,hallusionbench,umpire,0.2,hallusionbench-image-VS-table-7-1-2,hallusionbench-image-VS-table-7,-19.261346782840807,1,0,0,correct_clean,6
internvl,hallusionbench,umpire,0.2,hallusionbench-image-VS-map-6-1-2,hallusionbench-image-VS-map-6,-19.255180408889412,1,0,0,correct_clean,5
internvl,hallusionbench,umpire,0.2,hallusionbench-image-VD-ocr-4-0-0,hallusionbench-image-VD-ocr-4,-19.23771902497865,1,0,0,correct_clean,6
internvl,hallusionbench,umpire,0.2,hallusionbench-image-VD-ocr-18-0-0,hallusionbench-image-VD-ocr-18,-19.23740053990394,1,0,0,correct_clean,5
internvl,hallusionbench,umpire,0.2,hallusionbench-image-VD-ocr-17-0-1,hallusionbench-image-VD-ocr-17,-19.23687742985016,1,0,0,correct_clean,6
internvl,hallusionbench,umpire,0.2,hallusionbench-image-VS-table-7-1-0,hallusionbench-image-VS-table-7,-19.154996428044694,1,0,0,correct_clean,6
internvl,hallusionbench,umpire,0.2,hallusionbench-image-VD-ocr-14-0-0,hallusionbench-image-VD-ocr-14,-19.154512455186985,1,0,0,correct_clean,6
internvl,hallusionbench,umpire,0.2,hallusionbench-image-VS-chart-0-1-3,hallusionbench-image-VS-chart-0,-19.149076526692898,1,0,0,correct_clean,6
internvl,hallusionbench,umpire,0.2,hallusionbench-image-VS-ocr-1-1-0,hallusionbench-image-VS-ocr-1,-19.137275187969642,1,0,0,correct_clean,6
internvl,hallusionbench,umpire,0.2,hallusionbench-image-VS-chart-4-1-3,hallusionbench-image-VS-chart-4,-19.13600266494437,1,0,0,correct_clean,6
internvl,hallusionbench,umpire,0.2,hallusionbench-non_image-VS-map-4-0-0,hallusionbench-non_image-VS-map-4,-19.101834267180863,1,0,0,correct_clean,5
internvl,hallusionbench,umpire,0.2,hallusionbench-image-VS-table-10-1-0,hallusionbench-image-VS-table-10,-19.092867372768087,1,0,0,correct_clean,6
internvl,hallusionbench,umpire,0.2,hallusionbench-image-VS-chart-13-1-1,hallusionbench-image-VS-chart-13,-19.074887956386156,1,0,0,correct_clean,6
internvl,hallusionbench,umpire,0.2,hallusionbench-image-VD-video-18-0-1,hallusionbench-image-VD-video-18,-19.05697779649854,1,0,0,correct_clean,6
internvl,hallusionbench,umpire,0.2,hallusionbench-image-VD-figure-17-0-1,hallusionbench-image-VD-figure-17,-19.03468389747843,1,0,0,correct_clean,5
internvl,hallusionbench,umpire,0.2,hallusionbench-image-VS-ocr-2-1-1,hallusionbench-image-VS-ocr-2,-19.00175227291176,1,0,0,correct_clean,6
internvl,hallusionbench,umpire,0.2,hallusionbench-image-VS-table-8-2-1,hallusionbench-image-VS-table-8,-18.99023539980825,0,1,1,wrong_hallucination,2
internvl,hallusionbench,umpire,0.2,hallusionbench-image-VS-map-7-2-1,hallusionbench-image-VS-map-7,-18.976174013947706,1,0,0,correct_clean,5
internvl,hallusionbench,umpire,0.2,hallusionbench-image-VD-illusion-9-1-0,hallusionbench-image-VD-illusion-9,-18.972027829170216,0,1,0,wrong_clean,3
internvl,hallusionbench,umpire,0.2,hallusionbench-image-VS-map-4-1-2,hallusionbench-image-VS-map-4,-18.92644432375147,1,0,0,correct_clean,6
internvl,hallusionbench,umpire,0.2,hallusionbench-image-VD-ocr-1-0-1,hallusionbench-image-VD-ocr-1,-18.903654365250397,1,0,0,correct_clean,6
internvl,hallusionbench,umpire,0.2,hallusionbench-non_image-VS-map-7-0-0,hallusionbench-non_image-VS-map-7,-18.902213162109202,1,0,0,correct_clean,5
internvl,hallusionbench,umpire,0.2,hallusionbench-image-VD-video-5-0-0,hallusionbench-image-VD-video-5,-18.900990967278144,1,0,0,correct_clean,5
internvl,hallusionbench,umpire,0.2,hallusionbench-image-VD-figure-6-0-1,hallusionbench-image-VD-figure-6,-18.8951451477043,1,0,0,correct_clean,6
internvl,hallusionbench,umpire,0.2,hallusionbench-image-VD-illusion-9-1-1,hallusionbench-image-VD-illusion-9,-18.89443462566563,0,1,0,wrong_clean,3
internvl,hallusionbench,umpire,0.2,hallusionbench-image-VS-ocr-4-2-1,hallusionbench-image-VS-ocr-4,-18.892702191821336,1,0,0,correct_clean,6
internvl,hallusionbench,umpire,0.2,hallusionbench-non_image-VS-ocr-4-0-1,hallusionbench-non_image-VS-ocr-4,-18.867343466486354,1,0,0,correct_clean,6
internvl,hallusionbench,umpire,0.2,hallusionbench-image-VD-illusion-10-0-0,hallusionbench-image-VD-illusion-10,-18.864369361528734,0,1,1,wrong_hallucination,1
internvl,hallusionbench,umpire,0.2,hallusionbench-image-VS-chart-0-1-2,hallusionbench-image-VS-chart-0,-18.854492373485332,1,0,1,correct_hallucination,2
internvl,hallusionbench,umpire,0.2,hallusionbench-image-VS-chart-8-1-0,hallusionbench-image-VS-chart-8,-18.85403453872556,1,0,0,correct_clean,6
internvl,hallusionbench,umpire,0.2,hallusionbench-image-VD-math-6-0-2,hallusionbench-image-VD-math-6,-18.83430383608632,1,0,0,correct_clean,5
internvl,hallusionbench,umpire,0.2,hallusionbench-image-VD-math-10-0-0,hallusionbench-image-VD-math-10,-18.81453025234208,1,0,1,correct_hallucination,2
internvl,hallusionbench,umpire,0.2,hallusionbench-image-VD-ocr-6-1-0,hallusionbench-image-VD-ocr-6,-18.800475496934514,1,0,0,correct_clean,4
internvl,hallusionbench,umpire,0.2,hallusionbench-image-VD-illusion-29-0-0,hallusionbench-image-VD-illusion-29,-18.793485374440426,0,1,1,wrong_hallucination,1
internvl,hallusionbench,umpire,0.2,hallusionbench-image-VS-chart-6-1-1,hallusionbench-image-VS-chart-6,-18.790466822315274,1,0,1,correct_hallucination,2
internvl,hallusionbench,umpire,0.2,hallusionbench-image-VD-ocr-16-0-0,hallusionbench-image-VD-ocr-16,-18.75637923135871,1,0,0,correct_clean,5
internvl,hallusionbench,umpire,0.2,hallusionbench-image-VD-math-0-1-1,hallusionbench-image-VD-math-0,-18.74258874388822,0,1,0,wrong_clean,4
internvl,hallusionbench,umpire,0.2,hallusionbench-image-VS-chart-2-1-2,hallusionbench-image-VS-chart-2,-18.724399508105385,1,0,0,correct_clean,6
internvl,hallusionbench,umpire,0.2,hallusionbench-image-VS-table-7-1-3,hallusionbench-image-VS-table-7,-18.704517134323613,1,0,0,correct_clean,6
internvl,hallusionbench,umpire,0.2,hallusionbench-image-VD-ocr-3-2-0,hallusionbench-image-VD-ocr-3,-18.689204715829383,0,1,1,wrong_hallucination,1
internvl,hallusionbench,umpire,0.2,hallusionbench-image-VS-map-5-2-1,hallusionbench-image-VS-map-5,-18.684195420104608,0,1,1,wrong_hallucination,1
internvl,hallusionbench,umpire,0.2,hallusionbench-image-VD-ocr-19-0-0,hallusionbench-image-VD-ocr-19,-18.647343284655392,1,0,0,correct_clean,6
internvl,hallusionbench,umpire,0.2,hallusionbench-non_image-VS-map-9-0-0,hallusionbench-non_image-VS-map-9,-18.63443425737313,1,0,0,correct_clean,4
internvl,hallusionbench,umpire,0.2,hallusionbench-image-VD-math-0-0-1,hallusionbench-image-VD-math-0,-18.602074321597815,1,0,0,correct_clean,6
internvl,hallusionbench,umpire,0.2,hallusionbench-image-VS-chart-17-1-0,hallusionbench-image-VS-chart-17,-18.556809759486143,1,0,0,correct_clean,6
internvl,hallusionbench,umpire,0.2,hallusionbench-image-VS-map-7-2-0,hallusionbench-image-VS-map-7,-18.527204281299877,0,1,1,wrong_hallucination,1
internvl,hallusionbench,umpire,0.2,hallusionbench-image-VD-figure-1-0-0,hallusionbench-image-VD-figure-1,-18.486137996778595,1,0,0,correct_clean,6
internvl,hallusionbench,umpire,0.2,hallusionbench-image-VD-math-11-1-1,hallusionbench-image-VD-math-11,-18.459900650072502,1,0,0,correct_clean,6
internvl,hallusionbench,umpire,0.2,hallusionbench-image-VD-math-12-0-0,hallusionbench-image-VD-math-12,-18.459279989802805,1,0,0,correct_clean,6
internvl,hallusionbench,umpire,0.2,hallusionbench-image-VS-ocr-6-1-1,hallusionbench-image-VS-ocr-6,-18.456546277399703,1,0,0,correct_clean,6
internvl,hallusionbench,umpire,0.2,hallusionbench-image-VS-table-2-3-1,hallusionbench-image-VS-table-2,-18.45441450989486,1,0,0,correct_clean,6
internvl,hallusionbench,umpire,0.2,hallusionbench-non_image-VS-map-10-0-1,hallusionbench-non_image-VS-map-10,-18.43866506262958,1,0,0,correct_clean,5
internvl,hallusionbench,umpire,0.2,hallusionbench-image-VD-video-13-0-2,hallusionbench-image-VD-video-13,-18.39829305782459,1,0,1,correct_hallucination,1
internvl,hallusionbench,umpire,0.2,hallusionbench-image-VD-illusion-16-0-1,hallusionbench-image-VD-illusion-16,-18.39476022369092,1,0,0,correct_clean,5
internvl,hallusionbench,umpire,0.2,hallusionbench-image-VD-math-3-0-1,hallusionbench-image-VD-math-3,-18.357229239638837,1,0,0,correct_clean,6
internvl,hallusionbench,umpire,0.2,hallusionbench-non_image-VS-map-9-0-1,hallusionbench-non_image-VS-map-9,-18.351983862305154,1,0,0,correct_clean,5
internvl,hallusionbench,umpire,0.2,hallusionbench-image-VD-figure-9-0-1,hallusionbench-image-VD-figure-9,-18.279001054425,1,0,0,correct_clean,5
internvl,hallusionbench,umpire,0.2,hallusionbench-image-VD-figure-17-1-1,hallusionbench-image-VD-figure-17,-18.24489647012153,0,1,1,wrong_hallucination,0
internvl,hallusionbench,umpire,0.2,hallusionbench-image-VS-chart-21-1-1,hallusionbench-image-VS-chart-21,-18.235809032923783,1,0,0,correct_clean,6
internvl,hallusionbench,umpire,0.2,hallusionbench-image-VD-figure-6-1-0,hallusionbench-image-VD-figure-6,-18.129363283625946,0,1,1,wrong_hallucination,1
internvl,hallusionbench,umpire,0.2,hallusionbench-image-VD-ocr-1-0-0,hallusionbench-image-VD-ocr-1,-18.125925036668388,1,0,0,correct_clean,6
internvl,hallusionbench,umpire,0.2,hallusionbench-image-VS-chart-17-1-2,hallusionbench-image-VS-chart-17,-18.113769855875535,1,0,0,correct_clean,6
internvl,hallusionbench,umpire,0.2,hallusionbench-image-VS-map-10-2-1,hallusionbench-image-VS-map-10,-18.105617474106673,0,1,1,wrong_hallucination,2
internvl,hallusionbench,umpire,0.2,hallusionbench-image-VD-math-3-0-2,hallusionbench-image-VD-math-3,-18.090224160344462,1,0,0,correct_clean,6
internvl,hallusionbench,umpire,0.2,hallusionbench-image-VS-map-4-2-3,hallusionbench-image-VS-map-4,-18.084204876981282,0,1,1,wrong_hallucination,1
internvl,hallusionbench,umpire,0.2,hallusionbench-image-VD-ocr-0-0-0,hallusionbench-image-VD-ocr-0,-18.083482241482375,1,0,0,correct_clean,6
internvl,hallusionbench,umpire,0.2,hallusionbench-image-VD-math-6-0-1,hallusionbench-image-VD-math-6,-18.063554596256566,1,0,0,correct_clean,6
internvl,hallusionbench,umpire,0.2,hallusionbench-image-VD-video-4-0-0,hallusionbench-image-VD-video-4,-18.05736006423607,1,0,0,correct_clean,6
internvl,hallusionbench,umpire,0.2,hallusionbench-image-VD-figure-10-0-1,hallusionbench-image-VD-figure-10,-18.030196710060427,1,0,0,correct_clean,5
internvl,hallusionbench,umpire,0.2,hallusionbench-image-VS-chart-9-2-3,hallusionbench-image-VS-chart-9,-18.018127013670476,0,1,1,wrong_hallucination,1
internvl,hallusionbench,umpire,0.2,hallusionbench-image-VS-chart-2-1-3,hallusionbench-image-VS-chart-2,-18.01638200277566,1,0,0,correct_clean,6
internvl,hallusionbench,umpire,0.2,hallusionbench-image-VD-math-10-0-2,hallusionbench-image-VD-math-10,-18.013755821519208,1,0,1,correct_hallucination,2
internvl,hallusionbench,umpire,0.2,hallusionbench-image-VS-ocr-7-1-0,hallusionbench-image-VS-ocr-7,-17.981184644249627,1,0,0,correct_clean,6
internvl,hallusionbench,umpire,0.2,hallusionbench-image-VD-video-11-0-0,hallusionbench-image-VD-video-11,-17.954209039242485,1,0,0,correct_clean,5
internvl,hallusionbench,umpire,0.2,hallusionbench-image-VS-map-4-1-3,hallusionbench-image-VS-map-4,-17.93965755928988,1,0,0,correct_clean,6
internvl,hallusionbench,umpire,0.2,hallusionbench-image-VD-figure-5-0-1,hallusionbench-image-VD-figure-5,-17.930013420096437,1,0,0,correct_clean,6
internvl,hallusionbench,umpire,0.2,hallusionbench-image-VS-table-4-3-2,hallusionbench-image-VS-table-4,-17.924812991614576,0,1,1,wrong_hallucination,2
internvl,hallusionbench,umpire,0.2,hallusionbench-image-VD-ocr-0-0-1,hallusionbench-image-VD-ocr-0,-17.91735233245334,1,0,0,correct_clean,6
internvl,hallusionbench,umpire,0.2,hallusionbench-image-VS-table-10-1-2,hallusionbench-image-VS-table-10,-17.891901824556655,1,0,0,correct_clean,6
internvl,hallusionbench,umpire,0.2,hallusionbench-image-VS-chart-1-1-0,hallusionbench-image-VS-chart-1,-17.882693277868896,1,0,1,correct_hallucination,2
internvl,hallusionbench,umpire,0.2,hallusionbench-image-VD-figure-19-0-1,hallusionbench-image-VD-figure-19,-17.83871655489097,1,0,0,correct_clean,5
internvl,hallusionbench,umpire,0.2,hallusionbench-image-VD-illusion-22-0-0,hallusionbench-image-VD-illusion-22,-17.823981760009463,1,0,0,correct_clean,4
internvl,hallusionbench,umpire,0.2,hallusionbench-image-VS-table-6-1-2,hallusionbench-image-VS-table-6,-17.781717932185437,1,0,0,correct_clean,6
internvl,hallusionbench,umpire,0.2,hallusionbench-image-VS-table-3-1-2,hallusionbench-image-VS-table-3,-17.781322832058155,1,0,1,correct_hallucination,2
internvl,hallusionbench,umpire,0.2,hallusionbench-image-VD-figure-16-0-0,hallusionbench-image-VD-figure-16,-17.772287400309967,1,0,1,correct_hallucination,1
internvl,hallusionbench,umpire,0.2,hallusionbench-image-VD-math-12-1-2,hallusionbench-image-VD-math-12,-17.74225111282959,1,0,0,correct_clean,6
internvl,hallusionbench,umpire,0.2,hallusionbench-image-VS-table-8-1-0,hallusionbench-image-VS-table-8,-17.734469323236475,1,0,0,correct_clean,6
internvl,hallusionbench,umpire,0.2,hallusionbench-image-VS-table-9-1-2,hallusionbench-image-VS-table-9,-17.659844616457693,1,0,0,correct_clean,6
internvl,hallusionbench,umpire,0.2,hallusionbench-non_image-VS-ocr-3-0-0,hallusionbench-non_image-VS-ocr-3,-17.614448844046755,1,0,0,correct_clean,5
internvl,hallusionbench,umpire,0.2,hallusionbench-image-VS-map-5-1-2,hallusionbench-image-VS-map-5,-17.608354880973614,1,0,1,correct_hallucination,1
internvl,hallusionbench,umpire,0.2,hallusionbench-image-VS-table-8-1-5,hallusionbench-image-VS-table-8,-17.601989349658872,1,0,0,correct_clean,6
internvl,hallusionbench,umpire,0.2,hallusionbench-image-VS-table-10-2-3,hallusionbench-image-VS-table-10,-17.600272298229175,0,1,1,wrong_hallucination,1
internvl,hallusionbench,umpire,0.2,hallusionbench-image-VS-chart-18-1-0,hallusionbench-image-VS-chart-18,-17.581007198288926,1,0,0,correct_clean,6
internvl,hallusionbench,umpire,0.2,hallusionbench-non_image-VS-ocr-5-0-1,hallusionbench-non_image-VS-ocr-5,-17.569698999289894,1,0,0,correct_clean,5
internvl,hallusionbench,umpire,0.2,hallusionbench-image-VD-video-2-0-1,hallusionbench-image-VD-video-2,-17.560179977081503,1,0,1,correct_hallucination,2
internvl,hallusionbench,umpire,0.2,hallusionbench-image-VS-chart-3-2-3,hallusionbench-image-VS-chart-3,-17.523350750812327,0,1,1,wrong_hallucination,1
internvl,hallusionbench,umpire,0.2,hallusionbench-image-VS-chart-10-1-2,hallusionbench-image-VS-chart-10,-17.52023067498832,1,0,0,correct_clean,6
internvl,hallusionbench,umpire,0.2,hallusionbench-image-VD-math-10-0-1,hallusionbench-image-VD-math-10,-17.50907704066609,1,0,1,correct_hallucination,2
internvl,hallusionbench,umpire,0.2,hallusionbench-image-VS-table-7-1-4,hallusionbench-image-VS-table-7,-17.44650139838105,1,0,0,correct_clean,6
internvl,hallusionbench,umpire,0.2,hallusionbench-image-VD-figure-9-1-0,hallusionbench-image-VD-figure-9,-17.416408667155306,1,0,1,correct_hallucination,1
internvl,hallusionbench,umpire,0.2,hallusionbench-image-VD-math-8-0-2,hallusionbench-image-VD-math-8,-17.412729731376672,1,0,0,correct_clean,6
internvl,hallusionbench,umpire,0.2,hallusionbench-image-VD-video-3-0-1,hallusionbench-image-VD-video-3,-17.411028446455354,1,0,0,correct_clean,5
internvl,hallusionbench,umpire,0.2,hallusionbench-image-VS-chart-1-1-1,hallusionbench-image-VS-chart-1,-17.409649437373492,1,0,1,correct_hallucination,2
internvl,hallusionbench,umpire,0.2,hallusionbench-image-VD-math-9-0-2,hallusionbench-image-VD-math-9,-17.399182939981866,1,0,0,correct_clean,6
internvl,hallusionbench,umpire,0.2,hallusionbench-image-VD-math-11-1-2,hallusionbench-image-VD-math-11,-17.38426318519369,1,0,0,correct_clean,6
internvl,hallusionbench,umpire,0.2,hallusionbench-image-VS-table-1-2-1,hallusionbench-image-VS-table-1,-17.35409361435196,1,0,0,correct_clean,6
internvl,hallusionbench,umpire,0.2,hallusionbench-image-VD-math-13-1-1,hallusionbench-image-VD-math-13,-17.353649101710893,1,0,0,correct_clean,6
internvl,hallusionbench,umpire,0.2,hallusionbench-image-VD-illusion-9-0-0,hallusionbench-image-VD-illusion-9,-17.351368285691773,1,0,0,correct_clean,5
internvl,hallusionbench,umpire,0.2,hallusionbench-image-VD-illusion-24-0-1,hallusionbench-image-VD-illusion-24,-17.341740597263662,1,0,0,correct_clean,5
internvl,hallusionbench,umpire,0.2,hallusionbench-image-VD-figure-3-0-1,hallusionbench-image-VD-figure-3,-17.332604118064587,0,1,1,wrong_hallucination,1
internvl,hallusionbench,umpire,0.2,hallusionbench-image-VD-figure-8-0-1,hallusionbench-image-VD-figure-8,-17.32691896696656,1,0,0,correct_clean,5
internvl,hallusionbench,umpire,0.2,hallusionbench-non_image-VS-map-6-0-0,hallusionbench-non_image-VS-map-6,-17.326078025307226,1,0,0,correct_clean,5
internvl,hallusionbench,umpire,0.2,hallusionbench-image-VD-video-7-1-0,hallusionbench-image-VD-video-7,-17.285598588061593,0,1,1,wrong_hallucination,1
internvl,hallusionbench,umpire,0.2,hallusionbench-non_image-VS-chart-6-0-3,hallusionbench-non_image-VS-chart-6,-17.283613063629545,1,0,0,correct_clean,5
internvl,hallusionbench,umpire,0.2,hallusionbench-image-VS-map-8-2-1,hallusionbench-image-VS-map-8,-17.280895919157167,0,1,1,wrong_hallucination,1
internvl,hallusionbench,umpire,0.2,hallusionbench-non_image-VS-chart-4-0-0,hallusionbench-non_image-VS-chart-4,-17.27787736267853,1,0,1,correct_hallucination,1
internvl,hallusionbench,umpire,0.2,hallusionbench-non_image-VS-ocr-9-0-0,hallusionbench-non_image-VS-ocr-9,-17.275230934707963,1,0,1,correct_hallucination,1
internvl,hallusionbench,umpire,0.2,hallusionbench-image-VD-math-0-1-2,hallusionbench-image-VD-math-0,-17.274619121384745,1,0,0,correct_clean,5
internvl,hallusionbench,umpire,0.2,hallusionbench-non_image-VS-ocr-4-0-0,hallusionbench-non_image-VS-ocr-4,-17.259002330297232,1,0,0,correct_clean,5
internvl,hallusionbench,umpire,0.2,hallusionbench-image-VD-math-10-1-2,hallusionbench-image-VD-math-10,-17.252882735154902,1,0,0,correct_clean,5
internvl,hallusionbench,umpire,0.2,hallusionbench-image-VD-illusion-19-0-1,hallusionbench-image-VD-illusion-19,-17.236335914752452,0,1,1,wrong_hallucination,2
internvl,hallusionbench,umpire,0.2,hallusionbench-image-VD-illusion-6-1-0,hallusionbench-image-VD-illusion-6,-17.234274518467444,0,1,0,wrong_clean,3
internvl,hallusionbench,umpire,0.2,hallusionbench-image-VS-chart-10-1-1,hallusionbench-image-VS-chart-10,-17.137845103244548,1,0,0,correct_clean,6
internvl,hallusionbench,umpire,0.2,hallusionbench-image-VD-figure-14-0-1,hallusionbench-image-VD-figure-14,-17.13516197624888,1,0,0,correct_clean,5
internvl,hallusionbench,umpire,0.2,hallusionbench-image-VD-illusion-15-0-1,hallusionbench-image-VD-illusion-15,-17.07272653252564,1,0,0,correct_clean,4
internvl,hallusionbench,umpire,0.2,hallusionbench-image-VS-chart-4-1-1,hallusionbench-image-VS-chart-4,-17.032563001255696,1,0,0,correct_clean,5
internvl,hallusionbench,umpire,0.2,hallusionbench-image-VS-chart-4-1-2,hallusionbench-image-VS-chart-4,-17.000784051882576,1,0,0,correct_clean,6
internvl,hallusionbench,umpire,0.2,hallusionbench-non_image-VS-chart-10-0-3,hallusionbench-non_image-VS-chart-10,-17.000736679251766,1,0,0,correct_clean,4
internvl,hallusionbench,umpire,0.2,hallusionbench-image-VS-chart-11-1-0,hallusionbench-image-VS-chart-11,-16.994801114171768,1,0,0,correct_clean,6
internvl,hallusionbench,umpire,0.2,hallusionbench-image-VS-table-0-1-2,hallusionbench-image-VS-table-0,-16.99248695894847,1,0,0,correct_clean,6
internvl,hallusionbench,umpire,0.2,hallusionbench-image-VS-map-7-1-0,hallusionbench-image-VS-map-7,-16.9754148074637,1,0,0,correct_clean,5
internvl,hallusionbench,umpire,0.2,hallusionbench-image-VS-chart-19-1-1,hallusionbench-image-VS-chart-19,-16.969550236712312,1,0,1,correct_hallucination,2
internvl,hallusionbench,umpire,0.2,hallusionbench-image-VD-ocr-14-0-1,hallusionbench-image-VD-ocr-14,-16.862102198386633,1,0,0,correct_clean,5
internvl,hallusionbench,umpire,0.2,hallusionbench-image-VD-video-2-1-0,hallusionbench-image-VD-video-2,-16.856547529584624,0,1,1,wrong_hallucination,1
internvl,hallusionbench,umpire,0.2,hallusionbench-image-VD-ocr-10-0-1,hallusionbench-image-VD-ocr-10,-16.835394431912206,1,0,0,correct_clean,6
internvl,hallusionbench,umpire,0.2,hallusionbench-image-VS-chart-3-1-2,hallusionbench-image-VS-chart-3,-16.826129528013137,1,0,1,correct_hallucination,1
internvl,hallusionbench,umpire,0.2,hallusionbench-image-VS-chart-13-1-0,hallusionbench-image-VS-chart-13,-16.795904710477963,1,0,0,correct_clean,6
internvl,hallusionbench,umpire,0.2,hallusionbench-non_image-VS-chart-6-0-1,hallusionbench-non_image-VS-chart-6,-16.786921931189113,1,0,0,correct_clean,5
internvl,hallusionbench,umpire,0.2,hallusionbench-image-VS-map-9-1-1,hallusionbench-image-VS-map-9,-16.769770556115542,1,0,0,correct_clean,5
internvl,hallusionbench,umpire,0.2,hallusionbench-non_image-VS-chart-4-0-3,hallusionbench-non_image-VS-chart-4,-16.72549739031408,1,0,0,correct_clean,5
internvl,hallusionbench,umpire,0.2,hallusionbench-image-VD-math-14-0-1,hallusionbench-image-VD-math-14,-16.70341049526141,1,0,1,correct_hallucination,1
internvl,hallusionbench,umpire,0.2,hallusionbench-image-VD-math-9-0-1,hallusionbench-image-VD-math-9,-16.681895254184184,1,0,0,correct_clean,6
internvl,hallusionbench,umpire,0.2,hallusionbench-image-VS-ocr-2-1-2,hallusionbench-image-VS-ocr-2,-16.647668566679833,1,0,0,correct_clean,6
internvl,hallusionbench,umpire,0.2,hallusionbench-image-VS-chart-2-1-5,hallusionbench-image-VS-chart-2,-16.633685011874434,1,0,0,correct_clean,5
internvl,hallusionbench,umpire,0.2,hallusionbench-image-VS-chart-1-1-5,hallusionbench-image-VS-chart-1,-16.62963406273943,1,0,1,correct_hallucination,1
internvl,hallusionbench,umpire,0.2,hallusionbench-image-VD-illusion-8-0-0,hallusionbench-image-VD-illusion-8,-16.58934656420276,0,1,1,wrong_hallucination,1
internvl,hallusionbench,umpire,0.2,hallusionbench-image-VD-math-6-1-2,hallusionbench-image-VD-math-6,-16.584729719596456,0,1,1,wrong_hallucination,1
internvl,hallusionbench,umpire,0.2,hallusionbench-image-VS-chart-4-1-0,hallusionbench-image-VS-chart-4,-16.57194445109437,0,1,1,wrong_hallucination,1
internvl,hallusionbench,umpire,0.2,hallusionbench-image-VS-map-5-1-1,hallusionbench-image-VS-map-5,-16.568211797046256,1,0,1,correct_hallucination,1
internvl,hallusionbench,umpire,0.2,hallusionbench-non_image-VS-ocr-12-0-0,hallusionbench-non_image-VS-ocr-12,-16.5384739990634,1,0,0,correct_clean,4
internvl,hallusionbench,umpire,0.2,hallusionbench-image-VD-figure-18-0-0,hallusionbench-image-VD-figure-18,-16.431893778920067,1,0,0,correct_clean,6
internvl,hallusionbench,umpire,0.2,hallusionbench-image-VD-illusion-30-0-1,hallusionbench-image-VD-illusion-30,-16.427773999661127,1,0,1,correct_hallucination,2
internvl,mmvet,perplexity,0.2,mmvet-v1_113,mmvet-v1_113,1.0000038146972656,1,0,0,correct_clean,6
internvl,mmvet,perplexity,0.2,mmvet-v1_55,mmvet-v1_55,1.0000101625567017,1,0,0,correct_clean,6
internvl,mmvet,perplexity,0.2,mmvet-v1_29,mmvet-v1_29,1.0000104904108862,0,1,0,wrong_clean,4
internvl,mmvet,perplexity,0.2,mmvet-v1_25,mmvet-v1_25,1.000010728821308,1,0,0,correct_clean,6
internvl,mmvet,perplexity,0.2,mmvet-v1_114,mmvet-v1_114,1.0000113248820592,1,0,0,correct_clean,6
internvl,mmvet,perplexity,0.2,mmvet-v1_123,mmvet-v1_123,1.0000137090685888,1,0,0,correct_clean,6
internvl,mmvet,perplexity,0.2,mmvet-v1_117,mmvet-v1_117,1.000014424324383,1,0,0,correct_clean,6
internvl,mmvet,perplexity,0.2,mmvet-v1_112,mmvet-v1_112,1.0000149011612567,1,0,0,correct_clean,5
internvl,mmvet,perplexity,0.2,mmvet-v1_17,mmvet-v1_17,1.0000160932544362,1,0,0,correct_clean,6
internvl,mmvet,perplexity,0.2,mmvet-v1_119,mmvet-v1_119,1.0000199079512457,1,0,0,correct_clean,5
internvl,mmvet,perplexity,0.2,mmvet-v1_111,mmvet-v1_111,1.000024914740836,1,0,0,correct_clean,6
internvl,mmvet,perplexity,0.2,mmvet-v1_35,mmvet-v1_35,1.0000252723685836,1,0,0,correct_clean,6
internvl,mmvet,perplexity,0.2,mmvet-v1_130,mmvet-v1_130,1.0000329017631082,1,0,0,correct_clean,6
internvl,mmvet,perplexity,0.2,mmvet-v1_3,mmvet-v1_3,1.0000363585020087,1,0,0,correct_clean,6
internvl,mmvet,perplexity,0.2,mmvet-v1_136,mmvet-v1_136,1.0000425577160668,1,0,0,correct_clean,6
internvl,mmvet,perplexity,0.2,mmvet-v1_142,mmvet-v1_142,1.0000466108307098,1,0,0,correct_clean,6
internvl,mmvet,perplexity,0.2,mmvet-v1_115,mmvet-v1_115,1.0000503063194943,1,0,0,correct_clean,6
internvl,mmvet,perplexity,0.2,mmvet-v1_125,mmvet-v1_125,1.0000555515293568,1,0,0,correct_clean,6
internvl,mmvet,perplexity,0.2,mmvet-v1_6,mmvet-v1_6,1.0000754594823098,1,0,0,correct_clean,6
internvl,mmvet,perplexity,0.2,mmvet-v1_110,mmvet-v1_110,1.0000877380368842,1,0,0,correct_clean,6
internvl,mmvet,perplexity,0.2,mmvet-v1_57,mmvet-v1_57,1.000102839150494,0,1,1,wrong_hallucination,1
internvl,mmvet,perplexity,0.2,mmvet-v1_45,mmvet-v1_45,1.0001106220712843,1,0,0,correct_clean,6
internvl,mmvet,perplexity,0.2,mmvet-v1_54,mmvet-v1_54,1.0001237334518458,1,0,0,correct_clean,6
internvl,mmvet,perplexity,0.2,mmvet-v1_134,mmvet-v1_134,1.0001355409648074,1,0,0,correct_clean,6
internvl,mmvet,perplexity,0.2,mmvet-v1_68,mmvet-v1_68,1.0001379251418556,1,0,0,correct_clean,6
internvl,mmvet,perplexity,0.2,mmvet-v1_28,mmvet-v1_28,1.0001397046633438,1,0,0,correct_clean,6
internvl,mmvet,perplexity,0.2,mmvet-v1_23,mmvet-v1_23,1.0001415693184412,0,1,1,wrong_hallucination,1
internvl,mmvet,perplexity,0.2,mmvet-v1_85,mmvet-v1_85,1.0001533031526941,1,0,0,correct_clean,4
internvl,mmvet,perplexity,0.2,mmvet-v1_121,mmvet-v1_121,1.0001645088163904,1,0,0,correct_clean,6
internvl,mmvet,perplexity,0.2,mmvet-v1_131,mmvet-v1_131,1.0001769065885098,0,1,0,wrong_clean,4
internvl,mmvet,perplexity,0.2,mmvet-v1_137,mmvet-v1_137,1.0001776218400458,1,0,0,correct_clean,6
internvl,mmvet,perplexity,0.2,mmvet-v1_106,mmvet-v1_106,1.0002053976113723,1,0,0,correct_clean,5
internvl,mmvet,perplexity,0.2,mmvet-v1_108,mmvet-v1_108,1.0002112388607847,1,0,0,correct_clean,6
internvl,mmvet,perplexity,0.2,mmvet-v1_128,mmvet-v1_128,1.000212311738721,1,0,0,correct_clean,6
internvl,mmvet,perplexity,0.2,mmvet-v1_69,mmvet-v1_69,1.0002180611528477,1,0,0,correct_clean,6
internvl,mmvet,perplexity,0.2,mmvet-v1_122,mmvet-v1_122,1.0002788305406562,1,0,1,correct_hallucination,1
internvl,mmvet,perplexity,0.2,mmvet-v1_5,mmvet-v1_5,1.0002952813996517,1,0,0,correct_clean,6
internvl,mmvet,perplexity,0.2,mmvet-v1_22,mmvet-v1_22,1.0003129213844184,0,1,1,wrong_hallucination,1
internvl,mmvet,perplexity,0.2,mmvet-v1_120,mmvet-v1_120,1.0003857612583402,1,0,0,correct_clean,6
internvl,mmvet,perplexity,0.2,mmvet-v1_116,mmvet-v1_116,1.0003909379380713,0,1,0,wrong_clean,4
internvl,mmvet,perplexity,0.2,mmvet-v1_16,mmvet-v1_16,1.0004486482272477,0,1,1,wrong_hallucination,1
internvl,mmvet,perplexity,0.2,mmvet-v1_127,mmvet-v1_127,1.0005444672770134,1,0,0,correct_clean,6
internvl,mmvet,semantic_entropy,0.2,mmvet-v1_1,mmvet-v1_1,-0.0,1,0,0,correct_clean,6
internvl,mmvet,semantic_entropy,0.2,mmvet-v1_100,mmvet-v1_100,-0.0,1,0,0,correct_clean,6
internvl,mmvet,semantic_entropy,0.2,mmvet-v1_101,mmvet-v1_101,-0.0,1,0,0,correct_clean,5
internvl,mmvet,semantic_entropy,0.2,mmvet-v1_106,mmvet-v1_106,-0.0,1,0,0,correct_clean,5
internvl,mmvet,semantic_entropy,0.2,mmvet-v1_107,mmvet-v1_107,-0.0,0,1,1,wrong_hallucination,2
internvl,mmvet,semantic_entropy,0.2,mmvet-v1_108,mmvet-v1_108,-0.0,1,0,0,correct_clean,6
internvl,mmvet,semantic_entropy,0.2,mmvet-v1_11,mmvet-v1_11,-0.0,1,0,0,correct_clean,6
internvl,mmvet,semantic_entropy,0.2,mmvet-v1_110,mmvet-v1_110,-0.0,1,0,0,correct_clean,6
internvl,mmvet,semantic_entropy,0.2,mmvet-v1_111,mmvet-v1_111,-0.0,1,0,0,correct_clean,6
internvl,mmvet,semantic_entropy,0.2,mmvet-v1_112,mmvet-v1_112,-0.0,1,0,0,correct_clean,5
internvl,mmvet,semantic_entropy,0.2,mmvet-v1_113,mmvet-v1_113,-0.0,1,0,0,correct_clean,6
internvl,mmvet,semantic_entropy,0.2,mmvet-v1_114,mmvet-v1_114,-0.0,1,0,0,correct_clean,6
internvl,mmvet,semantic_entropy,0.2,mmvet-v1_115,mmvet-v1_115,-0.0,1,0,0,correct_clean,6
internvl,mmvet,semantic_entropy,0.2,mmvet-v1_116,mmvet-v1_116,-0.0,0,1,0,wrong_clean,4
internvl,mmvet,semantic_entropy,0.2,mmvet-v1_117,mmvet-v1_117,-0.0,1,0,0,correct_clean,6
internvl,mmvet,semantic_entropy,0.2,mmvet-v1_119,mmvet-v1_119,-0.0,1,0,0,correct_clean,5
internvl,mmvet,semantic_entropy,0.2,mmvet-v1_120,mmvet-v1_120,-0.0,1,0,0,correct_clean,6
internvl,mmvet,semantic_entropy,0.2,mmvet-v1_121,mmvet-v1_121,-0.0,1,0,0,correct_clean,6
internvl,mmvet,semantic_entropy,0.2,mmvet-v1_122,mmvet-v1_122,-0.0,1,0,1,correct_hallucination,1
internvl,mmvet,semantic_entropy,0.2,mmvet-v1_123,mmvet-v1_123,-0.0,1,0,0,correct_clean,6
internvl,mmvet,semantic_entropy,0.2,mmvet-v1_125,mmvet-v1_125,-0.0,1,0,0,correct_clean,6
internvl,mmvet,semantic_entropy,0.2,mmvet-v1_126,mmvet-v1_126,-0.0,1,0,1,correct_hallucination,1
internvl,mmvet,semantic_entropy,0.2,mmvet-v1_128,mmvet-v1_128,-0.0,1,0,0,correct_clean,6
internvl,mmvet,semantic_entropy,0.2,mmvet-v1_13,mmvet-v1_13,-0.0,1,0,1,correct_hallucination,2
internvl,mmvet,semantic_entropy,0.2,mmvet-v1_130,mmvet-v1_130,-0.0,1,0,0,correct_clean,6
internvl,mmvet,semantic_entropy,0.2,mmvet-v1_132,mmvet-v1_132,-0.0,1,0,0,correct_clean,6
internvl,mmvet,semantic_entropy,0.2,mmvet-v1_134,mmvet-v1_134,-0.0,1,0,0,correct_clean,6
internvl,mmvet,semantic_entropy,0.2,mmvet-v1_135,mmvet-v1_135,-0.0,1,0,0,correct_clean,6
internvl,mmvet,semantic_entropy,0.2,mmvet-v1_136,mmvet-v1_136,-0.0,1,0,0,correct_clean,6
internvl,mmvet,semantic_entropy,0.2,mmvet-v1_137,mmvet-v1_137,-0.0,1,0,0,correct_clean,6
internvl,mmvet,semantic_entropy,0.2,mmvet-v1_139,mmvet-v1_139,-0.0,1,0,0,correct_clean,6
internvl,mmvet,semantic_entropy,0.2,mmvet-v1_142,mmvet-v1_142,-0.0,1,0,0,correct_clean,6
internvl,mmvet,semantic_entropy,0.2,mmvet-v1_155,mmvet-v1_155,-0.0,0,1,0,wrong_clean,4
internvl,mmvet,semantic_entropy,0.2,mmvet-v1_17,mmvet-v1_17,-0.0,1,0,0,correct_clean,6
internvl,mmvet,semantic_entropy,0.2,mmvet-v1_175,mmvet-v1_175,-0.0,0,1,0,wrong_clean,5
internvl,mmvet,semantic_entropy,0.2,mmvet-v1_180,mmvet-v1_180,-0.0,0,1,0,wrong_clean,4
internvl,mmvet,semantic_entropy,0.2,mmvet-v1_206,mmvet-v1_206,-0.0,1,0,0,correct_clean,4
internvl,mmvet,semantic_entropy,0.2,mmvet-v1_21,mmvet-v1_21,-0.0,0,1,1,wrong_hallucination,1
internvl,mmvet,semantic_entropy,0.2,mmvet-v1_25,mmvet-v1_25,-0.0,1,0,0,correct_clean,6
internvl,mmvet,semantic_entropy,0.2,mmvet-v1_28,mmvet-v1_28,-0.0,1,0,0,correct_clean,6
internvl,mmvet,semantic_entropy,0.2,mmvet-v1_29,mmvet-v1_29,-0.0,0,1,0,wrong_clean,4
internvl,mmvet,semantic_entropy,0.2,mmvet-v1_3,mmvet-v1_3,-0.0,1,0,0,correct_clean,6
internvl,mmvet,umpire,0.2,mmvet-v1_116,mmvet-v1_116,-23.09549746652226,0,1,0,wrong_clean,4
internvl,mmvet,umpire,0.2,mmvet-v1_130,mmvet-v1_130,-21.955760852563373,1,0,0,correct_clean,6
internvl,mmvet,umpire,0.2,mmvet-v1_115,mmvet-v1_115,-21.536557763788835,1,0,0,correct_clean,6
internvl,mmvet,umpire,0.2,mmvet-v1_107,mmvet-v1_107,-21.28661010610381,0,1,1,wrong_hallucination,2
internvl,mmvet,umpire,0.2,mmvet-v1_113,mmvet-v1_113,-21.031378877424974,1,0,0,correct_clean,6
internvl,mmvet,umpire,0.2,mmvet-v1_134,mmvet-v1_134,-20.68666782293966,1,0,0,correct_clean,6
internvl,mmvet,umpire,0.2,mmvet-v1_28,mmvet-v1_28,-20.441296210198807,1,0,0,correct_clean,6
internvl,mmvet,umpire,0.2,mmvet-v1_85,mmvet-v1_85,-20.421396572446636,1,0,0,correct_clean,4
internvl,mmvet,umpire,0.2,mmvet-v1_125,mmvet-v1_125,-20.370032009458278,1,0,0,correct_clean,6
internvl,mmvet,umpire,0.2,mmvet-v1_111,mmvet-v1_111,-20.276701028533683,1,0,0,correct_clean,6
internvl,mmvet,umpire,0.2,mmvet-v1_112,mmvet-v1_112,-20.113711810396918,1,0,0,correct_clean,5
internvl,mmvet,umpire,0.2,mmvet-v1_142,mmvet-v1_142,-19.819390760005323,1,0,0,correct_clean,6
internvl,mmvet,umpire,0.2,mmvet-v1_123,mmvet-v1_123,-19.754963485956722,1,0,0,correct_clean,6
internvl,mmvet,umpire,0.2,mmvet-v1_136,mmvet-v1_136,-19.644740871184734,1,0,0,correct_clean,6
internvl,mmvet,umpire,0.2,mmvet-v1_51,mmvet-v1_51,-19.583953685817367,1,0,0,correct_clean,6
internvl,mmvet,umpire,0.2,mmvet-v1_114,mmvet-v1_114,-19.563947035384636,1,0,0,correct_clean,6
internvl,mmvet,umpire,0.2,mmvet-v1_110,mmvet-v1_110,-19.50782592433657,1,0,0,correct_clean,6
internvl,mmvet,umpire,0.2,mmvet-v1_50,mmvet-v1_50,-19.275952146728468,1,0,0,correct_clean,6
internvl,mmvet,umpire,0.2,mmvet-v1_17,mmvet-v1_17,-19.164719331287422,1,0,0,correct_clean,6
internvl,mmvet,umpire,0.2,mmvet-v1_137,mmvet-v1_137,-19.14642094806499,1,0,0,correct_clean,6
internvl,mmvet,umpire,0.2,mmvet-v1_119,mmvet-v1_119,-19.140996634258578,1,0,0,correct_clean,5
internvl,mmvet,umpire,0.2,mmvet-v1_128,mmvet-v1_128,-19.084232518299427,1,0,0,correct_clean,6
internvl,mmvet,umpire,0.2,mmvet-v1_120,mmvet-v1_120,-18.945639867124264,1,0,0,correct_clean,6
internvl,mmvet,umpire,0.2,mmvet-v1_106,mmvet-v1_106,-18.87077148456077,1,0,0,correct_clean,5
internvl,mmvet,umpire,0.2,mmvet-v1_68,mmvet-v1_68,-18.829965671288853,1,0,0,correct_clean,6
internvl,mmvet,umpire,0.2,mmvet-v1_29,mmvet-v1_29,-18.54562879655711,0,1,0,wrong_clean,4
internvl,mmvet,umpire,0.2,mmvet-v1_135,mmvet-v1_135,-18.54448525379626,1,0,0,correct_clean,6
internvl,mmvet,umpire,0.2,mmvet-v1_117,mmvet-v1_117,-18.415942563751017,1,0,0,correct_clean,6
internvl,mmvet,umpire,0.2,mmvet-v1_3,mmvet-v1_3,-18.276702517070564,1,0,0,correct_clean,6
internvl,mmvet,umpire,0.2,mmvet-v1_98,mmvet-v1_98,-18.025670148182794,1,0,0,correct_clean,6
internvl,mmvet,umpire,0.2,mmvet-v1_59,mmvet-v1_59,-18.000460372990464,1,0,0,correct_clean,6
internvl,mmvet,umpire,0.2,mmvet-v1_122,mmvet-v1_122,-17.729283979291203,1,0,1,correct_hallucination,1
internvl,mmvet,umpire,0.2,mmvet-v1_11,mmvet-v1_11,-17.585406081296824,1,0,0,correct_clean,6
internvl,mmvet,umpire,0.2,mmvet-v1_132,mmvet-v1_132,-17.350156411244072,1,0,0,correct_clean,6
internvl,mmvet,umpire,0.2,mmvet-v1_6,mmvet-v1_6,-17.32926583354499,1,0,0,correct_clean,6
internvl,mmvet,umpire,0.2,mmvet-v1_35,mmvet-v1_35,-17.112616140534172,1,0,0,correct_clean,6
internvl,mmvet,umpire,0.2,mmvet-v1_40,mmvet-v1_40,-17.094411930471683,1,0,0,correct_clean,6
internvl,mmvet,umpire,0.2,mmvet-v1_42,mmvet-v1_42,-17.092089697400848,1,0,0,correct_clean,6
internvl,mmvet,umpire,0.2,mmvet-v1_70,mmvet-v1_70,-17.03025466488022,1,0,0,correct_clean,6
internvl,mmvet,umpire,0.2,mmvet-v1_56,mmvet-v1_56,-16.946704518189165,1,0,0,correct_clean,5
internvl,mmvet,umpire,0.2,mmvet-v1_109,mmvet-v1_109,-16.90162107910892,1,0,0,correct_clean,5
internvl,mmvet,umpire,0.2,mmvet-v1_121,mmvet-v1_121,-16.459979184729303,1,0,0,correct_clean,6
