model,dataset,sample_id,group,label,correct,era,ppl,se,umpire,attn_image,attn_prompt_text,attn_vision,attn_reasoning,attn_external,attn_internal
llava,hallusionbench,hallusionbench-image-VD-figure-4-0-1,LUH,1,0,0.254595953935983,1.0001182626077052,-0.0,-51.52603969176146,0.3529091307095119,0.3238489627838135,0.08323677097048078,0.1421130129269191,0.6767580934933254,0.2253497838973999
llava,hallusionbench,hallusionbench-image-VD-ocr-2-1-1,LUH,1,1,0.38530706625854555,1.000072481874731,-0.0,-48.981401806731455,0.3147816147123064,0.250720603125436,0.17813730239868164,0.17248407432011195,0.5655022178377425,0.35062137671879356
llava,hallusionbench,hallusionbench-image-VD-figure-4-1-1,LUH,1,1,0.37761828712873774,1.0001373385316352,-0.0,-52.00031416554784,0.31989674057279316,0.24849115099225724,0.14615219831466675,0.19232379538672312,0.5683878915650504,0.33847599370138987
llava,hallusionbench,hallusionbench-image-VD-ocr-18-0-0,LUH,1,1,0.30608840035371143,1.000129708118402,-0.0,-50.523600434014305,0.33459581647600445,0.30105192320687435,0.11861934406416758,0.1579880544117519,0.6356477396828788,0.2766073984759195
llava,hallusionbench,hallusionbench-image-VD-figure-13-1-1,LUH,1,1,0.4126140437099677,1.0000839268615058,-0.0,-47.82532833243585,0.304003717643874,0.23920179052012308,0.2308233029076031,0.14735753355281694,0.543205508163997,0.37818083646042006
llava,hallusionbench,hallusionbench-image-VS-map-4-1-2,LUH,1,1,0.2997970629283233,1.0000686669082455,-0.0,-46.67512473898077,0.3342336075646537,0.30663687842232845,0.0907521801335471,0.18030551501682826,0.6408704859869822,0.27105769515037537
llava,hallusionbench,hallusionbench-image-VD-figure-7-1-1,LUH,1,0,0.2762041845327977,1.0000991870476161,-0.0,-46.163002749956014,0.3636776123728071,0.29911281381334576,0.1019631666796548,0.1470017603465489,0.6627904261861528,0.2489649270262037
llava,hallusionbench,hallusionbench-image-VD-ocr-13-0-0,LUH,1,1,0.31827528358811796,1.0001983839333028,-0.0,-51.213887080446554,0.3353528806141445,0.29050610746656147,0.12798738053866796,0.16039316569055828,0.625858988080706,0.28838054622922626
llava,hallusionbench,hallusionbench-image-VD-ocr-3-0-1,LUH,1,1,0.3382780613930518,1.0000686669082455,-0.0,-44.5583506873976,0.3180355174200875,0.2884678329740252,0.10665243438311986,0.20005507128579275,0.6065033503941126,0.3067075056689126
llava,hallusionbench,hallusionbench-image-VD-ocr-18-0-1,LUH,1,0,0.3644468389866955,1.0001945684865399,-0.0,-47.702174501539034,0.31946563720703125,0.26558457953589304,0.15517323357718332,0.17641852583203999,0.5850502167429243,0.3315917594092233
llava,hallusionbench,hallusionbench-image-VS-map-4-2-2,LUH,1,0,0.2851569276948407,1.0000839268615058,-0.0,-43.911176775289796,0.3382309930665152,0.3147910492760795,0.09200460995946612,0.16520484856196813,0.6530220423425948,0.25720945852143423
llava,hallusionbench,hallusionbench-image-VD-figure-6-1-0,LUH,1,0,0.4498770602407315,1.000257525219357,-0.0,-51.56012834197232,0.29427618639809744,0.21176868677139282,0.1377564711230142,0.2708009055682591,0.5060448731694902,0.4085573766912733
llava,hallusionbench,hallusionbench-image-VD-ocr-8-0-0,LUH,1,1,0.274001471338265,1.0002479860657274,-0.0,-50.06114804583652,0.34060873304094585,0.3212392330169678,0.09186724254063197,0.1544618010520935,0.6618479660579136,0.24632904359272548
llava,hallusionbench,hallusionbench-image-VD-ocr-3-2-1,LUH,1,1,0.3411691107968038,1.0000801118513611,-0.0,-41.848567930125725,0.309879549912044,0.29346111842564176,0.10758532796587263,0.20139683144433157,0.6033406683376857,0.3089821594102042
llava,hallusionbench,hallusionbench-image-VD-figure-1-0-0,LUH,1,1,0.3324408496229359,1.0003357497106962,-0.0,-49.83432084300229,0.35001543590000694,0.2619327221597944,0.118330431835992,0.1826365760394505,0.6119481580598014,0.3009670078754425
llava,hallusionbench,hallusionbench-image-VD-ocr-3-1-2,LUH,1,1,0.42566602078862875,1.0002212769195329,-0.0,-43.79294004903392,0.2846090282712664,0.24242275101797922,0.12520860774176462,0.26161047390529085,0.5270317792892456,0.3868190816470555
llava,vilp,vilp-56-case3,LUH,1,0,0.37460175226446984,1.0001754914710457,-0.0,-41.94683264315308,0.2888925790786743,0.27390189170837403,0.1520206332206726,0.1816225528717041,0.5627944707870484,0.3336431860923767
llava,vilp,vilp-228-case3,LUH,1,0,0.2945788057160772,1.0001931376977562,-0.0,-41.48277605720898,0.3309587836265564,0.30129992961883545,0.08221316337585449,0.17872891426086426,0.6322587132453918,0.26094207763671873
llava,hallusionbench,hallusionbench-image-VS-map-4-2-1,LUH,1,0,0.2797431500960704,1.0002403548083236,-0.0,-42.760973702518434,0.3414324266569955,0.3173077361924308,0.0889497356755393,0.16312641756875174,0.6587401628494263,0.252076153244291
llava,vilp,vilp-26-case2,LUH,1,0,0.2553085797892563,1.0004744065218891,-0.0,-49.61128488819254,0.33552206224865383,0.33390088876088464,0.08960797720485264,0.13712816105948555,0.6694229510095384,0.2267361382643382
llava,hallusionbench,hallusionbench-image-VD-figure-12-1-1,LUH,1,0,0.2675172362837317,1.0003968072227907,-0.0,-43.436653423890434,0.35878298963819233,0.30956071615219116,0.08903954710279192,0.15080741473606654,0.6683437057903835,0.23984696183885845
llava,hallusionbench,hallusionbench-image-VD-illusion-9-0-0,LUH,1,0,0.4137169473483513,1.000469317858853,-0.0,-44.07094679984522,0.30900490283966064,0.2291586526802608,0.2038145789078304,0.17077586267675673,0.5381635555199215,0.3745904415845871
llava,vilp,vilp-80-case1,LUH,1,1,0.35584543201684266,1.000126846728448,-0.0,-35.21441558211081,0.3002002567052841,0.2793995261192322,0.15709147006273272,0.15945949554443362,0.5795997828245163,0.31655096560716633
llava,mmvet,mmvet-v1_117,LUH,1,1,0.4142511992842307,1.0006487088557932,-0.0,-48.646281057193846,0.3097929688436645,0.22727678077561514,0.20679525924580439,0.16921192620481762,0.5370697496192796,0.376007185450622
llava,hallusionbench,hallusionbench-image-VD-video-10-0-1,LUH,1,1,0.29505845785998946,1.0004807673870812,-0.0,-43.32079387185177,0.3223600813320705,0.32470344645636423,0.11620212452752249,0.1514854601451329,0.6470635277884347,0.2676875846726554
llava,vilp,vilp-229-case3,LUH,1,0,0.2798836746245021,1.0004864922003316,-0.0,-42.98892965330942,0.32971705993016565,0.31992269886864555,0.0523904412984848,0.19623485538694593,0.6496397587988112,0.24862529668543074
llava,hallusionbench,hallusionbench-image-VD-figure-16-0-0,LUH,1,0,0.46530405437730576,1.0001335233177417,-0.0,-33.744468399013876,0.28449082374572754,0.20636595146996634,0.17286892448152813,0.25013902357646395,0.4908567752156939,0.4230079480579921
llava,hallusionbench,hallusionbench-image-VD-video-10-2-1,LUH,1,1,0.294453877158401,1.0004540520250378,-0.0,-40.40067720960392,0.32289305755070274,0.32484241894313265,0.1160189253943307,0.15121724775859288,0.6477354764938354,0.2672361731529236
llava,hallusionbench,hallusionbench-image-VD-math-13-1-1,LUH,1,0,0.4170765080292683,1.0007193290276937,-0.0,-46.5176089651378,0.30136537551879883,0.23649483067648752,0.17740532330104283,0.2038054210799081,0.5378602061952864,0.3812107443809509
llava,hallusionbench,hallusionbench-image-VD-figure-5-2-1,LUH,1,0,0.32563051148251176,1.0006868813028054,-0.0,-44.55733725511374,0.33505986418042866,0.2806420496531895,0.1357254556247166,0.15624239615031651,0.6157019138336182,0.29196785177503315
llava,hallusionbench,hallusionbench-image-VD-video-10-1-1,LUH,1,0,0.306614152128737,1.000427337376362,-0.0,-39.016548194926116,0.3222568801471165,0.3147447875567845,0.12752066765512737,0.1514239992414202,0.637001667703901,0.27894466689654757
llava,hallusionbench,hallusionbench-image-VD-ocr-19-1-0,LUH,1,0,0.3623049509061772,1.0002289080313835,0.32434786217628225,-44.872929942153434,0.31086884226117817,0.27711317368916105,0.10516467264720372,0.22617909737995692,0.5879820159503393,0.33134377002716064
llava,hallusionbench,hallusionbench-image-VD-math-11-1-1,LUH,1,1,0.5864302325299326,1.0007498690239995,-0.0,-44.83859036099354,0.24204662867954801,0.14019637448447092,0.1636618801525661,0.3775603090013776,0.38224300316401894,0.5412221891539437
llava,hallusionbench,hallusionbench-image-VD-illusion-9-0-1,LUH,1,1,0.4130742949533822,1.0009044920584054,-0.0,-50.192068431022726,0.3073738217353821,0.23064438785825456,0.16969082185200285,0.20428256477628437,0.5380182095936367,0.3739733866282872
llava,vilp,vilp-55-case3,LUH,1,0,0.44509138862241826,1.0001917069110193,0.32469950948243903,-43.892714333904564,0.2701548397541046,0.23172465562820432,0.22745949029922485,0.17135770320892335,0.5018794953823089,0.3988171935081482
llava,hallusionbench,hallusionbench-image-VD-ocr-18-1-0,LUH,1,0,0.3051843691942958,1.0001926607686165,-0.0,-32.79718571128336,0.33496904373168945,0.30134086097989765,0.11775451898574829,0.15797120758465358,0.6363099047115871,0.27572572657040184
llava,hallusionbench,hallusionbench-image-VD-ocr-9-1-0,LUH,1,0,0.3770094108701722,1.0001793068450353,0.3255348207443458,-44.23824390555113,0.3026819740022932,0.26690614223480225,0.19267071996416363,0.14820286631584167,0.5695881162370955,0.3408735862800053
llava,hallusionbench,hallusionbench-image-VD-figure-5-0-1,LUH,1,1,0.3261386212856222,1.000660160437,-0.0,-42.89521257314938,0.33484091077532085,0.28023343426840647,0.1359026389462607,0.15640518069267273,0.6150743450437273,0.29230781963893343
llava,hallusionbench,hallusionbench-image-VD-ocr-18-1-1,LUH,1,1,0.29685879455127434,1.0002270002479625,0.3008534023076005,-41.88218610295152,0.3386343036379133,0.3065307651247297,0.11851847171783447,0.1500003252710615,0.645165068762643,0.26851879698889597
llava,hallusionbench,hallusionbench-image-VD-ocr-13-1-0,LUH,1,0,0.3030992345694024,1.0003262098110632,0.3247754609674428,-47.97176732635704,0.3433421509606498,0.29505880389894756,0.07626375981739589,0.19771290676934378,0.6384009548595974,0.2739766665867397
llava,hallusionbench,hallusionbench-image-VD-video-2-0-0,LUH,1,1,0.3616435376363505,1.0010018595585695,-0.0,-50.43455834753221,0.31885675021580284,0.26638616834368023,0.1464452190058572,0.18178955146244594,0.5852429185594831,0.3282347704683031
llava,vilp,vilp-240-case3,LUH,1,0,0.4682055696312072,1.000189322271006,0.3235475848227431,-41.46893549603554,0.26452466249465945,0.21837905049324036,0.25850414037704467,0.1637353479862213,0.4829037129878998,0.42223948836326597
llava,vilp,vilp-234-case1,LUH,1,1,0.4349306709397513,1.0004616849128283,-0.0,-35.870770224332894,0.2822008281946182,0.2344893366098404,0.20794305205345154,0.1853029578924179,0.5166901648044586,0.39324600994586945
llava,vilp,vilp-97-case2,LUH,1,1,0.3785879846744426,1.000516070923978,-0.0,-35.75534488652261,0.3067700117826462,0.2596205919981003,0.1371142715215683,0.2035556584596634,0.5663906037807465,0.3406699299812317
llava,hallusionbench,hallusionbench-image-VD-figure-5-1-1,LUH,1,0,0.3679845510688087,1.0009846763702999,-0.0,-43.73704330160365,0.32279160193034584,0.25630772965294973,0.1561263714517866,0.1761588283947536,0.5790993315832955,0.3322851998465402
llava,mmvet,mmvet-v1_113,LUH,1,1,0.4423268977292779,1.0002594330609997,0.31851306991745726,-39.347811439493256,0.2892522045544216,0.22144724641527447,0.19557519469942364,0.20584568807056972,0.510699450969696,0.4014208827699933
llava,mmvet,mmvet-v1_146,LUH,1,0,0.4659368676276181,1.0004903087606971,0.15603463460036615,-40.78221039769872,0.271171510219574,0.2179681488445827,0.21433771508080618,0.20876553228923253,0.4891396590641567,0.4231032473700387
llava,hallusionbench,hallusionbench-image-VS-map-4-2-3,LUH,1,0,0.2794528716523298,1.0005895444405917,-0.0,-36.03394757859229,0.34198252643857685,0.3164980581828526,0.08880622472081864,0.1632424337523324,0.6584805846214294,0.25204865847315105
llava,hallusionbench,hallusionbench-image-VD-ocr-19-0-1,LUH,1,0,0.31582754455645445,1.0004731343537037,0.32504688511513724,-44.75040380907461,0.32183243547167095,0.30855103049959454,0.11231439879962377,0.17558195761271886,0.6303834659712655,0.2878963564123426
llava,vilp,vilp-231-case3,LUH,1,0,0.38778686249672834,1.000203725583223,0.29359083275662645,-34.63002024939017,0.3082126595757224,0.24566436897624622,0.19760942459106445,0.14932195164940576,0.5538770285519686,0.3469313762404702
llava,hallusionbench,hallusionbench-image-VD-math-12-1-1,LUH,1,0,0.4174804635585885,1.0011278786192244,-0.0,-41.500951879154535,0.29873002426964895,0.2380788581711905,0.14749641503606525,0.23398783377238683,0.5368088824408395,0.3814842488084521
llava,hallusionbench,hallusionbench-image-VD-figure-6-1-1,LUH,1,0,0.4446798128382556,1.000608629353595,0.324871159702153,-45.79875201193576,0.2973516924040658,0.21279891048158917,0.15805699144090923,0.24492493697575163,0.510150602885655,0.40298192841666086
llava,vilp,vilp-150-case3,LUH,1,0,0.3594269559031011,1.0002123740292916,0.324559217083195,-35.88823582513535,0.3087848557366265,0.27461580435434974,0.150327463944753,0.17429753806855944,0.5834006600909762,0.32462500201331246
llava,hallusionbench,hallusionbench-image-VD-ocr-14-1-0,LUH,1,0,0.2623181589994801,1.0001449690030841,0.49941647459840643,-43.53152100973288,0.32721989495413645,0.34928301402500694,0.08320062501089914,0.15470723169190542,0.6765029089791434,0.23790785670280457
llava,hallusionbench,hallusionbench-image-VD-figure-10-1-1,LUH,1,0,0.36647763743917366,1.0004540520250378,0.3250063668670561,-41.64876937099155,0.31883411748068674,0.25941686970846994,0.1443115132195609,0.18533856528145926,0.5782509871891567,0.3296500785010201
llava,hallusionbench,hallusionbench-image-VD-math-10-1-2,LUH,1,0,0.37754827961750304,1.0006563432287028,-0.0,-34.411215522990744,0.308957542691912,0.26471831117357525,0.09052458831242152,0.2534282462937491,0.5736758538654873,0.34395283460617065
llava,hallusionbench,hallusionbench-image-VD-math-12-0-1,LUH,1,0,0.4227459352541794,1.0011106932677127,-0.0,-40.08544773409815,0.29591625928878784,0.2374338848250253,0.134141491992133,0.25263746295656475,0.5333501441138131,0.38677895494869774
llava,vilp,vilp-240-case2,LUH,1,0,0.36376472114106206,1.0005695056737065,-0.0,-32.612539224700605,0.32337061166763303,0.2552846074104309,0.15456055402755736,0.17321498990058898,0.5786552190780639,0.32777554392814634
llava,vilp,vilp-99-case3,LUH,1,0,0.2623052687750668,1.0015041207792965,-0.0,-44.470363788385946,0.3601849930627006,0.31861159631184166,0.07064846158027649,0.16730468613760813,0.6787965893745422,0.23795314771788462
llava,hallusionbench,hallusionbench-image-VD-figure-6-0-0,LUH,1,1,0.4434693786745707,1.0002098303609206,0.49889772206430477,-44.18578974464534,0.30483717577798025,0.21117057970591954,0.19788351229258944,0.20896402427128385,0.5160077554838998,0.4068475365638733
llava,hallusionbench,hallusionbench-image-VD-video-11-0-1,LUH,1,1,0.35281203156597085,1.0008624933156611,-0.0,-36.954283956044684,0.3039032050541469,0.28796360748154776,0.15592119097709656,0.16468247984136852,0.5918668125356947,0.3206036708184651
llava,hallusionbench,hallusionbench-image-VD-ocr-5-0-0,LUH,1,0,0.42273171190779024,1.0007288726764216,0.324737325859873,-47.09395015350896,0.2899587835584368,0.2392603414399283,0.15167592253003803,0.23396537985120502,0.5292191249983651,0.38564130238124306
llava,hallusionbench,hallusionbench-image-VD-video-11-1-0,LUH,1,1,0.29531080032783746,1.0012023518848279,-0.0,-40.24894126312239,0.3167831642287118,0.3257165636335101,0.11863255500793457,0.14755566631044661,0.6424997278622219,0.26618822131838116
llava,vilp,vilp-266-case3,LUH,1,0,0.37946311051400256,1.000072481874731,-0.0,-17.77707229612866,0.3090721567471822,0.255108634630839,0.15816469324959648,0.18332235018412274,0.5641807913780212,0.3414870434337192
llava,hallusionbench,hallusionbench-image-VD-ocr-1-1-1,LUH,1,0,0.30879129979547665,1.0002479860657274,0.3190027750782199,-34.540293425122705,0.3429288182939802,0.2885009731565203,0.09488534927368164,0.1830558010510036,0.6314297914505005,0.27794115032468525
llava,hallusionbench,hallusionbench-image-VD-video-11-2-1,LUH,1,0,0.32519775641086307,1.0013856942957702,-0.0,-41.67566473989482,0.30675509146281654,0.3075772268431527,0.1155137504850115,0.1773802297455924,0.6143323183059692,0.29289398023060387
llava,hallusionbench,hallusionbench-image-VD-math-14-0-0,LUH,1,0,0.4157302855707944,1.0010763234496953,-0.0,-38.2434021008347,0.31020540850503103,0.22844436338969637,0.20954730681010655,0.16872090526989528,0.5386497718947274,0.37826821208000183
llava,vilp,vilp-55-case2,LUH,1,0,0.40897988320409145,1.0001430613797642,0.5003269560443484,-41.038395091562585,0.2806844711303711,0.2534930109977722,0.1949108600616455,0.17092167139053344,0.5341774821281433,0.365832531452179
llava,hallusionbench,hallusionbench-image-VD-ocr-12-1-0,LUH,1,0,0.3402503984479628,1.000799498505835,0.32519734375906334,-47.04281972721936,0.30385003771100727,0.29822903020041325,0.12430454577718461,0.1821282080241612,0.6020790679114205,0.3064327538013458
llava,hallusionbench,hallusionbench-image-VD-video-11-2-0,LUH,1,0,0.34114243660392274,1.0007441427036994,-0.0,-33.580147622404425,0.30331480503082275,0.297874024936131,0.14239958354404997,0.1654448424066816,0.6011888299669538,0.3078444259507316
llava,hallusionbench,hallusionbench-image-VS-map-9-1-0,LUH,1,1,0.4241135973909934,1.0007155115936868,0.32522564273636473,-44.736625181519024,0.303972704069955,0.2251376509666443,0.15138522216251918,0.23509726354054042,0.5291103550365993,0.3864824857030596
llava,hallusionbench,hallusionbench-image-VD-math-10-0-1,LUH,1,0,0.3755482205475382,1.0005800021205953,0.3245280163129208,-40.59887414459052,0.3070070062364851,0.268640330859593,0.126335403748921,0.21655237674713135,0.5756473370960781,0.34288778049605234
llava,vilp,vilp-147-case3,LUH,1,0,0.31667328967196934,1.0003815424953915,-0.0,-24.86772207752811,0.3066905438899994,0.3119478076696396,0.12140496075153351,0.16122662276029587,0.618638351559639,0.2826315835118294
llava,hallusionbench,hallusionbench-image-VD-math-10-1-1,LUH,1,0,0.39743526625034453,1.0007288726764216,0.32545918675505014,-44.51277742666754,0.3021138906478882,0.25379245621817453,0.11981860654694693,0.24370954717908588,0.5559063468660628,0.3635281537260328
llava,vilp,vilp-136-case3,LUH,1,0,0.38844873809147007,1.000560917753608,0.3246934423591276,-39.864229216067436,0.2916000485420227,0.26600630581378937,0.1422266811132431,0.20821331441402435,0.5576063543558121,0.35043999552726746
llava,vilp,vilp-147-case2,LUH,1,0,0.37455343456852086,1.0004244751348852,0.31764635517502504,-36.21556990259251,0.2854904681444168,0.28420647978782654,0.1702168583869934,0.16762320697307587,0.5696969479322433,0.3378400653600693
llava,vilp,vilp-9-case3,LUH,1,0,0.33412055422685805,1.0001888453436858,0.08465532339661591,-25.071483859889018,0.31852613389492035,0.28892073035240173,0.13736283034086227,0.1635664403438568,0.6074468642473221,0.3009292706847191
llava,vilp,vilp-231-case2,LUH,1,0,0.3993861141172621,1.0002216584737427,0.31196071605666575,-31.208257071628587,0.29488382556221704,0.24550216848200018,0.18732638792558148,0.16758012771606445,0.5403859940442173,0.35490651564164594
llava,hallusionbench,hallusionbench-image-VD-figure-5-1-0,LUH,1,1,0.3234134255392511,1.000476950863113,0.31830722641050124,-37.155757251044164,0.3369459935597011,0.28116800103868755,0.13141958202634538,0.15935766696929932,0.6181139945983887,0.2907772489956447
llava,hallusionbench,hallusionbench-image-VD-ocr-16-1-0,LUH,1,1,0.4026822439421449,1.0002403548083236,0.5002324151483255,-41.75606979957788,0.29673435858317787,0.24981943198612755,0.16457446132387432,0.20123096874782015,0.5465537905693054,0.36580543007169447
llava,hallusionbench,hallusionbench-image-VD-video-11-1-1,LUH,1,0,0.40100669325220484,1.0012940188939243,-0.0,-38.71780050423384,0.28738840988704134,0.2604562725339617,0.2040078469685146,0.16034379175731114,0.547844682421003,0.36435163872582577
llava,hallusionbench,hallusionbench-image-VD-ocr-19-0-0,LUH,1,1,0.31379101907095064,1.0009751302820495,0.32134380280454977,-45.21188018064572,0.3218396987233843,0.3103916304452079,0.11323844960757665,0.17277187960488455,0.6322313291685921,0.28601032921246117
llava,hallusionbench,hallusionbench-image-VS-ocr-12-1-0,LUH,1,1,0.3677503286835615,1.0003777263499354,0.328034916299285,-36.07422420403786,0.3383815458842686,0.2424290520804269,0.1453014612197876,0.18921328442437307,0.5808105979646955,0.33451474564416067
llava,hallusionbench,hallusionbench-image-VD-illusion-11-1-0,LUH,1,1,0.4199663072070452,1.0004235210562127,0.3237173214715445,-35.41685265788475,0.295290504183088,0.2353614739009312,0.15825515133993967,0.2215694955417088,0.5306519780840192,0.37982464688164846
llava,hallusionbench,hallusionbench-image-VD-math-11-0-1,LUH,1,0,0.5391912420732525,1.002266587662079,-0.0,-42.24309197721588,0.2612373488289969,0.1643856806414468,0.15274437836238317,0.3432908058166504,0.4256230294704437,0.4960351841790336
llava,hallusionbench,hallusionbench-image-VD-ocr-1-0-1,LUH,1,1,0.33119903499073333,1.0002327236091415,0.4996907751450065,-39.17138423228779,0.33452820777893066,0.2776685612542289,0.1404383523123605,0.15869158506393433,0.6121967690331596,0.2991299373762948
llava,hallusionbench,hallusionbench-image-VD-video-7-1-0,LUH,1,0,0.3503053495976359,1.0009694026727978,0.32525496070830257,-45.519673424382496,0.3182084134646824,0.27540280137743267,0.1352395032133375,0.18092226130621775,0.5936112148421151,0.31616176451955524
llava,hallusionbench,hallusionbench-image-VD-math-11-0-0,LUH,1,1,0.5263488597556352,1.0029990254593117,-0.0,-46.694230641349435,0.2639564105442592,0.1730993730681283,0.17880229439054218,0.30500977379935124,0.4370557836123875,0.4838120681898934
llava,hallusionbench,hallusionbench-image-VD-ocr-15-1-0,LUH,1,1,0.3761543046829735,1.0003166700024093,0.4854788229649698,-39.04061346716713,0.3145269325801304,0.25822111538478304,0.1750942213194711,0.1654938416821616,0.5727480479649134,0.3405880630016327
llava,vilp,vilp-267-case2,LUH,1,0,0.38259140975388517,1.0010986000490452,-0.0,-33.63444179256618,0.3097016281551785,0.2552411026424832,0.14839341905381945,0.19817747010125053,0.5649427307976617,0.34657088915506995
llava,hallusionbench,hallusionbench-image-VD-ocr-6-1-0,LUH,1,0,0.34060443866675627,1.000553284108734,0.5006608412887033,-46.830008366214564,0.3231007286480495,0.28144592898232595,0.13755293829100473,0.17161382096154348,0.6045466576303755,0.3091667592525482
llava,hallusionbench,hallusionbench-image-VS-map-10-2-1,LUH,1,0,0.45173409070588155,1.0001983839333028,0.4992233371596518,-35.79887722671097,0.28791492325919016,0.21715573753629414,0.15591503892626082,0.25682610273361206,0.5050706607954842,0.41274114165987286
llava,hallusionbench,hallusionbench-image-VS-chart-21-1-1,LUH,1,0,0.44489840984536466,1.0009064011340405,0.3261573857421526,-41.64565148139412,0.2868741069521223,0.22511192730494908,0.15155920812061854,0.25553789309092934,0.5119860342570713,0.40709710121154785
llava,vilp,vilp-74-case1,LUH,1,1,0.42715324665190224,1.0025909871323018,-0.0,-41.103857432569455,0.26585153076383805,0.2555023034413656,0.23251091109381783,0.15402218368318343,0.5213538342052036,0.38653309477700126
llava,vilp,vilp-135-case2,LUH,1,0,0.3604166799473215,1.000469317858853,0.5002153297075995,-41.711345106025185,0.3117723688483238,0.27237940579652786,0.1646672785282135,0.1611650288105011,0.5841517746448517,0.3258323073387146
llava,hallusionbench,hallusionbench-image-VD-figure-2-1-0,LUH,1,1,0.42773152859246377,1.000236539201455,-0.0,-11.906753385751852,0.30455634423664635,0.22082160200391499,0.16267426524843487,0.2251072270529611,0.5253779462405613,0.38778149230139597
llava,hallusionbench,hallusionbench-image-VS-ocr-11-1-0,LUH,1,0,0.2973730526308397,1.0003968072227907,0.5002376225013991,-39.36211681811889,0.35875334909984047,0.2854343056678772,0.096687023128782,0.17203328439167567,0.6441876547677177,0.26872030752045767
llava,hallusionbench,hallusionbench-image-VS-ocr-7-2-0,LUH,1,0,0.3539529260160219,1.0003395656960237,0.49720856125949253,-37.529153571826896,0.31146020335810526,0.2813311517238617,0.15357408353260585,0.16785498602049692,0.592791355081967,0.3214290695531028
llava,hallusionbench,hallusionbench-image-VS-map-3-2-1,LUH,1,0,0.3412188440356013,1.001685607885336,0.3224909431687255,-48.000672176606855,0.31644151891980854,0.2919003537722996,0.1282051588807787,0.1836054069655282,0.6083418726921082,0.31181056584630695
llava,hallusionbench,hallusionbench-image-VD-figure-3-1-0,LUH,1,1,0.45444326190039974,1.000778501117,0.32515219364431214,-37.37732244180364,0.2836625150271824,0.2177596092224121,0.18876682009015766,0.22576593501227243,0.5014221242495945,0.4145327551024301
llava,hallusionbench,hallusionbench-image-VS-map-6-1-2,LUH,1,1,0.3551092145575365,1.0005399253703438,0.5000854430936182,-42.02372171599404,0.30888395650046213,0.28384642941611155,0.157766478402274,0.16506491388593403,0.5927303859165737,0.322831392288208
llava,hallusionbench,hallusionbench-image-VD-math-11-1-0,LUH,1,0,0.5051964327870211,1.003000938529956,-0.0,-41.15090303045821,0.274640543120248,0.18179443904331752,0.17557450703212193,0.2880603160176958,0.4564349821635655,0.46363482304981773
llava,hallusionbench,hallusionbench-image-VS-chart-18-1-0,LUH,1,1,0.520759513578104,1.0004864922003316,-0.0,-17.803456656602005,0.2574728046144758,0.18431744405201503,0.20684456825256348,0.27108875342777794,0.44179024866649086,0.4779333216803414
llava,hallusionbench,hallusionbench-image-VD-figure-16-1-0,LUH,1,1,0.4112109189167422,1.0028459916295696,-0.0,-38.966975328308486,0.3070542131151472,0.23269870451518465,0.20158324922834123,0.17117570127759663,0.5397529176303318,0.3727589505059379
llava,hallusionbench,hallusionbench-image-VS-chart-21-2-0,LUH,1,0,0.392510377286215,1.0003414736941463,0.5019649394949128,-37.23692509725422,0.3035370452063424,0.25632159199033466,0.17031056540352957,0.1886327011244638,0.5598586371966771,0.35894326652799335
llava,hallusionbench,hallusionbench-image-VD-illusion-15-1-0,LUH,1,1,0.3665802394070289,1.0041743377916388,-0.0,-43.54202745766389,0.32054487296513146,0.26058828830718994,0.12911446179662434,0.20264261960983276,0.5811331612723214,0.3317570814064571
llava,hallusionbench,hallusionbench-image-VS-ocr-12-2-0,LUH,1,0,0.3564150739525539,1.000660160437,0.5001142505063032,-42.15968734608803,0.33627160106386456,0.25664856604167396,0.14956883021763392,0.1764165333339146,0.5929201671055385,0.3259853635515485
llava,vilp,vilp-214-case2,LUH,1,0,0.40148148837130215,1.002759920361503,-0.0,-38.075720169725784,0.28488556827817646,0.26217399324689594,0.1914910248347691,0.17075434752873014,0.5470595615250724,0.36224537236349924
llava,hallusionbench,hallusionbench-image-VD-math-10-1-0,LUH,1,0,0.4148211055635599,1.0015079412216144,0.32578353271469473,-44.17949035636781,0.29642082963671,0.24319519315447127,0.1417116778237479,0.23712096043995445,0.5396160227911813,0.3788326382637024
llava,hallusionbench,hallusionbench-image-VD-ocr-1-1-0,LUH,1,1,0.28990752386355206,1.0001678607667295,0.6100429136758296,-39.578895027382565,0.3487093618937901,0.2996690273284912,0.09883977259908404,0.16163837058203562,0.6483783892222813,0.26047814318111967
llava,hallusionbench,hallusionbench-image-VD-math-13-0-0,LUH,1,1,0.5029016240879184,1.0007670481814992,0.3296613345048932,-35.62666999472205,0.2662073458944048,0.19306919404438563,0.20653392587389263,0.2548087068966457,0.4592765399387905,0.46134263277053833
llava,hallusionbench,hallusionbench-image-VD-video-11-0-0,LUH,1,0,0.4119104954575757,1.000854857369957,-0.0,-21.506218697998083,0.2862092767442976,0.25224082810538156,0.17745075055531093,0.1977084789957319,0.5384501048496791,0.37515922955104286
llava,hallusionbench,hallusionbench-image-VS-chart-6-2-1,LUH,1,0,0.5022489109577503,1.0000839268615058,0.1924735768598808,-10.059552774941757,0.2710579293114799,0.18758210965565272,0.22958167110170635,0.2300471408026559,0.45864003896713257,0.4596288119043622
llava,vilp,vilp-131-case2,LUH,1,0,0.36982981277932814,1.0014691007371401,0.3023714430355006,-38.924991048353775,0.29900866746902466,0.271492428249783,0.1415075725979275,0.18977549340989855,0.5705010957188077,0.3312830660078261
llava,hallusionbench,hallusionbench-image-VD-figure-11-1-1,LUH,1,1,0.4592874040282242,1.0001373385316352,0.6109684184229369,-38.642881290366674,0.28658996309552875,0.2093554564884731,0.1888942973954337,0.22662431853158133,0.49594541958400185,0.415518615927015
llava,hallusionbench,hallusionbench-image-VD-math-17-1-0,LUH,1,1,0.3583668678789965,1.003330040974967,-0.0,-37.49673460060313,0.32610329559871126,0.26416365589414326,0.11417339955057416,0.21068809713636127,0.5902669514928545,0.3248614966869354
llava,hallusionbench,hallusionbench-image-VD-figure-11-0-1,LUH,1,1,0.5103747123761454,1.0006677948972789,0.5010771970060071,-39.816193165803476,0.2687392490250724,0.17926696368626188,0.24525603226252962,0.21625064952032907,0.4480062127113343,0.4615066817828587
llava,hallusionbench,hallusionbench-image-VS-map-6-2-2,LUH,1,1,0.3855782844402278,1.0003777263499354,0.33296941547902104,-25.547977667219737,0.3061609183038984,0.2592822568757193,0.18830437319619314,0.1628951685769217,0.5654431751796177,0.35119954177311485
llava,hallusionbench,hallusionbench-image-VS-map-4-1-3,LUH,1,1,0.3030805275906645,1.0004502356029803,-0.0,-9.56819423969933,0.33552059105464394,0.3024188450404576,0.0877169030053275,0.18642332724162508,0.6379394360951015,0.27414023024695255
llava,hallusionbench,hallusionbench-image-VD-illusion-12-0-0,LUH,1,1,0.33448517844602016,1.0011259691211547,0.5006968714853123,-46.50362827716375,0.3319827403341021,0.27515735796519686,0.1296307827745165,0.16996467964989798,0.6071400982992989,0.2995954624244145
llava,vilp,vilp-26-case3,LUH,1,0,0.29704755576470854,1.0004108000941896,0.6109087810097176,-43.49610509914424,0.3374268412590027,0.2983140018251207,0.10359005795584784,0.16164162423875594,0.6357408430841234,0.2652316821946038
llava,hallusionbench,hallusionbench-image-VD-illusion-21-0-1,LUH,1,1,0.33365051098060483,1.0069092883177742,-0.0,-44.575107859660875,0.32620985167367117,0.28285926580429077,0.11776291046823774,0.1819444383893694,0.6090691174779619,0.29970734885760714
llava,mmvet,mmvet-v1_142,LUH,1,1,0.35972335453252663,1.006145208602714,-0.0,-42.901692058932525,0.3135190010070801,0.2718205877712795,0.14938082865306307,0.17569294997623988,0.5853395887783596,0.325073778629303
llava,hallusionbench,hallusionbench-image-VS-chart-13-1-1,LUH,1,1,0.5357224451097569,1.0002708801872733,0.49698523183010934,-29.40544582994172,0.25072496277945383,0.17576520783560617,0.26942533254623413,0.22114769901548112,0.42649017061506,0.4905730315617153
llava,hallusionbench,hallusionbench-image-VS-chart-6-2-3,LUH,1,1,0.5561925057861687,1.0002556173813535,0.22507904127049377,-11.963946511438746,0.24938822644097464,0.15951768841062275,0.2719618592943464,0.23859044483729772,0.4089059148515974,0.5105523041316441
llava,hallusionbench,hallusionbench-image-VD-illusion-17-0-0,LUH,1,0,0.3502697810931228,1.0014124345356785,0.32321336356179964,-37.17010668301606,0.3275191273008074,0.2658415692193168,0.14347420419965473,0.17159651858466013,0.5933606965201241,0.31507072278431486
llava,vilp,vilp-21-case1,LUH,1,1,0.3498099813897487,1.0044271906133218,-0.0,-37.25791581037792,0.3196329048701695,0.27882918289729525,0.12975912434714182,0.18879739727292744,0.5984620877674647,0.31855652162006926
llava,vilp,vilp-237-case3,LUH,1,0,0.2737125633279951,1.0037051963303543,-0.0,-35.44988545224173,0.32232024520635605,0.33843858540058136,0.05469260737299919,0.19140250235795975,0.6607588306069374,0.24609510973095894
llava,hallusionbench,hallusionbench-image-VD-math-12-0-2,LUH,1,0,0.4748746549504316,1.000631531729705,0.5032926368351105,-36.54038943545553,0.27798231158937725,0.20609388181141444,0.15783894062042236,0.27872708014079506,0.48407619340079167,0.4365660207612174
llava,vilp,vilp-131-case3,LUH,1,0,0.36195317807477145,1.0012106270340861,0.014226268446053687,-27.19005373550909,0.29352015256881714,0.2848186757829454,0.13256916734907362,0.19304026497734916,0.5783388283517625,0.3256094323264228
llava,hallusionbench,hallusionbench-image-VS-map-9-2-1,LUH,1,0,0.38022292556833903,1.0008052251428847,0.33212853731787334,-30.096095652187458,0.32066111053739277,0.24720357145581928,0.11148337381226675,0.23357540369033813,0.567864681993212,0.3450587775026049
llava,hallusionbench,hallusionbench-image-VD-math-10-0-0,LUH,1,1,0.4082499930295372,1.0013742344115348,0.31828232748448776,-33.54773429604284,0.29666660513196674,0.24847662448883057,0.14165223496300833,0.23063562597547257,0.5451432296207973,0.3722878609384809
llava,hallusionbench,hallusionbench-image-VD-figure-13-0-0,LUH,1,0,0.48843234117374495,1.0000610370189331,0.6045035528604421,-29.942989733242424,0.26649807180677143,0.20591911247798372,0.2182939222880772,0.2303192274911063,0.47241718428475515,0.44861314977918354
llava,hallusionbench,hallusionbench-image-VD-video-2-0-2,LUH,1,1,0.44185482263780546,1.003025808780385,-0.0,-31.70339001915937,0.29445511954171316,0.21963129724775043,0.15584226165499004,0.24779883452824183,0.5140864167894637,0.40364109618323185
llava,vilp,vilp-239-case1,LUH,1,1,0.27612205300683174,1.0074093896791099,-0.0,-40.946667072439936,0.3274975220362345,0.32682503594292533,0.06745825542343988,0.1782504055235121,0.6543225579791598,0.24570866094695198
llava,vilp,vilp-126-case3,LUH,1,0,0.29469523121496677,1.0004063477956961,0.33332687043145426,-18.874236486313357,0.3232707977294922,0.32040310757500784,0.12079735738890512,0.14418873616627284,0.6436739053045,0.264986093555178
llava,vilp,vilp-253-case3,LUH,1,0,0.34414800280139335,1.0000734356186263,0.4657061216841898,-14.028131208890763,0.31251688301563263,0.2894255444407463,0.14692603796720505,0.16607311367988586,0.6019424274563789,0.3129991516470909
llava,vilp,vilp-214-case3,LUH,1,0,0.37976836031019423,1.0037281695820688,-0.0,-32.121225559383504,0.2988593408039638,0.26880299193518503,0.1840275526046753,0.15892482655388968,0.5676623327391488,0.34295237915856497
llava,hallusionbench,hallusionbench-image-VD-video-18-2-3,LUH,1,0,0.46903544631577726,1.0014105244948621,-0.0,-19.12836743415871,0.28019730533872333,0.20506487573896137,0.15406565581049236,0.27169403008052284,0.4852621810776847,0.4257596858910152
llava,vilp,vilp-11-case2,LUH,1,1,0.3431230400632731,1.000353557766767,0.6117533141271954,-36.49485919477007,0.32574909263186985,0.269933025042216,0.16441246536042953,0.14249244663450453,0.5956821176740859,0.3069049119949341
llava,hallusionbench,hallusionbench-image-VD-video-5-0-1,LUH,1,0,0.36490522922260576,1.0008529483926336,0.6095713956936213,-45.054890449008326,0.31163086209978375,0.27064194849559237,0.16352629235812596,0.1678926817008427,0.5822728105953761,0.3314189740589687
llava,hallusionbench,hallusionbench-image-VS-ocr-10-2-0,LUH,1,1,0.38654899413462673,1.0003166700024093,0.6055384864440849,-33.548207601330496,0.3325240867478507,0.23217305966785975,0.16188463142939977,0.1901939000402178,0.5646971464157104,0.35207853146961754
llava,hallusionbench,hallusionbench-image-VS-map-6-1-1,LUH,1,0,0.40986304035911647,1.0002956827436134,0.48385567970894916,-20.664813719726222,0.2929955039705549,0.25022174630846294,0.1984741347176688,0.17507862193243845,0.5432172502790178,0.37355275665010723
llava,vilp,vilp-143-case1,LUH,1,1,0.35708430649075595,1.0074721600113847,-0.0,-38.809063872316365,0.29769906732771134,0.2891979349984063,0.16304606861538357,0.15981252988179523,0.5868970023261176,0.3228585984971788
llava,vilp,vilp-80-case2,LUH,1,0,0.24100181731859593,1.0002384470030699,0.6395522521223995,-36.93370399128756,0.3400994300842285,0.3382406115531922,0.08231326937675476,0.13017542362213136,0.6783400416374207,0.21248869299888612
llava,hallusionbench,hallusionbench-image-VD-math-13-0-1,LUH,1,0,0.49255818655998196,1.0011813460438814,0.3313252977132018,-31.84470569450312,0.2705667189189366,0.19786863667624338,0.16622298104422434,0.28428130490439274,0.46843535559517996,0.4505042859486171
llava,hallusionbench,hallusionbench-image-VS-ocr-3-2-0,LUH,1,1,0.6109122779655067,1.0014334452251055,-0.0,-18.264713300515993,0.20730830090386526,0.1478234018598284,0.16116405384881155,0.3999028887067522,0.35513170276369366,0.5610669425555638
llava,hallusionbench,hallusionbench-image-VD-math-13-1-2,LUH,1,0,0.47405073201965087,1.0014850187863125,0.5028883973167431,-42.099171651043434,0.2827524372509548,0.2025647418839591,0.18219147409711567,0.25187551975250244,0.4853171791349139,0.4340669938496181
llava,hallusionbench,hallusionbench-image-VD-illusion-7-0-0,LUH,1,0,0.4674208818101353,1.0009178556643183,0.31969850797366567,-24.218525849604887,0.27286771365574425,0.21474539382117136,0.13868777666773113,0.285530081817082,0.4876131074769156,0.42421785848481314
llava,vilp,vilp-44-case2,LUH,1,0,0.2836497333024567,1.0007123304098051,0.27480322621177355,-17.218009751285873,0.3184738490316603,0.32733337084452313,0.10034847259521484,0.15135829978519016,0.6458072198761835,0.251706772380405
llava,hallusionbench,hallusionbench-image-VD-figure-16-1-1,LUH,1,1,0.5114091367258707,1.0008300409487565,0.48996601512564775,-33.05760224341634,0.2781692658151899,0.1708424687385559,0.2511423741068159,0.21511560678482056,0.4490117345537458,0.46625798089163645
llava,hallusionbench,hallusionbench-image-VD-math-13-0-2,LUH,1,0,0.47853385765581136,1.0013112073924557,0.3307932266671567,-32.15269377632154,0.27476419721330914,0.20580006497246878,0.18345522029059275,0.253790659563882,0.4805642621857779,0.4372458798544748
llava,hallusionbench,hallusionbench-image-VD-figure-17-1-0,LUH,1,1,0.2931660317360442,1.0005571009238907,0.47998642151556276,-26.077010275988712,0.34698186601911274,0.30385477202279226,0.0955546966620854,0.17183623143604823,0.6508366380419051,0.26739092809813364
llava,vilp,vilp-11-case3,LUH,1,0,0.24059585235445918,1.0006041761746685,0.3630448797872604,-21.40365912988261,0.3336813052495321,0.34990742471483016,0.07933246095975241,0.1331851217481825,0.6835887299643623,0.21251758270793492
llava,hallusionbench,hallusionbench-image-VD-figure-13-0-1,LUH,1,0,0.4083493686102622,1.0016645919053813,0.50025871747186,-41.47138381455709,0.3064117687089103,0.24061343499592375,0.1948361907686506,0.17867081505911692,0.547025203704834,0.3735070058277675
llava,hallusionbench,hallusionbench-image-VD-video-10-2-0,LUH,1,1,0.3658600013265539,1.0008014073812106,0.48090590620441076,-31.243360943549384,0.30429611035755705,0.2794872352055141,0.16801337684903828,0.16626436369759695,0.5837833455630712,0.3342777405466352
llava,hallusionbench,hallusionbench-image-VD-figure-3-1-1,LUH,1,1,0.39337158468441613,1.0001754914710457,0.6730615038627745,-39.25546146542452,0.312943731035505,0.24339140313012259,0.15953523772103445,0.19660289798464092,0.5563351341656275,0.3561381357056754
llava,vilp,vilp-125-case3,LUH,1,1,0.3417473689213387,1.0018977029043588,0.3153422881956849,-31.853940635137945,0.3090769052505493,0.2915531652314322,0.13620068771498545,0.17176897185189383,0.6006300704819816,0.3079696595668793
llava,hallusionbench,hallusionbench-image-VS-table-8-3-1,LUH,1,1,0.30712224352409057,1.000263248755202,0.5058927511128308,-20.578469904268538,0.34629058837890625,0.28815472977502005,0.06959815961974009,0.20820116996765137,0.6344453181539262,0.27779932958739145
llava,hallusionbench,hallusionbench-image-VD-figure-5-0-0,LUH,1,0,0.32565381668447313,1.0005189334275126,0.5019611750756143,-27.205976083612963,0.3342459031513759,0.2811013289860317,0.13197873745645794,0.16023896421704975,0.6153472321374076,0.2922177016735077
llava,hallusionbench,hallusionbench-image-VD-figure-14-1-0,LUH,1,0,0.4884715574377616,1.0012443648889044,0.26825633660601855,-24.193404097395913,0.2604197604315622,0.21076564277921406,0.182993939944676,0.2644073281969343,0.47118540321077623,0.4474012681416103
llava,vilp,vilp-71-case1,LUH,1,1,0.4096144024071977,1.0144040528891114,-0.0,-42.99009321682963,0.27936670184135437,0.25823089480400085,0.16271694749593735,0.20668037235736847,0.5375975966453552,0.3693973198533058
llava,hallusionbench,hallusionbench-image-VD-math-11-0-2,LUH,1,0,0.4985221310252336,1.006976509008387,-0.0,-35.57077146268898,0.27755766255514963,0.18509845222745624,0.16661794696535384,0.2906982047217233,0.4626561147826059,0.4573161516870772
llava,hallusionbench,hallusionbench-image-VS-table-0-1-0,LUH,1,1,0.4131240367825255,1.003571196174651,-0.0,-27.271829318390303,0.28909661088671,0.24965596199035645,0.20579942635127477,0.16874732289995464,0.5387525728770665,0.37454674925122944
llava,hallusionbench,hallusionbench-image-VD-math-11-1-2,LUH,1,0,0.5656886135877925,1.0056885736692822,-0.0,-33.418018416311064,0.2492334076336452,0.15131789020129613,0.17602527141571045,0.3449044738497053,0.40055129783494137,0.5209297452654158
llava,hallusionbench,hallusionbench-image-VD-figure-4-0-0,LUH,1,0,0.46057624579500694,1.0006143548984794,0.6081086757084084,-36.890894800666004,0.284425003187997,0.20957049301692418,0.17090555599757604,0.24559221948896137,0.4939954962049212,0.41649777548653744
llava,hallusionbench,hallusionbench-image-VD-video-2-1-0,LUH,1,1,0.3923086565511393,1.0035558830102898,0.32699485789929156,-39.20682614250329,0.31235599517822266,0.2481419699532645,0.13012853690556117,0.2287806953702654,0.5604979651314872,0.3589092322758266
llava,mmvet,mmvet-v1_131,LUH,1,0,0.35539158238686186,1.0003929910191045,0.6729728933703094,-44.032867670207764,0.31092196702957153,0.2782436268670218,0.12752221311841694,0.19215257678713116,0.5891655938965934,0.3196747899055481
llava,hallusionbench,hallusionbench-image-VS-chart-8-2-1,LUH,1,0,0.46948631714750155,1.0002975906580356,0.5979396590958639,-28.530484855432558,0.2802084854670933,0.20736680712018696,0.19955979074750627,0.22790839842387609,0.4875752925872803,0.42746818917138235
llava,vilp,vilp-171-case2,LUH,1,1,0.2910700237960547,1.0003700941026956,0.5097696952344093,-22.094385302456566,0.33384759426116944,0.30554885864257814,0.07863036394119263,0.18037697672843933,0.6393964529037476,0.25900734066963194
llava,vilp,vilp-39-case1,LUH,1,1,0.4041378540879843,1.0128573754637173,-0.0,-40.521035887286686,0.3119481950998306,0.23492955416440964,0.1440013125538826,0.22179914265871048,0.5468777492642403,0.3658004552125931
llava,vilp,vilp-191-case3,LUH,1,0,0.30907437665861054,1.0017954713210229,0.32728857221664653,-31.77643541184521,0.3085942715406418,0.31991834938526154,0.09174014627933502,0.18630873411893845,0.6285126209259033,0.27804888039827347
llava,hallusionbench,hallusionbench-image-VD-video-13-0-0,LUH,1,0,0.37500805691180256,1.0005189334275126,0.6123561250526511,-35.80479489741951,0.3165686811719622,0.26192878825323923,0.17056279523032053,0.17335690770830428,0.5784974694252014,0.34391970293862484
llava,hallusionbench,hallusionbench-image-VD-video-18-0-1,LUH,1,1,0.32163897761669413,1.0007937719015534,0.6100018890391036,-39.204315389086986,0.3255457878112793,0.2933218223708016,0.14441246220043727,0.14540302753448486,0.6188676101820809,0.2898154897349221
llava,vilp,vilp-39-case3,LUH,1,0,0.4432204669288879,1.0117326848463288,-0.0,-39.27180293783379,0.280370332300663,0.22812918573617935,0.17485161125659943,0.22460095584392548,0.5084995180368423,0.3994525671005249
llava,hallusionbench,hallusionbench-image-VD-video-13-0-1,LUH,1,1,0.27003652476482887,1.0007479602469254,0.6109118521118835,-38.928900746019934,0.3453876291002546,0.3274347015789577,0.09389955231121608,0.15275882823126657,0.6728223306792123,0.24665838054248265
llava,hallusionbench,hallusionbench-image-VD-figure-0-0-0,LUH,1,0,0.44448310902301075,1.000434970060335,0.6103835539979111,-33.15357904593017,0.2965391022818429,0.2131364515849522,0.19776098217282978,0.20651945046016149,0.5096755538667951,0.4042804326329913
llava,hallusionbench,hallusionbench-image-VD-ocr-20-1-0,LUH,1,0,0.4245043088166377,1.0032573230033581,0.32483522236164863,-35.907019422298596,0.2991783022880554,0.2286331057548523,0.20666792563029698,0.17814565556389944,0.5278114080429077,0.3848135811941964
llava,hallusionbench,hallusionbench-image-VD-figure-9-1-0,LUH,1,0,0.35808868049058995,1.001148883338368,0.494388404420929,-33.62866030540302,0.3063200797353472,0.27926026923315866,0.1613295078277588,0.1619497197014945,0.5855803489685059,0.3232792275292533
llava,vilp,vilp-195-case2,LUH,1,0,0.3382773980494794,1.00542581477565,-0.0,-31.348342078170894,0.3088490664958954,0.2883333623409271,0.08845229893922806,0.21288453340530394,0.5971824288368225,0.301336832344532
llava,hallusionbench,hallusionbench-image-VD-math-12-1-2,LUH,1,0,0.41727415120085976,1.0002594330609997,0.006813476906774606,4.88224638214826,0.30155471393040245,0.23585702691759383,0.16312938928604126,0.2186846477644784,0.5374117408479963,0.38181403705051964
llava,hallusionbench,hallusionbench-image-VD-figure-4-1-0,LUH,1,1,0.3983469168430497,1.00260692301352,0.29060855914178646,-31.5108648856244,0.3103346994944981,0.23876705339976717,0.17741108792168753,0.1811230608395168,0.5491017528942652,0.3585341487612043
llava,hallusionbench,hallusionbench-image-VD-video-18-1-0,LUH,1,0,0.29335439228955146,1.0007193290276937,0.4397621517837289,-22.770469997965268,0.3384346536227635,0.3052072695323399,0.09075516036578588,0.17252716847828456,0.6436419231551034,0.26328232884407043
llava,vilp,vilp-247-case1,LUH,1,1,0.43954131065402824,1.0003891748299758,0.4319763623470028,-15.168664505764603,0.28125809298621285,0.22946180237664116,0.18373017840915257,0.214165727297465,0.510719895362854,0.3978959057066176
llava,hallusionbench,hallusionbench-image-VS-map-6-2-0,LUH,1,0,0.3840284892870788,1.0002556173813535,0.6091967310543103,-26.766736241295604,0.30533879143851145,0.2615526573998588,0.17471215554646083,0.17507568427494594,0.5668914488383703,0.34978783982140677
llava,hallusionbench,hallusionbench-image-VD-math-12-1-0,LUH,1,0,0.3467426177346949,1.0022436478629368,0.26189726096928184,-27.24124974746564,0.32219237514904564,0.2800226892743792,0.13563547602721623,0.1805810864482607,0.6022150644234248,0.3162165624754769
llava,hallusionbench,hallusionbench-image-VD-ocr-12-0-0,LUH,1,1,0.3061825321111298,1.0003662780009115,0.279430817664879,-2.4159197063750497,0.31254942076546804,0.3202122960771833,0.11863472631999425,0.1566189612661089,0.6327617168426514,0.27525368758610314
llava,mmvet,mmvet-v1_68,LUH,1,0,0.4218307998464915,1.000476950863113,0.6247038213316654,-35.181704633769755,0.3223737818854196,0.20793280005455017,0.11626315116882324,0.2656916379928589,0.5303065819399697,0.38195478916168213
llava,vilp,vilp-139-case1,LUH,1,1,0.3434711097008061,1.0014821535187892,0.0033195610114948814,-17.505152118115163,0.308806873857975,0.2907247170805931,0.16169604659080505,0.1487785503268242,0.5995315909385681,0.31047459691762924
llava,hallusionbench,hallusionbench-image-VD-ocr-12-0-1,LUH,1,0,0.2935052985165494,1.0005838190376735,0.6112947064981477,-34.68672605674647,0.32120347023010254,0.3232470154762268,0.110476553440094,0.1528271862438747,0.6444504857063293,0.2633037396839687
llava,hallusionbench,hallusionbench-image-VD-illusion-23-0-1,LUH,1,1,0.32930517483658206,1.0026011860671018,-0.0,-18.523140805180855,0.3238318051610674,0.28807586431503296,0.10159890992300852,0.19381030116762432,0.6119076694761003,0.29540921109063284
llava,hallusionbench,hallusionbench-image-VD-video-18-1-1,LUH,1,0,0.28493273826541443,1.0010419548116518,0.4984950478554161,-31.233984923796463,0.3408911568777902,0.3103344781058175,0.10421454054968698,0.15150704554149083,0.6512256349836076,0.2557215860911778
llava,hallusionbench,hallusionbench-image-VS-table-3-2-1,LUH,1,0,0.43546977259100117,1.0023698232559644,0.5010944249578273,-39.95273072413619,0.30072925771985737,0.22003542525427683,0.13883468508720398,0.2594904899597168,0.5207646829741341,0.3983251750469208
llava,hallusionbench,hallusionbench-image-VD-math-14-1-0,LUH,1,1,0.4180374737881488,1.0027121061824125,-0.0,-18.52603626430919,0.30892876216343473,0.22558666127068655,0.1715137277330671,0.20749969141823904,0.5345154234341213,0.37901341915130615
llava,hallusionbench,hallusionbench-image-VS-chart-19-2-0,LUH,1,0,0.42688127282259003,1.0019110797711557,-0.0,-13.113422471678529,0.26546522549220497,0.25919264554977417,0.18263717208589828,0.2063581006867545,0.5246578710419791,0.3889952727726528
llava,hallusionbench,hallusionbench-image-VD-figure-14-0-1,LUH,1,1,0.45819827658285905,1.001209990481715,0.5011956005536569,-33.164507608984465,0.27355739048549105,0.22582938841411043,0.2194567322731018,0.19937831163406372,0.4993867788996015,0.4188350439071655
llava,vilp,vilp-130-case2,LUH,1,0,0.35143298771130915,1.0006697035214496,0.6109780030655501,-34.858044327436296,0.3256204007193446,0.2703233752399683,0.1607254482805729,0.15911241807043552,0.5959437759593129,0.3198378663510084
llava,hallusionbench,hallusionbench-image-VD-video-3-2-0,LUH,1,0,0.354877836253807,1.0012577330326398,0.6108237288701148,-41.833896573453195,0.30749477658952984,0.28158158915383474,0.12523226652826583,0.1953161018235343,0.5890763657433646,0.3205483683518001
llava,hallusionbench,hallusionbench-image-VD-math-17-1-2,LUH,1,0,0.4149985692420876,1.0033549193857674,-0.0,-19.431150476897212,0.31078921045575825,0.22813862562179565,0.14714833242552622,0.23037640537534443,0.5389278360775539,0.37752473780087065
llava,vilp,vilp-99-case2,LUH,1,0,0.34470269340734805,1.0003758182826663,0.627230246005513,-31.06355429386818,0.32589365754808697,0.27607544830867226,0.12754856262888226,0.1849569422858102,0.6019691058567592,0.3125055049146924
llava,hallusionbench,hallusionbench-image-VD-ocr-10-0-0,non_hallucination,0,1,0.3086259301049099,1.0001220777633837,-0.0,-54.08921251065249,0.3211305396897452,0.3103754605565753,0.10622708712305343,0.17121098722730366,0.6315060002463204,0.27743807435035706
llava,hallusionbench,hallusionbench-image-VD-ocr-2-0-0,non_hallucination,0,1,0.33405329675773054,1.0000839268615058,-0.0,-48.214159034668384,0.3309916683605739,0.28099498578480314,0.13425655875887188,0.16893433673041208,0.6119866541453771,0.30319089548928396
llava,hallusionbench,hallusionbench-image-VD-ocr-11-1-1,non_hallucination,0,1,0.30462753168172735,1.0001525995327494,-0.0,-56.35343183084185,0.31245285272598267,0.32704018695013864,0.10927886622292655,0.1665019989013672,0.6394930396761214,0.27578086512429373
llava,hallusionbench,hallusionbench-image-VD-figure-8-1-1,non_hallucination,0,1,0.40513508276195637,1.0001220777633837,-0.0,-49.432688920906756,0.3058681743485587,0.2434378606932504,0.1967396821294512,0.1728957806314741,0.5493060350418091,0.3696354627609253
llava,hallusionbench,hallusionbench-image-VD-figure-7-0-1,non_hallucination,0,1,0.27035320793539597,1.0001411537600828,-0.0,-47.14710782244675,0.3719557864325387,0.2958246043750218,0.0893383494445256,0.15365463069507054,0.6677803908075605,0.24299298013959614
llava,hallusionbench,hallusionbench-image-VD-illusion-19-1-0,non_hallucination,0,1,0.31416041594327027,1.000160230120631,-0.0,-45.27769763614273,0.3470951659338815,0.28105554410389494,0.11257650596754892,0.17038241028785706,0.6281507100377764,0.282958916255406
llava,vilp,vilp-103-case1,non_hallucination,0,1,0.2165790729040153,1.0001430613797642,-0.0,-43.98439658289784,0.34673894941806793,0.36642614006996155,0.062196625396609306,0.1322546973824501,0.7131650894880295,0.1944513227790594
llava,mmvet,mmvet-v1_130,non_hallucination,0,1,0.26590077866088624,1.0002212769195329,-0.0,-50.489877764470336,0.34224748611450195,0.3247265986033848,0.07263009037290301,0.16416694011007038,0.6669740847178868,0.2367970304829734
llava,mmvet,mmvet-v1_122,non_hallucination,0,1,0.34874154129238844,1.0002098303609206,-0.0,-46.17253488233589,0.32268691062927246,0.27450202192579,0.14396075691495624,0.17233267852238246,0.5971889325550624,0.3162934354373387
llava,vilp,vilp-240-case1,non_hallucination,0,1,0.43080070209522575,1.000230338871337,-0.0,-45.73461512853308,0.2831344544887543,0.23030165433883668,0.19107820987701415,0.19316793084144593,0.5134361088275909,0.3842461407184601
llava,vilp,vilp-103-case2,non_hallucination,0,0,0.35314655992585564,1.0001917069110193,-0.0,-41.49421599336564,0.3132686670869589,0.28069494664669037,0.1397210042923689,0.18116627354174852,0.5939636137336493,0.3208872778341174
llava,mmvet,mmvet-v1_112,non_hallucination,0,1,0.23558406950467997,1.0002708801872733,-0.0,-55.12557160816201,0.35610720089503695,0.3360883252961295,0.08310680730002266,0.12625096099717276,0.6921955261911664,0.20935776829719543
llava,hallusionbench,hallusionbench-image-VD-ocr-11-0-1,non_hallucination,0,1,0.36719403122397676,1.0002670644639597,-0.0,-46.722181854212046,0.29527818305151804,0.2850312760898045,0.14056122303009033,0.19269828285489765,0.5803094591413225,0.333259505884988
llava,vilp,vilp-96-case1,non_hallucination,0,1,0.28061100348063733,1.000134795054089,-0.0,-40.09559034036468,0.33873089816835195,0.31189427110883927,0.11064391003714667,0.13946261008580524,0.6506251692771912,0.2501065201229519
llava,hallusionbench,hallusionbench-image-VD-ocr-3-0-0,non_hallucination,0,1,0.3110761061325775,1.0003281177837116,-0.0,-50.841018913132174,0.32604693514960154,0.3049078583717346,0.11090617520468576,0.17047664948872157,0.6309547935213362,0.28138282469340736
llava,vilp,vilp-9-case1,non_hallucination,0,1,0.2987574371069762,1.0002527556311707,-0.0,-42.42423627894427,0.3128957450389862,0.32224228978157043,0.09087777510285378,0.17540204524993896,0.6351380348205566,0.26627982035279274
llava,hallusionbench,hallusionbench-image-VD-ocr-17-1-1,non_hallucination,0,1,0.32978836624900953,1.0001716761116104,-0.0,-40.29691016256421,0.32199302741459435,0.2919089027813503,0.12943058354513987,0.16851840700422016,0.6139019301959446,0.29794899054936
llava,vilp,vilp-150-case1,non_hallucination,0,1,0.29777289772212523,1.0002193691506673,-0.0,-41.08496295493591,0.3148567279179891,0.32058922449747723,0.1172034740447998,0.14902575148476493,0.6354459524154663,0.26622922552956474
llava,hallusionbench,hallusionbench-image-VD-figure-18-0-1,non_hallucination,0,1,0.3401902657263259,1.000278511677568,-0.0,-44.27387299783292,0.32410427502223427,0.2802401099886213,0.12965376888002667,0.17599282094410487,0.6043443850108556,0.3056465898241315
llava,hallusionbench,hallusionbench-image-VD-ocr-19-1-1,non_hallucination,0,1,0.32546433792534146,1.0004941253356219,-0.0,-49.34643057401293,0.31963392666407997,0.30205546958105906,0.12385041798864091,0.17299514157431467,0.6216893962451391,0.29684555956295555
llava,mmvet,mmvet-v1_127,non_hallucination,0,1,0.2825506617175341,1.0003643699554785,-0.0,-42.41827948076576,0.3403282091021538,0.3113655671477318,0.09554854780435562,0.15744266659021378,0.6516937762498856,0.2529912143945694
llava,vilp,vilp-229-case1,non_hallucination,0,1,0.35571952757747227,1.0005233862270673,-0.0,-44.419184125391375,0.3009787466790941,0.2806565463542938,0.13066767652829486,0.18609579404195148,0.5816352930333879,0.31676347057024634
llava,vilp,vilp-253-case1,non_hallucination,0,1,0.3469503864577743,1.0001239853466806,-0.0,-38.85590847721888,0.3208272196352482,0.2756400778889656,0.1419175872579217,0.17210711166262627,0.5964672975242138,0.31402469892054796
llava,mmvet,mmvet-v1_115,non_hallucination,0,1,0.36250941939585235,1.0006143548984794,-0.0,-50.1124331744679,0.3143206579344613,0.26852783986500334,0.1419466733932495,0.18536038909639632,0.5828484977994646,0.3273070624896458
llava,hallusionbench,hallusionbench-image-VD-figure-19-0-1,non_hallucination,0,1,0.3369190662023791,1.0005074834625114,-0.0,-42.422366204222755,0.3225893974304199,0.28243202822549,0.15304028987884521,0.1494634875229427,0.6050214256559099,0.3025037774017879
llava,vilp,vilp-165-case1,non_hallucination,0,1,0.4340048560237423,1.000555828650554,-0.0,-42.15035106504202,0.2878664864434136,0.2249726520644294,0.13837550083796185,0.2508653137418959,0.512839138507843,0.38924081457985776
llava,vilp,vilp-256-case1,non_hallucination,0,1,0.3570893347905534,1.0003503777335037,-0.0,-30.906374335327772,0.3103547957208422,0.2728537056181166,0.13983958959579468,0.17965610822041828,0.5832085013389587,0.31949569781621295
llava,hallusionbench,hallusionbench-image-VD-figure-17-0-1,non_hallucination,0,1,0.33736253412523387,1.000538016993705,-0.0,-40.58879577951229,0.32182541063853676,0.28685684714998516,0.11093984331403459,0.1937518801007952,0.6086822577885219,0.30469172341482975
llava,vilp,vilp-218-case1,non_hallucination,0,1,0.23224106276839768,1.0006894261843813,-0.0,-45.86359871389225,0.331335167090098,0.3597792784372965,0.07669736941655476,0.12909243173069423,0.6911144455273945,0.20578980114724899
llava,vilp,vilp-134-case1,non_hallucination,0,1,0.26369755526619204,1.0006677948972789,-0.0,-44.66304550188595,0.32485637068748474,0.3420659899711609,0.0706598088145256,0.16526807844638824,0.6669223606586456,0.23592788726091385
llava,vilp,vilp-231-case1,non_hallucination,0,1,0.29388403243317207,1.0004548153111963,-0.0,-38.56438547521194,0.3238384290175005,0.31271740523251623,0.09668893705714833,0.16507308591495862,0.6365558342500167,0.26176202297210693
llava,vilp,vilp-56-case1,non_hallucination,0,1,0.3048148005749368,1.000194091556718,0.3238905148273057,-43.9238646388762,0.3112970948219299,0.3141110479831696,0.0824594609439373,0.18909794390201567,0.6254081428050995,0.271557404845953
llava,vilp,vilp-160-case2,non_hallucination,0,1,0.24732575482122848,1.0007851820565705,-0.0,-44.94019132386123,0.34486937522888184,0.33977439999580383,0.05857933312654495,0.16279320418834686,0.6846437752246857,0.22137253731489182
llava,hallusionbench,hallusionbench-image-VS-chart-21-2-1,non_hallucination,0,1,0.44689698492459384,1.0009560383786624,-0.0,-46.45567841904481,0.2834846207073757,0.22636760984148296,0.151947055544172,0.25658832277570454,0.5098522305488586,0.4085353783198765
llava,vilp,vilp-299-case1,non_hallucination,0,1,0.329752345633498,1.0001773991562213,0.32272860636888046,-41.46919187186992,0.32940587401390076,0.283870205283165,0.15975993871688843,0.13895634189248085,0.6132760792970657,0.2987162806093693
llava,hallusionbench,hallusionbench-image-VD-figure-9-0-1,non_hallucination,0,1,0.33770968322132366,1.0003891748299758,-0.0,-34.08613346745219,0.32007354497909546,0.28090792894363403,0.13531944155693054,0.16571137734821867,0.6009814739227295,0.3010308189051492
llava,hallusionbench,hallusionbench-image-VD-figure-17-1-1,non_hallucination,0,1,0.33626191916291004,1.0001258929336159,0.3247174361857862,-47.290944666484314,0.3417177285466875,0.2719742144857134,0.16147453444344656,0.14537738050733295,0.6136919430324009,0.3068519149507795
llava,vilp,vilp-145-case1,non_hallucination,0,1,0.3476342708564697,1.0006569794290745,-0.0,-43.59135928453977,0.31229931778377956,0.2816290193133884,0.144680658976237,0.16788104507658216,0.593928337097168,0.31256170405281913
llava,vilp,vilp-55-case1,non_hallucination,0,1,0.330887660461035,1.0002975906580356,0.3251478479968056,-43.8287737070992,0.30006871223449705,0.30278323888778685,0.11269325017929077,0.18174859285354614,0.6028519511222838,0.29444184303283694
llava,mmvet,mmvet-v1_124,non_hallucination,0,1,0.2688940215289354,1.0003948991191278,0.3241716999765795,-46.75117544169302,0.35279825755528044,0.3160974042756217,0.08938435571534292,0.1527565462248666,0.6688956618309021,0.2421409019402095
llava,vilp,vilp-106-case1,non_hallucination,0,1,0.2399322546477502,1.0011240596267272,-0.0,-48.14433175601009,0.3382258415222168,0.35674096856798443,0.06174046226910183,0.15426347511155264,0.6949668100902012,0.21600393738065446
llava,hallusionbench,hallusionbench-image-VS-chart-21-1-0,non_hallucination,0,1,0.39093227473953035,1.0003319337399255,0.3261575184085821,-38.387476617652666,0.3066378150667463,0.2549336041722979,0.16982416595731464,0.18793852840151104,0.5615714192390442,0.3577626943588257
llava,vilp,vilp-148-case1,non_hallucination,0,1,0.31656394005317445,1.0004912629030633,-0.0,-38.73758793616627,0.2971374839544296,0.3249760568141937,0.09647759422659874,0.1875671073794365,0.6221135407686234,0.28404470160603523
llava,vilp,vilp-92-case1,non_hallucination,0,1,0.3341041183074617,1.000759412963981,-0.0,-36.41120911138159,0.31374409794807434,0.29465917497873306,0.12526215985417366,0.17621348798274994,0.6084032729268074,0.3014756478369236
llava,vilp,vilp-230-case1,non_hallucination,0,1,0.3702802198283347,1.0009827671453668,-0.0,-44.50528622611027,0.3015478476881981,0.2674897205498483,0.14538640694485772,0.18530718485514325,0.5690375682380464,0.33069359180000096
llava,mmvet,mmvet-v1_114,non_hallucination,0,1,0.32018667934318834,1.000236539201455,0.17942721651127894,-38.09656394369656,0.3335453271865845,0.2900447760309492,0.09229121037891932,0.19693058729171753,0.6235901032175337,0.2892217976706368
llava,mmvet,mmvet-v1_125,non_hallucination,0,1,0.3481650967340386,1.0006410745411287,0.314612610802901,-39.807045520248785,0.3311838337353298,0.2683982934270586,0.13715067080089025,0.17909343753542217,0.5995821271623885,0.31624410833631245
llava,vilp,vilp-90-case3,non_hallucination,0,1,0.22892547855191508,1.0008510394189516,-0.0,-39.570875204740084,0.34315864528928486,0.3608924491064889,0.05788304337433406,0.147347697189876,0.7040510943957737,0.20523074056421006
llava,mmvet,mmvet-v1_94,non_hallucination,0,1,0.26263477848774225,1.0006837002099367,0.32327366716600875,-39.80884290808266,0.36626749568515354,0.30404535929361975,0.07603357235590617,0.15895644161436293,0.6703128549787734,0.23499001397026908
llava,vilp,vilp-130-case1,non_hallucination,0,1,0.23613048696166972,1.000128754320841,0.30840482893202736,-35.6566512773596,0.34492387622594833,0.35253019630908966,0.06838464736938477,0.14434774965047836,0.697454072535038,0.21273239701986313
llava,hallusionbench,hallusionbench-image-VD-figure-8-0-1,non_hallucination,0,1,0.32142301770575016,1.0011030554284004,-0.0,-39.489807554847026,0.3300055095127651,0.29333066940307617,0.10766307371003288,0.18248226812907625,0.6233361789158413,0.2901453418391091
llava,vilp,vilp-10-case3,non_hallucination,0,0,0.3297775035362671,1.0006238975460913,0.3107221133713595,-38.2005519579925,0.32371588548024494,0.28273916244506836,0.12916443083021376,0.16520949204762778,0.6064550479253132,0.29437392287784153
llava,vilp,vilp-10-case1,non_hallucination,0,1,0.23246595262535258,1.0003402016949936,0.26353095252514924,-33.75203781402259,0.35397985246446395,0.3381674289703369,0.0754248599211375,0.13117057747311062,0.6921472814348009,0.20659543739424813
llava,hallusionbench,hallusionbench-image-VD-ocr-0-1-0,non_hallucination,0,1,0.34284766124224986,1.0004387864241588,0.5014892744121144,-39.22757098463528,0.3267157588686262,0.274231025150844,0.11924779840878078,0.19107485668999807,0.6009467840194702,0.3103226550987789
llava,hallusionbench,hallusionbench-image-VS-map-6-2-1,non_hallucination,0,1,0.3519341467382888,1.000455960241526,0.32762072770904804,-37.38906226938574,0.31372313840048655,0.2815911258969988,0.15676011357988628,0.16292100293295725,0.5953142642974854,0.31968111651284353
llava,vilp,vilp-43-case3,non_hallucination,0,1,0.24379262038056954,1.0009694026727978,-0.0,-33.795529822367286,0.3326795952660697,0.3532422440392631,0.057378788079534254,0.1584173824105944,0.6859218393053328,0.21579617049012864
llava,vilp,vilp-254-case1,non_hallucination,0,1,0.29218889924958114,1.0008496076910793,-0.0,-41.275759631305824,0.3166328012943268,0.315637719631195,0.07245011925697326,0.18462411761283876,0.6322705209255218,0.257074236869812
llava,vilp,vilp-285-case3,non_hallucination,0,1,0.27112520971524323,1.000709785469981,-0.0,-27.85025633442305,0.33396637439727783,0.3311840742826462,0.09901515394449234,0.14474231749773026,0.665150448679924,0.2437574714422226
llava,vilp,vilp-6-case2,non_hallucination,0,1,0.272295400332053,1.0012895626646918,-0.0,-44.89064280267457,0.3290609253777398,0.3255387412177192,0.08428699440426296,0.15616723563936022,0.654599666595459,0.24045423004362318
llava,hallusionbench,hallusionbench-image-VS-map-6-1-0,non_hallucination,0,1,0.3845405009970327,1.0003357497106962,0.6106270818300612,-43.17848622108209,0.3003585764339992,0.2657531074115208,0.17679062911442348,0.17389047145843506,0.56611168384552,0.3506811005728585
llava,vilp,vilp-126-case2,non_hallucination,0,1,0.28237128674656725,1.0011421999708374,-0.0,-33.038030689034585,0.34799810498952866,0.306411549448967,0.09246809408068657,0.16209646314382553,0.6544096544384956,0.2545645572245121
llava,vilp,vilp-105-case1,non_hallucination,0,1,0.3060494723993772,1.0009207193173704,0.3146347823012109,-39.674324648564955,0.3212950900197029,0.3150363564491272,0.11909372359514236,0.1591559499502182,0.6363314464688301,0.27824967354536057
llava,hallusionbench,hallusionbench-image-VD-figure-2-0-1,non_hallucination,0,1,0.31510221462845833,1.0011297881209358,-0.0,-44.52951787716061,0.33973681926727295,0.2857682194028582,0.12243214249610901,0.1598095680986132,0.6255050386701311,0.2822417105947222
llava,hallusionbench,hallusionbench-image-VD-ocr-3-0-2,non_hallucination,0,1,0.3330419152320026,1.0000953719792587,-0.0,-26.30145886518639,0.3184424638748169,0.2922058360917228,0.10246117200170245,0.19916812011173796,0.6106482999665397,0.3016292921134404
llava,vilp,vilp-296-case1,non_hallucination,0,1,0.35034091633046915,1.0004158884595882,0.3100173859484542,-33.0258382682747,0.2951743943350656,0.3019304701260158,0.07205025106668472,0.24657427413122995,0.5971048644610815,0.3186245251979147
llava,hallusionbench,hallusionbench-image-VD-ocr-2-0-1,non_hallucination,0,1,0.3448886689417343,1.0017161773705823,-0.0,-38.60166327479762,0.3288519893373762,0.2733139821461269,0.12565762656075613,0.18807649612426758,0.602165971483503,0.3137341226850237
llava,vilp,vilp-11-case1,non_hallucination,0,1,0.2768024130557989,1.0007568679044196,-0.0,-43.04197554555235,0.32610979345109725,0.3248058160146078,0.09326807657877605,0.15164898501502144,0.650915609465705,0.2449170615937975
llava,hallusionbench,hallusionbench-image-VS-map-2-1-0,non_hallucination,0,1,0.4090456203310861,1.0002918669256855,0.6122115535913771,-38.8311776985163,0.28909850120544434,0.25321385690144127,0.1481725105217525,0.22435680457523893,0.5423123581068856,0.37252931509699144
llava,vilp,vilp-97-case1,non_hallucination,0,1,0.25407782288989444,1.0010152244644874,0.32519738514238083,-39.3695640370783,0.31299739331007004,0.36408908665180206,0.07515846565365791,0.15249905735254288,0.6770864799618721,0.2276575230062008
llava,vilp,vilp-283-case1,non_hallucination,0,1,0.2679243208654353,1.0009321740115078,-0.0,-29.854520186039476,0.3347749635577202,0.33056870102882385,0.08319417387247086,0.15729589760303497,0.665343664586544,0.24049007147550583
llava,vilp,vilp-128-case1,non_hallucination,0,1,0.39458626268157604,1.0010009049292605,0.3217080688279556,-37.158709721935075,0.3099307715892792,0.24769502133131027,0.18306127935647964,0.1773926168680191,0.5576257929205894,0.36045389622449875
llava,vilp,vilp-121-case2,non_hallucination,0,1,0.35961410538868355,1.0007069224204146,0.32103142730514567,-35.07942658845819,0.31136487424373627,0.26916712522506714,0.15772131830453873,0.16379303485155106,0.5805319994688034,0.3215143531560898
llava,vilp,vilp-6-case1,non_hallucination,0,1,0.3455624787135102,1.000436242179992,0.19604812936402105,-27.542217911828807,0.3041833374235365,0.28947385152180993,0.15839752223756576,0.15058662494023642,0.5936571889453464,0.3089841471778022
llava,hallusionbench,hallusionbench-image-VD-figure-8-0-0,non_hallucination,0,1,0.29649549451727697,1.0013226665554003,0.3270169337813656,-39.34912510507664,0.33350564752306255,0.310731189591544,0.07564741373062134,0.19151605878557476,0.6442368371146066,0.2671634725161961
llava,vilp,vilp-128-case2,non_hallucination,0,1,0.3445973342086569,1.0004788591232774,0.32521853804294126,-34.64411996296318,0.3135046192577907,0.288346460887364,0.1310229344027383,0.18158302988324848,0.6018510801451546,0.31260596428598675
llava,vilp,vilp-135-case1,non_hallucination,0,1,0.32841931535485014,1.0007145572374605,0.2614555606594981,-31.997051225621625,0.3160409927368164,0.2948785871267319,0.131124347448349,0.16361849755048752,0.6109195798635483,0.2947428449988365
llava,vilp,vilp-156-case3,non_hallucination,0,1,0.3743916783946614,1.0002708801872733,0.2835748994170295,-25.60100564108962,0.3000598762716566,0.27353689500263756,0.18482549275670734,0.1540007506098066,0.5735967712742942,0.33882624336651396
llava,vilp,vilp-96-case2,non_hallucination,0,0,0.3515360286731307,1.0005246584591514,0.33127183195547283,-26.67493506492955,0.3339273002412584,0.25503165192074245,0.13934054639604357,0.17542419168684217,0.5889589521620009,0.31476473808288574
llava,vilp,vilp-37-case1,non_hallucination,0,1,0.2322123303983156,1.0006582518310312,0.16233665491624535,-30.101178477892816,0.3428126743861607,0.35874150480542866,0.07211216219833919,0.13708141020366124,0.7015541791915894,0.20919357240200043
llava,mmvet,mmvet-v1_116,non_hallucination,0,1,0.35617286777990925,1.0005170250909128,0.5252594030765899,-32.5319485697901,0.32240475714206696,0.2624577507376671,0.10232444480061531,0.21478763222694397,0.584862507879734,0.3171120770275593
llava,hallusionbench,hallusionbench-image-VD-ocr-2-1-0,non_hallucination,0,1,0.26924124854408926,1.0022417362367084,-0.0,-36.43070363539476,0.34565212896892006,0.3244136486734663,0.07080568160329546,0.17253119604928152,0.6700657776423864,0.243336877652577
llava,hallusionbench,hallusionbench-image-VD-figure-19-1-1,non_hallucination,0,1,0.3659410411870112,1.0015576082979891,0.32491737266275617,-45.75724705109719,0.30974457945142475,0.2711239201681954,0.1382492184638977,0.1921653151512146,0.5808684996196202,0.3304145336151123
llava,hallusionbench,hallusionbench-image-VS-ocr-7-1-0,non_hallucination,0,1,0.3834677033569138,1.0003605538755305,0.47063614269192283,-28.957314998018926,0.3097563896860395,0.2563058478491647,0.10854514156069076,0.23990629400525776,0.5660622375352042,0.3484514355659485
llava,vilp,vilp-8-case1,non_hallucination,0,1,0.2709169157828848,1.0007791373950377,0.0025980699072602935,-31.85245351607871,0.34786328342225814,0.30864433447519934,0.0922060145272149,0.14754945702022976,0.6565076178974575,0.23975547154744464
llava,vilp,vilp-141-case1,non_hallucination,0,1,0.25871800289075975,1.0023296748170778,-0.0,-42.19816184321334,0.33186488492148264,0.34921308926173616,0.07268089481762477,0.16235609565462383,0.6810779741832188,0.2350369904722486
llava,vilp,vilp-90-case1,non_hallucination,0,1,0.25475543608781176,1.0002766037995359,0.6269343858030417,-36.23161906848673,0.3374176451138088,0.3436800411769322,0.06498330192906515,0.163672821862357,0.681097686290741,0.22865612379142214
llava,hallusionbench,hallusionbench-image-VS-map-3-1-1,non_hallucination,0,1,0.34286910319686925,1.0017429264354585,0.29024703230243537,-37.98219309613292,0.3142704452787127,0.29223571504865375,0.12864712732178823,0.18438575948987687,0.6065061603273665,0.3130328868116651
llava,vilp,vilp-131-case1,non_hallucination,0,1,0.262301510708545,1.0027356942258197,-0.0,-44.6182245990579,0.3245187732908461,0.3417206207911173,0.06260745392905341,0.1711703936258952,0.6662393940819634,0.23377784755494863
llava,hallusionbench,hallusionbench-image-VD-illusion-29-1-0,non_hallucination,0,1,0.30803294108821744,1.00078995418357,0.4933911417427832,-31.975577549723305,0.3302777920450483,0.3031430585043771,0.10534048080444336,0.17234928267342703,0.6334208505494254,0.2776897634778704
llava,vilp,vilp-245-case1,non_hallucination,0,1,0.3863445486120951,1.0019053468063732,-0.0,-31.606725934622958,0.29050213098526,0.26923683285713196,0.15895698964595795,0.19030985981225967,0.559738963842392,0.3492668494582176
llava,hallusionbench,hallusionbench-image-VD-ocr-5-1-0,non_hallucination,0,1,0.34600632747701904,1.0005761852180772,0.6115281650500334,-44.48455885878773,0.3090343305042812,0.2896858709199088,0.11640302198273794,0.19771195309502737,0.5987202014241899,0.3141149750777653
llava,mmvet,mmvet-v1_136,non_hallucination,0,1,0.45731477969443923,1.0006372574056384,0.5280930795623868,-30.120632981910273,0.2839752691132682,0.21466762678963797,0.15298151969909668,0.2640133925846645,0.49864289590290617,0.4169949122837612
llava,vilp,vilp-82-case3,non_hallucination,0,1,0.2609565854245407,1.0013742344115348,0.28994013559746434,-36.02631873923991,0.3385986770902361,0.335164087159293,0.06290125633989062,0.171038419008255,0.6737627642495292,0.23393967534814564
llava,vilp,vilp-251-case1,non_hallucination,0,1,0.3712997181684956,1.0023679113890758,-0.0,-39.24490355445408,0.31041815545823837,0.2601953546206156,0.16168263223436144,0.17062034209569293,0.570613510078854,0.3323029743300544
llava,hallusionbench,hallusionbench-image-VD-ocr-9-0-0,non_hallucination,0,1,0.4540236747858859,1.0007155115936868,0.6114118610833417,-40.45591610417043,0.27834016936165945,0.2214172227042062,0.17823619501931326,0.2337153809411185,0.49975739206586567,0.41195157596043175
llava,vilp,vilp-43-case2,non_hallucination,0,1,0.2379422859416041,1.0001144474665804,0.13054015483136094,-11.214390665257177,0.3319915788514274,0.36236582483564106,0.05834143928119115,0.15432208776474,0.6943574036870684,0.21266352704593114
llava,vilp,vilp-260-case1,non_hallucination,0,1,0.2336342409292681,1.0012176291368802,0.5009584606014386,-41.386364196390225,0.3449658581188747,0.35611789567129953,0.07328212686947413,0.13745034166744777,0.7010837537901742,0.2107324685369219
llava,vilp,vilp-259-case2,non_hallucination,0,1,0.35486993997399907,1.0006258060865343,0.4901289071869008,-25.5126970610992,0.31714494340121746,0.276505489833653,0.13606427237391472,0.18713225703686476,0.5936504332348704,0.3231965294107795
llava,vilp,vilp-94-case1,non_hallucination,0,1,0.37062727528476036,1.0022156110436742,-0.0,-43.05017282087767,0.293590999311871,0.27444879876242745,0.174074058731397,0.15538513991567823,0.5680397980742984,0.32945919864707524
llava,hallusionbench,hallusionbench-image-VD-figure-9-1-1,non_hallucination,0,1,0.36503739764201215,1.0009904040669488,0.3189959626787366,-29.912210213647548,0.30885638509477886,0.27185905831200735,0.15970664364950998,0.169330929006849,0.5807154434067863,0.329037572656359
llava,hallusionbench,hallusionbench-image-VD-illusion-8-1-0,non_hallucination,0,1,0.3178321210247438,1.0012672818160127,0.49716841015763624,-37.23746162726681,0.3380056279046195,0.28463672740118845,0.10770498854773386,0.17806208985192434,0.622642355305808,0.2857670783996582
llava,vilp,vilp-160-case1,non_hallucination,0,1,0.3536008054719948,1.0035137730130879,-0.0,-41.60957873747426,0.31446100984300884,0.27839540583746775,0.13028213381767273,0.1894698143005371,0.5928564156804765,0.31975194811820984
llava,hallusionbench,hallusionbench-image-VD-figure-12-0-1,non_hallucination,0,1,0.36149965775209025,1.0005876359693122,-0.0,-9.716196898815035,0.3259498562131609,0.2602928451129368,0.17096352577209473,0.15578603744506836,0.5862427013260978,0.3267495632171631
llava,vilp,vilp-220-case1,non_hallucination,0,1,0.26354414508639407,1.0036509560168534,-0.0,-38.769963265638744,0.3549666537178887,0.3159030146068997,0.11479594972398546,0.12192676464716592,0.6708696683247883,0.2367227143711514
llava,hallusionbench,hallusionbench-image-VS-table-8-2-2,non_hallucination,0,1,0.36396203386722614,1.0008166785152885,0.6052398253127795,-30.513445208659235,0.31595505135399954,0.26942277806145803,0.12076646089553833,0.2119402459689549,0.5853778294154576,0.3327067068644932
llava,mmvet,mmvet-v1_137,non_hallucination,0,1,0.40769238361765237,1.0039655906417795,-0.0,-51.18424037508709,0.29782168354306904,0.24246770995003836,0.14300554565020968,0.22327067170824322,0.5402893934931075,0.3662762173584529
llava,hallusionbench,hallusionbench-image-VD-video-18-2-0,non_hallucination,0,1,0.4074757540818299,1.0008529483926336,0.6117438324112201,-42.70750735965858,0.304534375667572,0.2358247126851763,0.197962829044887,0.1699308582714626,0.5403590883527483,0.3678936873163496
llava,hallusionbench,hallusionbench-image-VS-ocr-11-1-1,non_hallucination,0,1,0.286875143385952,1.0032668908563982,-0.0,-35.381052438348284,0.3624565601348877,0.2915689945220947,0.06920922654015677,0.18932433639253887,0.6540255546569824,0.25853356293269564
llava,vilp,vilp-79-case1,non_hallucination,0,1,0.3235343638659667,1.0021490267412259,0.29996751512426245,-35.19558356385151,0.3111964613199234,0.3050385117530823,0.09223654866218567,0.1986026167869568,0.6162349730730057,0.29083916544914246
llava,hallusionbench,hallusionbench-image-VD-ocr-6-1-1,non_hallucination,0,1,0.32663942718582045,1.0002021993946206,0.6726196281882499,-40.314792123407585,0.327426084450313,0.28954469306128366,0.12451958656311035,0.17149914162499563,0.6169707775115967,0.296018728188106
llava,vilp,vilp-126-case1,non_hallucination,0,1,0.26933991358583437,1.0012068077259297,0.21049086844653053,-30.85300205552892,0.3297671543227302,0.32831569512685144,0.0822127792570326,0.15750008159213597,0.6580828494495816,0.23971286084916857
llava,vilp,vilp-118-case1,non_hallucination,0,1,0.2642621336470753,1.0008274957095793,0.04949692993726113,-18.567178953277683,0.3293272720442878,0.3348651991950141,0.104878478580051,0.1294944551255968,0.6641924712393019,0.2343729337056478
llava,hallusionbench,hallusionbench-image-VS-map-4-1-1,non_hallucination,0,1,0.279587186322002,1.000278511677568,0.14348859617030707,-4.809579077710595,0.342082176889692,0.31683673177446636,0.08888471126556396,0.1630682349205017,0.6589189086641584,0.2519529461860657
llava,vilp,vilp-217-case1,non_hallucination,0,1,0.3951400339490576,1.0022857045624483,-0.0,-35.53356902752495,0.2925335019826889,0.2612903490662575,0.1253693327307701,0.23268800973892212,0.5538238510489464,0.35805734246969223
llava,vilp,vilp-228-case1,non_hallucination,0,1,0.4198547022269215,1.0001831222335795,0.6329685824095561,-30.82788053818931,0.28659468293190005,0.2363131046295166,0.12725188732147216,0.2472872853279114,0.5229077875614166,0.3745391726493835
llava,vilp,vilp-95-case1,non_hallucination,0,1,0.39612319897415527,1.0038688922228702,-0.0,-38.883534203122046,0.29952874779701233,0.24947001785039902,0.11830467730760574,0.23536337912082672,0.5489987656474113,0.35366805642843246
llava,mmvet,mmvet-v1_33,non_hallucination,0,1,0.3731131661329524,1.0014296250669665,0.5045019709510814,-37.00167439803858,0.3385164567402431,0.23914546625954763,0.1657451731818063,0.1740194388798305,0.5776619229997908,0.3397646120616368
llava,vilp,vilp-260-case2,non_hallucination,0,1,0.2701448957061086,1.0008300409487565,0.3508714957104057,-19.30595151509625,0.34390515089035034,0.32510731049946373,0.08213778904506139,0.16232641679900034,0.6690124613898141,0.24446420584406173
llava,vilp,vilp-157-case2,non_hallucination,0,1,0.3790584239327993,1.0004149343891047,0.04507005602194203,-6.19366546712191,0.29414402693510056,0.26957928389310837,0.15530355647206306,0.18513628840446472,0.5637233108282089,0.3404398448765278
llava,hallusionbench,hallusionbench-image-VD-figure-2-0-0,non_hallucination,0,1,0.3582414028520735,1.001842286358802,0.5030274382137124,-39.48647299922014,0.3204677275248936,0.26713900906699045,0.14233599816049847,0.18097272089549474,0.587606736591884,0.32330871905599323
llava,vilp,vilp-136-case1,non_hallucination,0,1,0.38815763517891777,1.000690698627596,0.6440892305236244,-34.03095950125819,0.2926739528775215,0.26552439481019974,0.12538140639662743,0.2236771285533905,0.5581983476877213,0.34905853495001793
llava,vilp,vilp-175-case1,non_hallucination,0,1,0.39216668582824193,1.005952360583034,-0.0,-38.735091038693156,0.2757646143436432,0.27763114124536514,0.16681968420743942,0.1851448267698288,0.5533957555890083,0.3519645109772682
llava,vilp,vilp-177-case1,non_hallucination,0,1,0.34839136645555246,1.007110003397356,-0.0,-35.35594557142736,0.28879520297050476,0.301975317299366,0.11064236983656883,0.20131045579910278,0.5907705202698708,0.3119528256356716
llava,vilp,vilp-257-case1,non_hallucination,0,1,0.2775800064034004,1.0008090429191223,0.49324296592860756,-25.37592553030931,0.3382737769020928,0.31507017877366805,0.08746610416306388,0.16023242473602295,0.6533439556757609,0.24769852889908683
llava,vilp,vilp-280-case1,non_hallucination,0,1,0.3514840341794967,1.0003395656960237,0.24463710085371712,-11.142879115084963,0.3099408547083537,0.28272173139784074,0.10739369524849784,0.21017252074347603,0.5926625861061945,0.3175662159919739
llava,vilp,vilp-102-case2,non_hallucination,0,1,0.2568992289692939,1.0013417654517314,0.4565975053182457,-29.76396228278557,0.3367914983204433,0.3454444578715733,0.07276014132159098,0.16026795761925833,0.6822359561920166,0.2330280989408493
llava,vilp,vilp-133-case1,non_hallucination,0,1,0.4223002729728937,1.0050787714268719,-0.0,-35.19114672913872,0.2795857105936323,0.25212132930755615,0.19713858195713588,0.18758785724639893,0.5317070399011885,0.3847264392035348
llava,vilp,vilp-237-case1,non_hallucination,0,1,0.2658698172898096,1.0032668908563982,-0.0,-34.06423302121082,0.34238723665475845,0.32414358854293823,0.08655250817537308,0.15069695562124252,0.6665308251976967,0.2372494637966156
llava,vilp,vilp-99-case1,non_hallucination,0,1,0.23835131058912634,1.0009121283827938,0.6329764158481257,-35.64745291400597,0.33910683223179405,0.3571864025933402,0.07217138154166085,0.14234788928713119,0.6962932348251343,0.21451927082879202
llava,vilp,vilp-197-case1,non_hallucination,0,1,0.28140464754430994,1.0023169296172105,0.00210461692798817,-22.020355133393974,0.32471705807579887,0.32659622033437097,0.06367912391821544,0.18888045681847465,0.6513132784101698,0.2525595807366901
llava,vilp,vilp-195-case3,non_hallucination,0,1,0.30785525065868974,1.0013541799296948,0.3560158769617983,-15.806336427253722,0.3104275166988373,0.3189355432987213,0.12489618360996246,0.15071898698806763,0.6293630599975586,0.2756151705980301
llava,mmvet,mmvet-v1_132,non_hallucination,0,1,0.25334924575981055,1.0029081588066442,0.3143595822410175,-27.555934763451965,0.35982978343963623,0.3231407105922699,0.0690934956073761,0.15920032560825348,0.6829704940319061,0.22829382121562958
llava,hallusionbench,hallusionbench-image-VD-ocr-14-1-1,non_hallucination,0,1,0.3271748898506438,1.0002327236091415,0.6247266330775155,-16.13545011135706,0.31264734268188477,0.306244432926178,0.11525123885699681,0.18259723697389874,0.6188917756080627,0.2978484758308956
llava,hallusionbench,hallusionbench-image-VD-ocr-15-0-0,non_hallucination,0,1,0.3348961698617859,1.0031712164319517,-0.0,-26.566600921555253,0.3243623120444162,0.28547721249716623,0.12157937458583287,0.18193588086536952,0.6098395245415824,0.3035152554512024
llava,vilp,vilp-122-case2,non_hallucination,0,1,0.3343367557477379,1.0063822416255506,-0.0,-34.5465181268614,0.32744427770376205,0.28060293197631836,0.1307184174656868,0.17129169404506683,0.6080472096800804,0.30201011151075363
llava,vilp,vilp-187-case2,non_hallucination,0,1,0.342073477173629,1.0002699262550803,0.3441765011427382,-12.039898916172897,0.3110809177160263,0.2869031950831413,0.13142188638448715,0.17467216402292252,0.5979841127991676,0.30609405040740967
llava,vilp,vilp-271-case1,non_hallucination,0,1,0.41800072414806555,1.0004731343537037,0.30626603296316096,-11.874297210516822,0.2871263325214386,0.24594376236200333,0.155305877327919,0.22432054579257965,0.5330700948834419,0.37962642312049866
llava,vilp,vilp-142-case1,non_hallucination,0,1,0.33586063693981627,1.004793173704047,-0.0,-31.587805727314414,0.31257617473602295,0.2980188876390457,0.11475998535752296,0.19181255251169205,0.6105950623750687,0.306572537869215
llava,hallusionbench,hallusionbench-image-VD-illusion-17-1-1,non_hallucination,0,1,0.3611141175725816,1.0014315351442145,-0.0,-14.366795443562602,0.327057557446616,0.2566596695355007,0.14742617096219743,0.17730655840465,0.5837172269821167,0.32473272936684744
llava,vilp,vilp-256-case2,non_hallucination,0,1,0.32346898428547,1.0004511897071298,0.665848658505966,-27.71488046953011,0.3067941963672638,0.3077967166900635,0.12324544042348862,0.1662856936454773,0.6145909130573273,0.2895311340689659
llava,hallusionbench,hallusionbench-image-VD-figure-11-0-0,non_hallucination,0,1,0.49072279437671174,1.0014983901431453,0.6070320511698715,-36.798402640636404,0.2729071038109916,0.19176076139722553,0.25123245375497,0.19155319247926983,0.4646678652082171,0.4427856462342398
llava,vilp,vilp-101-case3,non_hallucination,0,1,0.26748356634371734,1.000980857924075,0.6209005155337405,-29.501549093498262,0.34257689118385315,0.32199032604694366,0.07312027364969254,0.16426077485084534,0.6645672172307968,0.23738104850053787
llava,hallusionbench,hallusionbench-image-VD-ocr-15-0-1,non_hallucination,0,1,0.4127894115629459,1.0006353488433537,0.33990299081969494,-11.072093121159533,0.29943251609802246,0.2395889333316258,0.20693457978112356,0.1679668426513672,0.5390214494296482,0.37490142243249075
llava,vilp,vilp-252-case1,non_hallucination,0,1,0.42606613313783864,1.0116847644285616,-0.0,-34.86554692733071,0.28957658343844944,0.23193158706029254,0.17139378521177503,0.21087908744812012,0.521508170498742,0.3822728726598952
llava,vilp,vilp-218-case3,non_hallucination,0,1,0.34349149166355697,1.00011699089238,0.6734255758596287,-40.018924514120684,0.31237456533643937,0.2813083860609267,0.1279943452941047,0.1789790259467231,0.593682951397366,0.3069733712408278
llava,hallusionbench,hallusionbench-image-VS-chart-19-1-0,non_hallucination,0,1,0.3866422465073565,1.0025877999864532,0.4868368616265808,-20.525098883301922,0.27285661016191753,0.28901028633117676,0.1744576437132699,0.1772670490401132,0.5618668964930943,0.35172469275338314
llava,hallusionbench,hallusionbench-image-VD-math-12-0-0,non_hallucination,0,1,0.35274065313831815,1.0024692453593527,0.23362735437524154,-15.546387488024958,0.3180979830878121,0.27876394987106323,0.1305478002343859,0.19155252831322805,0.5968619329588754,0.32210032854761395
llava,hallusionbench,hallusionbench-image-VD-video-0-0-0,non_hallucination,0,1,0.3648447798584181,1.0029990254593117,0.6120311825053246,-35.44384436833632,0.32280753340039936,0.257789032799857,0.14923980406352452,0.17948786701474873,0.5805965662002563,0.3287276710782733
llava,vilp,vilp-191-case1,non_hallucination,0,1,0.38209228301062237,1.0021996813821428,0.34280491456157447,-11.700584933562876,0.2912294939160347,0.27297575771808624,0.1298454850912094,0.21492214500904083,0.5642052516341209,0.34476763010025024
llava,vilp,vilp-122-case3,non_hallucination,0,1,0.2553139868706895,1.000509391780912,0.17388440821321086,-3.6452060328518385,0.34094893080847605,0.33912856238228933,0.07472773109163557,0.1543345706803458,0.6800774931907654,0.2290623017719814
llava,hallusionbench,hallusionbench-image-VD-illusion-14-0-3,non_hallucination,0,1,0.3423510158163683,1.0015919946398941,0.6093185372493789,-31.03933094022993,0.31788206100463867,0.284537068435124,0.15393116644450594,0.15566369465419225,0.6024191294397627,0.30959486109869816
llava,vilp,vilp-81-case1,non_hallucination,0,1,0.2693878435174851,1.0037664595034257,0.4960357413501148,-31.71736806790502,0.3368392586708069,0.32565508782863617,0.10337968543171883,0.1379288174211979,0.662494346499443,0.24130850285291672
llava,vilp,vilp-32-case3,non_hallucination,0,0,0.3635393113791634,1.0007797736734796,0.47171617064651983,-7.998294178208237,0.29081010818481445,0.29051462809244794,0.1344734099176195,0.19488120079040527,0.5813247362772624,0.32935461070802474
llava,vilp,vilp-236-case1,non_hallucination,0,1,0.3852977701898671,1.0016091882535623,0.5120759676075113,-16.90422645698392,0.30381982939110863,0.2537620762983958,0.13713089211119545,0.2092653065919876,0.5575819056895044,0.34639619870318306
llava,mmvet,mmvet-v1_109,non_hallucination,0,1,0.39936395320949303,1.004591962310141,0.5235568710397726,-33.922311485986825,0.31364560978753225,0.2373942903109959,0.17231381790978567,0.18809490544455393,0.5510399000985282,0.3604087233543396
llava,hallusionbench,hallusionbench-image-VS-table-10-1-0,non_hallucination,0,1,0.4183528406150558,1.0012271775377908,0.5931012664338617,-17.252365604208777,0.3003968851906913,0.23360862050737652,0.1439950168132782,0.2354247314589364,0.5340055056980678,0.3794197482722146
llava,hallusionbench,hallusionbench-image-VD-ocr-14-0-0,non_hallucination,0,1,0.5300582218681189,1.000354829782903,0.6931464797577704,-36.560591650355335,0.24474075862339562,0.18803914955684117,0.17787174667630878,0.30885192326137,0.4327799081802368,0.4867236699376788
llava,vilp,vilp-120-case2,non_hallucination,0,1,0.3542761691855232,1.0047605938871846,0.32061399608544056,-32.58185974355737,0.30299298252378193,0.2875980819974627,0.1410772885595049,0.17904315676007954,0.5905910645212447,0.32012044531958445
llava,vilp,vilp-44-case3,non_hallucination,0,1,0.30387971418094395,1.0002600690090226,0.6096140234002447,-10.581299646586789,0.31963813304901123,0.3088503281275431,0.10117283463478088,0.16900472508536446,0.6284884611765543,0.27017755972014534
llava,vilp,vilp-291-case1,non_hallucination,0,1,0.3063587849074626,1.0009044920584054,0.6359630584229232,-19.017474058544614,0.3107280284166336,0.3185701370239258,0.09947158023715019,0.17478597164154053,0.6292981654405594,0.2742575518786907
llava,vilp,vilp-115-case1,non_hallucination,0,1,0.29060344365967605,1.0024118852501172,0.17828267676942025,-6.726758212284665,0.3063899108341762,0.3400743007659912,0.07299985630171639,0.18790399176733835,0.6464642116001674,0.26090384806905476
llava,vilp,vilp-104-case1,non_hallucination,0,1,0.25558938019698885,1.0155355870808844,-0.0,-43.504295946038155,0.34086573868989944,0.33692020177841187,0.08243511617183685,0.14638464525341988,0.6777859404683113,0.22881976142525673
llava,vilp,vilp-262-case1,non_hallucination,0,1,0.27571478934275234,1.0049618390565895,-0.0,-33.1103123911609,0.3192397781780788,0.3423358201980591,0.08335116079875401,0.16418778896331787,0.6615755983761379,0.24753894976207189
llava,hallusionbench,hallusionbench-image-VD-illusion-4-0-0,non_hallucination,0,1,0.34433235645277854,1.004672442032104,-0.0,-34.173624078891265,0.32877326011657715,0.2716077140399388,0.1405809564249856,0.17056169680186678,0.6003809741565159,0.3111426532268524
llava,hallusionbench,hallusionbench-image-VD-video-4-0-0,non_hallucination,0,1,0.3476225158442465,1.0089586528702705,-0.0,-31.493195139202967,0.3193491612161909,0.2769384724753244,0.13983140672956196,0.1739868606839861,0.5962876336915153,0.31381826741354807
llava,hallusionbench,hallusionbench-image-VS-table-8-2-4,non_hallucination,0,1,0.343447149023574,1.0007804099523263,0.672448998226349,-32.13296586957762,0.3261859587260655,0.2786337307521275,0.12817009857722692,0.18527351106916154,0.604819689478193,0.31344360964638845
llava,hallusionbench,hallusionbench-image-VD-illusion-17-1-0,non_hallucination,0,1,0.3772668688172088,1.0047720925254506,0.32398296856966335,-42.13931281681481,0.31894939286368235,0.25079641171864103,0.1364255292075021,0.2045417513166155,0.5697458045823234,0.3409672805241176
llava,hallusionbench,hallusionbench-image-VS-table-8-3-5,non_hallucination,0,1,0.38164193269402824,1.0007842276339012,0.6931462892040101,-35.07174676808458,0.3069779872894287,0.2612514410700117,0.10852023959159851,0.23923044545309885,0.5682294283594405,0.34775068504469736
llava,hallusionbench,hallusionbench-image-VD-ocr-5-0-1,non_hallucination,0,1,0.26406189483980763,1.0012901992676537,0.6203823316396261,-21.31219555034343,0.33546802827290123,0.33756470680236816,0.08792167901992798,0.15090357405798777,0.6730327350752694,0.23882525307791574
llava,hallusionbench,hallusionbench-image-VS-table-8-3-3,non_hallucination,0,1,0.3354742983211064,1.001080142260093,0.6224439839190348,-6.01877413646503,0.3225793497903006,0.28739072595323834,0.11949654136385236,0.1852008785520281,0.6099700757435389,0.30469741991588045
llava,vilp,vilp-158-case1,non_hallucination,0,1,0.3066694784141405,1.018469499892573,-0.0,-33.54323969687883,0.31119048595428467,0.32377288171223234,0.09215282542364939,0.18518591778618948,0.634963367666517,0.27733874320983887
llava,vilp,vilp-195-case1,non_hallucination,0,1,0.33169718020000205,1.0059192635204341,0.3274726704593115,-31.932297732963562,0.3169720470905304,0.28454141318798065,0.13556917011737823,0.1596423551440239,0.601513460278511,0.29521152526140215
llava,vilp,vilp-251-case3,non_hallucination,0,1,0.2801844383028395,1.0018633060669737,0.6296463203577376,-28.526479021816062,0.3542591780424118,0.3023763597011566,0.0689498782157898,0.18255213648080826,0.6566355377435684,0.25150201469659805
llava,hallusionbench,hallusionbench-image-VS-map-3-1-0,non_hallucination,0,1,0.3533099824697846,1.0022837928560033,0.6129346561028217,-33.4452552422137,0.31018137080328806,0.28731476409094675,0.14203963535172598,0.18109276465007237,0.5974961348942348,0.3231324000017983
llava,vilp,vilp-0-case2,non_hallucination,0,1,0.2742876083812201,1.03844014489924,-0.0,-35.22429195781046,0.3285782848085676,0.33695803369794575,0.08045927541596548,0.1678683842931475,0.6655363185065133,0.24832765970911297
llava,mmvet,mmvet-v1_134,non_hallucination,0,1,0.28337112779621687,1.0013837843059568,0.6822862576734545,-41.10633072882324,0.35990840196609497,0.3009078587804522,0.07875622596059527,0.17942215715135845,0.6608162607465471,0.25817838311195374
llava,hallusionbench,hallusionbench-image-VD-figure-14-0-0,non_hallucination,0,1,0.5111083954074391,1.0012940188939243,0.6636922747550709,-21.472808696104725,0.2550655262810843,0.19505558695111958,0.20745091778891428,0.2606322169303894,0.4501211132322039,0.4680831347193037
llava,hallusionbench,hallusionbench-image-VS-ocr-11-2-1,non_hallucination,0,1,0.27738511057111725,1.0071263312637615,0.3272497298670407,-38.6518240999525,0.36676204204559326,0.29548440660749165,0.07049712538719177,0.1790703705378941,0.6622464486530849,0.24956749592508587
llava,vilp,vilp-260-case3,non_hallucination,0,1,0.29783403385681767,1.0043314055393437,0.5830635409475109,-32.19067131308276,0.31880007471357075,0.3255497217178345,0.1121132160936083,0.15750917792320251,0.6443497964314052,0.2696223940168108
llava,vilp,vilp-24-case1,non_hallucination,0,1,0.32432727221174945,1.004806589229808,0.00487929464576359,-21.022837598913686,0.32875730310167584,0.29353370836802894,0.11539701053074428,0.17976538624082294,0.6222910114697048,0.2951623967715672
llava,vilp,vilp-187-case1,non_hallucination,0,1,0.26712558789513063,1.0003347957166389,0.30282418010329815,1.5637514661374183,0.32893912494182587,0.33652275800704956,0.07217605784535408,0.16680710017681122,0.6654618829488754,0.2389831580221653
llava,vilp,vilp-108-case1,non_hallucination,0,1,0.33428031692750004,1.0064772624398524,0.30699348151944805,-24.386233658847672,0.3147846907377243,0.2915385663509369,0.12321566790342331,0.17693470418453217,0.6063232570886612,0.3001503720879555
llava,hallusionbench,hallusionbench-image-VD-video-19-1-3,non_hallucination,0,1,0.24744094201312666,1.0020104563731322,0.3326354899289985,-6.029418964758257,0.3434164694377354,0.34425510678972515,0.058501209531511576,0.16428188766751972,0.6876715762274606,0.2227830971990313
llava,hallusionbench,hallusionbench-image-VD-ocr-13-1-1,non_hallucination,0,1,0.28162777368079206,1.000660160437,0.520269393250997,4.007957183314417,0.35166026864733013,0.30630704334803993,0.09098144514220102,0.1631661398070199,0.6579673119953701,0.25414758494922096
llava,vilp,vilp-178-case2,non_hallucination,0,1,0.4011798009686989,1.000833858819659,0.6707317380976578,-15.234990298264542,0.29973626136779785,0.24739933758974075,0.17638587951660156,0.1859373226761818,0.5471355989575386,0.36232320219278336
llava,hallusionbench,hallusionbench-image-VD-video-5-1-0,non_hallucination,0,1,0.355883509464622,1.005335687030478,0.4424781413177332,-24.325593449415784,0.30740403277533396,0.2814479299954006,0.1485881379672459,0.173808182988848,0.5888519627707345,0.32239632095609394
llava,hallusionbench,hallusionbench-image-VS-chart-16-1-0,non_hallucination,0,1,0.37144219136519424,1.0013131172438396,0.3571975122594739,3.0707014008408677,0.3230687209538051,0.25668067591530935,0.15977030992507935,0.1794232726097107,0.5797493968691145,0.33919358253479004
llava,hallusionbench,hallusionbench-image-VD-figure-9-0-0,non_hallucination,0,1,0.35682785936909156,1.0016225612682474,0.6651156404829215,-22.737158108282323,0.3093131610325405,0.27455319677080425,0.1505574073110308,0.1689298493521554,0.5838663578033447,0.3194872566631862
llava,hallusionbench,hallusionbench-image-VD-ocr-10-0-1,non_hallucination,0,1,0.32383213195181487,1.00182891041049,0.12539758136882337,-3.6033596489647195,0.31550754819597515,0.30168879883629934,0.09304266316550118,0.1989944577217102,0.6171963470322746,0.2920371208872114
llava,mmvet,mmvet-v1_17,non_hallucination,0,1,0.25657954132607813,1.0030066777637827,0.6450049988935846,-29.777484259719344,0.3472518410001482,0.33456773417336605,0.0837889015674591,0.14853122404643468,0.6818195751735143,0.23232012561389379
llava,hallusionbench,hallusionbench-image-VD-ocr-10-1-0,non_hallucination,0,1,0.30911265168420554,1.006920811546037,-0.0,-16.137217494781684,0.3206381457192557,0.3114528570856367,0.07616751534598215,0.2033664584159851,0.6320910028048924,0.27953397376196726
llava,vilp,vilp-37-case3,non_hallucination,0,1,0.24936014181275795,1.003772203117611,0.6118190622621701,-36.25909049537127,0.3432475413594927,0.3449559211730957,0.06829825043678284,0.1569122757230486,0.6882034625325884,0.22521052615983145
llava,hallusionbench,hallusionbench-image-VD-math-6-0-0,non_hallucination,0,1,0.26967664313345924,1.0045095730832527,0.6088296894083416,-41.290834785284865,0.33371685232434956,0.331470821584974,0.08253693580627441,0.1593408499445234,0.6651876739093235,0.24187778575079782
llava,vilp,vilp-13-case1,non_hallucination,0,1,0.2960602494429834,1.0040977282920847,0.2490916608715305,-9.706354571615616,0.3256341740489006,0.31273244321346283,0.07905912771821022,0.18473665416240692,0.6383666172623634,0.26379578188061714
llava,vilp,vilp-274-case1,non_hallucination,0,1,0.42989239350717523,1.0023315866110358,0.018585394769283604,4.505121267205354,0.2807088825437758,0.23785452047983804,0.1598474383354187,0.22751182980007595,0.5185634030236138,0.38735926813549465
llava,mmvet,mmvet-v1_85,non_hallucination,0,1,0.3973511013621936,1.0034372139087044,0.6394125723815267,-37.45441617737109,0.31072416475840975,0.24078820432935444,0.15252378157206944,0.20561701910836355,0.5515123690877641,0.35814080068043297
llava,hallusionbench,hallusionbench-image-VD-illusion-28-1-0,non_hallucination,0,1,0.3088933395544745,1.0024826298571157,0.6768297753112618,-29.192880073314697,0.32561356680733816,0.3048697795186724,0.09751910396984645,0.17942798137664795,0.6304833463260106,0.27694708534649437
llava,vilp,vilp-134-case3,non_hallucination,0,1,0.22387095209498006,1.0041274137795457,0.6423150246413317,-32.91480042845965,0.34847410023212433,0.3579302579164505,0.057329315692186356,0.14370516315102577,0.7064043581485748,0.20103447884321213
llava,vilp,vilp-132-case1,non_hallucination,0,1,0.2191980001071221,1.0102816069145963,-0.0,-17.679101708922968,0.32831209897994995,0.3702552795410156,0.07059573233127595,0.12258373498916625,0.6985673785209656,0.1931794673204422
llava,hallusionbench,hallusionbench-image-VD-ocr-4-1-0,non_hallucination,0,1,0.3559344482571233,1.0001373385316352,0.6927505388439623,-22.98467465732194,0.31635684626443045,0.27365454605647493,0.1347898542881012,0.1860180582318987,0.5900113923209054,0.3208079125199999
qwen,hallusionbench,hallusionbench-image-VD-math-13-1-2,LUH,1,1,0.7450396095881076,1.0000114441572807,-0.0,-56.8720894102424,0.010843798518180847,0.18529358202097368,0.09905785930399992,0.47724373486577243,0.19613738053915453,0.5763015941697723
qwen,hallusionbench,hallusionbench-image-VD-math-13-1-1,LUH,1,1,0.7433902209339536,1.0000114441572807,-0.0,-54.145545341675586,0.012164002778578778,0.18522998751426228,0.0932101278888936,0.4828122586620097,0.19739399029284105,0.5760223865509033
qwen,hallusionbench,hallusionbench-image-VD-math-11-0-2,LUH,1,0,0.7348927071143354,1.0000343328647499,-0.0,-54.923500672544215,0.013252687089297235,0.19033333719993123,0.12884091844364087,0.44142384431800064,0.20358602428922845,0.5702647627616415
qwen,hallusionbench,hallusionbench-image-VD-math-12-0-0,LUH,1,1,0.7492940427601718,1.0000534071878318,-0.0,-54.46468926441546,0.010820537805557251,0.17927330367419186,0.13820759617552467,0.4344003249187859,0.19009384147974911,0.5726079210943106
qwen,hallusionbench,hallusionbench-image-VD-math-11-1-2,LUH,1,0,0.7410308698733878,1.000064851956313,-0.0,-55.57586871320096,0.012887083754247549,0.18415376118251253,0.13205048502707967,0.438638297878966,0.19704084493676008,0.5706887829060456
qwen,hallusionbench,hallusionbench-image-VD-math-12-1-0,LUH,1,0,0.7488658042858871,1.0000457774149414,-0.0,-50.85151677417054,0.00967117961572141,0.18061122602345991,0.140507595879691,0.43175699272934276,0.19028240563918133,0.5722645886090337
qwen,hallusionbench,hallusionbench-image-VS-map-4-2-1,LUH,1,0,0.6375394341931839,1.00006675943046,-0.0,-51.676361156588555,0.015897105542980895,0.2638926700669892,0.10876683313019422,0.3838767226861448,0.2797897756099701,0.492643555816339
qwen,hallusionbench,hallusionbench-image-VD-math-17-0-0,LUH,1,1,0.7769805044516631,1.0001449690030841,-0.0,-55.674014440878956,0.011046978588006934,0.15906014247816436,0.07638029419645972,0.5223224017084861,0.1701071210661713,0.5987026959049458
qwen,mmvet,mmvet-v1_113,LUH,1,1,0.6564359214056774,1.0000343328647499,-0.0,-46.49184872278379,0.01841039803563332,0.24815291774516202,0.1581137618240045,0.3516383365708955,0.26656331578079534,0.5097520983949
qwen,hallusionbench,hallusionbench-image-VD-figure-3-1-1,LUH,1,1,0.7442902014657959,1.0000801118513611,-0.0,-48.134247796119595,0.006952605381303904,0.18762748582022531,0.18284485778030085,0.3880802855199697,0.19458009120152922,0.5709251433002706
qwen,hallusionbench,hallusionbench-image-VD-math-17-1-0,LUH,1,1,0.7940098079154132,1.0001793068450353,-0.0,-55.1921964528462,0.01206484741094161,0.1444365151074468,0.08720025724294234,0.5252749190038565,0.1565013625183884,0.6124751762467988
qwen,hallusionbench,hallusionbench-image-VS-map-10-2-1,LUH,1,0,0.6709199773583002,1.0001144474665804,-0.0,-48.79946578180856,0.018421612223800347,0.23552686340954837,0.07039106378749926,0.4477961209355569,0.2539484756333487,0.5181871847230561
qwen,hallusionbench,hallusionbench-image-VD-figure-16-1-1,LUH,1,1,0.6658957156081141,1.000103002130527,-0.0,-48.09754788231603,0.013838567904063634,0.24068360425988022,0.14664139552992217,0.3627592884764379,0.25452217216394385,0.5094006840063601
qwen,hallusionbench,hallusionbench-image-VS-map-4-2-2,LUH,1,0,0.6516285469831171,1.0000877418862035,-0.0,-47.26334051262536,0.016791380181604504,0.25265310248550105,0.1531006414063123,0.35149028349895867,0.2694444826671055,0.5045909249052709
qwen,hallusionbench,hallusionbench-image-VD-math-3-1-2,LUH,1,1,0.6913839307748169,1.0000457774149414,-0.0,-45.23768825422329,0.01884857185032903,0.21964593809478136,0.062385349857563874,0.47340124480578366,0.2384945099451104,0.5357865946633475
qwen,mmvet,mmvet-v1_6,LUH,1,1,0.7950782769177763,1.0000839268615058,-0.0,-46.70199295752298,0.010089878525052751,0.14795617181427625,0.15232889992850168,0.46315278812330596,0.158046050339329,0.6154816880518077
qwen,hallusionbench,hallusionbench-image-VD-illusion-2-1-0,LUH,1,0,0.7003743032533054,1.0000495922941104,-0.0,-44.47611193488328,0.01326755540711539,0.21818978445870535,0.13965903982824207,0.4022401498288525,0.23145733986582073,0.5418991896570946
qwen,hallusionbench,hallusionbench-image-VD-illusion-11-0-0,LUH,1,0,0.6833620075378768,1.0001754914710457,-0.0,-48.84129633491438,0.008434326064829923,0.23755423876704002,0.11946706869164292,0.41362233064612564,0.24598856483186993,0.5330893993377686
qwen,vilp,vilp-19-case3,LUH,1,0,0.6472449108701279,1.0000486385729537,-0.0,-43.956124386472005,0.024567203862326484,0.23179825374058316,0.14263956206185477,0.33092519215175087,0.25636545760290963,0.47356475421360567
qwen,mmvet,mmvet-v1_136,LUH,1,1,0.636918053802136,1.0000286106387688,-0.0,-42.56229699964382,0.036008550196277855,0.2454792917991171,0.12870214423354792,0.36596503549692583,0.28148784199539495,0.49466717973047375
qwen,hallusionbench,hallusionbench-image-VD-illusion-2-1-2,LUH,1,0,0.6392240797236114,1.0002994985760971,-0.0,-53.40474743711987,0.014899006303475827,0.26111283594248247,0.10390512797297263,0.38615004870356345,0.2760118422459583,0.4900551766765361
qwen,hallusionbench,hallusionbench-image-VD-figure-4-1-1,LUH,1,1,0.7610766636974675,1.0001144474665804,-0.0,-46.26838199720866,0.007113499300820487,0.17641882020599986,0.1569249727288071,0.43185438428606304,0.18353231950682034,0.5887793570148702
qwen,mmvet,mmvet-v1_31,LUH,1,0,0.6378186896502405,1.0002594330609997,-0.0,-51.293615360288946,0.01174565054932419,0.2659127371651786,0.10947545207276636,0.379853326447156,0.2776583877145028,0.4893287785199224
qwen,hallusionbench,hallusionbench-image-VS-map-0-2-0,LUH,1,0,0.6258492990533986,1.0001812145374882,-0.0,-47.74789841763771,0.020714615072522844,0.26782597327718927,0.08596396689512292,0.397141982098015,0.28854058834971213,0.4831059489931379
qwen,hallusionbench,hallusionbench-image-VS-map-4-2-0,LUH,1,0,0.6521603323056603,1.0002861432260868,-0.0,-49.073886328111215,0.015876091256433605,0.2497331852815589,0.12078782490321568,0.3785354458555883,0.2656092765379925,0.499323270758804
qwen,hallusionbench,hallusionbench-image-VD-figure-6-1-1,LUH,1,0,0.7119202182175799,1.0002479860657274,-0.0,-48.05423219279361,0.011493844645363944,0.2074582138840033,0.10021588753680793,0.4441841475817622,0.21895205852936722,0.5444000351185702
qwen,hallusionbench,hallusionbench-image-VD-math-16-0-0,LUH,1,1,0.6988329592368241,1.0001487842606398,-0.0,-44.656911952681114,0.014593883436553332,0.21550571675203284,0.07459189210619245,0.4614773769767917,0.23009960018858616,0.5360692690829841
qwen,hallusionbench,hallusionbench-image-VD-figure-12-0-1,LUH,1,1,0.5653366134165467,1.0002021993946206,-0.0,-45.67042323023523,0.005684897455633903,0.3269238569298569,0.09601458481379918,0.3360990018260722,0.3326087543854908,0.4321135866398714
qwen,hallusionbench,hallusionbench-image-VS-map-7-2-0,LUH,1,0,0.6096701726507654,1.0005895444405917,-0.0,-52.347026817964185,0.013607339591396098,0.2843592312871194,0.12489591326032366,0.34010675002117546,0.29796657087851547,0.46500266328149914
qwen,mmvet,mmvet-v1_120,LUH,1,1,0.5984490105449903,1.0002804195592394,-0.0,-45.805836599007996,0.029504054663132648,0.27843315747319436,0.08950424680904466,0.3711093007301798,0.307937212136327,0.46061354753922445
qwen,hallusionbench,hallusionbench-image-VD-video-17-1-1,LUH,1,0,0.6058450161080858,1.0003567378101395,-0.0,-46.94753664343792,0.02396895690840118,0.2820522249961386,0.061999719970080316,0.40902583453120017,0.30602118190453975,0.4710255545012805
qwen,hallusionbench,hallusionbench-image-VD-math-10-1-1,LUH,1,1,0.7009137047836871,1.0000152589054785,-0.0,-34.04710272347843,0.013389535704437567,0.2186394516302615,0.116284044421449,0.4311617247912348,0.23202898733469907,0.5474457692126838
qwen,hallusionbench,hallusionbench-image-VD-illusion-6-0-0,LUH,1,1,0.6502607261543154,1.0001735837895087,-0.0,-42.4270275972217,0.014356184370663702,0.25630244430230587,0.13487204726861446,0.36963754770707113,0.2706586286729696,0.5045095949756856
qwen,vilp,vilp-121-case2,LUH,1,1,0.6680770681501689,1.0001182626077052,-0.0,-40.15722071212561,0.0198034443417374,0.23497675876228175,0.15612191083479898,0.35707314160405373,0.25478020310401917,0.5131950524388527
qwen,hallusionbench,hallusionbench-image-VD-figure-15-1-0,LUH,1,0,0.75897570762802,1.0002231846920373,-0.0,-43.32702324361313,0.007275796666437266,0.1773539708585155,0.18093435131773655,0.405206349431252,0.18462976752495278,0.5861407007489885
qwen,hallusionbench,hallusionbench-image-VD-math-14-1-1,LUH,1,1,0.7641443276146073,1.0000152589054785,-0.0,-32.393034150445,0.011520021728106906,0.17062016409270617,0.17647919362905073,0.41602704962905573,0.18214018582081307,0.5925062432581065
qwen,hallusionbench,hallusionbench-image-VD-illusion-9-0-0,LUH,1,1,0.6960600729910886,1.0007479602469254,-0.0,-49.93721139091689,0.016921614505806745,0.21413707733154297,0.17629177716313577,0.3544528143746512,0.23105869183734973,0.530744591537787
qwen,hallusionbench,hallusionbench-image-VD-video-6-0-0,LUH,1,1,0.7611842132039485,1.0004139803195309,-0.0,-45.436117810932366,0.014747855006432047,0.16778184443104024,0.13136877332414898,0.4559043378246074,0.1825296994374723,0.5872731111487564
qwen,hallusionbench,hallusionbench-image-VD-ocr-1-0-0,LUH,1,1,0.7548578387936626,1.0004254292144674,-0.0,-45.42227388710337,0.0173713637858021,0.1683980640099973,0.17814438683646067,0.3969932672928791,0.18576942779579939,0.5751376541293398
qwen,hallusionbench,hallusionbench-image-VD-video-8-0-1,LUH,1,1,0.742864971590544,1.0001812145374882,-0.0,-41.15700588404677,0.008456438627778267,0.19052205645308204,0.183506897517613,0.39280156699978575,0.1989784950808603,0.5763084645173988
qwen,hallusionbench,hallusionbench-image-VD-figure-13-1-1,LUH,1,1,0.735334649206083,1.0002766037995359,-0.0,-43.15478980260068,0.009635371213056604,0.19112437598559323,0.1664933087874432,0.39480481828962055,0.20075974719864983,0.5612981270770637
qwen,hallusionbench,hallusionbench-image-VD-math-7-0-0,LUH,1,1,0.7839888172329994,1.0000762968557695,-0.0,-34.770429484934326,0.007508632479881754,0.1574405796673833,0.16348703540101345,0.44110082120311506,0.16494921214726507,0.6045878566041285
qwen,hallusionbench,hallusionbench-image-VD-math-9-1-1,LUH,1,0,0.769786751782036,1.0011985326082387,-0.0,-52.68177935041887,0.008182280525869253,0.17093968391418457,0.08910274019046706,0.5103518038379903,0.17912196444005382,0.5994545440284573
qwen,vilp,vilp-167-case3,LUH,1,1,0.7537919573383959,1.000040055123474,-0.0,-29.709149032566668,0.010707266780794884,0.177953340569321,0.11302306214157415,0.470651101092903,0.1886606073501159,0.5836741632344771
qwen,hallusionbench,hallusionbench-image-VD-illusion-11-0-2,LUH,1,0,0.6348429555502237,1.000954129208352,-0.0,-48.61794851475469,0.00960990026289103,0.26970096510283803,0.09258159812615842,0.3951854705810547,0.2793108653657291,0.4877670687072131
qwen,hallusionbench,hallusionbench-image-VD-video-3-2-0,LUH,1,0,0.779723154433443,1.0006983333208637,-0.0,-46.73739651127568,0.006036301504592507,0.16358581854372609,0.17744965455969985,0.4286174968797334,0.1696221200483186,0.6060671514394332
qwen,hallusionbench,hallusionbench-image-VD-ocr-6-1-0,LUH,1,0,0.7605936800910177,1.0005780936675162,-0.0,-45.35680616077619,0.013881313861632834,0.16803427253450665,0.1409657098809067,0.43976690087999615,0.18191558639613947,0.5807326107609029
qwen,hallusionbench,hallusionbench-image-VD-math-17-0-2,LUH,1,1,0.8005287382732658,1.0002518017162627,-0.0,-40.78814200130271,0.011743068086857699,0.13936666079929896,0.07685448928755156,0.540222420984385,0.15110972888615667,0.6170769102719366
qwen,hallusionbench,hallusionbench-image-VD-figure-3-0-0,LUH,1,1,0.7754771408964776,1.0005494673081368,-0.0,-44.88432853107395,0.009041105606118028,0.1618429252079555,0.16789605666180046,0.42771563238027144,0.17088403081407355,0.595611689042072
qwen,hallusionbench,hallusionbench-image-VD-video-0-1-0,LUH,1,0,0.6632422602933419,1.0004063477956961,-0.0,-42.65309437297679,0.006138687839313429,0.254077317763348,0.15439976964678082,0.35862671599096185,0.26021600560266145,0.5130264856377427
qwen,hallusionbench,hallusionbench-image-VS-table-4-2-1,LUH,1,0,0.6977371113536599,1.0006429831143342,-0.0,-45.373396855751345,0.031626926392925025,0.19889844193750497,0.14487369693055446,0.39103272496437536,0.23052536833043,0.5359064218949299
qwen,vilp,vilp-280-case1,LUH,1,1,0.6634266320417588,1.0006544346300148,-0.0,-45.29831510861759,0.01581970070089613,0.23171142169407435,0.135868353503091,0.3524683713912964,0.2475311223949705,0.4883367248943874
qwen,vilp,vilp-5-case3,LUH,1,0,0.6589346096699449,1.0005628261739263,-0.0,-44.20373234270058,0.01676828459817536,0.24856718219056423,0.15382689845805264,0.36085278647286556,0.2653354667887396,0.5146796849309182
qwen,hallusionbench,hallusionbench-image-VS-ocr-1-2-0,LUH,1,0,0.7838221052176904,1.0006105378649164,-0.0,-44.79829938102344,0.015206125013682306,0.1498646103605932,0.1371032413171262,0.4661305485939493,0.16507073537427552,0.6032337899110756
qwen,hallusionbench,hallusionbench-image-VD-figure-13-0-1,LUH,1,0,0.7812997376797395,1.000154507174262,-0.0,-35.85607965895483,0.009879452841622489,0.1573226159932662,0.21986444628968532,0.3843223999957649,0.16720206883488867,0.6041868462854503
qwen,hallusionbench,hallusionbench-image-VD-ocr-7-1-0,LUH,1,0,0.6754189557780457,1.0004807673870812,-0.0,-42.74790403547675,0.007392816701713874,0.23904305088276767,0.13974561010088238,0.3750065394810268,0.24643586758448155,0.5147521495819092
qwen,hallusionbench,hallusionbench-image-VD-math-10-1-0,LUH,1,0,0.7351399090448647,1.000103002130527,0.3249207878004777,-49.56055254499152,0.013416920997658555,0.1878373574237434,0.09905964501050055,0.4668794943361866,0.20125427842140198,0.5659391393466872
qwen,hallusionbench,hallusionbench-image-VD-figure-0-1-0,LUH,1,0,0.694274456675756,1.000427337376362,-0.0,-42.13552210810326,0.02365206759803149,0.2125530145606216,0.11821156131977936,0.42292503434784556,0.23620508215865307,0.541136595667625
qwen,hallusionbench,hallusionbench-image-VS-chart-18-2-0,LUH,1,1,0.7722171429175413,1.0002613409062813,-0.0,-38.40736278898804,0.01421742354120527,0.16207530060592962,0.17749402474383918,0.42181524938466597,0.1762927241471349,0.5993092741285051
qwen,mmvet,mmvet-v1_106,LUH,1,1,0.7243679635200091,1.0008185874234325,-0.0,-45.6411734345814,0.016835829433129758,0.1978593213217599,0.14598129233535456,0.42103769341293645,0.21469515075488965,0.567018985748291
qwen,vilp,vilp-5-case2,LUH,1,0,0.6792714940684947,1.0012558232868927,-0.0,-47.77839718253518,0.019187150561079686,0.22988782610212055,0.13924693574710767,0.3908662601393096,0.24907497666320025,0.5301131958864173
qwen,hallusionbench,hallusionbench-image-VD-math-6-0-0,LUH,1,0,0.6642025258750797,1.0000877418862035,0.32505380562712427,-47.8119809993959,0.015175568205969676,0.2440544537135533,0.16373051915849957,0.34996186470498847,0.259230021919523,0.513692383863488
qwen,hallusionbench,hallusionbench-image-VD-video-17-1-0,LUH,1,0,0.6174890128085302,1.0008834924667411,-0.0,-45.550220860036035,0.023661466277375514,0.27278222843092315,0.06702252796718053,0.41179627788310147,0.2964436947082987,0.478818805850282
qwen,hallusionbench,hallusionbench-image-VD-math-13-0-2,LUH,1,1,0.7604965988899461,1.000007629423635,0.5003631313458621,-51.0009165783643,0.009267168385641915,0.17641587160071548,0.054104571439781965,0.5386590373759367,0.1856830399863574,0.5927636088157187
qwen,vilp,vilp-147-case2,LUH,1,0,0.7273239654115882,1.0002518017162627,-0.0,-36.73039978695276,0.0176945153091635,0.18543214883123127,0.11855890921183995,0.4287608691624233,0.20312666414039476,0.5473197783742633
qwen,vilp,vilp-249-case1,LUH,1,1,0.7443050444747596,1.0005481950445065,-0.0,-41.90241697780956,0.014165419434744215,0.17343210038684664,0.17013140330238946,0.3832887467883882,0.18759751982159087,0.5534201500907776
qwen,hallusionbench,hallusionbench-image-VD-video-1-2-0,LUH,1,0,0.7321836906898485,1.0004884004786945,-0.0,-40.41823918409827,0.006800505275629004,0.19888253601229922,0.1607752040940888,0.4039744357673489,0.20568304128792822,0.5647496398614378
qwen,hallusionbench,hallusionbench-image-VD-illusion-0-1-1,LUH,1,1,0.6876374428400425,1.000156414819413,0.32254181057922804,-47.84136364041457,0.018877144370760237,0.21904853898651747,0.19458463240642937,0.3327706395363321,0.2379256833572777,0.5273552719427614
qwen,hallusionbench,hallusionbench-image-VD-math-11-1-1,LUH,1,1,0.8022521797020545,1.0000572220961061,0.31955537523481514,-44.18168429991442,0.010564360995681919,0.13936522055645378,0.11604847226824079,0.5000827361126335,0.1499295815521357,0.6161312083808743
qwen,hallusionbench,hallusionbench-image-VD-illusion-6-1-0,LUH,1,0,0.6425008514398588,1.0002766037995359,-0.0,-35.59993113913825,0.015458113684946179,0.261450144709373,0.12281095738313635,0.375540558172732,0.2769082583943192,0.4983515155558684
qwen,vilp,vilp-131-case3,LUH,1,0,0.7388702215903808,1.0006684311049312,-0.0,-41.66821664215717,0.013871871762805514,0.17916896608140734,0.180553466554672,0.3728106665232825,0.19304083784421286,0.5533641330779545
qwen,hallusionbench,hallusionbench-image-VD-illusion-9-0-1,LUH,1,1,0.6972845943816283,1.0003357497106962,-0.0,-35.52271824151532,0.016563437422927544,0.21440940000572983,0.15073909564894072,0.3829181826844507,0.23097283742865737,0.5336572783333915
qwen,hallusionbench,hallusionbench-image-VD-illusion-4-0-0,LUH,1,1,0.6968200376938505,1.0007651393716586,-0.0,-41.915196872390936,0.018630646321238304,0.21458313416461555,0.15437259479444854,0.3826071680808554,0.23321378048585387,0.5369797628753039
qwen,vilp,vilp-18-case2,LUH,1,0,0.5759479747457785,1.0032783724004917,-0.0,-51.15500874877398,0.0209958054581467,0.3088650995371293,0.08125058728821424,0.36749159559911615,0.32986090499527604,0.44874218288733037
qwen,hallusionbench,hallusionbench-image-VS-chart-6-1-1,LUH,1,1,0.7313456068741391,1.00077468345727,-0.0,-41.86471210482691,0.020829503633538072,0.18777305252698004,0.11809879906323492,0.4536375318254743,0.20860255616051812,0.5717363308887092
qwen,hallusionbench,hallusionbench-image-VS-map-10-1-1,LUH,1,0,0.6972800942156417,1.001884326216161,-0.0,-46.389005364632105,0.015748157184951157,0.21341943497560462,0.14135595000520046,0.3873262454052361,0.22916759216055577,0.5286821954104366
qwen,hallusionbench,hallusionbench-image-VD-illusion-8-1-1,LUH,1,1,0.6067951217386105,1.0017333731160063,-0.0,-45.545889733523104,0.0071192170892442974,0.2978876172279825,0.08368267088520284,0.38741279134944995,0.3050068343172268,0.4710954622346528
qwen,hallusionbench,hallusionbench-image-VS-ocr-12-1-0,LUH,1,1,0.8545688510590881,1.0015881738769385,-0.0,-44.948310101325944,0.016184255784871628,0.09607131870425477,0.23647567204066683,0.42954528575040857,0.1122555744891264,0.6660209577910754
qwen,vilp,vilp-48-case3,LUH,1,0,0.5919784321675123,1.0025973614543937,-0.0,-47.254509209048116,0.018621875315296407,0.2950922712987783,0.0973205615063103,0.3588009951065998,0.3137141466140747,0.4561215566129101
qwen,hallusionbench,hallusionbench-image-VD-figure-7-1-0,LUH,1,0,0.5804512982974628,1.000307130284734,0.3250771056416415,-48.83203913175341,0.005252223081734716,0.31465786330553946,0.11997266691558216,0.3225618284575793,0.3199100863872742,0.4425344953731615
qwen,mmvet,mmvet-v1_114,LUH,1,1,0.7312811693380257,1.0000324254524515,0.32503921772861327,-39.345410987946,0.03251451010606727,0.17645839282444545,0.1500075204031808,0.4200917068792849,0.2089729029305127,0.5700992272824656
qwen,hallusionbench,hallusionbench-image-VD-ocr-3-1-2,LUH,1,1,0.7187985000616627,1.0001754914710457,-0.0,-14.772726585556953,0.01533086567508931,0.20228275960805464,0.142272238828698,0.41494717889902544,0.21761362528314396,0.5572194177277234
qwen,hallusionbench,hallusionbench-image-VD-ocr-7-1-1,LUH,1,1,0.7127420745760236,1.00070787676936,-0.0,-36.80876979738674,0.006660087680330082,0.2125048540076431,0.12589796221986108,0.42076367748026944,0.21916494168797318,0.5466616397001305
qwen,hallusionbench,hallusionbench-image-VD-math-6-1-2,LUH,1,0,0.6965416897669916,1.0000572220961061,0.5004882994255151,-45.53849825482208,0.014594261743584459,0.2197491879365882,0.13471229222356057,0.40414092005515584,0.23434344968017268,0.5388532122787164
qwen,hallusionbench,hallusionbench-image-VS-ocr-7-2-0,LUH,1,0,0.765695546490681,1.000799498505835,-0.0,-36.655287617314784,0.015572139803244144,0.1637624234569316,0.14070363433993593,0.4483606961308694,0.17933456326017574,0.5890643304708053
qwen,hallusionbench,hallusionbench-image-VD-video-3-0-2,LUH,1,1,0.678101208998026,1.0027159312328378,-0.0,-44.783822052309226,0.0063969181204328734,0.24121786623584981,0.11673435872914839,0.40824234242341956,0.2476147843562827,0.5249767011525679
qwen,hallusionbench,hallusionbench-image-VS-chart-3-1-0,LUH,1,0,0.7193846122539431,1.0016722340288933,-0.0,-41.822008514072,0.017652341905905276,0.1977047044403699,0.10925121696627871,0.4480927525734415,0.21535704634627517,0.5573439695397202
qwen,hallusionbench,hallusionbench-image-VS-ocr-12-2-0,LUH,1,0,0.8493037949940425,1.001861395166189,-0.0,-42.39099178790133,0.01711559903864958,0.09846899947341607,0.22373378520109216,0.43405838401950136,0.11558459851206565,0.6577921692205935
qwen,mmvet,mmvet-v1_52,LUH,1,1,0.7590104509051677,1.0024529929951695,-0.0,-43.82093327206419,0.019317942538431714,0.15963456460407802,0.18153883729662215,0.38574974877493723,0.17895250714250974,0.5672885860715594
qwen,vilp,vilp-48-case1,LUH,1,1,0.7113592282986754,1.0033510918978004,-0.0,-45.51044072319004,0.026881826167203943,0.1952254918156838,0.13247424729016363,0.4167415657821967,0.22210731798288774,0.5492158130723603
qwen,vilp,vilp-248-case3,LUH,1,0,0.7320555857586125,1.0006615918938655,-0.0,-32.90915895464359,0.016074776223727636,0.17845161301749093,0.1021653515951974,0.43524063655308315,0.19452638924121857,0.5374059881482806
qwen,hallusionbench,hallusionbench-image-VD-illusion-11-1-0,LUH,1,1,0.6811138143628384,1.0002098303609206,0.3200647403458686,-43.1337907749706,0.008346104196139743,0.2391620752762775,0.12077914938634757,0.4101436576064752,0.24750817947241724,0.5309228069928228
qwen,hallusionbench,hallusionbench-image-VD-illusion-0-1-0,LUH,1,1,0.6709902024653751,1.000156414819413,0.5001617088938777,-47.56750353728554,0.016949431628597026,0.23640639441353933,0.17639934773347815,0.34221964466328525,0.25335582604213636,0.5186189923967635
qwen,hallusionbench,hallusionbench-image-VD-math-7-0-1,LUH,1,1,0.7867526797820057,1.0000133515295606,0.6108714252131636,-45.71719566455395,0.007326804557625128,0.15820879352336026,0.17312541786505253,0.4413010344213369,0.1655355980809854,0.6144264522863894
qwen,hallusionbench,hallusionbench-image-VD-ocr-14-1-0,LUH,1,0,0.7387615218276249,1.0007288726764216,-0.0,-33.49819050242242,0.010795600560246681,0.1885355917774901,0.14071610752417116,0.42479736950932717,0.19933119233773677,0.5655134770334983
qwen,hallusionbench,hallusionbench-image-VS-chart-3-1-2,LUH,1,1,0.6681583159258851,1.002926331478589,-0.0,-43.923555552548734,0.018085881763575028,0.24054252858064612,0.13055258381123444,0.3919643869205397,0.2586284103442211,0.5225169707317742
qwen,hallusionbench,hallusionbench-image-VD-video-3-0-3,LUH,1,0,0.7546130136774685,1.002444388909039,-0.0,-42.65257923758011,0.006483688342327975,0.18147626701666386,0.16448159120520767,0.41822174617222374,0.18795995535899185,0.5827033373774314
qwen,hallusionbench,hallusionbench-image-VD-math-14-1-2,LUH,1,1,0.7639927265882364,1.0000591295557004,-0.0,9.572145754522346,0.01150945102681919,0.17063124325810647,0.17608504392662827,0.41603191531434347,0.18214069428492566,0.5921169592409717
qwen,hallusionbench,hallusionbench-image-VD-ocr-19-0-0,LUH,1,1,0.771229239193628,1.0010114059017312,-0.0,-36.32295740741617,0.0050452473212261595,0.16950428242586096,0.18954226435447225,0.40170963443055446,0.17454952974708712,0.5912518987850267
qwen,hallusionbench,hallusionbench-image-VS-map-4-2-3,LUH,1,0,0.6718969563868309,1.0003643699554785,0.3251646452456274,-45.735449293026775,0.0167367908419395,0.2340344896121901,0.13370828725853745,0.3811754109908123,0.2507712804541296,0.5148836982493498
qwen,vilp,vilp-239-case2,LUH,1,0,0.6205563716853377,1.0008325861944065,-0.0,-33.977336885326174,0.02216562581440759,0.252724806467692,0.10722499801999047,0.3435463375515408,0.27489043228209964,0.45077133557153126
qwen,vilp,vilp-218-case3,LUH,1,0,0.6701539452397869,1.003247755241564,-0.0,-44.17588202574493,0.01654012241060772,0.22731110406300378,0.1292804612053765,0.3700682322184245,0.24385122647361152,0.499348693423801
qwen,mmvet,mmvet-v1_15,LUH,1,0,0.7310382774746864,1.0000953719792587,0.30989239165952503,-36.5279964048902,0.01647088442529951,0.17659522465297156,0.1919502053941999,0.3393238067626953,0.19306610907827107,0.5312740121568952
qwen,hallusionbench,hallusionbench-image-VS-ocr-9-2-1,LUH,1,0,0.5881735484979784,1.0039024005213815,-0.0,-45.370817451826824,0.028211679993843546,0.2848580126859704,0.07343967106877541,0.37437254068802817,0.31306969267981394,0.4478122117568036
qwen,hallusionbench,hallusionbench-image-VS-chart-4-2-2,LUH,1,1,0.7492315878751021,1.0000705743896692,0.3139434045837687,-34.57994202250687,0.019311580122733603,0.17452032712041116,0.149838671392324,0.4329593424894372,0.19383190724314475,0.5827980138817612
qwen,hallusionbench,hallusionbench-image-VD-figure-2-1-1,LUH,1,0,0.7296418060001233,1.0000534071878318,0.5003071863840769,-43.12801529318,0.0076080393426272335,0.20237165567826254,0.15755737071134607,0.40922731282759683,0.20997969502088978,0.566784683538943
qwen,vilp,vilp-136-case3,LUH,1,0,0.6231679728404699,1.001388559287321,-0.0,-37.573838642086876,0.018102796482188363,0.25707877427339554,0.10309759421007973,0.35086084263665335,0.2751815707555839,0.4539584368467331
qwen,hallusionbench,hallusionbench-image-VD-math-14-0-0,LUH,1,0,0.7333078560392401,1.0000572220961061,0.4998533152962054,-42.70439363949503,0.014648009927905336,0.18769364454308335,0.09620977421196139,0.4647141670694157,0.20234165447098867,0.5609239412813771
qwen,hallusionbench,hallusionbench-image-VD-video-1-0-0,LUH,1,1,0.7641169226325275,1.0030774643479,-0.0,-43.32633462039904,0.012747079133987427,0.16785192489624023,0.2089330128261021,0.379727519288355,0.18059900403022766,0.5886605321144571
qwen,hallusionbench,hallusionbench-image-VS-ocr-9-2-0,LUH,1,0,0.6622606576026013,1.0033530056399587,-0.0,-43.7504285402853,0.02535315922328404,0.23067283143802567,0.05767060846698527,0.4445833965223662,0.2560259906613097,0.5022540049893515
qwen,vilp,vilp-140-case1,LUH,1,1,0.6063060875193738,1.0018269995753097,-0.0,-39.04571326649176,0.020437970757484436,0.27344796487263273,0.06996271227087293,0.38294264674186707,0.29388593563011717,0.45290535901274
qwen,hallusionbench,hallusionbench-image-VS-chart-1-1-5,LUH,1,1,0.7761264135232262,1.000690698627596,-0.0,-28.03327401250456,0.0234277394353127,0.1519147230654347,0.2096875833005321,0.4016570850294463,0.1753424625007474,0.6113446683299784
qwen,hallusionbench,hallusionbench-image-VD-video-1-2-2,LUH,1,0,0.7104307463359202,1.0028440788544626,-0.0,-41.43485494924149,0.007834994975401431,0.21270958258181202,0.14170888005470744,0.40167131229322783,0.22054457755721346,0.5433801923479353
qwen,hallusionbench,hallusionbench-image-VD-illusion-19-0-0,LUH,1,0,0.6872581033772853,1.0000362402806866,0.6729846232283342,-47.92962650445104,0.015123426306004426,0.22609137515632474,0.16270147051130024,0.36722724291743064,0.24121480146232915,0.5299287134287309
qwen,hallusionbench,hallusionbench-image-VD-video-4-1-3,LUH,1,1,0.6592310823799464,1.001842286358802,-0.0,-37.174196469513035,0.016330357108797346,0.24328476068924884,0.04499236296634285,0.4589186882486149,0.2596151177980462,0.5039110512149578
qwen,hallusionbench,hallusionbench-image-VD-video-2-0-2,LUH,1,1,0.7713444520995372,1.0015194026360117,-0.0,-35.050184631145484,0.007950902593379118,0.16702494815904267,0.17838642548541633,0.4173112012902085,0.17497585075242178,0.5956976267756249
qwen,vilp,vilp-86-case2,LUH,1,0,0.6011265523939122,1.002377470759985,-0.0,-38.79935822531049,0.01725477392652205,0.28184097579547335,0.06684453572545733,0.3858908670289176,0.2990957497219954,0.45273540275437496
qwen,hallusionbench,hallusionbench-image-VS-map-6-2-0,LUH,1,0,0.6472362300658474,1.0033778846201873,-0.0,-41.76547851190706,0.048838788149308185,0.22099431680173293,0.10736726254832987,0.3906313448536153,0.2698331049510411,0.4979986074019451
qwen,hallusionbench,hallusionbench-image-VS-chart-12-2-0,LUH,1,1,0.7557556935561995,1.0002537095469886,-0.0,-0.4833209671812497,0.03376996152255,0.15626388180012607,0.1171472218571877,0.4760783643138652,0.19003384332267606,0.5932255861710529
qwen,hallusionbench,hallusionbench-image-VD-video-5-1-2,LUH,1,0,0.7420832223940136,1.0035769386715272,-0.0,-41.63731262918913,0.013845386249678477,0.18309766905648367,0.15856439240124762,0.41197533510169204,0.19694305530616216,0.5705397275029397
qwen,vilp,vilp-256-case2,LUH,1,0,0.5146893149363155,1.0003306617529033,0.32417122032432727,-41.638650928522914,0.01951621165351262,0.3356551518515935,0.09192962873549687,0.28491126166449654,0.35517136350510614,0.3768408903999934
qwen,hallusionbench,hallusionbench-image-VS-chart-5-2-0,LUH,1,1,0.7538991624254068,1.0006544346300148,-0.0,-19.008984400575525,0.025165868048765222,0.16710643379055723,0.12589482385285047,0.4664158334537428,0.19227230183932245,0.5923106573065933
qwen,hallusionbench,hallusionbench-image-VD-ocr-3-1-1,LUH,1,0,0.7192864315843945,1.0035520547557089,-0.0,-41.44304874160363,0.014196418377817894,0.20041745049612864,0.19460961283469685,0.35902582869237787,0.21461386887394654,0.5536354415270748
qwen,hallusionbench,hallusionbench-image-VD-figure-16-0-1,LUH,1,0,0.6919290918020211,1.0001468766300428,0.5003879921070732,-43.44529977727347,0.010958084342431049,0.2237179522611657,0.15737583199325872,0.37283769918947807,0.23467603660359676,0.5302135311827367
qwen,hallusionbench,hallusionbench-image-VD-video-3-2-2,LUH,1,0,0.7680055184314083,1.0044367696231418,-0.0,-42.31974053442301,0.006009151436844651,0.17303922711586467,0.16466905632797552,0.4334464365122269,0.17904837855270933,0.5981154928402024
qwen,hallusionbench,hallusionbench-image-VS-map-7-1-1,LUH,1,0,0.693209297995871,1.000354829782903,0.31672280566390276,-40.37943334116202,0.015676353050737966,0.21922413183718312,0.12624532835824148,0.40668108025375677,0.2349004848879211,0.5329264086119982
qwen,hallusionbench,hallusionbench-image-VD-math-6-1-0,LUH,1,1,0.6702204439988282,1.000051499739152,0.6729612297784657,-47.08634728740814,0.013966644905051406,0.2399218228398537,0.1400955209926683,0.37697387228206714,0.2538884677449051,0.5170693932747354
qwen,vilp,vilp-206-case3,LUH,1,0,0.6617786445038785,1.005390018391905,-0.0,-42.91392644155853,0.01842027104326657,0.2334469641957964,0.1245074655328478,0.370658312525068,0.25186723523906296,0.4951657780579158
qwen,hallusionbench,hallusionbench-image-VD-video-4-0-3,LUH,1,0,0.6557889310111256,1.0017543905390633,-0.0,-33.330338999840336,0.014179688327166498,0.24940155963508448,0.05044722800352136,0.453195435660226,0.26358124796225096,0.5036426636637474
qwen,hallusionbench,hallusionbench-image-VD-video-3-2-3,LUH,1,0,0.7603838641041577,1.002325851240101,-0.0,-36.18581347041341,0.0069850534200668335,0.17732384740089882,0.1699678070691167,0.41982366600815135,0.18430890082096565,0.5897914730772681
qwen,hallusionbench,hallusionbench-image-VD-video-3-1-3,LUH,1,1,0.7387597468870934,1.001792605165289,-0.0,-33.10429476491,0.00727739261121166,0.19312661521288815,0.15615201969535986,0.41434208227663627,0.2004040078240998,0.5704941019719961
qwen,hallusionbench,hallusionbench-image-VS-ocr-9-1-1,LUH,1,1,0.7808327737314804,1.002054414552629,-0.0,-34.41548433697278,0.020449134768271933,0.14705472576374912,0.2127977098737444,0.38818563733782085,0.16750386053202104,0.6009833472115653
qwen,hallusionbench,hallusionbench-image-VS-map-5-2-1,LUH,1,0,0.6725680706896433,1.0001201701837252,0.3069358515835468,-28.46536026064795,0.016060241631099155,0.23685129321351345,0.13075458273595694,0.38943057157555405,0.2529115348446126,0.520185154311511
qwen,hallusionbench,hallusionbench-image-VS-chart-17-1-2,LUH,1,1,0.7244260306734768,1.0060722865972664,-0.0,-42.39215743748479,0.07038252937550447,0.1404295502876749,0.17388207571847097,0.3831784773846062,0.21081207966317939,0.5570605531030772
qwen,hallusionbench,hallusionbench-image-VD-figure-2-1-0,LUH,1,0,0.7414112793743959,1.0001335233177417,0.5004216708647464,-41.280966045022275,0.006986358640145282,0.1913715138727305,0.16829016257305535,0.403567411461655,0.1983578725128758,0.5718575740347103
qwen,hallusionbench,hallusionbench-image-VD-illusion-5-0-0,LUH,1,1,0.7607584967655815,1.000696424642086,0.32552202693143806,-44.59213587045753,0.012391350099018643,0.17067167710284797,0.08277550278877727,0.5032293942509865,0.18306302720186662,0.5860048970397638
qwen,hallusionbench,hallusionbench-image-VD-math-15-1-0,LUH,1,1,0.7289150488404463,1.0006410745411287,-0.0,-8.905713757798132,0.01370162319163887,0.1964620862688337,0.09911758559090751,0.4680844715663365,0.21016370946047258,0.567202057157244
qwen,mmvet,mmvet-v1_122,LUH,1,1,0.683765230952472,1.0391653222541457,-0.0,-50.26529962360458,0.04580324644945105,0.19743248881125935,0.16694088371432558,0.363290329368747,0.2432357352607104,0.5302312130830726
qwen,vilp,vilp-14-case2,LUH,1,0,0.6445746165348905,1.0001430613797642,0.6390378088502713,-46.09329468631176,0.01685450271684296,0.2558048112051828,0.1565452935744305,0.3387267832853356,0.27265931392202575,0.49527207685976615
qwen,vilp,vilp-49-case1,LUH,1,1,0.6699437718030248,1.0013455852747117,-0.0,-24.809235406333155,0.016998091978686198,0.2301710503441947,0.14052821908678326,0.3634543759482247,0.2471691423228809,0.503982595035008
qwen,vilp,vilp-265-case2,LUH,1,1,0.5497147373442763,1.000926446648053,-0.0,-16.409285181208055,0.02090943817581449,0.3182381306375776,0.08438055004392352,0.33130431175231934,0.3391475688133921,0.41568486179624287
qwen,hallusionbench,hallusionbench-image-VS-ocr-12-2-1,LUH,1,0,0.5969223007161849,1.0020257459559745,-0.0,-29.3443135672163,0.03203112130262414,0.27676039325947666,0.06757224822530941,0.39165134819186465,0.3087915145621008,0.45922359641717403
qwen,hallusionbench,hallusionbench-image-VS-map-2-2-0,LUH,1,0,0.6884741046342393,1.0007555953770662,0.32551901428946345,-43.8817584614957,0.022045434737692073,0.21516689962270308,0.1780502990800507,0.34899738856724327,0.23721233436039516,0.527047687647294
qwen,hallusionbench,hallusionbench-image-VS-ocr-10-2-0,LUH,1,0,0.8086291268918903,1.0038755937930959,-0.0,-37.4049843485193,0.020145098165589938,0.12782874399301958,0.23383573609955458,0.3947131293160575,0.1479738421586095,0.6285488654156121
qwen,hallusionbench,hallusionbench-image-VD-math-3-1-1,LUH,1,0,0.7463951790601423,1.0004941253356219,0.3114661991021357,-37.99295498533535,0.014789934669222151,0.18082646934353575,0.1277559046842614,0.4503403488470583,0.1956164040127579,0.5780962535313197
qwen,hallusionbench,hallusionbench-image-VD-video-6-0-1,LUH,1,1,0.748607511343264,1.0000972795116183,-0.0,34.13703503871457,0.014907502702304294,0.1804175267414171,0.16205347557457125,0.42245861462184364,0.19532502944372138,0.5845120901964149
qwen,hallusionbench,hallusionbench-image-VS-map-2-2-1,LUH,1,1,0.698443691910849,1.0010075873535416,-0.0,-14.976941294904279,0.02095091647031356,0.2081920760018485,0.18543648719787598,0.3485746189039581,0.22914299247216205,0.534011106101834
qwen,hallusionbench,hallusionbench-image-VD-illusion-29-1-0,LUH,1,1,0.6885273250707045,1.0001220777633837,0.6731753740846554,-46.965125798990954,0.0074429737061870345,0.23384175008657027,0.16462116825337314,0.3705493771300024,0.2412847237927573,0.5351705453833755
qwen,hallusionbench,hallusionbench-image-VD-figure-4-0-1,LUH,1,0,0.6210905782308225,1.000236539201455,0.5004020521988899,-42.38307792702398,0.006255233166169147,0.2837946366290657,0.09366849490574428,0.38281096244344903,0.29004986979523484,0.4764794573491933
qwen,hallusionbench,hallusionbench-image-VD-illusion-8-1-0,LUH,1,0,0.6000381109683605,1.0008472214825104,0.32545663558451143,-43.86584750265476,0.00713243441922324,0.2983158267274195,0.07859056823107662,0.38074127508669486,0.30544826114664275,0.4593318433177715
qwen,hallusionbench,hallusionbench-image-VD-video-4-1-2,LUH,1,0,0.6347112382145581,1.0025572039018016,-0.0,-31.68185708264945,0.017533877674414187,0.2605799947466169,0.05957668168204171,0.4255900869564134,0.2781138724210311,0.48516676863845515
qwen,mmvet,mmvet-v1_16,LUH,1,0,0.7371776814676915,1.0003422368944144,0.5003922039819817,-43.794833154618864,0.03040441909393707,0.15567666214781922,0.22518194495857535,0.3061968568083528,0.1860810812417563,0.5313788017669281
qwen,hallusionbench,hallusionbench-image-VD-illusion-9-1-0,LUH,1,1,0.7142650642351551,1.0001430613797642,0.49915113326949223,-37.92677626998359,0.018097509534991518,0.2018372915229019,0.1276603280281534,0.423094924615354,0.2199348010578934,0.5507552526435073
qwen,vilp,vilp-14-case3,LUH,1,0,0.6484269130953102,1.0000782043517462,0.6394179789939937,-42.203098192293886,0.01408312484926107,0.2557351832487145,0.14563309903047522,0.3535788886401118,0.2698183080979756,0.499211987670587
qwen,hallusionbench,hallusionbench-image-VD-video-8-1-1,LUH,1,0,0.7747195083504923,1.000129708118402,0.4994780705459586,-36.92851436540701,0.006331450172833033,0.1691335123412463,0.15267882541734346,0.4549296048222756,0.17546496251407934,0.6076084302396191
qwen,hallusionbench,hallusionbench-image-VD-math-12-0-2,LUH,1,0,0.75813928073244,1.000064851956313,0.6122051220514526,-39.882512321397776,0.010722874682776782,0.1729833057948521,0.13447629675573233,0.4486241243323501,0.18370618047762888,0.5831004210880825
qwen,vilp,vilp-232-case1,LUH,1,1,0.6840166307710717,1.00316547625663,-0.0,-32.4060936527332,0.018469898676385686,0.22236229448902362,0.14100166729518346,0.38137486516212926,0.2408321931654093,0.5223765324573127
qwen,vilp,vilp-248-case2,LUH,1,0,0.6012485703565218,1.0035109019412605,-0.0,-33.46528954864285,0.016512996809823172,0.27019547734941757,0.09603107316153389,0.3388963494982038,0.2867084741592407,0.4349274226597377
qwen,hallusionbench,hallusionbench-image-VD-math-11-1-0,LUH,1,0,0.7737673723446371,1.000160230120631,0.32887532917012985,-28.472477530915974,0.00994410745951594,0.1636801982412533,0.09798754477987484,0.5038328949286013,0.17362430570076923,0.6018204397084761
qwen,hallusionbench,hallusionbench-image-VS-chart-2-1-4,LUH,1,1,0.7775693506572107,1.0007422339375474,-0.0,-2.1156380922708493,0.018641475512056936,0.15607771581533003,0.14312201130146884,0.4713022465608558,0.17471919132738697,0.6144242578623247
qwen,hallusionbench,hallusionbench-image-VD-figure-6-1-0,LUH,1,0,0.6714606376914902,1.0011316976262896,-0.0,-9.854453737934293,0.011532960801708455,0.23754317419869558,0.14250731954769214,0.36824384027597856,0.24907613500040404,0.5107511598236707
qwen,hallusionbench,hallusionbench-image-VD-video-17-0-1,LUH,1,1,0.6001250654261603,1.0004960336285438,0.31967642195118334,-35.84350293736213,0.024887050292929824,0.28444049796279597,0.07071854387010847,0.39392282524887395,0.3093275482557258,0.4646413691189824
qwen,hallusionbench,hallusionbench-image-VD-illusion-29-0-0,LUH,1,0,0.6912852859858635,1.00008964940401,0.6731838699462941,-43.49379354281568,0.006788715720176697,0.23194005538006218,0.16508884819186465,0.3714018451924227,0.23872877110023888,0.5364906933842873
qwen,hallusionbench,hallusionbench-image-VD-math-8-1-0,LUH,1,1,0.8160828275865138,1.0000152589054785,0.4720171602712525,-17.27589226845956,0.01075468501266168,0.13228368759155273,0.053002581304433395,0.5889793707399953,0.14303837260421443,0.6419819520444286
qwen,hallusionbench,hallusionbench-image-VD-video-8-1-0,LUH,1,1,0.7574261625926245,1.0000858343720356,0.5024321382519713,-32.870849575648855,0.0073673691676587475,0.18036710486120108,0.21053063139623523,0.37960208192163586,0.18773447402885984,0.5901327133178711
qwen,hallusionbench,hallusionbench-image-VD-figure-16-1-0,LUH,1,1,0.7803312713948192,1.000051499739152,0.5014656615385504,-28.452703398018457,0.01213600380080087,0.158271176474435,0.16853031820180464,0.44430551723558076,0.17040718027523588,0.6128358354373854
qwen,hallusionbench,hallusionbench-image-VD-video-4-0-0,LUH,1,0,0.7744595510322859,1.0000591295557004,0.3300927990620991,-9.112092368226822,0.013407322825217734,0.16170529443390513,0.16456742675936953,0.4382306896910375,0.17511261725912286,0.602798116450407
qwen,hallusionbench,hallusionbench-image-VD-illusion-29-0-1,LUH,1,1,0.6497231014355853,1.0000267032373844,0.4922394521485631,-17.037826897553757,0.006994449666568211,0.26314521322444995,0.10046856743948801,0.40210212006860846,0.27013966289101815,0.5025706875080964
qwen,hallusionbench,hallusionbench-image-VD-math-13-0-1,LUH,1,1,0.7615001349948136,1.0000114441572807,0.18773965431287584,18.274202449671,0.009222803371293204,0.17432877482200154,0.11373720850263323,0.4769696021566586,0.18355157819329473,0.5907068106592919
qwen,vilp,vilp-80-case1,LUH,1,1,0.6934471654100485,1.0029327079327497,-0.0,-24.571367560660164,0.01653053221248445,0.20894600853087408,0.13280033308362205,0.3827374473450676,0.22547654074335854,0.5155377804286896
qwen,hallusionbench,hallusionbench-image-VD-ocr-18-0-1,LUH,1,0,0.8028777281964259,1.0004941253356219,0.322904752355846,-32.614646662749045,0.008759949736449182,0.14095131718382542,0.19038529298743423,0.423865727015904,0.1497112669202746,0.6142510200033382
qwen,hallusionbench,hallusionbench-image-VD-math-0-1-0,LUH,1,0,0.694666430720816,1.0064542262671157,-0.0,-34.01906846373046,0.020505522586861436,0.2128213473728725,0.07302744777835146,0.46024898606903697,0.23332686995973395,0.5332764338473884
qwen,hallusionbench,hallusionbench-image-VD-illusion-9-1-1,LUH,1,0,0.7115235897067473,1.0003605538755305,0.3277412032985058,-31.959108714213613,0.014312305924843768,0.20743930096528967,0.0878158491484973,0.4609185627528599,0.22175160689013346,0.5487344119013572
qwen,vilp,vilp-166-case3,LUH,1,0,0.5546951084054017,1.0026132974369297,-0.0,-19.05376717741816,0.018672555685043335,0.3088997280786908,0.07592880158197313,0.3337102466159397,0.32757228376373415,0.4096390481979128
qwen,hallusionbench,hallusionbench-image-VS-map-0-2-1,LUH,1,0,0.6254893145819979,1.0018766824745202,0.3256995138260591,-44.37487104028702,0.020354396834665417,0.26541764395577566,0.10641442999547841,0.37220749563100386,0.28577204079044105,0.47862192562648226
qwen,vilp,vilp-86-case3,LUH,1,0,0.6907197489831678,1.0003901288758932,0.04655315957667951,-12.31784140194127,0.01917738201362746,0.21608050380434307,0.15445842913218907,0.37533148697444374,0.23525788581797052,0.5297899161066328
qwen,hallusionbench,hallusionbench-image-VD-math-13-1-0,LUH,1,1,0.7409361450326677,1.0000114441572807,0.5994909806342638,-24.428865168750065,0.012336595326053853,0.1878778496567084,0.09412905148097447,0.48223785478241593,0.20021444498276225,0.5763669062633904
qwen,hallusionbench,hallusionbench-image-VD-math-14-0-1,LUH,1,1,0.7771723607723873,1.0000457774149414,0.33327754352465094,-0.14882618657879476,0.010144789912262742,0.16233433022791027,0.11925345537613849,0.48769546041683276,0.17247912014017303,0.6069489157929713
qwen,hallusionbench,hallusionbench-image-VD-video-3-1-1,LUH,1,1,0.7657177481111967,1.0008033162602272,0.3144382811883558,-34.938742298620625,0.008098785062225498,0.17205481626549546,0.14867788431595783,0.4455675202973035,0.18015360132772096,0.5942454046132614
qwen,hallusionbench,hallusionbench-image-VD-figure-11-0-0,LUH,1,1,0.6885773007780417,1.0000610370189331,0.6053832545213598,-29.662466878237943,0.008163238362390168,0.22828887433421854,0.14980346329358157,0.3751167959096481,0.2364521126966087,0.5249202592032296
qwen,vilp,vilp-273-case2,LUH,1,0,0.7402980525805978,1.0003955351532778,0.11780330972858837,-11.231568446443294,0.014204542788248214,0.17494278862362816,0.15438765571230934,0.3901537940615699,0.18914733141187637,0.5445414497738792
qwen,hallusionbench,hallusionbench-image-VS-chart-9-2-0,LUH,1,0,0.7240034323904562,1.0068247886731747,-0.0,-31.64403260735436,0.01592736463157498,0.19550077282652562,0.17387743385470644,0.38684899466378353,0.2114281374581006,0.56072642851849
qwen,hallusionbench,hallusionbench-image-VD-illusion-0-1-2,LUH,1,1,0.6892947845196862,1.0064772624398524,-0.0,-30.343297790199696,0.019237914255687168,0.2205716444521534,0.1994083949497768,0.33527084272734975,0.23980955870784057,0.5346792376771266
qwen,hallusionbench,hallusionbench-image-VD-video-3-1-0,LUH,1,0,0.7527198807068207,1.0004616849128283,0.5009587400363418,-39.83736003916081,0.007618858193864628,0.18291424731818998,0.17775296191779932,0.40656523801842515,0.1905331055120546,0.5843181999362245
qwen,vilp,vilp-10-case3,LUH,1,0,0.6147734241829683,1.0124546602061948,-0.0,-36.04227452533237,0.01764946446126821,0.27564672547943736,0.09352153661299725,0.3743339947291783,0.29329618994070555,0.4678555313421755
qwen,hallusionbench,hallusionbench-image-VD-video-4-2-1,LUH,1,0,0.7275817779054423,1.0003471977103495,0.5000442003213008,-36.66769705235873,0.017630726707224945,0.18982204125852,0.19654533814410774,0.3617613169611717,0.20745276796574497,0.5583066551052794
qwen,hallusionbench,hallusionbench-image-VD-ocr-5-1-0,LUH,1,0,0.6754897749814985,1.000434970060335,-0.0,30.36173251347097,0.010816092393836196,0.23619034825539104,0.1328575659771355,0.3836980352596361,0.24700644064922722,0.5165556012367716
qwen,hallusionbench,hallusionbench-image-VD-illusion-1-1-2,LUH,1,1,0.6748200984259403,1.0000801118513611,0.6931456357429889,-41.700635092156304,0.021626532077789307,0.23021306796949736,0.144117360212365,0.380452992964764,0.25183960004728667,0.524570353177129
qwen,vilp,vilp-48-case2,LUH,1,0,0.6075248979831744,1.002299086609661,0.32327252078892277,-42.200493866644806,0.019394296772625982,0.28321836432632136,0.12086765133604713,0.3481479177669603,0.30261266109894736,0.46901556910300746
qwen,hallusionbench,hallusionbench-image-VD-illusion-3-1-0,LUH,1,0,0.7389623779931284,1.0003433816959082,0.6730412132238752,-45.256783118560705,0.011692883104694133,0.18826455972632583,0.17194095922976121,0.39760108869902944,0.19995744283101996,0.5695420479287907
qwen,vilp,vilp-165-case2,LUH,1,0,0.6267293117754142,1.0001144474665804,0.6090402320087336,-32.17262075546882,0.017446074102606093,0.26176851987838745,0.14338743260928563,0.3259830134255546,0.2792145939809935,0.46937044603484024
qwen,vilp,vilp-62-case3,LUH,1,0,0.6026502604763757,1.0399802644160494,-0.0,-41.67747847205209,0.020514221823945338,0.2855127101041833,0.08904888192001655,0.3762896790796396,0.30602693192812863,0.46533856099965615
qwen,vilp,vilp-217-case2,LUH,1,0,0.7313854682084765,1.0005628261739263,0.005587424592594783,-8.063433316803724,0.014262595346995763,0.1860144649233137,0.13235303333827428,0.4168557780129569,0.20027706027030945,0.5492088113512312
qwen,vilp,vilp-279-case3,LUH,1,0,0.7126791647138655,1.0047644267519855,-0.0,-21.379111998949313,0.02001590198940701,0.19037166474357484,0.14982380185808453,0.3722636207701668,0.21038756673298184,0.5220874226282513
qwen,hallusionbench,hallusionbench-image-VD-figure-4-1-0,LUH,1,0,0.7106242553906741,1.0001793068450353,0.488193412641044,-24.309859726873306,0.00831847105707441,0.21232778198864996,0.12331882301641969,0.41957467916060465,0.22064625304572438,0.5428935021770244
qwen,hallusionbench,hallusionbench-image-VD-math-3-1-0,LUH,1,0,0.6748573384907559,1.000072481874731,0.3344126947615265,4.718247168148864,0.021990016406896164,0.22626586836211537,0.07602216029653744,0.4411379366504903,0.24825588476901153,0.5171600969470277
qwen,vilp,vilp-17-case2,LUH,1,0,0.5490968768688671,1.0005971783621113,0.6401915227740255,-44.9469820845253,0.01804242336324283,0.32134658098220825,0.09466502496174403,0.31958930832999094,0.3393890043454511,0.414254333291735
qwen,hallusionbench,hallusionbench-image-VD-video-2-1-2,LUH,1,0,0.8002194148486823,1.0022226201749604,0.32540795464107675,-41.2021836650173,0.006693654826709202,0.14568373621726524,0.16392523901803152,0.4517955196147062,0.15237739104397444,0.6157207586327378
qwen,hallusionbench,hallusionbench-image-VD-video-5-1-0,LUH,1,0,0.7562707119789062,1.0006162634207214,0.5006103788099383,-39.010806551311035,0.013756497173893208,0.17231954360494808,0.16662855537570254,0.41606500197430046,0.1860760407788413,0.5826935573500029
qwen,hallusionbench,hallusionbench-image-VD-video-7-1-2,LUH,1,0,0.7069504631789141,1.0084218780872747,-0.0,-27.484258526603686,0.012431224694057386,0.21192393010976363,0.1756520563242387,0.36888254905233575,0.224355154803821,0.5445346053765745
qwen,hallusionbench,hallusionbench-image-VD-math-10-0-1,non_hallucination,0,1,0.7153528543763271,1.0000228884455302,-0.0,-53.8577523867031,0.012733288565460518,0.20882766587393625,0.11067246417610013,0.45013608737867705,0.22156095443939677,0.5608085515547772
qwen,hallusionbench,hallusionbench-image-VD-illusion-19-1-0,non_hallucination,0,1,0.68020262125844,1.0000286106387688,-0.0,-57.6317132530861,0.015163209973549356,0.2327058558561364,0.17008535229429905,0.3570192687365473,0.24786906582968576,0.5271046210308463
qwen,hallusionbench,hallusionbench-image-VD-math-6-0-2,non_hallucination,0,1,0.6565508991895719,1.0000362402806866,-0.0,-54.01582416870378,0.015891075742488006,0.24954979760306223,0.17697308987987284,0.3305548356503856,0.2654408733455502,0.5075279255302585
qwen,hallusionbench,hallusionbench-image-VS-map-4-1-1,non_hallucination,0,1,0.6545195295286959,1.0000495922941104,-0.0,-52.119186395647574,0.01576704881629165,0.25166402544294086,0.14232250135772084,0.36473619694612464,0.2674310742592325,0.5070586983038454
qwen,hallusionbench,hallusionbench-image-VD-math-8-0-0,non_hallucination,0,1,0.6818104298500758,1.0000762968557695,-0.0,-54.059538936768234,0.00884097419223007,0.23345165836567783,0.05230436033132125,0.46974271657515543,0.2422926325579079,0.5220470769064767
qwen,hallusionbench,hallusionbench-image-VD-figure-17-1-1,non_hallucination,0,1,0.6944774644946998,1.0000343328647499,-0.0,-50.86703980276281,0.008062945032606319,0.2232132152635224,0.1312569452791798,0.3966486405353157,0.2312761602961287,0.5279055858144954
qwen,hallusionbench,hallusionbench-image-VD-figure-2-0-0,non_hallucination,0,1,0.6650134725231684,1.0000762968557695,-0.0,-51.80626421013039,0.017015597649983,0.2393934191489706,0.08377249386845803,0.42680859079166333,0.2564090167989536,0.5105810846601213
qwen,hallusionbench,hallusionbench-image-VD-math-10-0-0,non_hallucination,0,1,0.6708515002627067,1.0001144474665804,-0.0,-55.873614150199806,0.011592489724256555,0.2401389199860242,0.14240646848873217,0.374541594057667,0.25173140971028074,0.5169480625463991
qwen,vilp,vilp-285-case1,non_hallucination,0,1,0.6641019756531465,1.0000324254524515,-0.0,-46.502436316246246,0.015054666266149402,0.24109993175584443,0.1577052729470389,0.3492073818128936,0.2561545980219938,0.5069126547599325
qwen,hallusionbench,hallusionbench-image-VS-table-1-2-1,non_hallucination,0,1,0.6742756080058683,1.0000839268615058,-0.0,-48.33505617912025,0.029218190786789874,0.22249033986305705,0.1141912401938925,0.4061121648671676,0.25170853064984694,0.5203034050610601
qwen,hallusionbench,hallusionbench-image-VS-table-7-2-5,non_hallucination,0,1,0.6869354769151462,1.0001735837895087,-0.0,-51.71996385788968,0.030261630914649184,0.2140047501544563,0.1669975348881313,0.37149810791015625,0.24426638106910548,0.5384956427982875
qwen,mmvet,mmvet-v1_111,non_hallucination,0,1,0.6299186572540714,1.0001144474665804,-0.0,-48.500561980857576,0.020407857943554313,0.261051032007957,0.12885455209381724,0.351617735259387,0.2814588899515113,0.48047228735320424
qwen,hallusionbench,hallusionbench-image-VD-figure-8-0-0,non_hallucination,0,1,0.6794334291329721,1.00008964940401,-0.0,-48.310068763380144,0.008360347273398419,0.23595773930452307,0.12626705850873676,0.3925694056919643,0.24431808657792148,0.5188364642007011
qwen,hallusionbench,hallusionbench-image-VD-ocr-11-0-1,non_hallucination,0,1,0.687091099036648,1.00008964940401,-0.0,-47.7831205350577,0.015858782797443623,0.22707164530851404,0.13291624614170622,0.40181660165592115,0.24293042810595766,0.5347328477976274
qwen,hallusionbench,hallusionbench-image-VS-table-4-3-2,non_hallucination,0,1,0.6945533214298967,1.0000381477002613,-0.0,-45.07462952666817,0.031730903654682396,0.20307989996306752,0.13423116353093362,0.40074356234803493,0.23481080361774992,0.5349747258789685
qwen,vilp,vilp-90-case1,non_hallucination,0,1,0.7489745355715651,1.0000991870476161,-0.0,-46.78731715816185,0.01437263707725369,0.17859490063725686,0.16440936010711046,0.4114985757944535,0.19296753771451056,0.575907935901564
qwen,hallusionbench,hallusionbench-image-VS-chart-8-2-0,non_hallucination,0,1,0.7539139274844954,1.0000457774149414,-0.0,-44.251372331295606,0.01412985762771295,0.17523990845193668,0.18659740564774493,0.39558373665323066,0.18936976607964964,0.5821811423009756
qwen,mmvet,mmvet-v1_115,non_hallucination,0,1,0.5926753893701422,1.0001735837895087,-0.0,-49.294253929456275,0.006565211987008854,0.30793458588269296,0.09023502894810267,0.3671387652961575,0.31449979786970184,0.45737379424426017
qwen,hallusionbench,hallusionbench-image-VS-table-2-2-1,non_hallucination,0,1,0.7683080752020184,1.000041962550325,-0.0,-44.333817920354036,0.016896611573744794,0.163604702268328,0.11011811178557726,0.49050710639175105,0.1805013138420728,0.6006252181773283
qwen,mmvet,mmvet-v1_123,non_hallucination,0,1,0.7296468742111213,1.0000209810550602,-0.0,-42.64212364304856,0.02175449716801546,0.1886910613702268,0.14619947452934423,0.42365527639583667,0.21044555853824226,0.5698547509251809
qwen,hallusionbench,hallusionbench-image-VS-map-4-1-3,non_hallucination,0,1,0.6842624977282753,1.000318577956862,-0.0,-52.760870997073916,0.013465491484622566,0.22756111378572424,0.13722999728455837,0.3873399812348035,0.2410266052703468,0.5245699785193618
qwen,hallusionbench,hallusionbench-image-VD-ocr-15-1-1,non_hallucination,0,1,0.7424927707561768,1.000110632340009,-0.0,-46.543626414453016,0.00958829874895057,0.18986187662397114,0.18311595916748047,0.39325523376464844,0.1994501753729217,0.5763711929321289
qwen,hallusionbench,hallusionbench-image-VD-ocr-5-0-0,non_hallucination,0,1,0.6302930431943111,1.0002479860657274,-0.0,-51.39104837879241,0.011480472525771782,0.26865602026180346,0.10401197355620714,0.3750220318229831,0.28013649278757524,0.4790340053791903
qwen,hallusionbench,hallusionbench-image-VD-ocr-9-0-1,non_hallucination,0,1,0.7300643382998732,1.0001793068450353,-0.0,-47.49989452930853,0.01409988926381481,0.19511086113598883,0.13530752123618614,0.4297247906120456,0.20921075039980364,0.5650323118482318
qwen,hallusionbench,hallusionbench-image-VS-table-7-1-4,non_hallucination,0,1,0.6444420339828736,1.0002746959251427,-0.0,-49.22939151763544,0.02950196850056551,0.24248736245291574,0.12427323205130442,0.3708503684219049,0.27198933095348127,0.4951236004732093
qwen,hallusionbench,hallusionbench-image-VD-figure-18-0-0,non_hallucination,0,1,0.6432277658468891,1.0002479860657274,-0.0,-48.28651856237998,0.005825184133588051,0.2670950694959991,0.09246719126798669,0.4022733338025151,0.27292025362958716,0.4947405250705018
qwen,hallusionbench,hallusionbench-image-VS-map-0-1-0,non_hallucination,0,1,0.6715491312394044,1.000156414819413,-0.0,-44.87374672025065,0.020330807384179563,0.23171508555509607,0.1453912014863929,0.37123627565344985,0.25204589293927565,0.5166274771398427
qwen,hallusionbench,hallusionbench-image-VS-chart-18-2-1,non_hallucination,0,1,0.6625659868077685,1.0002193691506673,-0.0,-45.81828809765609,0.024798366488242636,0.23767248465090385,0.13660881470660774,0.37861236260861764,0.2624708511391465,0.5152211773152253
qwen,hallusionbench,hallusionbench-image-VD-math-9-0-0,non_hallucination,0,1,0.7625432312905548,1.0005399253703438,-0.0,-54.03615944995933,0.007207772561482021,0.1732908852246343,0.08881299836294992,0.4974311322582011,0.18049865778611632,0.586244130621151
qwen,vilp,vilp-151-case1,non_hallucination,0,1,0.5387682267565129,1.0002804195592394,-0.0,-46.427974501643924,0.023810036328374126,0.3295253831513074,0.09932153565543039,0.3127349347484355,0.35333541947968156,0.4120564704038659
qwen,hallusionbench,hallusionbench-image-VS-table-7-3-2,non_hallucination,0,1,0.6161891219676847,1.000354829782903,-0.0,-46.89132173667235,0.026979495067985693,0.2665455098054847,0.14187478046027982,0.33211101804460796,0.2935250048734704,0.47398579850488776
qwen,hallusionbench,hallusionbench-image-VD-ocr-3-2-1,non_hallucination,0,1,0.7223887894563394,1.000051499739152,-0.0,-36.6591785486767,0.013289762394768851,0.20183723313467844,0.10793781767086108,0.4535242002837512,0.21512699552944728,0.5614620179546123
qwen,vilp,vilp-256-case1,non_hallucination,0,1,0.6645999253928225,1.0001704043283663,-0.0,-42.36295960210126,0.01663638391191997,0.23023324542575413,0.14836161477225168,0.34309152572874035,0.2468696293376741,0.49145314050099204
qwen,hallusionbench,hallusionbench-image-VD-ocr-2-0-1,non_hallucination,0,1,0.7928593011523146,1.0001201701837252,-0.0,-40.54572954076036,0.02705906361949687,0.1342459892740055,0.1897034742394272,0.42745306053940135,0.16130505289350236,0.6171565347788286
qwen,hallusionbench,hallusionbench-image-VS-chart-7-2-3,non_hallucination,0,1,0.7304476010146026,1.0002193691506673,-0.0,-43.49651250711316,0.021615670651805644,0.18802383967808314,0.1529158621418233,0.4191496128938636,0.20963951032988878,0.5720654750356868
qwen,hallusionbench,hallusionbench-image-VS-table-6-2-0,non_hallucination,0,1,0.7838125477827784,1.0000743893634312,-0.0,-34.71518939412191,0.02570056307072542,0.14181798331591547,0.1546159179843202,0.4573430236505002,0.16751854638664088,0.6119589416348205
qwen,hallusionbench,hallusionbench-image-VS-chart-16-1-0,non_hallucination,0,1,0.7046249854514228,1.000734598909346,-0.0,-49.39431841050727,0.030796520564020893,0.19470472725070254,0.1717199792667311,0.36825939100615834,0.22550124781472342,0.5399793702728894
qwen,hallusionbench,hallusionbench-image-VD-ocr-0-0-0,non_hallucination,0,1,0.7708975905542095,1.0003891748299758,-0.0,-45.626868493486015,0.015834109515559917,0.15696498812461385,0.15545842598895637,0.42938608052779215,0.17279909764017376,0.5848445065167485
qwen,vilp,vilp-128-case2,non_hallucination,0,1,0.7108984906978576,1.0004158884595882,-0.0,-44.887352161536406,0.019535619385388434,0.20173392490464814,0.1489708374957649,0.39742635220897443,0.2212695442900366,0.5463971897047393
qwen,vilp,vilp-6-case1,non_hallucination,0,1,0.5655991237952926,1.0002219128432968,-0.0,-42.110841594682874,0.01872611991942875,0.30012332068549263,0.06639182378375341,0.3498093892657568,0.3188494406049214,0.4162012130495102
qwen,vilp,vilp-210-case1,non_hallucination,0,1,0.648938902860878,1.0002870971737456,-0.0,-43.199937516248475,0.016285094299486706,0.24873050621577675,0.1642067858151027,0.32686333996909006,0.26501560051526346,0.49107012578419273
qwen,hallusionbench,hallusionbench-image-VD-figure-1-0-1,non_hallucination,0,1,0.7019628511037364,1.0000915569254545,-0.0,-35.072365896767444,0.009025076822358735,0.2213161526894083,0.14299649608378506,0.3998815186169683,0.23034122951176703,0.5428780147007534
qwen,hallusionbench,hallusionbench-image-VS-table-10-2-3,non_hallucination,0,1,0.6888425011253888,1.0010629577280232,-0.0,-52.98940347381973,0.029713302242512604,0.20893683238905303,0.1216241048306835,0.407132304444605,0.23865013463156565,0.5287564092752886
qwen,vilp,vilp-126-case1,non_hallucination,0,1,0.5521869758625694,1.0000104904725051,-0.0,-23.499898089265944,0.016818123204367503,0.3181658046586173,0.08780038356781006,0.3260080133165632,0.3349839278629848,0.41380839688437326
qwen,vilp,vilp-31-case1,non_hallucination,0,1,0.5430648013659602,1.000886356021479,-0.0,-48.445150056883875,0.017514543873923167,0.33152490732621176,0.094736639334231,0.3197623077703982,0.3490394512001349,0.4144989471046292
qwen,vilp,vilp-105-case1,non_hallucination,0,1,0.6331321757517281,1.000668749208909,-0.0,-46.202772523987186,0.01484717611147433,0.26604836327689035,0.1123990282720449,0.3744746714222188,0.2808955393883647,0.4868736996942637
qwen,hallusionbench,hallusionbench-image-VD-ocr-18-0-0,non_hallucination,0,1,0.7756527510134361,1.0005571009238907,-0.0,-45.64397137345287,0.00761074983343786,0.16380845770543934,0.12883104110250668,0.46771629489198024,0.17141920753887718,0.596547335994487
qwen,vilp,vilp-43-case1,non_hallucination,0,1,0.6865457956657837,1.0002479860657274,-0.0,-40.74737824235945,0.013228023538784106,0.2281030732758191,0.13642733437674387,0.3929978390129245,0.2413310968146032,0.5294251733896684
qwen,hallusionbench,hallusionbench-image-VD-ocr-7-0-0,non_hallucination,0,1,0.6418802345834318,1.0005399253703438,-0.0,-44.25203877681532,0.00758707979503943,0.26371552019703143,0.10904160810976612,0.3783674921308245,0.27130259999207085,0.4874091002405906
qwen,vilp,vilp-99-case1,non_hallucination,0,1,0.6075643694578508,1.0004025315556158,-0.0,-43.25821993777226,0.01770860564951994,0.2834386533620406,0.11175168290430186,0.3554126097231495,0.30114725901156053,0.46716429262745135
qwen,hallusionbench,hallusionbench-image-VD-ocr-14-0-0,non_hallucination,0,1,0.7448567180141208,1.0006487088557932,-0.0,-44.81884826855935,0.010709103576991022,0.1850519764180086,0.18729130102663624,0.38497819705885283,0.19576107999499964,0.5722694980854891
qwen,hallusionbench,hallusionbench-image-VD-ocr-17-0-0,non_hallucination,0,1,0.7545827868127685,1.000696424642086,-0.0,-45.76816578169781,0.01583395153284073,0.17075027190909095,0.15781038999557495,0.4196449493875309,0.18658422344193168,0.5774553393831059
qwen,vilp,vilp-162-case1,non_hallucination,0,1,0.6552075774170767,1.0006391659715634,-0.0,-44.06332161122444,0.01629660065685,0.23996884482247488,0.14174744061061315,0.34587107385907856,0.2562654454793249,0.48761851446969173
qwen,hallusionbench,hallusionbench-image-VD-math-3-0-2,non_hallucination,0,1,0.7127749373867829,1.0006391659715634,-0.0,-46.104364629708456,0.013929222919503038,0.20844130613365952,0.11523229735238211,0.4382210750969089,0.22237052905316257,0.5534533724492909
qwen,vilp,vilp-203-case2,non_hallucination,0,1,0.510671562577935,1.0001831222335795,-0.0,-36.58102480612386,0.017172883967964018,0.3562323901118064,0.06977079595838274,0.3197545129425672,0.3734052740797704,0.38952530890094994
qwen,vilp,vilp-267-case1,non_hallucination,0,1,0.5452840975056386,1.0004884004786945,-0.0,-43.18175965087637,0.01734442843331231,0.3137472546289838,0.08067065950423952,0.3173388223799448,0.3310916830622961,0.39800948188418434
qwen,mmvet,mmvet-v1_29,non_hallucination,0,0,0.6865532865481794,1.0000867881286648,0.3250858021022909,-47.52533938888152,0.0244515346629279,0.2109607458114624,0.16916520254952566,0.3507089785167149,0.2354122804743903,0.5198741810662406
qwen,hallusionbench,hallusionbench-image-VS-table-8-3-1,non_hallucination,0,1,0.5919126029795093,1.000469317858853,-0.0,-41.777020038404345,0.030028613246217067,0.2844326155526298,0.12131368384069327,0.3341952829944844,0.31446122879884686,0.4555089668351777
qwen,vilp,vilp-253-case1,non_hallucination,0,1,0.6032120265385246,1.0003128541044217,-0.0,-39.045203914562386,0.017783498125416894,0.2799118757247925,0.10820083107267107,0.3465907914297921,0.2976953738502094,0.4547916225024632
qwen,vilp,vilp-46-case1,non_hallucination,0,1,0.7019211165720816,1.0007823187912934,-0.0,-45.50677631107042,0.010106550491586024,0.21919617360951948,0.13525930716066945,0.4054266871238241,0.2293027241011055,0.5406859942844936
qwen,hallusionbench,hallusionbench-image-VS-table-8-3-3,non_hallucination,0,1,0.7372706764493792,1.0011450642657445,-0.0,-48.35879488429692,0.026060063011792242,0.17781358835648517,0.16700556813454143,0.4074948953122509,0.2038736513682774,0.5745004634467923
qwen,hallusionbench,hallusionbench-image-VD-math-1-0-1,non_hallucination,0,1,0.7726708240709621,1.0000495922941104,0.32501306699396626,-47.98381402441961,0.009965961076775377,0.16446958269391743,0.09402817122790279,0.5035391437764071,0.1744355437706928,0.5975673150043098
qwen,vilp,vilp-153-case1,non_hallucination,0,1,0.7252772833090666,1.000948401719269,-0.0,-45.81464507566145,0.018963155089592447,0.1923832066205083,0.15531855699967367,0.4052435816550741,0.21134636171010077,0.5605621386547478
qwen,hallusionbench,hallusionbench-image-VD-math-12-0-1,non_hallucination,0,1,0.7560638778918385,1.0000133515295606,0.5003917409351398,-51.51366168097834,0.010168049712570345,0.17949487725082708,0.1329256125858852,0.46034299110879706,0.18966292696339743,0.5932686036946823
qwen,hallusionbench,hallusionbench-image-VS-table-3-1-2,non_hallucination,0,1,0.6624243417064946,1.0002441704297478,-0.0,-36.74518347376298,0.021557016032082696,0.23798250665470047,0.055396318435668945,0.45530471023248165,0.25953952268678315,0.5107010286681506
qwen,hallusionbench,hallusionbench-image-VS-chart-10-2-1,non_hallucination,0,1,0.7459957318950248,1.0005819105773144,-0.0,-42.462514478493695,0.016228779846308182,0.1812631840608558,0.13308990244962732,0.44854543646987605,0.19749196390716398,0.5816353389195034
qwen,vilp,vilp-217-case1,non_hallucination,0,1,0.6532866239860582,1.0005208417677525,-0.0,-40.71436809634755,0.013455298330102648,0.24575132983071463,0.1458667388984135,0.3457695075443813,0.2592066281608173,0.4916362464427948
qwen,vilp,vilp-22-case1,non_hallucination,0,1,0.6576846904103286,1.0001793068450353,0.3244998588183779,-45.386933043912364,0.015115933758871897,0.2365764038903373,0.10357516152518137,0.38115378788539345,0.2516923376492092,0.4847289494105748
qwen,mmvet,mmvet-v1_85,non_hallucination,0,1,0.7010368250278668,1.000040055123474,0.3248475365538549,-43.33141547042669,0.016363024103398224,0.21405335348479604,0.20745503172582508,0.33481449983557876,0.23041637758819428,0.5422695315614039
qwen,hallusionbench,hallusionbench-image-VD-ocr-13-1-0,non_hallucination,0,1,0.6496432363767346,1.0002537095469886,-0.0,-36.34672267158808,0.011719655017463528,0.25844358911319654,0.11501278682630889,0.3866210859649035,0.27016324413066006,0.5016338727912124
qwen,vilp,vilp-147-case1,non_hallucination,0,1,0.6949821559413332,1.0006553889289038,-0.0,-41.673832941621974,0.01466956308909825,0.2141532301902771,0.15541812777519226,0.37071997778756277,0.22882279327937535,0.526138105562755
qwen,hallusionbench,hallusionbench-image-VD-ocr-17-0-1,non_hallucination,0,1,0.7437709821657311,1.0003128541044217,-0.0,-33.28191093104265,0.015905711267675673,0.18107034478868755,0.16093543840914357,0.41247206074850895,0.19697605605636323,0.5734074991576525
qwen,vilp,vilp-139-case2,non_hallucination,0,1,0.6906480081459632,1.0007832732121422,-0.0,-40.64217045422289,0.02290042383330209,0.20990671430315289,0.16144253526415142,0.35894787311553955,0.23280713813645498,0.520390408379691
qwen,hallusionbench,hallusionbench-image-VS-table-1-1-1,non_hallucination,0,1,0.7608264220477228,1.0033051631810326,-0.0,-49.97999202486403,0.017745899910829505,0.1638983950322988,0.17306376963245626,0.4073195165517379,0.1816442949431283,0.5803832861841942
qwen,hallusionbench,hallusionbench-image-VD-ocr-14-1-1,non_hallucination,0,1,0.7530368018977627,1.000914037472994,-0.0,-41.0732323585309,0.011142856232365782,0.17748806853683627,0.1560641064935801,0.42384660487272297,0.18863092476920204,0.5799107113663031
qwen,vilp,vilp-237-case1,non_hallucination,0,1,0.7366946221881947,1.001998989339103,-0.0,-45.784543639886955,0.016616306742843315,0.18350009528958067,0.12917292847925302,0.43237462335703325,0.20011640203242398,0.5615475518362862
qwen,hallusionbench,hallusionbench-image-VS-table-9-1-2,non_hallucination,0,1,0.7247658438869413,1.0018040698374253,-0.0,-45.63180108794101,0.02175647202803164,0.18819642066955566,0.14847193445478168,0.4065084068142638,0.2099528926975873,0.5549803412690455
qwen,vilp,vilp-230-case1,non_hallucination,0,1,0.6419834367944306,1.0017725423047545,-0.0,-44.36560534718098,0.015329621200050627,0.2526272450174604,0.13999606881822857,0.34196242264338905,0.267956866217511,0.4819584914616176
qwen,hallusionbench,hallusionbench-image-VS-table-8-2-4,non_hallucination,0,1,0.7700529954521542,1.0023105570780504,-0.0,-47.41249540958245,0.02422187766250299,0.15283148142756248,0.2276555567371602,0.3697495363196548,0.17705335909006548,0.597405093056815
qwen,hallusionbench,hallusionbench-image-VD-ocr-13-1-1,non_hallucination,0,1,0.6493578651649513,1.0005494673081368,0.32453122206028767,-45.74285929728243,0.011439033917018344,0.2545774810168208,0.1313523613676733,0.3629242449390645,0.26601651493383915,0.4942766063067378
qwen,hallusionbench,hallusionbench-image-VS-table-10-2-0,non_hallucination,0,1,0.6601523342789521,1.000040055123474,0.32385387032085766,-40.57902375668824,0.03034139166072923,0.23286090578351704,0.1032057100412797,0.4096452168055943,0.2632022974442463,0.512850926846874
qwen,hallusionbench,hallusionbench-image-VS-chart-0-1-2,non_hallucination,0,1,0.7794225462471926,1.0001793068450353,-0.0,-18.359630335058103,0.017180114376301667,0.1537012178070691,0.17549630087249132,0.43361111076510683,0.17088133218337076,0.6091074116375982
qwen,vilp,vilp-221-case1,non_hallucination,0,1,0.640294302711058,1.0006868813028054,-0.0,-36.46824540610053,0.019015199675851937,0.25673586981637136,0.11431750472711057,0.3755997443685726,0.2757510694922233,0.4899172490956831
qwen,hallusionbench,hallusionbench-image-VD-math-10-1-2,non_hallucination,0,1,0.7249566139799097,1.0000228884455302,0.5003503372138082,-46.68266283716894,0.013300472376297931,0.19910753016569177,0.10239640060736208,0.4615635190691267,0.21240800254198972,0.5639599196764887
qwen,vilp,vilp-33-case2,non_hallucination,0,1,0.5541145374084346,1.0008682203131711,-0.0,-36.28626497348548,0.01796743395377179,0.3233343922362035,0.08934845243181501,0.33453090823426535,0.3413018261899753,0.42387936066608034
qwen,vilp,vilp-243-case1,non_hallucination,0,1,0.5808395282966995,1.0028676700024273,-0.0,-44.227329323419845,0.01738858979845804,0.2871263973296635,0.06887414720323351,0.3558441949269128,0.30451498712812153,0.42471834213014636
qwen,hallusionbench,hallusionbench-image-VS-chart-8-1-0,non_hallucination,0,1,0.6928726246379505,1.0015289539148724,-0.0,-42.42339489638645,0.019939001117433817,0.21569013595581055,0.13979126969162298,0.3948936462402344,0.23562913707324437,0.5346849159318574
qwen,vilp,vilp-102-case2,non_hallucination,0,1,0.6619425195909838,1.0020276571702338,-0.0,-41.839558074939994,0.018602953881633525,0.24176335821346362,0.12959809205969985,0.3823152853518116,0.26036631209509714,0.5119133774115114
qwen,hallusionbench,hallusionbench-image-VS-table-8-2-1,non_hallucination,0,1,0.6568089784130924,1.002939722079151,-0.0,-43.92713727150812,0.030265799590519497,0.23210505076817103,0.11916549838319117,0.38427989336909085,0.2623708503586905,0.503445391752282
qwen,vilp,vilp-288-case1,non_hallucination,0,1,0.648363874841178,1.0032027879833414,-0.0,-46.9604102233373,0.016584939190319607,0.24347852809088572,0.13087278391633717,0.35039302280970985,0.26006346728120533,0.481265806726047
qwen,vilp,vilp-296-case2,non_hallucination,0,1,0.6824659216725741,1.0007260095722466,-0.0,-31.375900112862098,0.016224293304341178,0.2184476511819022,0.08149342026029315,0.4262363059180123,0.2346719444862434,0.5077297261783055
qwen,hallusionbench,hallusionbench-image-VD-figure-9-1-1,non_hallucination,0,1,0.5788649444338662,1.0002174613854404,0.32503729326200204,-42.14025533102231,0.012836754322052002,0.30939085629521584,0.08848668117912448,0.3554025377546038,0.32222761061726785,0.44388921893372824
qwen,vilp,vilp-20-case3,non_hallucination,0,1,0.594519607021442,1.0002619768555172,0.5014771372603936,-44.616095498676586,0.01892225704495869,0.27685796646844774,0.1303829238528297,0.30502061995248947,0.29578022351340644,0.4354035438053192
qwen,hallusionbench,hallusionbench-image-VD-math-12-1-1,non_hallucination,0,1,0.7561392493507935,1.0000152589054785,0.6730517167139114,-47.553355992119556,0.010060014469282967,0.17926066262381418,0.1413441531512202,0.45155416216169086,0.18932067709309716,0.592898315312911
qwen,vilp,vilp-233-case1,non_hallucination,0,1,0.5498980225376944,1.000716784070071,-0.0,-35.27455795662879,0.018189457673875115,0.3122424322461325,0.09372582511296348,0.31165203215583925,0.3304318899200076,0.4053778572688027
qwen,vilp,vilp-255-case1,non_hallucination,0,1,0.7569167253115094,1.0030105039379116,-0.0,-43.04758952907218,0.012152531013196828,0.17464594938317124,0.14032074869895467,0.4442274132553412,0.18679848039636807,0.5845481619542958
qwen,hallusionbench,hallusionbench-image-VD-video-5-0-2,non_hallucination,0,1,0.7462367773959403,1.0024424768999278,-0.0,-42.593239438053956,0.014785637052691713,0.1789958428363411,0.15816504128125247,0.41514970818344427,0.1937814798890328,0.5733147494646967
qwen,vilp,vilp-24-case3,non_hallucination,0,1,0.5751166842950883,1.0001525995327494,-0.0,6.395890004342547,0.017931842074102287,0.3064241409301758,0.07180834303096849,0.36774836754312323,0.3243559830042781,0.43955671057409174
qwen,vilp,vilp-242-case1,non_hallucination,0,1,0.6938256113264566,1.0010190430418104,-0.0,-35.3066718171069,0.019025011668129574,0.20127830051240467,0.16415025317479692,0.3374094130500915,0.22030331218053423,0.5015596662248885
qwen,mmvet,mmvet-v1_3,non_hallucination,0,1,0.6531567989482348,1.0004044396738363,0.3251287594456934,-44.542843942168254,0.013822665171963828,0.24551456315176828,0.11135672245706832,0.3805687086922782,0.2593372283237321,0.4919254311493465
qwen,vilp,vilp-291-case1,non_hallucination,0,1,0.5854872226424295,1.0009694026727978,-0.0,-34.78645116228188,0.018712426934923445,0.3005978525901327,0.08532602446419851,0.3669934370079819,0.31931027952505614,0.45231946147218044
qwen,hallusionbench,hallusionbench-image-VS-ocr-10-1-1,non_hallucination,0,1,0.6082131755638868,1.0037147684546674,-0.0,-43.49568427074479,0.028308355078405262,0.27024463731415416,0.08839887015673578,0.37633263334936023,0.2985529923925594,0.46473150350609604
qwen,hallusionbench,hallusionbench-image-VD-figure-8-1-1,non_hallucination,0,1,0.6764296810279851,1.0000495922941104,0.3254807079898258,-34.09930091082109,0.008478190217699324,0.23908142167694713,0.13452345497754156,0.38593263042216397,0.24755961189464645,0.5204560853997056
qwen,hallusionbench,hallusionbench-image-VS-ocr-12-1-1,non_hallucination,0,1,0.5967768638194286,1.0047586774602673,-0.0,-44.51700952808358,0.030411430767604282,0.27839392058703366,0.06754705857257454,0.39141277391083384,0.30880535135463794,0.4589598324834084
qwen,vilp,vilp-260-case3,non_hallucination,0,1,0.6260317395062585,1.000051499739152,0.325170281441864,-39.8935484184613,0.01898773166598106,0.2661564204157615,0.11477271877989477,0.3636956701473314,0.28514415208174254,0.47846838892722615
qwen,mmvet,mmvet-v1_124,non_hallucination,0,1,0.7310412057226727,1.0000457774149414,0.4975096384042518,-41.83081842092736,0.006064764395052073,0.19973131101958608,0.14661313076408541,0.41709983592130695,0.20579607541463815,0.5637129666853924
qwen,vilp,vilp-187-case2,non_hallucination,0,1,0.5415280849763106,1.001503165670994,-0.0,-37.30348933970404,0.021460405950035365,0.3233157566615513,0.0661580775465284,0.3424783945083618,0.34477616261158667,0.40863647205489023
qwen,hallusionbench,hallusionbench-image-VD-illusion-19-1-1,non_hallucination,0,1,0.6719731893235261,1.0000362402806866,0.6076715119444697,-41.352989558455235,0.015945121341822098,0.23816788926416513,0.15640299174250388,0.36466662737787986,0.25411301060598723,0.5210696191203837
qwen,hallusionbench,hallusionbench-image-VS-chart-18-1-0,non_hallucination,0,1,0.6674324778952143,1.0030832040196118,-0.0,-43.017089783240316,0.02202106252008555,0.23118490102339764,0.11263352024311922,0.39787494892976727,0.2532059635434832,0.5105084691728865
qwen,hallusionbench,hallusionbench-image-VD-math-0-0-1,non_hallucination,0,1,0.7451798170886259,1.0039770801819032,-0.0,-41.729923207351824,0.012847204293523515,0.18379591435802226,0.0803812669247997,0.4989595023953185,0.19664311865154577,0.5793407693201182
qwen,hallusionbench,hallusionbench-image-VS-map-6-1-0,non_hallucination,0,1,0.6601608596420907,1.001762033347687,-0.0,-38.40148063551073,0.0402154168304132,0.2185038741754026,0.1274430021947744,0.37816915706712373,0.2587192910058158,0.5056121592618981
qwen,hallusionbench,hallusionbench-image-VS-chart-10-1-3,non_hallucination,0,1,0.7587268671107957,1.0008319498823872,-0.0,-27.519594292147122,0.01586582830974034,0.17183286803109304,0.12412373387083714,0.4696430868032027,0.1876986963408334,0.5937668206740399
qwen,hallusionbench,hallusionbench-image-VS-ocr-9-1-0,non_hallucination,0,1,0.6937884452808154,1.0026738564806754,-0.0,-41.765793249586395,0.027917677042435626,0.20719135050870935,0.10858634540012904,0.42284465322689135,0.235109027551145,0.5314309986270204
qwen,hallusionbench,hallusionbench-image-VS-map-3-2-1,non_hallucination,0,1,0.5827208988429047,1.0000934644505375,0.6727550597675916,-43.87671910744196,0.027087954842314427,0.29773082538526885,0.09035604827258051,0.3633487565176827,0.32481878022758326,0.4537048047902632
qwen,vilp,vilp-160-case2,non_hallucination,0,1,0.5711383431317039,1.0019301898906856,-0.0,-37.112141409856974,0.020585977909516315,0.3084705313857721,0.07953863484518868,0.3596011959776586,0.3290565092952884,0.4391398308228473
qwen,vilp,vilp-98-case3,non_hallucination,0,0,0.6678546117748465,1.0014563664799685,-0.0,-35.59141165319897,0.02382750900424257,0.23147126606532503,0.1642622947692871,0.34958382042086855,0.2552987750695676,0.5138461151901557
qwen,vilp,vilp-161-case3,non_hallucination,0,1,0.6214049992538143,1.002228354955201,-0.0,-38.13336420920144,0.018423495244006723,0.26888774365794904,0.12106538792045748,0.35110177799147,0.28731123890195576,0.47216716591192753
qwen,vilp,vilp-2-case1,non_hallucination,0,1,0.619469969631247,1.0039684630144836,-0.0,-41.24276346085252,0.024304880627564023,0.2563993419919695,0.13113700492041452,0.3250631945473807,0.28070422261953354,0.4562001994677952
qwen,hallusionbench,hallusionbench-image-VD-illusion-2-0-1,non_hallucination,0,1,0.6252580400873273,1.0002842353334986,-0.0,-5.776553912138397,0.01665418853565138,0.27307617421052893,0.1178381686307946,0.36540064519765425,0.2897303627461803,0.48323881382844885
qwen,hallusionbench,hallusionbench-image-VS-ocr-10-1-0,non_hallucination,0,1,0.8118028381610654,1.0043160807751967,-0.0,-41.16383153480665,0.019532183603364596,0.1248929451922981,0.23487057004656112,0.39309992109026226,0.1444251287956627,0.6279704911368233
qwen,hallusionbench,hallusionbench-image-VD-figure-14-0-0,non_hallucination,0,1,0.7438494049271893,1.0002956827436134,0.32515828641129396,-42.01464859417559,0.007253734737026448,0.18834479974240673,0.18370663389867664,0.3866797272039919,0.19559853447943318,0.5703863611026685
qwen,vilp,vilp-82-case3,non_hallucination,0,1,0.6373673179992274,1.0006200804761258,-0.0,-23.28310448817629,0.018932668530211156,0.2591637689240125,0.15533806353199237,0.33450328087320136,0.27809643745422363,0.4898413444051937
qwen,vilp,vilp-229-case1,non_hallucination,0,1,0.6427713410628968,1.0036822236044496,-0.0,-39.98790557500732,0.015214741762195314,0.2501017877033779,0.10943531138556345,0.3680422306060791,0.2653165294655732,0.47747754199164255
qwen,hallusionbench,hallusionbench-image-VD-illusion-2-0-2,non_hallucination,0,1,0.6241552349669256,1.0003166700024093,0.5005050107592598,-45.18128719487731,0.015597033257387122,0.2716788369782117,0.11453733638841279,0.3635057429878079,0.28727587023559886,0.4780430793762207
qwen,hallusionbench,hallusionbench-image-VD-video-1-1-3,non_hallucination,0,1,0.7745717170852492,1.004902419622995,-0.0,-41.05628642117837,0.010540500283241272,0.16218394162703534,0.19369099091510383,0.4042911334913604,0.1727244419102766,0.5979821244064643
qwen,vilp,vilp-130-case2,non_hallucination,0,1,0.6080231593354499,1.0003777263499354,0.31766354120798623,-40.31392154645799,0.017364958567278727,0.2772774366395814,0.11984681231634958,0.339559406042099,0.2946423952068601,0.4594062183584486
qwen,vilp,vilp-37-case3,non_hallucination,0,1,0.5495480212191826,1.00006675943046,0.6104662401334929,-39.582959489674934,0.020027787709722716,0.3208022214928452,0.10781605876221949,0.3075433263973314,0.3408300092025679,0.4153593851595509
qwen,hallusionbench,hallusionbench-image-VS-chart-7-2-1,non_hallucination,0,1,0.7454011395499421,1.0061739950598263,-0.0,-44.484140756222445,0.022981519905888304,0.17172465032460738,0.11561609166009085,0.4606266958372933,0.1947061702304957,0.5762427874973841
qwen,vilp,vilp-258-case1,non_hallucination,0,1,0.6443334566931775,1.001599636209531,-0.0,-31.95880882864253,0.019944277344917764,0.25354622821418604,0.12766139847891672,0.36827343337389884,0.2734905055591038,0.49593483185281556
qwen,hallusionbench,hallusionbench-image-VS-map-6-2-2,non_hallucination,0,1,0.6418002987532361,1.0022818811532044,-0.0,-36.57675806921499,0.05046761522487718,0.2237883879213917,0.10939389832165777,0.38456276484898155,0.27425600314626886,0.49395666317063935
qwen,vilp,vilp-120-case3,non_hallucination,0,1,0.6848380344458763,1.002052503287334,-0.0,-34.087656279828224,0.019122439379594763,0.22329035583807497,0.15995108351415516,0.3671410132427605,0.24241279521766973,0.5270920967569157
qwen,vilp,vilp-209-case1,non_hallucination,0,1,0.7530251029067245,1.0024883661251476,-0.0,-34.60247789020356,0.014833432679273645,0.17318919240211955,0.14849636992629694,0.42663225835683394,0.1880226250813932,0.5751286282831309
qwen,vilp,vilp-156-case2,non_hallucination,0,1,0.6987881138559082,1.0001144474665804,0.23564315227095708,-16.211580348506086,0.016764806849615916,0.21671751567295622,0.1189558846609933,0.42372600399717997,0.23348232252257214,0.5426818886581732
qwen,vilp,vilp-108-case1,non_hallucination,0,1,0.6602164902296837,1.0094379512186702,-0.0,-42.13257766130284,0.017095017912132398,0.2363730583872114,0.1544736602476665,0.3401244069848742,0.2534680762993438,0.4945980672325407
qwen,hallusionbench,hallusionbench-image-VS-ocr-4-2-1,non_hallucination,0,0,0.6980551762700755,1.000288051122314,0.49997958515691693,-40.1888946718486,0.011787582416923677,0.2211642751888353,0.05569644120274758,0.4857894352504185,0.23295185760575898,0.541485876453166
qwen,hallusionbench,hallusionbench-image-VD-video-5-1-1,non_hallucination,0,1,0.7580458796641065,1.0006487088557932,0.3253074667888437,-43.7153607294383,0.0144453121691334,0.1701939835840342,0.15687681704151388,0.42541780277174346,0.1846392957531676,0.5822946198132574
qwen,hallusionbench,hallusionbench-image-VD-illusion-19-1-2,non_hallucination,0,1,0.6811775615893931,1.000538016993705,-0.0,-6.460428173698453,0.015558756735860085,0.22771655296792792,0.16763718274174905,0.35305969082579325,0.243275309703788,0.5206968735675424
qwen,hallusionbench,hallusionbench-image-VD-math-8-0-1,non_hallucination,0,1,0.6197585968671282,1.0207740563438046,-0.0,-52.874514031923766,0.009030556800414105,0.284931231518181,0.07317120201733648,0.4067474676638233,0.2939617883185951,0.4799186696811598
qwen,vilp,vilp-37-case2,non_hallucination,0,1,0.5679387330294365,1.0000877418862035,0.6102158762766919,-39.160492053844365,0.018322027459436535,0.311563219342913,0.09564840063756827,0.3390108030669543,0.32988524680234954,0.4346592037045226
qwen,vilp,vilp-263-case1,non_hallucination,0,1,0.6521572630906514,1.0014496810597735,-0.0,-28.696062674632582,0.02076113862650735,0.23819073608943392,0.1243822191442762,0.36169700963156565,0.2589518747159413,0.48607922877584187
qwen,hallusionbench,hallusionbench-image-VS-table-8-2-3,non_hallucination,0,1,0.7668864442606506,1.000900673918059,-0.0,-8.316522863651066,0.02848311832972935,0.1536837402655154,0.20490717401309888,0.39752954366255777,0.18216685859524476,0.6024367176756567
qwen,vilp,vilp-279-case1,non_hallucination,0,1,0.695253387078917,1.0022245317647278,-0.0,-29.490500811031207,0.020338180519285657,0.2007945832752046,0.1313612877376496,0.37305707780141684,0.22113276379449026,0.5044183655390664
qwen,hallusionbench,hallusionbench-image-VD-video-1-1-1,non_hallucination,0,1,0.7306675932306665,1.0012290872289002,0.3250408451913039,-43.33546833477647,0.011805693713986144,0.1933185421690649,0.1618651516583501,0.39878629178416974,0.20512423588305106,0.5606514434425198
qwen,vilp,vilp-44-case1,non_hallucination,0,1,0.6035773399520956,1.0037785849496959,-0.0,-37.429135866846906,0.01890836443219866,0.2762146592140198,0.12596052033560617,0.32493339266095844,0.29512302364621845,0.4508939129965646
qwen,vilp,vilp-262-case1,non_hallucination,0,1,0.5332524891891981,1.0006048123418732,0.3228519469824213,-38.99044922818992,0.020044360233812918,0.3407017454809072,0.07200317723410471,0.3406278259900152,0.3607461057147201,0.4126310032241199
qwen,hallusionbench,hallusionbench-image-VS-table-10-1-1,non_hallucination,0,1,0.7418655405469289,1.000043869980814,-0.0,75.99241252502335,0.023591722760881697,0.17513642505723603,0.13259820062286998,0.4427955199261101,0.19872814781811773,0.5753937205489801
qwen,vilp,vilp-20-case1,non_hallucination,0,1,0.6654818881894607,1.0016219244539755,-0.0,-19.80257807417692,0.024204329838828434,0.22146731331234887,0.15966724214099703,0.3326001242985801,0.2456716431511773,0.49226736643957714
qwen,mmvet,mmvet-v1_33,non_hallucination,0,1,0.7210669730645478,1.000206014870493,0.6931466246396276,-40.07928687393306,0.014367281782383822,0.2023297523965641,0.11936910298405862,0.4422787841485471,0.21669703417894792,0.5616478871326057
qwen,vilp,vilp-148-case3,non_hallucination,0,1,0.5657870964495675,1.0004607307986697,0.5001685492611749,-36.915785867277734,0.016290734388998578,0.30793849911008564,0.10466044289725168,0.3202557734080723,0.3242292334990842,0.424916216305324
qwen,vilp,vilp-29-case3,non_hallucination,0,0,0.58701903793041,1.0010056780849093,0.32451025743437484,-41.390543318816256,0.016460136491425185,0.3003841030354403,0.10117642246946998,0.3493856215963558,0.31684423952686547,0.4505620440658258
qwen,vilp,vilp-122-case3,non_hallucination,0,1,0.7272547843048375,1.0027025436201862,-0.0,-31.579247045427124,0.019693119793522115,0.1912874834878104,0.1396734130625822,0.42386619412169163,0.21098060328133253,0.5635396071842739
qwen,mmvet,mmvet-v1_12,non_hallucination,0,1,0.6830694757721154,1.0004903087606971,0.610968600085938,-37.04374309564823,0.019770883378528413,0.2001751831599644,0.0887819074449085,0.3915402094523112,0.21994606653849283,0.4803221168972197
qwen,hallusionbench,hallusionbench-image-VD-figure-14-1-0,non_hallucination,0,1,0.7326743288012911,1.0000629444858038,0.5001237596684998,-33.82746980771644,0.009039811029726145,0.19818373115695254,0.14098031666814065,0.42949553898402626,0.20722354218667868,0.570475855652167
qwen,vilp,vilp-145-case2,non_hallucination,0,1,0.7187276635641076,1.0001430613797642,0.6108664663838286,-38.48984803249285,0.018639492137091502,0.18888416460582189,0.13279723269598825,0.4023619719914028,0.2075236567429134,0.535159204687391
qwen,vilp,vilp-285-case2,non_hallucination,0,1,0.6639127313310667,1.0002384470030699,0.4948958617015575,-30.44808263509213,0.015298240038813377,0.24202079189066983,0.12884540947116152,0.38143354532670004,0.2573190319294832,0.5102789547978616
qwen,hallusionbench,hallusionbench-image-VD-video-1-0-1,non_hallucination,0,1,0.7711688550883142,1.0000801118513611,0.6726287056159739,-37.47572047000554,0.013200165665879542,0.16425268990652903,0.1668771189086291,0.434350889556262,0.17745285557240856,0.6012280084648911
qwen,vilp,vilp-136-case1,non_hallucination,0,1,0.538886340007983,1.003055462577252,-0.0,-33.09863741791102,0.017930957355669568,0.3190667544092451,0.06254770074571882,0.3301942689078195,0.33699771176491466,0.3927419696535383
qwen,vilp,vilp-283-case1,non_hallucination,0,1,0.6325451446637077,1.0036745661459927,-0.0,-34.014768950436086,0.022331568051357657,0.2581175006165796,0.10817212474589445,0.37444641152206737,0.2804490686679373,0.4826185362679618
qwen,mmvet,mmvet-v1_69,non_hallucination,0,1,0.6747087488967168,1.0001570507019386,0.40355334137698384,-17.89065207661589,0.026891895702907016,0.21061223650735522,0.10108024354964967,0.3972335845705063,0.23750413221026223,0.49831382812015595
qwen,vilp,vilp-216-case1,non_hallucination,0,1,0.6246833038823087,1.0011635232517204,-0.0,0.5752190950557434,0.01764687943080115,0.25380440742250476,0.12223225737374926,0.33082842069958884,0.2714512868533059,0.4530606780733381
qwen,hallusionbench,hallusionbench-image-VS-map-1-1-0,non_hallucination,0,1,0.6672345196821222,1.0019263678376198,-0.0,-19.428717342086216,0.006274496414223495,0.24874649242478974,0.16448839829892528,0.3492891837139519,0.25502098883901325,0.5137775820128772
qwen,vilp,vilp-93-case2,non_hallucination,0,1,0.7371869924506496,1.0004063477956961,0.32619129704278477,-36.43875112365721,0.017215965961923405,0.18534399052055517,0.14828602635130592,0.42196604670310506,0.20255995648247857,0.570252073054411
qwen,hallusionbench,hallusionbench-image-VD-figure-10-1-1,non_hallucination,0,1,0.7535367465678459,1.0003433816959082,0.6731813456094843,-37.62005858399292,0.005064775292970697,0.18230537492401744,0.17528622491019114,0.40228102158526985,0.18737015021698813,0.577567246495461
qwen,hallusionbench,hallusionbench-image-VS-chart-4-1-0,non_hallucination,0,1,0.7985767700600943,1.0000743893634312,0.5003794056803825,-25.161205035192438,0.020842482849043244,0.1341221064937358,0.2030107829035545,0.4171534946986607,0.15496458934277904,0.6201642776022152
qwen,hallusionbench,hallusionbench-image-VD-video-6-1-0,non_hallucination,0,1,0.7712660225201302,1.0000286106387688,0.6134913105566203,-25.63691613250746,0.013866894707387806,0.1639765330723354,0.1808145678773218,0.4202396042492925,0.1778434277797232,0.6010541721266143
qwen,mmvet,mmvet-v1_17,non_hallucination,0,1,0.5414943617026444,1.0000324254524515,0.6082656267914139,-18.13120797435501,0.023998048840736856,0.3277857157648826,0.09598083398780044,0.3195521685541893,0.35178376460561944,0.4155330025419897
qwen,hallusionbench,hallusionbench-image-VD-math-6-0-1,non_hallucination,0,1,0.6270299834470885,1.0000286106387688,0.33353725094060593,-2.201751508024273,0.01525778916417336,0.2718379546184929,0.10570702747422822,0.37754884058115434,0.2870957437826663,0.48325586805538256
qwen,vilp,vilp-90-case3,non_hallucination,0,1,0.651716200396958,1.0000610370189331,0.4500457967174592,-0.7575959739711315,0.016936803350643237,0.2486866639584911,0.1226784696384352,0.37481776062323124,0.26562346730913433,0.49749623026166645
qwen,hallusionbench,hallusionbench-image-VD-figure-1-1-0,non_hallucination,0,1,0.5930770549949689,1.0000839268615058,0.33746698514681706,30.050809381016258,0.00831806652095853,0.305853077343532,0.08571223093538868,0.37270258397472145,0.3141711438644905,0.45841481491011016
qwen,hallusionbench,hallusionbench-image-VD-video-1-0-2,non_hallucination,0,1,0.7541641533195333,1.0026336958641884,-0.0,-25.053270044828142,0.013906526930478155,0.17356479411222497,0.18953329203080158,0.3893183299473354,0.18747132104270314,0.578851621978137
qwen,hallusionbench,hallusionbench-image-VS-map-5-1-2,non_hallucination,0,1,0.7501163507471987,1.0004063477956961,0.3072689780344083,-31.762721424488582,0.011406567023724924,0.18080216037983798,0.15017393170570842,0.4295753362227459,0.1922087274035629,0.5797492679284544
qwen,vilp,vilp-231-case1,non_hallucination,0,1,0.5874368598878722,1.0059961718961714,-0.0,-33.55683236286192,0.020887863423143114,0.28615518127168926,0.09173968860081264,0.3443154777799334,0.3070430446948324,0.43605516638074604
qwen,vilp,vilp-285-case3,non_hallucination,0,1,0.6996015950387109,1.0003109461608868,0.29450567596749133,-26.36024169218882,0.017936716274339324,0.21137871061052593,0.17348376098944218,0.36208368807422875,0.22931542688486525,0.5355674490636709
qwen,vilp,vilp-297-case2,non_hallucination,0,0,0.6251487820262553,1.002801998725125,-0.0,-20.18949478642485,0.024773846475445494,0.2633391132160109,0.06497878687722343,0.4156841891152518,0.2881129596914564,0.4806629759924752
qwen,mmvet,mmvet-v1_108,non_hallucination,0,1,0.5759840209970348,1.002058237094155,0.32473295434247895,-44.410969502943765,0.014769149678094047,0.3092571278007663,0.12435015853570433,0.31628206798008507,0.32402627747886037,0.44063222651578937
qwen,vilp,vilp-244-case1,non_hallucination,0,1,0.7748553074863207,1.0004588225730824,0.08779787468228098,-10.987262493210388,0.012308974883386066,0.1569713694708688,0.1507814015660967,0.42994095597948345,0.16928034435425485,0.5807223575455802
qwen,hallusionbench,hallusionbench-image-VD-figure-9-1-0,non_hallucination,0,1,0.5810253524898833,1.0000877418862035,0.6705817204909542,-30.101485800176228,0.01359446255528197,0.31119827348358775,0.07703239333872892,0.3736481958506059,0.3247927360388697,0.4506805891893348
qwen,vilp,vilp-276-case1,non_hallucination,0,1,0.6071777203285409,1.000128754320841,0.31781407372058745,-3.8108390879825826,0.018819748290947506,0.2773213301386152,0.1240937922682081,0.3363773056438991,0.2961410784295627,0.4604710979121072
qwen,hallusionbench,hallusionbench-image-VD-figure-8-1-0,non_hallucination,0,0,0.7803358539306195,1.0007765922853147,0.32481287381134294,-32.40671351267192,0.007089102146576862,0.1607698323775311,0.16098594178958814,0.43847280619095785,0.16785893452410794,0.599458747980546
qwen,hallusionbench,hallusionbench-image-VS-table-2-3-1,non_hallucination,0,1,0.7698845298044128,1.000051499739152,0.6931425421375585,-27.51856749587464,0.011984623816548561,0.16741864535273338,0.15867684811961894,0.44395900259212573,0.17940326916928193,0.6026358507117446
qwen,vilp,vilp-251-case1,non_hallucination,0,1,0.5616994766774162,1.0003141260688002,0.03153933471150682,-17.035461345827326,0.019914231603107756,0.3030358723231724,0.07794183776492164,0.3371798348805261,0.32295010392628015,0.41512167264544775
qwen,vilp,vilp-278-case3,non_hallucination,0,1,0.5751509834053652,1.0071071220366457,-0.0,-31.949211877303373,0.02230739699942725,0.2988945160593305,0.09664990220751081,0.3393450975418091,0.3212019130587577,0.4359949997493199
qwen,vilp,vilp-125-case1,non_hallucination,0,1,0.7121472486661871,1.0064043163682646,-0.0,-32.2467284003135,0.01725525272135832,0.20179793299460896,0.17784682098700078,0.3650219002548529,0.21905318571596727,0.5428687212418537
qwen,vilp,vilp-150-case2,non_hallucination,0,1,0.6536330644550903,1.000673520780712,0.4984215896944978,-35.56527729133038,0.01891684266073363,0.24280221121651785,0.11800599098205566,0.3779645136424473,0.2617190538772515,0.495970504624503
qwen,hallusionbench,hallusionbench-image-VS-chart-1-1-1,non_hallucination,0,1,0.6654248121366612,1.0104338481642998,-0.0,-36.3696056453708,0.024238403962582956,0.23264201806516063,0.12675617665660624,0.3875828762443698,0.2568804220277436,0.514339052900976
qwen,hallusionbench,hallusionbench-image-VD-figure-18-1-0,non_hallucination,0,0,0.7277508816772045,1.0003929910191045,0.49797303168647433,-30.760540458536934,0.006867665417340337,0.20213092589864928,0.10321368489946638,0.459765726206254,0.2089985913159896,0.5629794111057204
qwen,hallusionbench,hallusionbench-image-VS-table-8-3-4,non_hallucination,0,1,0.7595922572886584,1.0004941253356219,-0.0,19.747593472047207,0.022027739456721714,0.1651295399179264,0.17618676594325475,0.4175572492638413,0.1871572793746481,0.5937440152070961
qwen,mmvet,mmvet-v1_28,non_hallucination,0,1,0.6608769477771993,1.0001125399014756,1.0899494164491885,-37.346032829249104,0.024988991873604913,0.22880260433469501,0.16415078725133625,0.3348502090999058,0.25379159620829994,0.49900099635124207
qwen,hallusionbench,hallusionbench-image-VS-ocr-5-2-1,non_hallucination,0,1,0.6912799071646442,1.0014563664799685,0.32529552824151114,-42.675890047929556,0.01044177309590943,0.2261966600710032,0.08154684061906775,0.45105728567862996,0.23663843316691263,0.5326041262976977
qwen,hallusionbench,hallusionbench-image-VS-chart-2-1-0,non_hallucination,0,1,0.6944473264085257,1.0003853586554048,0.6720478377566449,-37.35791136367774,0.019935098229622354,0.21746593592118246,0.14217138776973803,0.39964428726507695,0.23740103415080482,0.541815675034815
qwen,vilp,vilp-256-case3,non_hallucination,0,1,0.6492333855896366,1.0002861432260868,0.6226233921325351,-12.931478074823147,0.02003136986777896,0.23855381163339767,0.15262623438759454,0.32802136739095056,0.25858518150117665,0.4806476017785451
qwen,mmvet,mmvet-v1_59,non_hallucination,0,1,0.7756124684389634,1.025441853400006,-0.0,-41.964471718876595,0.01879989079066685,0.14420880249568394,0.18527065004621235,0.3870114190237863,0.1630086932863508,0.5722820690699986
qwen,vilp,vilp-234-case3,non_hallucination,0,0,0.7089528758321224,1.0006859269738828,0.006780560902435602,-4.02980789006417,0.023012854158878326,0.19611770766122,0.15915099212101527,0.3789142029626029,0.21913056182009832,0.5380651950836182
qwen,vilp,vilp-185-case2,non_hallucination,0,1,0.6088179831586358,1.0038478304362677,-0.0,-23.845002252251387,0.017440101797027246,0.27168427194867817,0.10146156911339078,0.35006736857550486,0.28912437374570543,0.4515289376888956
qwen,hallusionbench,hallusionbench-image-VS-chart-20-2-1,non_hallucination,0,1,0.7644073813664864,1.0004884004786945,0.6040461400565816,-25.855482722116335,0.013758017700545643,0.17013417458047672,0.15275726026418257,0.44571697468660315,0.18389219228102235,0.5984742349507857
qwen,hallusionbench,hallusionbench-image-VS-ocr-10-2-1,non_hallucination,0,1,0.5645919369228289,1.0001392461440397,0.2843197774969555,1.7430981564961527,0.02921653767021335,0.30483897851437936,0.07917890743333467,0.3536837441580636,0.3340555161845927,0.43286265159139825
qwen,hallusionbench,hallusionbench-image-VD-math-5-0-2,non_hallucination,0,1,0.7962630856954531,1.001190894098768,0.610592140437632,-48.30883848299239,0.01251513130810796,0.14498696035268355,0.034651724659666726,0.5858129189938914,0.15750209166079152,0.6204646436535581
qwen,vilp,vilp-34-case1,non_hallucination,0,1,0.6445633844821894,1.0014964799383819,0.32458646829507076,-38.33083528224617,0.013712892726976046,0.26036631331151844,0.12547847202845983,0.37210797290412745,0.2740792060384945,0.4975864449325873
qwen,vilp,vilp-178-case3,non_hallucination,0,1,0.7077634381874918,1.0008287683283588,0.5003959109874855,-33.8005570831903,0.017145507865481906,0.19745041075206937,0.12055913607279459,0.40449122777060853,0.21459591861755128,0.5250503638434031
qwen,vilp,vilp-128-case3,non_hallucination,0,1,0.6814971241973684,1.0072588849172077,-0.0,-27.800645957085948,0.01798330216991658,0.2265165679308833,0.1330594383940405,0.3894158966687261,0.24449987010079988,0.5224753350627667
internvl,hallusionbench,hallusionbench-image-VD-ocr-3-2-0,LUH,1,0,0.5897914822698098,1.0000038147045416,-0.0,-47.28108349133549,0.03855736766542707,0.2707086035183498,0.06198163756302425,0.3605492625917707,0.30926597118377686,0.422530900154795
internvl,hallusionbench,hallusionbench-image-VD-illusion-19-0-0,LUH,1,0,0.6360210774287194,1.0000038147045416,-0.0,-46.52795459702317,0.0346548535994121,0.2402850559779576,0.13415389401572092,0.3243083613259452,0.2749399095773697,0.4584622553416661
internvl,hallusionbench,hallusionbench-image-VD-math-6-1-2,LUH,1,0,0.5704073023859917,1.0000038147045416,-0.0,-43.84713865303676,0.05139323430401938,0.2742557781083243,0.08380470531327383,0.3282057557787214,0.3256490124123437,0.41201046109199524
internvl,hallusionbench,hallusionbench-image-VD-figure-6-0-1,LUH,1,1,0.6352826875356729,1.000030518043791,-0.0,-48.31981352671501,0.04444346470492226,0.23451466219765799,0.08372191020420619,0.3743921348026821,0.27895812690258026,0.45811404500688824
internvl,hallusionbench,hallusionbench-image-VD-math-12-1-0,LUH,1,0,0.7016295101336123,1.0000457774149414,-0.0,-49.02441936690854,0.02186531254223415,0.20564434358051845,0.0921167518411364,0.41406326634543283,0.2275096561227526,0.5061800181865692
internvl,hallusionbench,hallusionbench-image-VS-chart-13-2-0,LUH,1,1,0.6671892046024426,1.000030518043791,-0.0,-47.127111533999,0.07823599662099566,0.17796512586729868,0.14336983646665302,0.3432976177760533,0.25620112248829435,0.4866674542427063
internvl,hallusionbench,hallusionbench-image-VS-table-3-2-0,LUH,1,1,0.6483827416941794,1.0000476848527067,-0.0,-48.79405947231168,0.049829566052981784,0.2171335858958108,0.07306307341371264,0.39833179541996544,0.2669631519487926,0.4713948688336781
internvl,hallusionbench,hallusionbench-image-VD-illusion-19-0-2,LUH,1,0,0.6308552073231162,1.0000267032373844,-0.0,-45.85195138605613,0.032933195786816735,0.24766394921711515,0.10493060520717076,0.34896046774727957,0.2805971450039319,0.4538910729544503
internvl,hallusionbench,hallusionbench-image-VD-math-9-0-2,LUH,1,1,0.722932938060912,1.000030518043791,-0.0,-44.64608572397947,0.017317862382956913,0.19534482274736675,0.09415726576532638,0.43230182783944265,0.21266268513032366,0.5264590936047691
internvl,mmvet,mmvet-v1_126,LUH,1,1,0.6376808810478889,1.0000152589054785,-0.0,-42.326667597603304,0.057259904486792426,0.21682708178247723,0.1109963229724339,0.34884176935468403,0.27408698626926964,0.4598380923271179
internvl,hallusionbench,hallusionbench-image-VD-figure-3-1-1,LUH,1,1,0.65604242042026,1.0000190736682282,-0.0,-42.74758523320153,0.05483480649335044,0.2057238732065473,0.12309864589146205,0.3499658448355538,0.26055867969989777,0.47306449072701584
internvl,hallusionbench,hallusionbench-image-VS-chart-6-1-3,LUH,1,1,0.6499060504839134,1.000030518043791,-0.0,-43.93701543374051,0.07328989888940539,0.19516008666583468,0.10601695946284703,0.36751503603799,0.2684499855552401,0.473531995500837
internvl,hallusionbench,hallusionbench-image-VD-ocr-3-1-2,LUH,1,1,0.6257739001156992,1.000007629423635,-0.0,-39.033560377734766,0.037710282419409075,0.2453142063958304,0.08105572632380895,0.37034923689705984,0.28302448881523945,0.45140496322086876
internvl,hallusionbench,hallusionbench-image-VD-ocr-3-2-2,LUH,1,0,0.6742274730285669,1.0000610370189331,-0.0,-46.3165139702599,0.03432242146560124,0.21432444027491976,0.09819957613945007,0.3888482195990426,0.248646861740521,0.48704779573849266
internvl,hallusionbench,hallusionbench-image-VS-chart-16-2-0,LUH,1,1,0.643988350648704,1.0000267032373844,-0.0,-42.80558423717452,0.06543025800159999,0.2073506031717573,0.09756940603256226,0.3687729665211269,0.2727808611733573,0.46634237255368916
internvl,hallusionbench,hallusionbench-image-VD-math-6-1-1,LUH,1,1,0.6381670799882951,1.000030518043791,-0.0,-42.84159911838615,0.046584088887487135,0.2299480140209198,0.12691299404416767,0.3386104106903076,0.2765321029084069,0.4655234047344753
internvl,vilp,vilp-14-case3,LUH,1,0,0.6015977057611632,1.0000991870476161,-0.0,-46.61729330320212,0.058040431567600796,0.24917055453572953,0.07783417616571699,0.3631300926208496,0.3072109861033303,0.4409642687865666
internvl,hallusionbench,hallusionbench-image-VS-map-5-2-2,LUH,1,0,0.5666580624170166,1.0000877418862035,-0.0,-45.92724116805217,0.06961009757859365,0.2607029846736363,0.06057030601160867,0.3501533099583217,0.33031308225222994,0.4107236159699304
internvl,hallusionbench,hallusionbench-image-VS-ocr-7-2-1,LUH,1,1,0.6258208838060131,1.0000152589054785,-0.0,-39.229301986684376,0.06599080988339015,0.22246284995760238,0.07974378126008169,0.3735408272062029,0.2884536598409925,0.4532846084662846
internvl,hallusionbench,hallusionbench-image-VS-chart-6-2-2,LUH,1,1,0.6941701793376327,1.000041962550325,-0.0,-42.804094029785944,0.0684247442654201,0.16775691934994288,0.13293718014444625,0.3741452012743269,0.23618166361536297,0.5070823814187732
internvl,hallusionbench,hallusionbench-image-VD-math-11-1-1,LUH,1,1,0.6913341319289656,1.000064851956313,-0.0,-43.72515038301338,0.046603960650307794,0.19096105013574874,0.06567666786057609,0.43626909596579416,0.23756501078605652,0.5019457638263702
internvl,hallusionbench,hallusionbench-image-VS-chart-9-1-2,LUH,1,1,0.6987815738444938,1.0000820193546143,-0.0,-43.32422456731257,0.06261120097977774,0.17044365406036377,0.1161576381751469,0.3982832261494228,0.2330548550401415,0.5144408643245697
internvl,hallusionbench,hallusionbench-image-VD-math-15-1-1,LUH,1,1,0.6512090248245515,1.0000152589054785,-0.0,-34.29405763866233,0.04479417843478067,0.21869525739124843,0.04547634082181113,0.4257724625723702,0.2634894358260291,0.47124880339418135
internvl,hallusionbench,hallusionbench-image-VS-chart-6-1-2,LUH,1,1,0.7471844993039154,1.0000686669082455,-0.0,-42.17711852108931,0.06109970595155444,0.1363194797720228,0.12857983793531147,0.42028588908059256,0.19741918572357725,0.5488657270159041
internvl,hallusionbench,hallusionbench-image-VS-chart-12-2-2,LUH,1,1,0.6706442343807665,1.0000629444858038,-0.0,-41.299264338248726,0.06861281607832227,0.18562127011162893,0.12187269755772182,0.37191944462912424,0.2542340861899512,0.4937921421868461
internvl,hallusionbench,hallusionbench-image-VS-chart-12-1-2,LUH,1,1,0.6145969754124305,1.000051499739152,-0.0,-40.398986934921375,0.0766625702381134,0.21857132230486187,0.07287174889019557,0.3794577973229544,0.2952338925429753,0.45232954621315
internvl,vilp,vilp-148-case2,LUH,1,1,0.6652793137422938,1.0000743893634312,-0.0,-41.14516711086484,0.05293537676334381,0.19569847732782364,0.11042138189077377,0.3548036515712738,0.24863385409116745,0.4652250334620476
internvl,hallusionbench,hallusionbench-image-VS-chart-5-1-1,LUH,1,1,0.6436344139097296,1.000103002130527,-0.0,-42.35304819991679,0.08681383728981018,0.1886870115995407,0.11752521778856005,0.3568928837776184,0.2755008488893509,0.4744181015661785
internvl,hallusionbench,hallusionbench-image-VS-map-7-2-0,LUH,1,0,0.6048652881306928,1.0000762968557695,-0.0,-40.300672537946085,0.06861654349735805,0.23212257027626038,0.07009453220026834,0.36830638136182514,0.3007391137736184,0.4384009135620935
internvl,hallusionbench,hallusionbench-image-VS-table-3-1-2,LUH,1,1,0.6752177664184688,1.0000705743896692,-0.0,-39.687171241658476,0.05156639191721167,0.19597785440938814,0.09213333257607051,0.39970442226954866,0.24754424632659983,0.4918377548456192
internvl,hallusionbench,hallusionbench-image-VS-chart-1-1-3,LUH,1,1,0.6956822916197158,1.000110632340009,-0.0,-41.29746966601239,0.06861501506396703,0.1650511494704655,0.12759448375020707,0.3818727391106742,0.23366616453443254,0.5094672228608813
internvl,hallusionbench,hallusionbench-image-VD-math-10-0-0,LUH,1,1,0.6886584716454707,1.000160230120631,-0.0,-43.42284990686896,0.04500053822994232,0.1939596448625837,0.05942802982670921,0.44122300829206196,0.23896018309252604,0.5006510381187712
internvl,hallusionbench,hallusionbench-image-VD-math-15-1-0,LUH,1,1,0.6294368992388546,1.0000534071878318,-0.0,-36.392965938995935,0.04746601411274501,0.232857951096126,0.05248845475060599,0.4039107731410435,0.28032396520887104,0.4563992278916495
internvl,hallusionbench,hallusionbench-image-VD-illusion-9-1-0,LUH,1,0,0.6279092830597595,1.0001258929336159,-0.0,-40.73818192173008,0.04327355857406344,0.23942706414631437,0.1096242708819253,0.3427744082042149,0.2827006227203778,0.4523986790861402
internvl,hallusionbench,hallusionbench-image-VD-math-0-1-0,LUH,1,0,0.7078631195228273,1.0002556173813535,-0.0,-44.49406901682756,0.026824639311858585,0.19892664466585433,0.09340106163706098,0.4153926372528076,0.2257512839777129,0.5087936988898686
internvl,vilp,vilp-165-case2,LUH,1,0,0.5327292541701019,1.000437832331838,-0.0,-46.3996904758153,0.06932764500379562,0.2773306593298912,0.07568277418613434,0.3005993515253067,0.34665830433368683,0.37628212571144104
internvl,hallusionbench,hallusionbench-image-VD-illusion-9-1-1,LUH,1,0,0.5891232590004097,1.0002117381115923,-0.0,-41.99873313596087,0.04561028735978263,0.26474309819085257,0.11244626130376542,0.3104126453399658,0.3103533855506352,0.42285890664373127
internvl,hallusionbench,hallusionbench-image-VD-ocr-2-1-0,LUH,1,1,0.7119963062991062,1.0000839268615058,-0.0,-34.534103777641896,0.055823402745383124,0.1670281801904951,0.1463784192289625,0.37756260803767616,0.2228515829358782,0.5239410272666387
internvl,hallusionbench,hallusionbench-image-VD-video-10-0-0,LUH,1,1,0.6953269900453873,1.0002975906580356,-0.0,-41.71817490878592,0.04595412313938141,0.18919719117028372,0.17167501790182932,0.3324156829289028,0.23515131430966513,0.504090700830732
internvl,hallusionbench,hallusionbench-image-VD-math-14-0-2,LUH,1,1,0.6964283683432406,1.000263248755202,-0.0,-39.495351920669655,0.048426310930933275,0.1829511991568974,0.07989444051470077,0.42267242499760216,0.23137751008783067,0.5025668655123029
internvl,hallusionbench,hallusionbench-image-VS-ocr-9-2-0,LUH,1,0,0.743996545104332,1.0002479860657274,-0.0,-37.89625900300269,0.06320415011474065,0.13696199868406567,0.16042081798825947,0.38159820011683876,0.20016614879880631,0.5420190181050982
internvl,hallusionbench,hallusionbench-image-VD-video-7-1-0,LUH,1,0,0.5439964171138442,1.0001831222335795,-0.0,-34.81520148962116,0.04064773448875972,0.30444117954799105,0.04916719027927943,0.34207940101623535,0.3450889140367508,0.39124659129551476
internvl,hallusionbench,hallusionbench-image-VD-ocr-12-0-1,LUH,1,1,0.6758864525719402,1.0001411537600828,-0.0,-30.83114398359211,0.06143549297537122,0.18874335289001465,0.09138679504394531,0.40151173727852957,0.25017884586538586,0.4928985323224749
internvl,vilp,vilp-296-case2,LUH,1,1,0.6433986170567432,1.000234631403479,-0.0,-35.76643551296901,0.046872882172465324,0.2178160846233368,0.08220288157463074,0.3685815930366516,0.2646889667958021,0.45078447461128235
internvl,hallusionbench,hallusionbench-image-VS-ocr-5-2-0,LUH,1,0,0.5956390140099096,1.0000209810550602,0.3249645514103764,-39.39362578932553,0.05722469730036599,0.2482349361692156,0.06265530628817421,0.36611730711800716,0.3054596334695816,0.4287726134061814
internvl,hallusionbench,hallusionbench-image-VD-math-0-1-2,LUH,1,1,0.6835338159006159,1.0003567378101395,-0.0,-37.7046403483644,0.029725994382585795,0.21283351523535593,0.08565552319799151,0.4082678386143276,0.24255950961794173,0.4939233618123191
internvl,hallusionbench,hallusionbench-image-VD-figure-16-0-0,LUH,1,0,0.6807721470847446,1.0001793068450353,-0.0,-29.803038529554197,0.025565044156142643,0.21715379187038966,0.08886293002537318,0.40133200372968403,0.2427188360265323,0.4901949337550572
internvl,hallusionbench,hallusionbench-image-VD-illusion-29-1-2,LUH,1,1,0.5452615998386954,1.00008964940401,-0.0,-19.138259101945962,0.021307477993624552,0.3196480018751962,0.06887031665870122,0.31721895081656315,0.34095547986882074,0.3860892674752644
internvl,hallusionbench,hallusionbench-image-VS-map-5-1-2,LUH,1,1,0.5898923826753375,1.0000991870476161,-0.0,-19.797115165631872,0.06843452794211252,0.24506634048053197,0.07726397258894785,0.3506343024117606,0.31350086842264446,0.42789827500070843
internvl,vilp,vilp-111-case1,LUH,1,1,0.6809083663676303,1.0007575041687031,-0.0,-41.92412583099498,0.04959240130015782,0.19497271095003402,0.11108301367078509,0.3803108419690814,0.24456511225019184,0.4913938556398665
internvl,hallusionbench,hallusionbench-image-VD-figure-4-0-1,LUH,1,0,0.6415597775789381,1.0000457774149414,0.3249939227955264,-40.908704242303436,0.0441223680973053,0.2288002371788025,0.1174267487866538,0.34531135218484066,0.2729226052761078,0.4627381009714945
internvl,vilp,vilp-18-case2,LUH,1,0,0.6285083243647687,1.0024501249582538,-0.0,-47.506337561782836,0.0621534628527505,0.2248363196849823,0.1232735046318599,0.3411671774727958,0.2869897825377328,0.4644406821046557
internvl,vilp,vilp-218-case2,LUH,1,0,0.5910371253992559,1.0000425983600838,0.322794006841775,-38.27825263576133,0.05445093744330936,0.23707804414961076,0.09038968880971274,0.3118974102867974,0.2915289815929201,0.40228709909651017
internvl,hallusionbench,hallusionbench-image-VD-video-13-0-0,LUH,1,0,0.6358696144334404,1.0000190736682282,0.3244913478116065,-34.16154228363693,0.055010933961187086,0.22234984380858286,0.10556983947753906,0.3564591237476894,0.27736077776977,0.46202896322522846
internvl,hallusionbench,hallusionbench-image-VD-illusion-8-1-2,LUH,1,0,0.6748474700420515,1.0004884004786945,-0.0,-37.04102245790528,0.028984197548457553,0.2170331392969404,0.12241269860948835,0.3642845153808594,0.24601733684539795,0.4866972139903477
internvl,hallusionbench,hallusionbench-image-VD-figure-4-1-1,LUH,1,1,0.7016609651310501,1.0000228884455302,0.3246566687599482,-34.95116475394159,0.04441085457801819,0.18381377628871373,0.13313151257378714,0.3737853765487671,0.22822463086673192,0.5069168891225542
internvl,hallusionbench,hallusionbench-image-VD-math-7-1-0,LUH,1,1,0.7722174198012126,1.0000534071878318,-0.0,-7.81258973663423,0.0160444655588695,0.1597819413457598,0.06377636534827097,0.5010949202946254,0.1758264069046293,0.5648712856428963
internvl,hallusionbench,hallusionbench-image-VD-math-0-0-0,LUH,1,1,0.7086132238148102,1.000459776685421,-0.0,-36.21544066421366,0.027705193630286624,0.19705835836274282,0.11421520795140948,0.3953167029789516,0.22476355199302944,0.5095319109303611
internvl,vilp,vilp-229-case3,LUH,1,0,0.5425542952576372,1.0015728909708654,-0.0,-44.20140737516667,0.0690084844827652,0.2658405154943466,0.06193551979959011,0.3173200637102127,0.3348489999771118,0.3792555835098028
internvl,hallusionbench,hallusionbench-image-VS-chart-11-1-1,LUH,1,1,0.6082073873500714,1.0007136028821442,-0.0,-38.92633428727336,0.06890909160886492,0.22978350945881432,0.114327039037432,0.329992583819798,0.29869260106767925,0.44431962285723003
internvl,hallusionbench,hallusionbench-image-VD-illusion-27-0-2,LUH,1,1,0.6733312943121738,1.0001449690030841,-0.0,-16.935631050524194,0.03804002915109907,0.20961585640907288,0.09099509034837995,0.393564088003976,0.24765588556017193,0.48455917835235596
internvl,hallusionbench,hallusionbench-image-VD-ocr-12-0-0,LUH,1,1,0.6809350505284366,1.000041962550325,-0.0,2.534544544807929,0.05803307039397103,0.189296760729381,0.09167398725237165,0.4044937406267438,0.24732983112335205,0.49616772787911545
internvl,vilp,vilp-14-case2,LUH,1,0,0.6073151560836791,1.0001220777633837,0.32497680706305554,-40.81253890083939,0.05898025631904602,0.24356932299477713,0.088630667754582,0.35786890983581543,0.30254957931382315,0.44649957759039743
internvl,vilp,vilp-297-case3,LUH,1,0,0.5324763451824808,1.0005857275016727,-0.0,-32.72459115873086,0.06804337884698594,0.2873912368501936,0.056531386716025214,0.33052548340388704,0.3554346156971795,0.38705687011991224
internvl,vilp,vilp-5-case2,LUH,1,0,0.5810685245554268,1.007697012375153,-0.0,-48.04516658498789,0.06333158484527043,0.2588197078023638,0.07532317510672978,0.35100458349500385,0.3221512926476342,0.42632775860173366
internvl,hallusionbench,hallusionbench-image-VD-video-4-0-0,LUH,1,0,0.5937937712751576,1.0000762968557695,0.3249987810202977,-35.30949031960642,0.04836164202008929,0.2600755606378828,0.07271296850272588,0.3547297205243792,0.3084372026579721,0.427442689027105
internvl,vilp,vilp-234-case2,LUH,1,0,0.5402675864173386,1.0008138151598995,-0.0,-33.18513588745228,0.05836016125977039,0.28255005925893784,0.07814033329486847,0.3018213212490082,0.34091022051870823,0.37996165454387665
internvl,vilp,vilp-17-case2,LUH,1,0,0.6197730331604614,1.0055447190543596,-0.0,-45.27734196645197,0.05959861619131906,0.23398534314973013,0.12211400270462036,0.336222631590707,0.2935839593410492,0.45833663429532734
internvl,hallusionbench,hallusionbench-image-VS-chart-1-1-7,LUH,1,1,0.7045020462658214,1.0004903087606971,-0.0,-24.84611199005712,0.0670717763049262,0.1601738248552595,0.138199976512364,0.37893784046173096,0.2272456011601857,0.517137816974095
internvl,hallusionbench,hallusionbench-image-VD-video-0-1-0,LUH,1,0,0.5671609380630052,1.000154507174262,0.3247634661012298,-38.34460066348276,0.04505088073866708,0.28284586327416555,0.0581025310925075,0.35150676114218576,0.32789674401283264,0.4096092922346933
internvl,hallusionbench,hallusionbench-image-VD-figure-4-1-0,LUH,1,1,0.6368089642755366,1.0000228884455302,0.32050815785938525,-16.06409698147071,0.05194927752017975,0.22250711917877197,0.1186437393937792,0.3415544033050537,0.2744563966989517,0.4601981426988329
internvl,hallusionbench,hallusionbench-image-VD-illusion-1-0-2,LUH,1,0,0.6103876378645567,1.0001831222335795,0.3250397639240079,-39.39924607408789,0.05749090015888214,0.23782523189272198,0.10869623507772173,0.3344639539718628,0.2953161320516041,0.44316018904958454
internvl,hallusionbench,hallusionbench-image-VD-figure-3-0-1,LUH,1,0,0.6721828204470044,1.0000686669082455,0.32515980963274344,-31.793550829698503,0.057483945574079244,0.19083240628242493,0.1436246761253902,0.33959392138889855,0.24831635185650416,0.48321859751428875
internvl,hallusionbench,hallusionbench-image-VD-ocr-18-0-1,LUH,1,0,0.6859226180764887,1.0000877418862035,0.3245444473829559,-30.473067666294654,0.07521007742200579,0.16804317065647673,0.12456388558660236,0.37765635762895855,0.24325324807848253,0.5022202432155609
internvl,vilp,vilp-263-case2,LUH,1,0,0.6320890439468485,1.0002451243373782,0.3220557931294446,-38.482500142239644,0.06941597163677216,0.20418448746204376,0.11955321580171585,0.3212999850511551,0.2736004590988159,0.44085320085287094
internvl,hallusionbench,hallusionbench-image-VD-math-10-1-0,LUH,1,0,0.689867730852076,1.0001793068450353,0.325091019512162,-37.59448212876646,0.04414387898785727,0.19400186623845783,0.05761373043060303,0.4455445664269584,0.2381457452263151,0.5031582968575614
internvl,hallusionbench,hallusionbench-image-VD-math-3-1-0,LUH,1,0,0.7110840954433344,1.000263248755202,-0.0,-7.643756404994598,0.026485756039619446,0.19671244280678885,0.09351931299482072,0.4210273197719029,0.2231981988464083,0.5145466327667236
internvl,vilp,vilp-23-case2,LUH,1,0,0.5754316697515579,1.0025361696352266,-0.0,-38.627587741988606,0.04747721339975085,0.276347850050245,0.06711052145276751,0.34886581557137625,0.32382506344999584,0.41597633702414377
internvl,hallusionbench,hallusionbench-image-VD-illusion-29-0-0,LUH,1,0,0.697172576636222,1.0000457774149414,0.3215174785885432,-18.635567899421766,0.016633759651865275,0.21449568016188483,0.13584178686141968,0.3682408673422677,0.23112943981375011,0.5040826542036874
internvl,vilp,vilp-196-case3,LUH,1,1,0.6561871893271142,1.0014334452251055,-0.0,-32.504806003177805,0.06093653717211314,0.202274494937488,0.11766912255968366,0.3571351000240871,0.2632110321096012,0.47480422258377075
internvl,hallusionbench,hallusionbench-image-VD-math-14-0-1,LUH,1,1,0.6787735761370182,1.000041962550325,0.3215890035278444,-13.764319204023106,0.04964733123779297,0.19480792113712858,0.09625199011393956,0.39599643434797016,0.24445525237492155,0.49224842446190975
internvl,hallusionbench,hallusionbench-image-VD-video-7-0-0,LUH,1,1,0.6592228144635918,1.0001278005241898,0.32518581809000247,-31.152893650627423,0.03448818517582757,0.22480576804706026,0.1088908314704895,0.3669704880033221,0.25929395322288784,0.4758613194738116
internvl,hallusionbench,hallusionbench-image-VD-math-17-0-0,LUH,1,0,0.728575568198588,1.000263248755202,-0.0,-0.22542879379664527,0.02093523208584104,0.18692923869405473,0.06825396418571472,0.46307921409606934,0.20786447077989578,0.5313331782817841
internvl,hallusionbench,hallusionbench-image-VD-math-14-1-2,LUH,1,1,0.7242889905855108,1.0000572220961061,-0.0,31.226626247410948,0.04340775949614389,0.16747574295316425,0.102245032787323,0.4241351400102888,0.21088350244930815,0.5263801727976118
internvl,vilp,vilp-136-case2,LUH,1,0,0.6813386163978448,1.0001840760829899,0.3182679933046369,-28.233835991905753,0.048019684851169586,0.1904856525361538,0.08593723177909851,0.38762111961841583,0.23850533738732338,0.47355835139751434
internvl,hallusionbench,hallusionbench-image-VS-map-4-2-3,LUH,1,0,0.5919828676603542,1.0003395656960237,0.3244553979017294,-37.017279784885005,0.07024237513542175,0.24124291964939665,0.08648156694003514,0.34131576333727154,0.3114852947848184,0.4277973302773067
internvl,hallusionbench,hallusionbench-image-VD-ocr-19-0-1,LUH,1,0,0.7066179956761109,1.000110632340009,0.32473239921676433,-23.625473746724417,0.05035688408783504,0.1789270681994302,0.11157661250659398,0.407778297151838,0.22928395228726522,0.519354909658432
internvl,vilp,vilp-156-case3,LUH,1,1,0.6551312169450758,1.0000953719792587,0.15636439513436529,-10.542257542427624,0.048217822398458204,0.21661924038614547,0.1265529649598258,0.3473176956176758,0.26483706278460367,0.4738706605775016
internvl,hallusionbench,hallusionbench-image-VD-ocr-6-1-0,LUH,1,0,0.589315294527381,1.0002327236091415,0.3244640173920423,-32.0753718301472,0.08337696535246714,0.2285165786743164,0.0900160244532994,0.3367479698998588,0.31189354402678354,0.42676399435315815
internvl,vilp,vilp-5-case3,LUH,1,0,0.6048673264596808,1.0126970427683646,-0.0,-42.25198448294825,0.06386916765144893,0.2403191753796169,0.106823525258473,0.3403702633721488,0.3041883430310658,0.4471937886306218
internvl,hallusionbench,hallusionbench-image-VD-ocr-3-1-1,LUH,1,0,0.6742304496339812,1.0000762968557695,0.32246568093455513,-12.92151870366143,0.033946926040308814,0.2139937196459089,0.12008744478225708,0.3665682077407837,0.2479406456862177,0.48665565252304077
internvl,hallusionbench,hallusionbench-image-VD-illusion-8-0-2,LUH,1,1,0.6748973261683802,1.000914037472994,-0.0,-16.384019779217578,0.035589216010911126,0.2111216996397291,0.124182790517807,0.3629859515598842,0.24671091565064024,0.48716874207769123
internvl,hallusionbench,hallusionbench-image-VD-video-3-0-0,LUH,1,1,0.6649856530537656,1.0003815424953915,0.324888255854711,-36.20843884572277,0.03743537196091243,0.21840891667774745,0.1211846045085362,0.36116935525621685,0.2558442886386599,0.48235395976475304
internvl,vilp,vilp-237-case1,LUH,1,1,0.6612734467238468,1.0002460782459182,0.2902045830406802,-25.35664188618545,0.051593597446169176,0.2046404778957367,0.11686481748308455,0.3615364176886422,0.2562340753419059,0.4784012351717267
internvl,hallusionbench,hallusionbench-image-VD-figure-8-0-0,LUH,1,1,0.6735310060789444,1.0006296231783411,-0.0,-7.598256914633922,0.05582212550299508,0.19330850669315883,0.1232064494064876,0.36249150548662457,0.24913063219615392,0.4856979548931122
internvl,hallusionbench,hallusionbench-image-VS-map-9-1-1,LUH,1,1,0.6853556758618942,1.0001125399014756,-0.0,30.63625859883534,0.06275788588183268,0.18085154039519175,0.11965270979063851,0.3804045575005668,0.24360942627702442,0.5000572672912053
internvl,hallusionbench,hallusionbench-image-VD-illusion-25-0-0,LUH,1,0,0.6676276490707517,1.0000495922941104,0.6106803607631445,-35.569610706503504,0.03575860921825681,0.2166805054460253,0.11876468999045235,0.36486199923924034,0.2524391146642821,0.4836266892296927
internvl,hallusionbench,hallusionbench-image-VD-illusion-27-1-2,LUH,1,1,0.671936875241902,1.0001697684373507,-0.0,22.443399731430283,0.0347648880311421,0.2147645652294159,0.09072676726749965,0.39240576539720806,0.24952945326055798,0.4831325326647077
internvl,hallusionbench,hallusionbench-image-VS-map-6-2-1,LUH,1,1,0.5838145915089619,1.000236539201455,0.5003515545324904,-40.680735911880916,0.07472002932003566,0.24194100073405678,0.07116606405803136,0.3516498293195452,0.3166610300540924,0.4228158933775765
internvl,hallusionbench,hallusionbench-image-VD-figure-13-0-1,LUH,1,0,0.6592061617981034,1.0001258929336159,0.5003831735124552,-35.080893214272315,0.06473980631147112,0.19703666227204458,0.13162402595792497,0.3473923717226301,0.2617764685835157,0.47901639768055504
internvl,hallusionbench,hallusionbench-image-VD-math-5-1-0,LUH,1,1,0.7356349174825176,1.0001793068450353,0.3246653751580016,-24.594224407342395,0.03892773176942553,0.16367390751838684,0.0576148863349642,0.47757330962589806,0.20260163928781239,0.5351881959608622
internvl,hallusionbench,hallusionbench-image-VD-ocr-18-1-1,LUH,1,1,0.6103996693656479,1.0000457774149414,0.6107582057092877,-32.23202678018141,0.08733737468719482,0.21214359998703003,0.08147048950195312,0.36201800618852886,0.29948097467422485,0.443488495690482
internvl,hallusionbench,hallusionbench-image-VS-chart-9-2-2,LUH,1,1,0.6594800361825792,1.000030518043791,0.3166802015956266,9.45354734408646,0.06606097306524004,0.1966900314603533,0.09728996668543134,0.38448340552193777,0.26275100452559336,0.4817733722073691
internvl,hallusionbench,hallusionbench-image-VD-math-17-0-1,LUH,1,1,0.7385933229996778,1.001706624306228,-0.0,-17.138941730320447,0.020427050335066657,0.1804275555270059,0.11086847526686532,0.42778985840933664,0.20085460586207254,0.538658333676202
internvl,hallusionbench,hallusionbench-image-VD-video-4-2-1,LUH,1,0,0.6250814957265098,1.000160230120631,0.5002849718866939,-32.438289557134155,0.04226676481110709,0.2451947884900229,0.12479046412876674,0.327842150415693,0.28746155330113,0.4526326145444597
internvl,vilp,vilp-113-case2,LUH,1,0,0.6222330205144797,1.0008243141697102,0.32420959280853634,-35.78020856654881,0.04860837544713702,0.23858009917395456,0.11192449501582555,0.3342752116067069,0.2871884746210916,0.4461997066225325
internvl,vilp,vilp-267-case2,LUH,1,0,0.6068607683323493,1.000838949336851,-0.0,-0.14462534047820697,0.06626547045177883,0.21270826127794054,0.10116822852028741,0.3102151420381334,0.2789737317297194,0.4113833705584208
internvl,hallusionbench,hallusionbench-image-VS-chart-7-1-0,LUH,1,1,0.6768548375387538,1.0013360357445824,-0.0,-9.962415491651235,0.06628063959734781,0.1856212658541543,0.11008999603135244,0.38443500655038015,0.25190190545150215,0.4945250025817326
internvl,hallusionbench,hallusionbench-image-VD-video-10-1-0,LUH,1,0,0.5700508834770374,1.0003815424953915,0.324402156947181,-27.29683846782728,0.05053071464811053,0.2772366063935416,0.06639229186943599,0.34588325023651123,0.3277673210416521,0.4122755421059472
internvl,hallusionbench,hallusionbench-image-VD-video-4-2-0,LUH,1,0,0.5973423449701113,1.0000877418862035,0.6106869242368611,-32.89441354891618,0.04431906768253871,0.2635718584060669,0.08051664488656181,0.3493928739002773,0.3078909260886056,0.4299095187868391
internvl,vilp,vilp-120-case2,LUH,1,0,0.5954019110842662,1.0006048123418732,0.3235135681489544,-31.696793320902607,0.050290207777704515,0.25765483719961985,0.09356030821800232,0.33672332763671875,0.30794504497732433,0.43028363585472107
internvl,vilp,vilp-191-case2,LUH,1,0,0.5563052139964948,1.0012548684153852,-0.0,-7.788315520487803,0.05465453863143921,0.27947323662894114,0.06904781716210501,0.3282170806612287,0.33412777526038034,0.3972648978233337
internvl,hallusionbench,hallusionbench-image-VD-math-12-0-1,LUH,1,1,0.7302141464522602,1.0004311537110693,0.5004286492759227,-40.094401869139126,0.043566488793918064,0.16384145617485046,0.10088319863591876,0.4340621403285435,0.20740794496876852,0.5349453389644623
internvl,hallusionbench,hallusionbench-image-VS-map-2-2-0,LUH,1,0,0.6429351247905362,1.0001831222335795,0.5002397437759584,-30.768049814698717,0.0627509525844029,0.21075179321425302,0.10082503301756723,0.36373279775891987,0.2735027457986559,0.4645578307764871
internvl,hallusionbench,hallusionbench-image-VD-ocr-20-0-0,LUH,1,1,0.692885189302076,1.0000915569254545,0.5004351317639708,-21.96602116843257,0.025930014039788927,0.20980576957975114,0.11366989782878331,0.38887831142970497,0.23573578361954006,0.5025482092584883
internvl,vilp,vilp-22-case2,LUH,1,0,0.6231815237618843,1.0007450970881406,0.2756953504099461,-27.4392701445405,0.05769458785653114,0.22151175886392593,0.09067551046609879,0.3454614132642746,0.2792063467204571,0.4361369237303734
internvl,hallusionbench,hallusionbench-image-VD-video-1-1-3,LUH,1,1,0.6858982892471289,1.0008319498823872,0.3251455772227633,-35.63726961361494,0.040628758924348016,0.20288426535470144,0.13180096660341534,0.3667457274028233,0.24351302427904947,0.49854669400623863
internvl,hallusionbench,hallusionbench-image-VD-illusion-3-0-0,LUH,1,0,0.6406139742871899,1.0001335233177417,0.6105772133104971,-33.013947976707094,0.047965445688792636,0.22457593253680638,0.09069524918283735,0.3745739119393485,0.27254137822559904,0.46526916112218586
internvl,hallusionbench,hallusionbench-image-VD-math-4-0-0,LUH,1,0,0.6729698932227126,1.0000038147045416,0.4963427981489601,17.740051521972518,0.03695195913314819,0.21088506494249618,0.06242272896426064,0.42608511447906494,0.24783702407564437,0.4885078434433256
internvl,hallusionbench,hallusionbench-image-VS-table-2-3-1,LUH,1,0,0.6562843372949159,1.000206014870493,0.5003590833176007,-29.317362062963376,0.04404453507491521,0.22149918334824698,0.12012570670672826,0.3536032438278198,0.26554371842316216,0.4737289505345481
internvl,hallusionbench,hallusionbench-image-VD-math-11-0-2,LUH,1,1,0.7409911450697583,1.0000228884455302,0.6095407457745797,-12.461124870158667,0.04165148947920118,0.15819870574133738,0.07961472868919373,0.4639474834714617,0.19985019522053854,0.5435622121606554
internvl,hallusionbench,hallusionbench-image-VD-figure-5-0-0,LUH,1,1,0.7250918950163217,1.000206014870493,0.5002826068996827,-28.255589984086363,0.03633065095969609,0.17347852672849384,0.15495869091578893,0.3655029364994594,0.20980917768818994,0.5204616274152484
internvl,hallusionbench,hallusionbench-image-VD-illusion-13-1-0,LUH,1,0,0.5396923396412261,1.0003739102190368,0.3253328541426174,-23.485875539404162,0.04229868948459625,0.3051748105457851,0.06800441443920135,0.31651631423405235,0.34747350003038135,0.3845207286732537
internvl,hallusionbench,hallusionbench-image-VD-illusion-11-0-1,LUH,1,1,0.6773290610979277,1.0266610878493598,-0.0,-35.677482479422196,0.0354358074920518,0.2089871253286089,0.06634516801152911,0.42291464124407085,0.24442293282066072,0.4892598092556
internvl,vilp,vilp-236-case2,LUH,1,0,0.6660260285065901,1.0000829731076053,0.3413278426778618,-2.365121103117417,0.04610028862953186,0.20270711928606033,0.09525597840547562,0.3720521032810211,0.2488074079155922,0.46730808168649673
internvl,vilp,vilp-198-case1,LUH,1,1,0.6095333425545799,1.013829573432297,-0.0,-30.338702654609868,0.05335704556533269,0.24132350938660757,0.0714423656463623,0.36872901235307964,0.29468055495194023,0.44017137799944195
internvl,hallusionbench,hallusionbench-image-VD-figure-1-1-0,LUH,1,0,0.590196070918569,1.0002670644639597,0.3255336632753843,-16.872476674534052,0.022889369300433567,0.2865246364048549,0.08537476190498897,0.3368136031287057,0.3094140057052885,0.4221883650336946
internvl,hallusionbench,hallusionbench-image-VD-video-3-2-2,LUH,1,0,0.6662854000858041,1.00064489169118,0.3250607432660093,-27.429668228968435,0.034568578004837036,0.2226972324507577,0.0926908893244607,0.3912108966282436,0.2572658104555947,0.4839017859527043
internvl,vilp,vilp-87-case3,LUH,1,0,0.5841505304718643,1.0014850187863125,0.32542202145579646,-37.37018131036068,0.06393514786447797,0.24848565033503942,0.058143666812351766,0.35956500257764545,0.3124207981995174,0.41770866938999723
internvl,hallusionbench,hallusionbench-image-VD-video-4-1-0,LUH,1,0,0.5917363313272234,1.0000686669082455,0.6728974549115508,-31.615081429220165,0.04305794835090637,0.2694707342556545,0.08407407999038696,0.34141560963221956,0.31252868260656086,0.4254896896226065
internvl,hallusionbench,hallusionbench-image-VD-figure-11-0-1,LUH,1,0,0.7143850385894408,1.000110632340009,0.6729922919655098,-35.50611637553303,0.03738256437437875,0.1812434068747929,0.12274532232965742,0.3937060492379325,0.21862597124917166,0.5164513715675899
internvl,vilp,vilp-135-case2,LUH,1,0,0.6018010057223553,1.0164001710016997,-0.0,-30.24465826909627,0.053590601310133934,0.2394002601504326,0.13090933859348297,0.2914055585861206,0.2929908614605665,0.4223148971796036
internvl,hallusionbench,hallusionbench-image-VD-illusion-5-0-0,LUH,1,0,0.6617986385221859,1.000236539201455,0.32263915449887876,-5.056737581923429,0.036208389060837884,0.22063731295721872,0.09607203943388803,0.37915563583374023,0.2568457020180566,0.47522767526762827
internvl,hallusionbench,hallusionbench-image-VD-illusion-6-1-0,LUH,1,0,0.6844143966049704,1.0006296231783411,0.32438582593568965,-21.57968272887212,0.043651354100023,0.19856570022446768,0.149846008845738,0.34508902685982845,0.24221705432449067,0.49493503570556646
internvl,hallusionbench,hallusionbench-image-VD-illusion-27-0-0,LUH,1,0,0.6296729425778379,1.0000534071878318,0.6113184254444372,-17.082782239741775,0.04117070138454437,0.2380870921271188,0.0907067358493805,0.3626629454748971,0.27925779351166313,0.4533696813242776
internvl,vilp,vilp-18-case3,LUH,1,0,0.6047754661703919,1.00386602013504,0.32585888907480176,-42.35540429902611,0.0649524118219103,0.23842045664787292,0.14644661120006017,0.2995075498308454,0.30337286846978323,0.44595416103090557
internvl,hallusionbench,hallusionbench-image-VD-ocr-7-1-0,LUH,1,0,0.6152840634618687,1.0000610370189331,-0.0,368.32619064628364,0.06061258273465293,0.23440911940165926,0.0712967940739223,0.3788647821971348,0.2950217021363122,0.45016157627105713
internvl,hallusionbench,hallusionbench-image-VD-illusion-22-1-0,LUH,1,0,0.6936098251943446,1.0000190736682282,-0.0,2622.1070565379437,0.03772345398153577,0.19637412684304373,0.15517348902566092,0.34474749224526546,0.2340975808245795,0.4999209812709264
internvl,hallusionbench,hallusionbench-image-VS-map-6-2-0,LUH,1,1,0.6754760850459196,1.00008964940401,0.6110272232974963,-20.257472399189254,0.07028798546109881,0.18022270713533672,0.13806234513010296,0.3552358150482178,0.25051069259643555,0.49329816017832073
internvl,vilp,vilp-189-case3,LUH,1,1,0.6061760310500863,1.0022589410040261,0.32342471810120255,-34.339179390769736,0.06654177818979536,0.23335900902748108,0.08701454741614206,0.3586488110678536,0.2999007872172764,0.4456633584839957
internvl,vilp,vilp-145-case2,LUH,1,1,0.6162226256396511,1.0001745376298223,0.6728669237217662,-34.922495054400876,0.05374341085553169,0.22794830799102783,0.10560835152864456,0.3260849565267563,0.2816917188465595,0.43169330805540085
internvl,vilp,vilp-144-case3,LUH,1,1,0.6394931750321726,1.001188029672741,0.0891812234585943,-17.104924212305075,0.057809017598629,0.20960133522748947,0.09858573973178864,0.3558327555656433,0.26741035282611847,0.45441849529743195
internvl,hallusionbench,hallusionbench-image-VD-illusion-30-1-0,LUH,1,1,0.7150184532750207,1.0000343328647499,0.6732980370434171,-18.319216060937773,0.03383883088827133,0.18586091484342304,0.12155052168028696,0.3980344704219273,0.21969974573169437,0.5195849921022142
internvl,vilp,vilp-249-case2,LUH,1,0,0.5991568814931927,1.0020996488953569,0.3247196127455474,-33.582810727777144,0.07476459609137641,0.21655955579545763,0.11895007226202223,0.29742544227176243,0.291324151886834,0.41637551453378463
internvl,hallusionbench,hallusionbench-image-VD-math-1-1-0,LUH,1,0,0.6479830189737947,1.0025285209204342,-0.0,2.0567909150503283,0.03639716335705348,0.232499326978411,0.06108484949384417,0.40625347409929546,0.2688964903354645,0.46733832359313965
internvl,hallusionbench,hallusionbench-image-VD-video-3-2-0,LUH,1,0,0.6423718887049339,1.000206014870493,0.5007703807999588,-18.43781569841647,0.038785206420081,0.2346783024924142,0.09962243267468043,0.36541928563799175,0.2734635089124952,0.46504171831267216
internvl,hallusionbench,hallusionbench-image-VD-ocr-20-1-1,LUH,1,1,0.6632352076243024,1.000213645865903,-0.0,85.40495326074054,0.027341129524367194,0.2292969184262412,0.1019210261957986,0.3754770074571882,0.2566380479506084,0.47739803365298683
internvl,vilp,vilp-129-case3,LUH,1,1,0.5955529759393645,1.0004158884595882,0.33545713916847353,-16.806514660453153,0.07138454169034958,0.23039284348487854,0.11513987183570862,0.3094090670347214,0.3017773851752281,0.42454893887043
internvl,hallusionbench,hallusionbench-image-VD-illusion-29-1-0,LUH,1,1,0.5799895790987492,1.0002727880543885,0.3166018202937166,5.585482719210191,0.019882360739367347,0.2961113112313407,0.06264916488102504,0.35328047616141184,0.31599367197070805,0.4159296410424369
internvl,hallusionbench,hallusionbench-image-VD-math-9-0-0,LUH,1,1,0.7566140331662402,1.0040900676635907,-0.0,-1.3591383163337625,0.015554149768182209,0.17347257477896555,0.07235691802842276,0.47872134617396767,0.18902672454714775,0.5510782642023904
internvl,vilp,vilp-148-case3,LUH,1,0,0.6375265564524981,1.0004969877763696,0.610816748644724,-36.80234854795901,0.04777740500867367,0.22343135625123978,0.11354010552167892,0.33736491203308105,0.27120876125991344,0.45090501755476
internvl,mmvet,mmvet-v1_21,LUH,1,0,0.7210956381226274,1.0014028843680278,0.49995263292419373,-37.74361409530696,0.037852046745164056,0.17808901837893895,0.11462970290865218,0.40914853981563026,0.215941065124103,0.5237782427242824
internvl,hallusionbench,hallusionbench-image-VD-illusion-14-1-3,LUH,1,1,0.6575746232745437,1.006984191658765,-0.0,-7.439511326676616,0.01987631618976593,0.23917444263185772,0.08381970865385874,0.38936000210898264,0.25905075882162365,0.4731797107628414
internvl,hallusionbench,hallusionbench-image-VS-map-2-1-1,LUH,1,1,0.641527532438343,1.0001335233177417,0.4965022538769499,2.3481749862195116,0.05983669417245047,0.2139952097620283,0.1266610324382782,0.33710558073861263,0.27383190393447876,0.46376661317689083
internvl,vilp,vilp-89-case2,LUH,1,0,0.6206964960480805,1.0002661105354056,0.6390223373981012,-30.955613081067558,0.053717488422989845,0.2221822366118431,0.11514053121209145,0.31453728675842285,0.27589972503483295,0.4296778179705143
internvl,vilp,vilp-174-case2,LUH,1,1,0.6239984440473489,1.0013360357445824,0.32590996439916187,-24.29671627851844,0.07836528761046273,0.20931696040289743,0.1016215980052948,0.3574180943625314,0.2876822480133602,0.4590396923678262
internvl,hallusionbench,hallusionbench-image-VD-illusion-5-0-1,LUH,1,1,0.6946641764875313,1.0001278005241898,-0.0,788.9905869597437,0.03397579384701593,0.20005638258797784,0.10220482519694737,0.3993107080459595,0.23403217643499377,0.5015155332429069
internvl,hallusionbench,hallusionbench-image-VD-math-14-1-1,LUH,1,1,0.7241859731365781,1.0019321009226858,-0.0,22.511798864020534,0.04371077354465212,0.16735013893672399,0.10846029434885299,0.4183416877474103,0.2110609124813761,0.5268019820962633
internvl,hallusionbench,hallusionbench-image-VD-figure-15-1-1,LUH,1,0,0.6618728258247595,1.0010381361469276,0.5000318946155885,-31.61683213652538,0.051686067666326246,0.2063781235899244,0.12615839498383657,0.3561039992741176,0.2580641912562507,0.4822623942579542
internvl,vilp,vilp-241-case2,LUH,1,0,0.6332348881473855,1.0012462746127961,0.3279602153048138,-22.729288452906488,0.052709102630615234,0.21691347658634186,0.09519026055932045,0.3453952521085739,0.2696225792169571,0.44058551266789436
internvl,hallusionbench,hallusionbench-image-VD-math-11-0-1,LUH,1,0,0.7047258699993659,1.0002975906580356,0.6107900272288016,-24.2534542417143,0.04536802002361842,0.18314971242632183,0.09419171299253191,0.4165428195680891,0.22851773244994025,0.510734532560621
internvl,hallusionbench,hallusionbench-image-VD-figure-4-0-0,LUH,1,0,0.6646428685096644,1.0000228884455302,0.2943123905436769,124.28304736686948,0.04442296922206879,0.2101450264453888,0.10290032625198364,0.3786731958389282,0.2545679956674576,0.48157352209091187
internvl,hallusionbench,hallusionbench-image-VD-math-6-1-0,LUH,1,1,0.576647225345697,1.000160230120631,0.6112548357659435,-14.022494905357519,0.050230754273278375,0.27175237451280865,0.11011700970785959,0.3077556916645595,0.32198312878608704,0.4178727013724191
internvl,hallusionbench,hallusionbench-image-VD-illusion-30-0-0,LUH,1,1,0.7215007224021688,1.0010152244644874,0.6109120344354525,-37.8070961029594,0.030329994591219087,0.18442921021154948,0.1199794432946614,0.401713992868151,0.21475920480276856,0.5216934361628124
internvl,hallusionbench,hallusionbench-image-VD-illusion-8-1-0,LUH,1,1,0.5440667126913421,1.0003853586554048,0.497759551190726,-12.979892701196228,0.031712599098682404,0.3097543035234724,0.08286437605108533,0.3067686472620283,0.3414669026221548,0.3896330233131136
internvl,hallusionbench,hallusionbench-image-VD-video-8-0-1,LUH,1,1,0.6973908392595922,1.000263248755202,0.4976224294444816,-5.444071536931347,0.03572478677545275,0.19698560663631984,0.13909964902060373,0.3692105497632708,0.23271039341177258,0.5083101987838745
internvl,vilp,vilp-281-case2,LUH,1,0,0.6091782886988126,1.0001945684865399,0.6681881077751703,-23.891031219605214,0.06242129419531141,0.23577063424246653,0.1046495693070548,0.33792429310934885,0.2981919284377779,0.4425738624164036
internvl,vilp,vilp-237-case2,LUH,1,0,0.6021682087325837,1.000257525219357,0.43356227437965134,1.440927192275371,0.05567115332399096,0.24388761605535236,0.09389946290424891,0.3369739736829485,0.29955876937934334,0.43087343658719746
internvl,vilp,vilp-262-case3,LUH,1,1,0.6787438555521554,1.0003691400758847,0.6339766021761475,-29.380492095534724,0.054563215002417564,0.18290575221180916,0.11026399582624435,0.35938552021980286,0.23746896721422672,0.4696495160460472
internvl,vilp,vilp-256-case2,LUH,1,0,0.6284883336703166,1.0003866307119778,0.6730193085231626,-33.31917062120136,0.05849025315708584,0.21180960204866198,0.09568156136406793,0.34221021334330237,0.27029985520574784,0.4378917747073703
internvl,hallusionbench,hallusionbench-image-VS-chart-7-1-2,LUH,1,1,0.7086144945934084,1.0003033144231372,-0.0,190.05018615145607,0.06038514631135123,0.16599580645561218,0.1215167088168008,0.3962598017283848,0.2263809527669634,0.5177765105451856
internvl,hallusionbench,hallusionbench-image-VD-video-11-1-2,LUH,1,1,0.7075278858191314,1.0001754914710457,0.6729703066373345,-20.379022129953015,0.04089874880654471,0.1853540965488979,0.09731326784406388,0.4183601992470878,0.2262528453554426,0.5156734670911517
internvl,hallusionbench,hallusionbench-image-VD-math-17-0-2,LUH,1,0,0.7531020649625235,1.0000953719792587,0.6090323646462128,4.39312165775862,0.019793148019484112,0.16953452144350326,0.08191131268228805,0.4654660224914551,0.18932766946298737,0.5473773351737431
internvl,hallusionbench,hallusionbench-image-VD-illusion-29-0-2,LUH,1,0,0.6165922157221795,1.0008071340291829,-0.0,70.64336228411838,0.021213455923966,0.2683685336794172,0.04888712934085301,0.39420151710510254,0.2895819896033832,0.4430886464459555
internvl,hallusionbench,hallusionbench-image-VS-chart-3-2-0,LUH,1,1,0.6320465201031964,1.0002327236091415,-0.0,770.5587416723075,0.06818299208368574,0.21372229286602565,0.10595999019486563,0.357459374836513,0.2819052849497114,0.46341936503137865
internvl,vilp,vilp-131-case3,LUH,1,1,0.6004733468130191,2.031787018411904,-0.0,-37.20833962710986,0.06076936849525996,0.24222679649080547,0.08013324652399335,0.35298510960170204,0.3029961649860654,0.4331183561256954
internvl,vilp,vilp-206-case2,LUH,1,0,0.6768385332792879,1.0395479284294267,-0.0,-12.493412563051308,0.052960051223635674,0.18260572850704193,0.10627646744251251,0.36167216300964355,0.2355657797306776,0.46794863045215607
internvl,hallusionbench,hallusionbench-image-VD-video-3-1-2,LUH,1,0,0.6336938255558686,1.0012577330326398,0.5004419123324755,-26.81767118086571,0.03621457304273333,0.2420700362750462,0.10914115820612227,0.34967754568372456,0.27828460931777954,0.4588187038898468
internvl,hallusionbench,hallusionbench-image-VD-illusion-18-0-1,LUH,1,0,0.6680967987702122,1.0060319898616936,-0.0,13.286314508682658,0.04511962831020355,0.20776658398764475,0.08398720622062683,0.3996954475130354,0.2528862122978483,0.4836826537336622
internvl,vilp,vilp-222-case3,LUH,1,0,0.6546235246724164,1.000268972323797,0.41637848804924305,9.337906998144174,0.045004501938819885,0.21652995688574656,0.07648039928504399,0.3970332656587873,0.26153445882456644,0.4735136649438313
internvl,hallusionbench,hallusionbench-image-VD-illusion-29-1-1,LUH,1,1,0.6136574660987237,1.0003815424953915,0.4983673329367476,0.1478810723380093,0.018890684204442162,0.2742801308631897,0.058768359678132195,0.3819715295519147,0.2931708150676319,0.4407398892300469
internvl,hallusionbench,hallusionbench-image-VD-video-10-0-2,LUH,1,0,0.7364168777915843,1.0003910829227205,0.6931471753550666,-33.70299642987378,0.04190474535737719,0.16063863039016724,0.13633407013756887,0.40180638858250206,0.20254337574754444,0.5381404587200709
internvl,mmvet,mmvet-v1_76,LUH,1,1,0.6484047557015847,1.013642502659358,0.02794355648409185,-22.162116056477718,0.0342683924569024,0.22014935811360678,0.09005568424860635,0.3519549502266778,0.2544177505705092,0.4420106344752841
internvl,vilp,vilp-38-case2,LUH,1,0,0.6149704427176164,1.0003395656960237,0.6931465057429838,-30.414609809841558,0.05377628547804696,0.23840436765125816,0.10237847907202585,0.3438690389905657,0.29218065312930513,0.44624751806259155
internvl,hallusionbench,hallusionbench-image-VD-math-8-1-1,LUH,1,1,0.6999711354379803,1.0000495922941104,0.19735256932728337,569.5007011709255,0.04182457285267966,0.18965470790863037,0.05726930499076843,0.4509147235325405,0.23147928076131002,0.5081840285233089
internvl,vilp,vilp-112-case3,LUH,1,0,0.5496146139530809,1.0055926683061778,0.23546167930795836,-15.828897281823727,0.0581687433379037,0.2815466693469456,0.08456378323691231,0.30619193826402935,0.3397154126848493,0.3907557215009417
internvl,hallusionbench,hallusionbench-image-VS-map-6-1-1,LUH,1,0,0.576833357433053,1.0007155115936868,0.6729113909734457,-32.86300382421034,0.08328128712517874,0.2384751992566245,0.07716541630881173,0.340105516569955,0.3217564863818032,0.41727093287876676
internvl,hallusionbench,hallusionbench-image-VD-illusion-11-0-0,LUH,1,0,0.6599066121796953,1.0007250552060085,0.6730611150515694,-33.192135537720276,0.03622586812291827,0.22133346966334755,0.0888138860464096,0.38909196853637695,0.25755933778626583,0.47790585458278656
internvl,hallusionbench,hallusionbench-image-VD-illusion-5-1-1,LUH,1,0,0.6649335808759225,1.0003929910191045,-0.0,515.8818511121336,0.03536008191960198,0.22103356889316014,0.10444237504686629,0.37477556296757286,0.2563936508127621,0.4792179380144391
internvl,hallusionbench,hallusionbench-image-VD-video-18-2-2,LUH,1,1,0.7215784088371087,1.0004960336285438,0.6108696422898152,-17.382014806547406,0.04737634531089238,0.16660847834178377,0.1381913082940238,0.3890226057597569,0.21398482365267615,0.5272139140537807
internvl,hallusionbench,hallusionbench-image-VD-figure-2-1-0,LUH,1,0,0.6464901535632306,1.00132839618605,0.6109911580229903,-31.565536802614123,0.052637542997087755,0.21713165300233025,0.1014774739742279,0.3670041561126709,0.269769195999418,0.4684816300868988
internvl,hallusionbench,hallusionbench-image-VD-ocr-3-1-0,LUH,1,0,0.6570517495734529,1.000007629423635,0.4620946095345921,310.55659740188185,0.03639803613935198,0.2248602296624865,0.086091548204422,0.3874979870659965,0.2612582658018385,0.47358953527041847
internvl,hallusionbench,hallusionbench-image-VD-video-1-0-0,LUH,1,1,0.697443531223712,1.000236539201455,0.5010938030420959,10.525407680003958,0.03957655600139073,0.19442901866776602,0.15214113678250996,0.3502219574792045,0.23400557466915675,0.5023630942617144
internvl,hallusionbench,hallusionbench-image-VD-video-10-0-3,LUH,1,0,0.7088486475280718,1.000553284108734,0.6728852717650046,-27.80862890506819,0.042768602924687524,0.18211587837764193,0.13954695207732065,0.37564144815717426,0.22488448130232946,0.5151884002344949
internvl,hallusionbench,hallusionbench-image-VS-ocr-7-2-0,LUH,1,0,0.5947722255784236,1.000040055123474,0.6067319911792733,39.999312005691394,0.06623887377125875,0.24455802781241281,0.10134333797863551,0.3301185539790562,0.31079690158367157,0.4314618919576917
internvl,hallusionbench,hallusionbench-image-VD-illusion-25-0-2,LUH,1,1,0.6511405958706493,1.0010629577280232,-0.0,93.4532113661261,0.03730568928377969,0.22665634325572423,0.09766902242388044,0.3744443655014038,0.2639620325395039,0.47211338792528423
internvl,hallusionbench,hallusionbench-image-VD-illusion-12-1-0,LUH,1,0,0.6577084718636468,1.0022111507129232,0.32524311667118966,-9.962196018171301,0.03644747074161257,0.22543764114379883,0.12625967604773386,0.35226907048906597,0.2618851118854114,0.47852874653679983
internvl,hallusionbench,hallusionbench-image-VS-ocr-12-2-1,LUH,1,1,0.5539019762040959,1.0006277146306177,-0.0,250.8101742701691,0.10145794068064008,0.23925909825733727,0.04224584996700287,0.3622593368802752,0.34071703893797733,0.40450518684727804
internvl,vilp,vilp-86-case2,LUH,1,0,0.6115103414469405,1.0021585840246787,0.3348041936479599,-13.474498549543512,0.05246518552303314,0.23358259350061417,0.08867394551634789,0.341181144118309,0.2860477790236473,0.4298550896346569
internvl,hallusionbench,hallusionbench-image-VD-video-2-1-0,LUH,1,0,0.7141253153490443,1.000914037472994,0.6110460238572519,-24.794194587955204,0.03858274008546557,0.1833646595478058,0.1387526627097811,0.38205622775214054,0.22194739963327137,0.5208088904619217
internvl,hallusionbench,hallusionbench-image-VD-math-13-1-0,non_hallucination,0,1,0.6536073330759993,1.0000038147045416,-0.0,-47.35059564572992,0.046135514974594116,0.21575157557215008,0.04853742676121848,0.4255385228565761,0.2618870905467442,0.4740759496177946
internvl,hallusionbench,hallusionbench-image-VD-ocr-3-2-1,non_hallucination,0,1,0.6210767734690097,1.0000038147045416,-0.0,-47.00103472599667,0.036700419017246785,0.25004749638693674,0.09586312515395029,0.35147968360355925,0.28674791540418354,0.44734280875750954
internvl,hallusionbench,hallusionbench-image-VD-figure-19-1-1,non_hallucination,0,1,0.6546197835364895,1.000007629423635,-0.0,-43.95838947843242,0.06165136396884918,0.20112457445689608,0.1218784749507904,0.35258720602308,0.26277593842574526,0.47446568097387043
internvl,hallusionbench,hallusionbench-image-VD-ocr-15-1-1,non_hallucination,0,1,0.6915578935406541,1.000030518043791,-0.0,-48.31973967323834,0.028778584940092902,0.2072369200842721,0.1523200401238033,0.3509281873703003,0.23601550502436502,0.5032482274941036
internvl,hallusionbench,hallusionbench-image-VS-chart-10-1-1,non_hallucination,0,1,0.6518957012883904,1.0000476848527067,-0.0,-48.63938670073613,0.06599567830562592,0.20255297635282787,0.11541925370693207,0.36005251322473797,0.2685486546584538,0.47547176693167004
internvl,hallusionbench,hallusionbench-image-VD-ocr-10-1-0,non_hallucination,0,1,0.6358779922392092,1.0000343328647499,-0.0,-46.996505882506376,0.05598457583359309,0.2193522708756583,0.08630039010729108,0.3730540786470686,0.2753368467092514,0.45935446875435965
internvl,hallusionbench,hallusionbench-image-VS-table-1-2-1,non_hallucination,0,1,0.6259520579665083,1.0000381477002613,-0.0,-48.973050145627106,0.0668493573154722,0.21894372786794392,0.08376831242016383,0.3692173787525722,0.2857930851834161,0.452985691172736
internvl,hallusionbench,hallusionbench-image-VS-chart-8-2-0,non_hallucination,0,1,0.6843582267367044,1.0000267032373844,-0.0,-45.82566090107522,0.07861223603997912,0.1652934423514775,0.13885679841041565,0.3628600665501186,0.2439056783914566,0.5017168649605342
internvl,hallusionbench,hallusionbench-image-VD-ocr-4-1-0,non_hallucination,0,1,0.6439661359510057,1.0000267032373844,-0.0,-45.06222657889736,0.0646718612739018,0.20487819824899947,0.0804392227104732,0.3876475947243827,0.2695500595229013,0.4680868174348559
internvl,hallusionbench,hallusionbench-image-VD-ocr-1-1-0,non_hallucination,0,1,0.6110862729844528,1.0000152589054785,-0.0,-42.106942269956164,0.06496834116322653,0.22902471678597586,0.07025330833026341,0.37020342690604074,0.2939930579492024,0.44045673523630413
internvl,mmvet,mmvet-v1_29,non_hallucination,0,0,0.6364134001931387,1.0000152589054785,-0.0,-43.286222327515006,0.0741177573800087,0.19833708927035332,0.1269724890589714,0.3344799131155014,0.272454846650362,0.4614524021744728
internvl,mmvet,mmvet-v1_110,non_hallucination,0,1,0.6711709286181005,1.000030518043791,-0.0,-44.1259763798752,0.05101468307631356,0.19997133953230722,0.11308968918664114,0.3704426458903721,0.2509860226086208,0.48353233507701326
internvl,hallusionbench,hallusionbench-image-VD-ocr-19-0-0,non_hallucination,0,1,0.6454102618387005,1.0000114441572807,-0.0,-38.95344179523012,0.05670784413814545,0.21741625240870885,0.08610778195517405,0.38418321950095036,0.2741240965468543,0.4702910014561244
internvl,hallusionbench,hallusionbench-image-VS-chart-21-2-0,non_hallucination,0,1,0.6404241140088085,1.0000476848527067,-0.0,-47.07770043696383,0.0829100183078221,0.19366633892059326,0.11301231384277344,0.35335118430001394,0.27657635722841534,0.4663634981427874
internvl,hallusionbench,hallusionbench-image-VS-table-7-2-0,non_hallucination,0,1,0.6342136348649099,1.0000247958396382,-0.0,-43.40598463386168,0.05838585964271001,0.2228590760912214,0.11272986446108137,0.351442813873291,0.2812449357339314,0.46417267833437237
internvl,hallusionbench,hallusionbench-image-VS-chart-10-2-1,non_hallucination,0,1,0.641977815896329,1.0000343328647499,-0.0,-43.17460368091569,0.06926001821245466,0.20669777904238018,0.12420816506658282,0.34443063395363943,0.2759577972548348,0.46863879902022226
internvl,hallusionbench,hallusionbench-image-VS-table-10-1-2,non_hallucination,0,1,0.6422729222959658,1.0000991870476161,-0.0,-46.987598906964244,0.05827153367655618,0.2138953038624355,0.1360586541039603,0.3307241371699742,0.2721668375389917,0.4667827912739345
internvl,hallusionbench,hallusionbench-image-VD-math-0-1-1,non_hallucination,0,0,0.6837417990546593,1.0000953719792587,-0.0,-44.813927163823585,0.029635182448795865,0.21291978870119369,0.0854748444897788,0.4088280200958252,0.24255497114998956,0.494302864585604
internvl,hallusionbench,hallusionbench-image-VD-figure-5-1-1,non_hallucination,0,1,0.634389133158012,1.0000152589054785,-0.0,-39.695205594579534,0.046284143413816176,0.23087339741843088,0.10045516065188817,0.361179164477757,0.2771575408322471,0.4616343251296452
internvl,vilp,vilp-218-case1,non_hallucination,0,1,0.5447348709100165,1.000040055123474,-0.0,-43.431395062861576,0.04929941230350071,0.27488216426637435,0.09013195170296563,0.2799175580342611,0.32418157656987506,0.3700495097372267
internvl,hallusionbench,hallusionbench-image-VS-ocr-3-2-1,non_hallucination,0,1,0.6268674675211092,1.0000610370189331,-0.0,-43.39387699397448,0.0621294868843896,0.22541600891522,0.06601389391081675,0.3927833352770124,0.28754549579960964,0.45879722918782917
internvl,vilp,vilp-167-case1,non_hallucination,0,1,0.6095462518259327,1.0000839268615058,-0.0,-43.616282574746236,0.049107796379498074,0.24851827962057932,0.10287954126085554,0.33723340715680805,0.2976260760000774,0.4401129484176636
internvl,hallusionbench,hallusionbench-image-VD-figure-17-1-1,non_hallucination,0,1,0.6425155059356505,1.0000190736682282,-0.0,-37.17064077179411,0.027327308697359904,0.2435364212308611,0.11071176614080158,0.35409252984183176,0.270863729928221,0.46480429598263334
internvl,vilp,vilp-21-case1,non_hallucination,0,1,0.6072664240201655,1.00006675943046,-0.0,-41.48709414852971,0.0627134974513735,0.23890874215534758,0.11543638791356768,0.33334921087537495,0.3016222396067211,0.44878559878894264
internvl,vilp,vilp-240-case1,non_hallucination,0,1,0.6268471639764022,1.00006675943046,-0.0,-42.54299018591553,0.05239861210187276,0.2166581153869629,0.10417406095398797,0.32681761847602,0.26905672748883563,0.43099167943000793
internvl,hallusionbench,hallusionbench-image-VS-chart-18-2-0,non_hallucination,0,1,0.6689908373400739,1.0000553146401499,-0.0,-40.48457638017008,0.08252755658967155,0.17199978232383728,0.1077814315046583,0.38028556959969656,0.2545273389135088,0.48806700110435486
internvl,hallusionbench,hallusionbench-image-VS-chart-19-1-1,non_hallucination,0,1,0.6389783413281159,1.00008964940401,-0.0,-40.493552926163304,0.08512002442564283,0.19443101116589137,0.09725138119288854,0.37318800176892963,0.2795510355915342,0.4704393829618182
internvl,mmvet,mmvet-v1_108,non_hallucination,0,1,0.6702832674234231,1.0000915569254545,-0.0,-42.41301859692266,0.05287304094859532,0.199508364711489,0.12312680908611842,0.368119512285505,0.2523814056600843,0.4912463213716234
internvl,hallusionbench,hallusionbench-image-VD-illusion-9-0-0,non_hallucination,0,1,0.626969700436891,1.0000762968557695,-0.0,-39.872760617580695,0.044221190469605584,0.2391983781542097,0.10476317575999669,0.3462945393153599,0.2834195686238153,0.45105771507535664
internvl,hallusionbench,hallusionbench-image-VD-math-15-0-1,non_hallucination,0,1,0.6682591782887376,1.000064851956313,-0.0,-39.020628233267054,0.044700746025357924,0.2081667525427682,0.07096646300383977,0.4142336845397949,0.2528674985681261,0.4852001475436347
internvl,hallusionbench,hallusionbench-image-VS-chart-4-1-2,non_hallucination,0,1,0.6357333584329269,1.0000991870476161,-0.0,-41.33072469846268,0.07080752508980886,0.2093685609953744,0.13554450869560242,0.33051187651497976,0.2801760860851833,0.4660563852105822
internvl,hallusionbench,hallusionbench-image-VS-table-5-1-2,non_hallucination,0,1,0.6079669380504626,1.000160230120631,-0.0,-43.03835195434548,0.06262101871626718,0.23644005400793894,0.07825653893607004,0.3613444226128715,0.2990610727242061,0.4396009615489415
internvl,hallusionbench,hallusionbench-image-VD-ocr-4-0-1,non_hallucination,0,1,0.6694995765461262,1.0000457774149414,-0.0,-36.50270632641768,0.06666695007256099,0.18584150075912476,0.0935864065374647,0.3932351895741054,0.2525084508316857,0.4868215961115701
internvl,hallusionbench,hallusionbench-image-VD-video-5-1-1,non_hallucination,0,1,0.6813379975494855,1.0001258929336159,-0.0,-40.930223703142936,0.03658042582018035,0.20854993164539337,0.1332428412778037,0.35677651848111835,0.2451303574655737,0.4900193597589221
internvl,hallusionbench,hallusionbench-image-VS-ocr-4-1-1,non_hallucination,0,1,0.6825963967286823,1.0002384470030699,-0.0,-44.08260407783594,0.03455830258982522,0.20994054419653754,0.042079378451619825,0.45101499557495117,0.24449884678636277,0.49309437402657097
internvl,vilp,vilp-115-case1,non_hallucination,0,1,0.5521576098033855,1.000417796603285,-0.0,-46.70725358531939,0.0649607138974326,0.27753896372658865,0.06437342933246068,0.33554140159061974,0.3424996776240212,0.39991483092308044
internvl,vilp,vilp-106-case1,non_hallucination,0,1,0.5082255360345084,1.000213645865903,-0.0,-41.745260797869584,0.06485090724059514,0.30974992683955604,0.0648421687739236,0.3008313349315098,0.3746008340801512,0.3656735037054334
internvl,hallusionbench,hallusionbench-image-VS-ocr-2-2-0,non_hallucination,0,1,0.6499020980997479,1.0000782043517462,-0.0,-33.59244784680942,0.06312925474984304,0.20737456743206295,0.07692344060965947,0.39725804328918457,0.270503822181906,0.47418148389884407
internvl,vilp,vilp-82-case3,non_hallucination,0,1,0.6241316303002779,1.0002804195592394,-0.0,-42.240061314542345,0.06334037227290017,0.22367906144687108,0.10527117337499346,0.34697578634534565,0.28701943371977123,0.4522469597203391
internvl,hallusionbench,hallusionbench-image-VD-figure-6-1-1,non_hallucination,0,1,0.61291219993977,1.000263248755202,-0.0,-38.61767724184363,0.045067237956183295,0.24923414417675566,0.08708178997039795,0.3541121142251151,0.29430138213293894,0.4411939041955131
internvl,hallusionbench,hallusionbench-image-VD-illusion-0-1-2,non_hallucination,0,1,0.6310897064966222,1.0002327236091415,-0.0,-38.369803299463854,0.04289922969681876,0.23665047117641996,0.12354209167616709,0.3321222577776228,0.2795497008732387,0.45566434945378986
internvl,vilp,vilp-239-case2,non_hallucination,0,0,0.5047099477277159,1.000181850435781,-0.0,-33.19591275995519,0.06483478678597344,0.2894254525502523,0.06938273708025615,0.27417171001434326,0.35426023933622575,0.3435544470945994
internvl,vilp,vilp-8-case2,non_hallucination,0,1,0.5826880962002418,1.0001087247821812,-0.0,-32.35171174790139,0.053936202079057693,0.2537135034799576,0.10699260979890823,0.3002711087465286,0.3076497055590153,0.40726371854543686
internvl,vilp,vilp-253-case1,non_hallucination,0,1,0.6926234695824794,1.0002231846920373,-0.0,-36.5703310548284,0.04838478937745094,0.18319927528500557,0.12011396512389183,0.3735093027353287,0.2315840646624565,0.4936232678592205
internvl,hallusionbench,hallusionbench-image-VD-ocr-18-0-0,non_hallucination,0,1,0.6549393736702762,1.0000190736682282,0.32497632558404904,-39.71830809849562,0.08206583772386823,0.18458282947540283,0.08704033068248204,0.39179590770176476,0.26664866719927105,0.4788362383842468
internvl,vilp,vilp-113-case1,non_hallucination,0,1,0.6033463031353643,1.0003128541044217,-0.0,-38.95574162246082,0.04579545344625201,0.2562950721808842,0.0987420848437718,0.33251094818115234,0.30209052562713623,0.4312530330249241
internvl,hallusionbench,hallusionbench-image-VD-illusion-1-1-2,non_hallucination,0,1,0.6529355257640916,1.000206014870493,-0.0,-29.193750374092673,0.050678295748574395,0.21285550934927805,0.11870797617094857,0.35638885838644846,0.26353380509785246,0.47509683455739704
internvl,hallusionbench,hallusionbench-image-VD-video-18-0-1,non_hallucination,0,1,0.6725802986812901,1.0000686669082455,-0.0,-21.089922188226634,0.05421354940959386,0.1974409818649292,0.132894937481199,0.35504499503544396,0.2516545312745231,0.4879399325166429
internvl,hallusionbench,hallusionbench-image-VD-figure-9-1-0,non_hallucination,0,1,0.6654765660377817,1.0000877418862035,-0.0,-14.107883686678537,0.07329826056957245,0.18242799384253364,0.12771951726504735,0.35283056327274864,0.25572625441210606,0.480550080537796
internvl,mmvet,mmvet-v1_11,non_hallucination,0,1,0.6397523446869496,1.00071710218942,-0.0,-42.17572752723112,0.08784642132620016,0.17217344293991724,0.10219397271672884,0.3474781972666582,0.2600198642661174,0.449672169983387
internvl,hallusionbench,hallusionbench-image-VD-figure-1-0-1,non_hallucination,0,1,0.6151156690548378,1.0000457774149414,0.324832707061919,-40.608820522815165,0.045243295175688605,0.24578591755458287,0.08233898452350072,0.36210765157427105,0.2910292127302715,0.4444466360977718
internvl,mmvet,mmvet-v1_107,non_hallucination,0,0,0.5746837946224821,1.002299086609661,-0.0,-48.83653918958346,0.048190534114837646,0.27063240323747906,0.05652567744255066,0.35708790166037424,0.3188229373523167,0.4136135791029249
internvl,hallusionbench,hallusionbench-image-VD-figure-8-0-1,non_hallucination,0,1,0.6337438448919976,1.0000457774149414,0.32465264857304893,-39.58538683879023,0.060698436839239936,0.2165597677230835,0.10181130255971636,0.3587918792452131,0.2772582045623234,0.4606031818049295
internvl,hallusionbench,hallusionbench-image-VS-table-6-1-1,non_hallucination,0,1,0.6854287323208241,1.0000190736682282,0.32449285499264374,-36.17350493582279,0.05538839527538844,0.18797292879649571,0.13239626799310955,0.3656039237976074,0.24336132407188416,0.498000191790717
internvl,vilp,vilp-294-case2,non_hallucination,0,0,0.5434800342475168,1.0005170250909128,-0.0,-36.89608879262341,0.06205635624272483,0.28447824716567993,0.05182066772665296,0.34236424309866764,0.34653460340840475,0.3941849108253206
internvl,hallusionbench,hallusionbench-image-VD-illusion-10-1-0,non_hallucination,0,1,0.6131824621020237,1.000030518043791,0.3237705166689982,-33.81832955398404,0.046399525233677456,0.24653243167059763,0.08594288570540293,0.35590083258492605,0.2929319569042751,0.441843718290329
internvl,hallusionbench,hallusionbench-image-VD-ocr-8-1-0,non_hallucination,0,1,0.5448578884914315,1.0000343328647499,-0.0,-12.815989760423705,0.07254070043563843,0.27011477095740183,0.0640256234577724,0.3302267789840698,0.34265547139304026,0.39425240244184223
internvl,vilp,vilp-258-case3,non_hallucination,0,1,0.6003699272551678,1.000412072183113,-0.0,-36.31982201732384,0.05352461125169482,0.25067735144070213,0.10672807693481445,0.32813191413879395,0.30420196269239697,0.4348599910736084
internvl,mmvet,mmvet-v1_59,non_hallucination,0,1,0.6298254750362635,1.0013417654517314,-0.0,-44.048377892212336,0.07692159116268157,0.19585675597190857,0.11349263191223144,0.33684103488922124,0.27277834713459015,0.4503336668014527
internvl,vilp,vilp-100-case1,non_hallucination,0,1,0.6001931202317112,1.0007625942975342,-0.0,-38.69094206066653,0.05155651643872261,0.2384643852710724,0.10311031341552734,0.30602094531059265,0.290020901709795,0.40913125872612
internvl,vilp,vilp-298-case1,non_hallucination,0,1,0.6255915205364014,1.0001525995327494,-0.0,-18.309084967011135,0.058616578578948975,0.2284725989614214,0.09356238160814558,0.36348942347935265,0.2870891775403704,0.4570518050874982
internvl,hallusionbench,hallusionbench-image-VD-ocr-19-1-1,non_hallucination,0,1,0.6741345323261412,1.000041962550325,-0.0,1.386108402571523,0.06232075818947383,0.1910641065665654,0.09388095566204616,0.4001764569963728,0.2533848647560392,0.49405741265841896
internvl,hallusionbench,hallusionbench-image-VS-chart-1-1-1,non_hallucination,0,1,0.6852544438249966,1.000129708118402,0.3249836155692787,-41.32444990923687,0.06692877411842346,0.17538411702428544,0.15644164170537675,0.34151722703661236,0.2423128911427089,0.49795886874198914
internvl,hallusionbench,hallusionbench-image-VD-math-2-0-2,non_hallucination,0,1,0.5742455478488399,1.00052847516511,-0.0,-33.29063021444607,0.04427941356386457,0.27693136249269756,0.07831391266414098,0.3354538338524955,0.3212107760565621,0.4137677465166365
internvl,vilp,vilp-104-case2,non_hallucination,0,1,0.5730191010489043,1.0040900676635907,-0.0,-45.53685695207032,0.052386241033673286,0.2611881345510483,0.06611260399222374,0.3331938534975052,0.31357437558472157,0.3993064574897289
internvl,hallusionbench,hallusionbench-image-VS-map-7-2-1,non_hallucination,0,1,0.5862638474741316,1.0000572220961061,0.32471107975444136,-33.98039906389722,0.0704078780753272,0.24368502412523543,0.08205215632915497,0.3433938707624163,0.31409290220056263,0.42544602709157125
internvl,hallusionbench,hallusionbench-image-VS-chart-2-1-7,non_hallucination,0,1,0.6430857557636479,1.0007136028821442,-0.0,-33.422930865704984,0.07184224682194845,0.20330671753202167,0.10838879857744489,0.35918957846505306,0.2751489643539701,0.46757837704249794
internvl,mmvet,mmvet-v1_135,non_hallucination,0,1,0.6684161014647841,1.003186523726722,-0.0,-44.87424066604577,0.03753526934555598,0.21553942561149597,0.07355086718286787,0.4088683979851859,0.2530746949570519,0.4824192651680538
internvl,vilp,vilp-196-case1,non_hallucination,0,1,0.6453917101538262,1.0004960336285438,-0.0,-29.085779150073925,0.05106746032834053,0.2212399233664785,0.12117321895701544,0.34333953474249157,0.272307383694819,0.464512753699507
internvl,hallusionbench,hallusionbench-image-VD-math-1-1-1,non_hallucination,0,0,0.7368469441859742,1.0001411537600828,0.3250060331728823,-38.109376805055376,0.03152910194226674,0.1720537862607411,0.08602903357573918,0.4498840229851859,0.20358288820300785,0.5359130565609251
internvl,hallusionbench,hallusionbench-image-VD-math-10-0-1,non_hallucination,0,1,0.6813470404114661,1.0000114441572807,0.32229408226364703,-25.49564392414487,0.04693711229733058,0.197814302785056,0.06128604071480888,0.4374862057822091,0.24475141508238657,0.49877224649701796
internvl,vilp,vilp-210-case1,non_hallucination,0,1,0.6088475241910563,1.0001611839482096,0.32478624839914627,-39.08283514994909,0.051942894235253334,0.23412930965423584,0.09352580085396767,0.324723944067955,0.2860722038894892,0.4182497449219227
internvl,hallusionbench,hallusionbench-image-VD-video-1-1-1,non_hallucination,0,1,0.6947406604251755,1.0000991870476161,0.32525321705218246,-26.123500186643675,0.0403902211359569,0.19588886414255413,0.1620202234813145,0.3421372175216675,0.23627908527851105,0.504157441002982
internvl,hallusionbench,hallusionbench-image-VD-illusion-4-0-0,non_hallucination,0,1,0.6712908734099496,1.000129708118402,0.3243093421152303,-27.546696262213075,0.04710401381765093,0.20366683176585604,0.11106265442711967,0.3778613635471889,0.250770845583507,0.48892401797430857
internvl,vilp,vilp-114-case1,non_hallucination,0,1,0.6205301285103999,1.0002289080313835,0.31744919630323276,-40.95349892705751,0.055969651256288805,0.23428298745836532,0.10673377343586513,0.34308327947344097,0.2902526387146541,0.44981705290930607
internvl,hallusionbench,hallusionbench-image-VS-map-9-1-0,non_hallucination,0,1,0.6533844477738984,1.0001430613797642,0.3244964672355846,-37.0855880133494,0.06415051860468729,0.20250906688826426,0.11078611442020961,0.3617490870612008,0.26665958549295155,0.47253520148141037
internvl,hallusionbench,hallusionbench-image-VD-illusion-15-0-0,non_hallucination,0,1,0.5990730182319981,1.0002975906580356,-0.0,-11.383470034958513,0.04562084376811981,0.25977631977626253,0.07985944194453104,0.3522347893033709,0.30539716354438234,0.4320942312479019
internvl,mmvet,mmvet-v1_37,non_hallucination,0,1,0.6829230707696479,1.0026375206155016,-0.0,-39.267976489348285,0.07741232812404633,0.15262721180915834,0.10810859501361847,0.35537312030792234,0.23003953993320467,0.4634817153215408
internvl,vilp,vilp-38-case3,non_hallucination,0,1,0.5980616264470748,1.0000839268615058,0.3318183185801868,-25.246602461292824,0.05282511668545859,0.2518419367926461,0.08379468321800232,0.3503619262150356,0.3046670534781047,0.4341566094330379
internvl,vilp,vilp-83-case3,non_hallucination,0,1,0.6683849556413505,1.0016368896964032,-0.0,-31.636683393221386,0.04949849098920822,0.19503802061080933,0.10745537281036377,0.3567497432231903,0.24453651160001755,0.4642051160335541
internvl,hallusionbench,hallusionbench-image-VS-chart-0-1-0,non_hallucination,0,1,0.6494768725802342,1.0000457774149414,0.3176361456734713,1.4694203572330764,0.07823017878191812,0.1911525470869882,0.10507537637438093,0.3717191730226789,0.2693827258689063,0.4767945493970598
internvl,vilp,vilp-290-case2,non_hallucination,0,1,0.5937996979799101,1.0001487842606398,0.3240327131089399,-32.715817409289215,0.04719662666320801,0.2602416958127703,0.10389837196895055,0.3201840775353568,0.3074383224759783,0.4240824495043074
internvl,hallusionbench,hallusionbench-image-VD-figure-12-1-0,non_hallucination,0,1,0.696465404918517,1.0003357497106962,-0.0,-4.928528442868654,0.040536382368632724,0.19112458399363927,0.0849947886807578,0.4210558107921055,0.231660966362272,0.5060505994728633
internvl,hallusionbench,hallusionbench-image-VS-table-6-2-0,non_hallucination,0,1,0.6935207698114288,1.0000686669082455,-0.0,18.283840766027055,0.05767594490732465,0.17805219122341703,0.11731997558048793,0.38911943776266916,0.23572813613074167,0.5064394133431571
internvl,vilp,vilp-296-case1,non_hallucination,0,1,0.592826295581471,1.0001945684865399,0.2660155795280068,-26.880368276231938,0.0659606329032353,0.24130131091390336,0.07513096077101572,0.3520163297653198,0.30726194381713867,0.42714729053633554
internvl,vilp,vilp-232-case1,non_hallucination,0,1,0.5539174893165695,1.0003987153300928,0.3233687956751896,-37.52267500727191,0.05690854574952807,0.2804965376853943,0.0969838947057724,0.30057553734098164,0.33740508343492237,0.39755943204675404
internvl,hallusionbench,hallusionbench-image-VD-ocr-0-1-0,non_hallucination,0,1,0.5966704583936187,1.0001411537600828,0.3219698858926805,-18.554633840836022,0.0661635377577373,0.23804060901914326,0.0897214412689209,0.33944642543792725,0.30420414677688057,0.42916786670684814
internvl,vilp,vilp-6-case2,non_hallucination,0,1,0.6636852529899476,1.0001793068450353,0.07441607326565998,-15.2061210777396,0.04831630736589432,0.20152105391025543,0.08430019021034241,0.3814084678888321,0.24983736127614975,0.4657086580991745
internvl,vilp,vilp-134-case3,non_hallucination,0,1,0.5343693642521894,1.000230815818443,0.32513377037874547,-34.83306731642618,0.05387820942061288,0.29672346796308247,0.07937205050672803,0.3037358266966683,0.35060167738369535,0.38310787720339634
internvl,vilp,vilp-215-case1,non_hallucination,0,1,0.5354719288817855,1.0183956846641304,-0.0,-42.98759280655021,0.06478591050420489,0.29049932956695557,0.05242810504777091,0.34097983155931744,0.35528524007116047,0.39340793660708834
internvl,hallusionbench,hallusionbench-image-VS-chart-17-2-2,non_hallucination,0,1,0.6146061847910063,1.0001831222335795,0.3241773258615991,-21.561294744243774,0.08213883212634496,0.2144371100834438,0.09775067652974809,0.35099341188158306,0.2965759422097888,0.4487440884113312
internvl,hallusionbench,hallusionbench-image-VD-illusion-19-1-3,non_hallucination,0,1,0.6775690126686473,1.0010343174967704,-0.0,-19.16049957948614,0.02898351103067398,0.21635667766843522,0.09524993811334884,0.39142903259822304,0.2453401886991092,0.48667897071157185
internvl,mmvet,mmvet-v1_12,non_hallucination,0,1,0.6296470891940507,1.0005513757066153,0.3254438259606862,-34.5054683170761,0.09359908103942871,0.1743130087852478,0.10690807302792868,0.33477469285329187,0.2679120898246765,0.4416827658812206
internvl,hallusionbench,hallusionbench-image-VS-map-7-1-0,non_hallucination,0,1,0.6457624731645049,1.000263248755202,0.3248829252421768,-24.593550898922516,0.06505784818104335,0.20503361310277665,0.0923616247517722,0.37650907039642334,0.27009146128382,0.46887069514819557
internvl,vilp,vilp-269-case3,non_hallucination,0,0,0.6094673412597772,1.0008300409487565,-0.0,-5.179035053173386,0.056156080630090505,0.21782757838567096,0.09289903773201837,0.31596995724572075,0.2739836590157615,0.4088689949777391
internvl,hallusionbench,hallusionbench-image-VS-table-0-1-2,non_hallucination,0,1,0.6290080513390889,1.0001278005241898,-0.0,26.24656459620001,0.07071400540215629,0.21362938199724468,0.07835688761302403,0.38382746492113384,0.28434338739940096,0.4621843525341579
internvl,vilp,vilp-37-case2,non_hallucination,0,1,0.5234923394545143,1.0000591295557004,0.6386745283916205,-36.40034773268827,0.05199332535266876,0.30896131481443134,0.06663714136396136,0.31302765437534874,0.3609546401671001,0.3796647957393101
internvl,vilp,vilp-111-case2,non_hallucination,0,1,0.623469887652482,1.0002098303609206,-0.0,30.896624270353136,0.06256041143621717,0.22281767640795025,0.10949195282799856,0.33708468505314415,0.2853780878441674,0.4465766378811427
internvl,mmvet,mmvet-v1_5,non_hallucination,0,1,0.6494461414614071,1.0001983839333028,0.5009976410348805,-37.403902180648004,0.03500379089798246,0.23555411611284527,0.08737495967320033,0.3974054030009678,0.2705579070108277,0.48478036267416813
internvl,hallusionbench,hallusionbench-image-VD-illusion-3-1-0,non_hallucination,0,1,0.6259138237226163,1.000103002130527,0.5003838138263252,-36.85126098351206,0.05075326136180333,0.23272580334118437,0.10733033078057426,0.34614981923784527,0.28347906470298767,0.4534801500184195
internvl,hallusionbench,hallusionbench-image-VD-figure-2-0-1,non_hallucination,0,1,0.6009678245368506,1.0002975906580356,0.3253159331897771,-24.89397505611484,0.06175623834133148,0.23959861057145254,0.06698226502963475,0.36699432986123226,0.301354848912784,0.43397659489086704
internvl,hallusionbench,hallusionbench-image-VD-ocr-7-1-1,non_hallucination,0,1,0.602924143645964,1.0000343328647499,0.6109975107983863,-29.24163564670407,0.06438043713569641,0.23899981805256434,0.07404766976833344,0.36560019424983436,0.30338025518826073,0.4396478640181678
internvl,hallusionbench,hallusionbench-image-VS-ocr-0-2-0,non_hallucination,0,1,0.6600875030176324,1.0000534071878318,0.3143651462016709,19.8212235299016,0.06841912014143808,0.19172201412064688,0.07439189297812326,0.40277980055127827,0.26014113426208496,0.47717169352940153
internvl,vilp,vilp-43-case3,non_hallucination,0,1,0.6026772336623161,1.001492659539785,-0.0,-18.294647872248703,0.05389930094991412,0.24677145055362154,0.09440493157931737,0.33816691807338173,0.30067075150353567,0.4325718496526991
internvl,vilp,vilp-140-case3,non_hallucination,0,1,0.6596882498746948,1.0001688146015852,0.4979208101556657,-34.29201935552584,0.055262401700019836,0.19869828969240189,0.12774594128131866,0.33541934192180634,0.2539606913924217,0.463165283203125
internvl,hallusionbench,hallusionbench-image-VS-map-6-1-0,non_hallucination,0,1,0.5996788532877376,1.0008090429191223,0.32512026250834125,-35.00332232223376,0.08128708175250463,0.22334928597722736,0.08455930863107955,0.35166263580322266,0.304636367729732,0.4362219444343022
internvl,vilp,vilp-126-case1,non_hallucination,0,1,0.587281970641045,1.0009789487064251,-0.0,2.7719986193455313,0.04882477968931198,0.2539838179945946,0.08906274288892746,0.3204592913389206,0.30280859768390656,0.40952203422784805
internvl,vilp,vilp-166-case1,non_hallucination,0,1,0.5327628385695315,1.0019314639116141,-0.0,-7.295980997519969,0.058933196796311274,0.2747902075449626,0.06458285782072279,0.2960966295666165,0.33372340434127384,0.36067948738733924
internvl,hallusionbench,hallusionbench-image-VS-chart-4-2-1,non_hallucination,0,1,0.5892622582657925,1.0004941253356219,0.3252132510238692,-23.54085505864983,0.06135028387819018,0.2538166812488011,0.09286086474146162,0.33399977002825054,0.31516696512699127,0.42686063476971214
internvl,hallusionbench,hallusionbench-image-VD-video-11-2-2,non_hallucination,0,1,0.6489086848374837,1.0001258929336159,0.6109213560921493,-34.23800250893404,0.04514751476900918,0.2245914765766689,0.11609928522791182,0.3564459766660418,0.2697389913456781,0.4725452618939536
internvl,vilp,vilp-37-case1,non_hallucination,0,1,0.5876403180045993,1.0006506174435599,0.3115338567893715,-33.39104124081268,0.06161480929170336,0.2494662914957319,0.07568561179297312,0.3473067964826312,0.3110811007874353,0.4229924082756043
internvl,hallusionbench,hallusionbench-image-VS-chart-17-1-1,non_hallucination,0,1,0.7187942003185355,1.0009159465668356,-0.0,-7.830209232444702,0.06827296316623688,0.1500245247568403,0.13973510265350342,0.38763533319745747,0.21829748792307718,0.5273704358509609
internvl,vilp,vilp-102-case2,non_hallucination,0,1,0.625774225245663,1.000673520780712,0.49558525071085824,-38.459197831036136,0.061653701322419305,0.22052760209356037,0.08766659242766245,0.36339528220040457,0.2821813034159797,0.451061874628067
internvl,hallusionbench,hallusionbench-image-VD-video-1-0-1,non_hallucination,0,1,0.6998547784778684,1.0001449690030841,0.4997657407135952,-29.56396188646058,0.040516329663140435,0.19150139604296004,0.1412090573992048,0.36621248722076416,0.23201772570610046,0.507421544619969
internvl,hallusionbench,hallusionbench-image-VD-illusion-21-1-1,non_hallucination,0,1,0.6100565138239527,1.0000610370189331,0.49881091958243595,-26.352209441237882,0.03310525736638478,0.26146904059818815,0.12156831366675241,0.3168618423598153,0.2945742979645729,0.4384301560265677
internvl,vilp,vilp-108-case1,non_hallucination,0,1,0.6234119289643925,1.0007221921127556,0.28322197679647365,-26.977524994243097,0.05241256579756737,0.22745048254728317,0.10347579792141914,0.3361717313528061,0.27986304834485054,0.43964752927422523
internvl,vilp,vilp-37-case3,non_hallucination,0,1,0.6421684411416293,1.0006926072954523,0.3253064815282528,-34.93759584074068,0.055546268820762634,0.21612602472305298,0.11667857425553457,0.34811726638248985,0.2716722935438156,0.4647958406380244
internvl,hallusionbench,hallusionbench-image-VD-figure-1-1-1,non_hallucination,0,1,0.616369431965575,1.000110632340009,0.6108001821129687,-38.05628752575549,0.021963609116418023,0.26932261671338764,0.05760421923228673,0.3855471611022949,0.2912862258298057,0.4431513803345817
internvl,hallusionbench,hallusionbench-image-VD-illusion-28-1-0,non_hallucination,0,1,0.6577892368876304,1.0000228884455302,0.5024509739207553,44.64299063930963,0.04183720903737204,0.21779044611113413,0.13223612308502197,0.3435957772391183,0.25962765514850616,0.4758319003241403
internvl,hallusionbench,hallusionbench-image-VD-video-11-0-0,non_hallucination,0,1,0.6315954861413859,1.000263248755202,0.5003637248740129,-27.082301713397122,0.0474135513816561,0.23422459193638392,0.09947492820875986,0.3578955786568778,0.28163814331804005,0.4573705068656377
internvl,hallusionbench,hallusionbench-image-VS-ocr-6-2-1,non_hallucination,0,0,0.6660186208579422,1.000051499739152,0.6088462313591642,-2.931207537815368,0.044259301253727505,0.21194991043635777,0.05826124123164586,0.42381305353982107,0.25620921169008526,0.4820742947714669
internvl,mmvet,mmvet-v1_146,non_hallucination,0,1,0.7180345060138522,1.0002327236091415,0.525773676985236,-25.498921887788363,0.05251123223985944,0.1630883812904358,0.11548068267958504,0.4065919944218227,0.21559961353029522,0.5220726771014077
internvl,vilp,vilp-194-case2,non_hallucination,0,1,0.5751995798969842,1.0005571009238907,0.32670211011623235,-24.761012199586872,0.0480785710471017,0.27322472844805035,0.057798962507929125,0.3528396742684501,0.321303299495152,0.41063863677637924
internvl,vilp,vilp-175-case3,non_hallucination,0,0,0.6153748002408874,1.0150708181669008,-0.0,-37.592524736140845,0.045456841588020325,0.24607019765036448,0.08771829519953046,0.3564185585294451,0.2915270392383848,0.44413685372897554
internvl,mmvet,mmvet-v1_45,non_hallucination,0,1,0.6204740457532778,1.0000801118513611,0.4748152294203749,-14.399447712266795,0.10542116562525432,0.17885437607765198,0.0938594142595927,0.35582972897423637,0.2842755417029063,0.4496891432338291
internvl,vilp,vilp-103-case1,non_hallucination,0,1,0.5341370328870203,1.0137589948736485,-0.0,-29.917755907897337,0.06179092185837882,0.2870419110570635,0.061745441385677884,0.32481466020856586,0.3488328329154423,0.38656010159424375
internvl,vilp,vilp-160-case1,non_hallucination,0,1,0.55647562010333,1.0003014064977978,0.3400352305088321,-18.608515288340307,0.06246622758252279,0.273291996547154,0.04652113999639239,0.3529282978602818,0.3357582241296768,0.3994494378566742
internvl,vilp,vilp-24-case1,non_hallucination,0,1,0.6247245752267462,1.0008510394189516,0.29190626258908164,-22.399869207533907,0.045302325061389384,0.24087386046137127,0.10699960589408875,0.3458779879978725,0.28617618552276064,0.45287759389196125
internvl,vilp,vilp-149-case1,non_hallucination,0,1,0.579519542881751,1.0018098022226947,0.3252173824499391,-38.37355687272134,0.05433209240436554,0.26685335806437904,0.06282842797892434,0.35768561703818186,0.3211854504687446,0.4205140450171062
internvl,mmvet,mmvet-v1_124,non_hallucination,0,1,0.5856566313148035,1.0000534071878318,0.6729010575006338,-35.88817819316445,0.05966341069766454,0.25471554483686176,0.09722463999475751,0.32675472327641075,0.3143789555345263,0.42397936327116825
internvl,hallusionbench,hallusionbench-image-VD-illusion-11-1-0,non_hallucination,0,1,0.6970902961878847,1.0001258929336159,0.6931471152709414,-34.90219142602578,0.028470899377550395,0.20470514467784337,0.08886501618794032,0.41406852858407156,0.23317604405539377,0.5029335447720119
internvl,vilp,vilp-107-case1,non_hallucination,0,1,0.6177386544765358,1.0139088593168684,-0.0,-31.76518594244004,0.05655455030500889,0.224522203207016,0.10980307310819626,0.3217981308698654,0.2810767535120249,0.4316012039780617
internvl,hallusionbench,hallusionbench-image-VD-video-10-2-2,non_hallucination,0,1,0.6944163680477196,1.0002956827436134,0.3258064642222886,3.249792991795701,0.04416312064443316,0.19003667575972422,0.120237192937306,0.3837610312870571,0.2341997964041574,0.503998224224363
internvl,vilp,vilp-136-case1,non_hallucination,0,1,0.5593472186215558,1.0005342002513473,0.15253995722890706,-21.951388820606578,0.05077770724892616,0.2724861353635788,0.08022428303956985,0.30365167558193207,0.32326384261250496,0.3838759586215019
internvl,hallusionbench,hallusionbench-image-VD-figure-2-1-1,non_hallucination,0,1,0.6659939439014275,1.0000457774149414,0.6109481430048266,-27.49282294612324,0.051649574722562513,0.2036996100630079,0.09800770878791809,0.3887573310307094,0.25534918478557045,0.4867650398186275
internvl,vilp,vilp-39-case3,non_hallucination,0,0,0.6682981094102278,1.0101448020718202,0.32649656477627004,-38.891104179519296,0.05267798714339733,0.1940203346312046,0.130809485912323,0.3393136262893677,0.24669832177460194,0.4701231122016907
internvl,hallusionbench,hallusionbench-image-VS-map-4-1-0,non_hallucination,0,1,0.5713060637344036,1.0000610370189331,-0.0,508.69877247296847,0.07140447412218366,0.2544098581586565,0.0666963564498084,0.34673380851745605,0.32581433228084017,0.4134301649672645
internvl,hallusionbench,hallusionbench-image-VS-chart-8-2-2,non_hallucination,0,1,0.6468497192742773,1.0000228884455302,-0.0,1066.3326696265913,0.083670118025371,0.18858898963247028,0.11418272342000689,0.3573732035500663,0.2722591076578413,0.4715559269700732
internvl,mmvet,mmvet-v1_54,non_hallucination,0,1,0.6431647751656566,1.0002041071307375,0.5603461453313907,-21.95468960966855,0.07797667384147644,0.19083135575056076,0.08172399923205376,0.3871852457523346,0.2688080295920372,0.46890924498438835
internvl,vilp,vilp-182-case2,non_hallucination,0,1,0.6122377909641568,1.0029272879441287,0.3166382211311438,-30.778959103494223,0.053427157923579216,0.2286764718592167,0.0921878032386303,0.32864655554294586,0.2821036297827959,0.42083435878157616
internvl,hallusionbench,hallusionbench-image-VD-video-5-1-2,non_hallucination,0,1,0.6301345312429315,1.0001850299333097,0.6730996275861014,-32.34986158653151,0.04291688118662153,0.2381982547896249,0.07447712336267745,0.3838885341371809,0.28111513597624643,0.45836565749985836
internvl,vilp,vilp-24-case2,non_hallucination,0,0,0.6197489774653635,1.0012252678503237,0.10145571207566424,-15.747223652517054,0.047937789133616855,0.24153591053826468,0.08857153143201556,0.36102690015520367,0.2894736996718815,0.44959843158721924
internvl,mmvet,mmvet-v1_25,non_hallucination,0,1,0.66618581202892,1.0000066757424975,0.5718195781676636,-22.22291444768782,0.0856817327439785,0.16971687972545624,0.11751262098550797,0.37208642065525055,0.25539861246943474,0.4895990416407585
internvl,mmvet,mmvet-v1_70,non_hallucination,0,1,0.6351184899476681,1.0024208077182075,0.32719214572260574,-35.4499479737986,0.054814421468310885,0.20596269104215834,0.11087988482581246,0.32255171404944527,0.2607771125104692,0.43343159887525773
internvl,hallusionbench,hallusionbench-image-VS-ocr-2-1-0,non_hallucination,0,1,0.6382671689894208,1.0024845419428126,-0.0,4.247369134480138,0.06437879162175315,0.21654786808150156,0.08353332962308611,0.38161901065281456,0.2809266597032547,0.4651523402759007
internvl,hallusionbench,hallusionbench-image-VD-figure-14-1-1,non_hallucination,0,1,0.6900383685201769,1.0001812145374882,0.5001131452717067,-19.769096362957256,0.05098238800253187,0.18799313051359995,0.13456545557294575,0.36744795526776997,0.2389755185161318,0.5020134108407157
internvl,hallusionbench,hallusionbench-image-VS-table-5-1-3,non_hallucination,0,1,0.6815519851198626,1.000263248755202,-0.0,180.28067858556017,0.05668862589768001,0.1883096524647304,0.10445034078189305,0.39268096855708534,0.2449982783624104,0.4971313093389784
internvl,vilp,vilp-114-case3,non_hallucination,0,1,0.6693090428938886,1.0002746959251427,0.3387107308798493,-12.514412374563122,0.048030128702521324,0.19663595408201218,0.11643036454916,0.35332517325878143,0.2446660827845335,0.46975553780794144
internvl,vilp,vilp-207-case1,non_hallucination,0,0,0.6714023807958664,1.0003243018420542,0.11626445755822919,2.970603564035663,0.05865884465830667,0.1932897652898516,0.0775333685534341,0.40706116812569754,0.25194860994815826,0.48459453667913166
internvl,vilp,vilp-47-case2,non_hallucination,0,1,0.5471961634479166,1.0051017761175853,-0.0,-2.3256049610671496,0.05724094808101654,0.28215762547084267,0.06717646760599953,0.32608142920902794,0.3393985735518592,0.3932578968150275
internvl,mmvet,mmvet-v1_109,non_hallucination,0,1,0.5514203907430664,1.0004655013785613,0.6126515711336535,-35.82699999058762,0.05355752791677203,0.28251205171857563,0.05635319437299456,0.33773861612592426,0.33606957963534767,0.39409181049891884
internvl,vilp,vilp-101-case3,non_hallucination,0,1,0.5783277571582395,1.0011297881209358,0.5004079849363035,-34.30707449678086,0.04959208411829812,0.26734060049057007,0.07739759343011038,0.3334028550556728,0.3169326846088682,0.4108004484857832
internvl,mmvet,mmvet-v1_89,non_hallucination,0,0,0.6357471700490083,1.0099930859745754,-0.0,-6.925587741232835,0.02950851917266846,0.21859163641929627,0.10204162299633027,0.3082683324813843,0.24810015559196474,0.41030995547771454
internvl,hallusionbench,hallusionbench-image-VD-math-16-0-1,non_hallucination,0,1,0.7099371240276549,1.000160230120631,0.3253923080134662,5.894143299309555,0.036203586629458835,0.1868195618901934,0.051946676203182766,0.46347498893737793,0.22302314851965221,0.5154216651405606
internvl,hallusionbench,hallusionbench-image-VS-map-2-1-0,non_hallucination,0,1,0.6448657222093469,1.0003414736941463,0.6728930057454443,-28.197143344615153,0.058019582714353285,0.2148333702768598,0.1055483647755214,0.3598707914352417,0.2728529529912131,0.46541915621076313
internvl,vilp,vilp-126-case2,non_hallucination,0,1,0.6364161930716795,1.0013723244435793,0.3263607385824261,-31.05170120302335,0.05586732498237065,0.21918536509786335,0.08992147445678711,0.3667462042399815,0.27505269008023403,0.4566676786967686
internvl,hallusionbench,hallusionbench-image-VS-table-9-1-2,non_hallucination,0,1,0.6716356521406069,1.0000877418862035,-0.0,474.68406467347137,0.05009647990976061,0.20429012392248427,0.09272186138800212,0.39311010496956966,0.2543866038322449,0.48583196635757175
internvl,hallusionbench,hallusionbench-image-VS-chart-5-1-0,non_hallucination,0,1,0.6518603686514611,1.001731462463049,-0.0,26.17775591530682,0.08284907894475119,0.18736145751816888,0.12803850429398672,0.3495567696435111,0.27021053646292004,0.47759527393749784
internvl,vilp,vilp-258-case2,non_hallucination,0,1,0.5368023834983859,1.0011259691211547,0.4959538012168778,-26.51005609202845,0.0629164661679949,0.28545723642621723,0.05084569752216339,0.3358204535075596,0.34837370259421213,0.386666151029723
internvl,vilp,vilp-253-case2,non_hallucination,0,1,0.6643277197809243,1.0008682203131711,0.3350136771050786,-20.476366704877883,0.05464219408375876,0.20152513469968525,0.11519374166216169,0.3614386831011091,0.256167328783444,0.4766324247632708
internvl,hallusionbench,hallusionbench-image-VD-video-1-0-3,non_hallucination,0,1,0.7467183671453014,1.0003319337399255,0.6107035261711471,-25.911493897869,0.034624409462724416,0.16202527710369657,0.11326703429222107,0.4310833896909441,0.19664968656642098,0.5443504239831651
internvl,hallusionbench,hallusionbench-image-VS-chart-4-1-1,non_hallucination,0,1,0.6296396979402705,1.0000381477002613,0.1498237947633212,718.2510048715301,0.07317289710044861,0.2112152533871787,0.119040880884443,0.3390616178512573,0.28438815048762733,0.4581024987357003
internvl,vilp,vilp-122-case2,non_hallucination,0,1,0.6294861388587736,1.0002212769195329,0.5848501052184174,-16.917316856200102,0.05087106355598994,0.23024593080793107,0.1175718435219356,0.3351935829435076,0.281116994363921,0.4527654264654432
internvl,vilp,vilp-34-case3,non_hallucination,0,0,0.5944508252296681,1.0015537876662068,0.6106634224964608,-36.55488511044334,0.056068324616977146,0.2510117377553667,0.07616883090564183,0.3533426693507603,0.30708006237234386,0.42951150025640217
internvl,hallusionbench,hallusionbench-image-VD-math-7-0-2,non_hallucination,0,1,0.77204581246973,1.0004884004786945,0.4987682634705239,-11.693635039876831,0.016376299517495294,0.15988078713417053,0.07768035360745021,0.4870690277644566,0.17625708665166584,0.5647493813719068
internvl,vilp,vilp-269-case2,non_hallucination,0,0,0.6277837327664475,1.0003446536991045,0.47871078695461144,2.527985771341285,0.05768833226627774,0.20557044612036812,0.10876085360844931,0.31527344385782874,0.26325877838664585,0.4240342974662781
internvl,hallusionbench,hallusionbench-image-VD-figure-19-1-0,non_hallucination,0,1,0.6489751804242359,1.0002327236091415,0.6110704017347115,-23.366497377661815,0.06380299585206167,0.20176389387675694,0.09721958637237549,0.37346145084926063,0.2655668897288186,0.4706810372216361
internvl,hallusionbench,hallusionbench-image-VS-map-5-2-1,non_hallucination,0,0,0.665518869689323,1.0002975906580356,0.49499628032072573,17.209236183557593,0.06150349761758532,0.19676262566021513,0.1325963693005698,0.35183823108673096,0.25826612327780046,0.4844346003873008
internvl,hallusionbench,hallusionbench-image-VD-math-12-1-1,non_hallucination,0,1,0.7045790128416847,1.0003815424953915,0.61061347522364,-31.884688059818394,0.02273292573434966,0.20371641857283457,0.09267260134220123,0.4215090487684522,0.22644934430718422,0.5141816501106534
internvl,hallusionbench,hallusionbench-image-VD-figure-15-0-0,non_hallucination,0,1,0.7036777310972981,1.0003815424953915,0.6730804856641264,-30.465919080082664,0.04289500841072627,0.18585115245410375,0.14160365717751638,0.36740628310612267,0.22874616086483002,0.509009940283639
internvl,hallusionbench,hallusionbench-image-VS-chart-2-1-4,non_hallucination,0,1,0.642566149126883,1.000263248755202,-0.0,202.81813421287492,0.07226574846676417,0.20264070800372533,0.10290423887116568,0.36792901584080284,0.2749064564704895,0.4708332547119685
internvl,hallusionbench,hallusionbench-image-VD-math-7-0-1,non_hallucination,0,1,0.772215062175545,1.0002289080313835,0.6931465838967112,-24.472902633272497,0.016418364963361194,0.15967206018311636,0.07769718553338732,0.48714055333818707,0.17609042514647755,0.5648377388715744
internvl,hallusionbench,hallusionbench-image-VS-map-4-2-0,non_hallucination,0,1,0.531759156735475,1.0001449690030841,0.6114478931314447,-0.07408661885904166,0.07613278712545123,0.27777410405022757,0.05087755833353315,0.33223075526101253,0.3539068911756788,0.38310831359454567
internvl,hallusionbench,hallusionbench-image-VS-table-5-2-2,non_hallucination,0,1,0.6036026054984129,1.000914037472994,-0.0,105.62632357209212,0.06238733232021332,0.2406673346246992,0.07557127731187004,0.36091550758906776,0.3030546669449125,0.4364867849009378
internvl,hallusionbench,hallusionbench-image-VD-illusion-1-1-0,non_hallucination,0,1,0.6196113342384426,1.0004330618838824,-0.0,237.23270046524937,0.05309257337025233,0.2346007568495614,0.11493476373808725,0.3343758412769863,0.2876933302198137,0.4493106050150735
internvl,mmvet,mmvet-v1_60,non_hallucination,0,1,0.6624988982519957,1.2961810694413467,-0.0,-30.209450522182912,0.06551286578178406,0.19223772627966745,0.12879466159003122,0.35054147243499756,0.2577505920614515,0.4793361340250288
internvl,vilp,vilp-146-case1,non_hallucination,0,1,0.6571026784127427,1.0553959214025461,-0.0,-13.035065284580874,0.04723001803670611,0.21341422200202942,0.08570384127753122,0.3847820588520595,0.26064424003873554,0.47048590012959074
internvl,hallusionbench,hallusionbench-image-VD-illusion-0-0-0,non_hallucination,0,0,0.6127593759927412,1.0019340119583313,0.5003932241077065,-30.14712947725875,0.04378521016665868,0.24845311471394133,0.09557213953563146,0.344454322542463,0.2922383248806,0.4400264620780945
internvl,hallusionbench,hallusionbench-image-VS-ocr-11-1-0,non_hallucination,0,1,0.7009400744694848,1.0059667509499088,-0.0,8.360594297001015,0.059785578932080946,0.17284166812896729,0.11234199575015477,0.39700041498456684,0.23262724706104823,0.5093424107347216
internvl,hallusionbench,hallusionbench-image-VD-video-11-1-3,non_hallucination,0,1,0.6972206542355195,1.0004044396738363,0.5015158695801913,22.240554074230857,0.040787222129958015,0.19406554102897644,0.10269338318279811,0.4036358765193394,0.23485276315893444,0.5063292597021375
internvl,vilp,vilp-291-case3,non_hallucination,0,1,0.5484433480955212,1.0007002420032818,0.5785072273699589,2.1226057791583344,0.06226199439593724,0.2803136280604771,0.06565784556525095,0.33140572479793007,0.3425756224564144,0.397063570363181
internvl,hallusionbench,hallusionbench-image-VD-figure-7-1-0,non_hallucination,0,0,0.6173075136247204,1.0004903087606971,0.6931471476704754,-35.37600851003549,0.04912143307072776,0.24134319169180735,0.06315539351531438,0.3810513871056693,0.2904646247625351,0.44420678062098373
internvl,mmvet,mmvet-v1_139,non_hallucination,0,1,0.6492391550495168,1.008947106320898,0.16000664625354344,-20.27693728889399,0.0491186548024416,0.20716461166739464,0.10196862742304802,0.34575314819812775,0.25628326646983624,0.44772177562117577
internvl,mmvet,mmvet-v1_143,non_hallucination,0,0,0.5955936146309213,1.000234631403479,0.6723157642367931,-35.4119001362678,0.06329173062528884,0.24264706458364216,0.08791315129825047,0.34350333895002094,0.30593879520893097,0.43141649024827144
internvl,hallusionbench,hallusionbench-image-VS-chart-10-1-2,non_hallucination,0,1,0.6529167254756104,1.000072481874731,0.06968617545323705,931.7753920813223,0.06595929605620247,0.20231128856539726,0.1151959268110139,0.3621086786900248,0.26827058462159975,0.4773046055010387
internvl,mmvet,mmvet-v1_90,non_hallucination,0,1,0.6101409639678899,1.0055495138766541,0.29820423904605514,-21.219975090629575,0.06267403562863669,0.19817885756492615,0.10956296821435293,0.2777205904324849,0.26085289319356286,0.38728355864683783
internvl,vilp,vilp-21-case3,non_hallucination,0,0,0.6313198220420624,1.0008987648533476,0.6931462537916032,-26.584814521113174,0.06050295914922442,0.2223207652568817,0.05682681713785444,0.40953968252454487,0.28282372440610615,0.4663664996623993
internvl,mmvet,mmvet-v1_127,non_hallucination,0,1,0.5557902586333353,1.0004044396738363,0.6928431392777961,-38.409855222157475,0.05287659168243408,0.2732895612716675,0.08486847952008247,0.30127590894699097,0.32616615295410156,0.38614438846707344
internvl,hallusionbench,hallusionbench-image-VS-ocr-11-1-1,non_hallucination,0,1,0.6866737996994332,1.0005551925144922,-0.0,1072.2674838099713,0.06630018992083413,0.17692208290100098,0.1050820563520704,0.3960743120738438,0.24322227282183512,0.5011563684259142
internvl,hallusionbench,hallusionbench-image-VD-figure-14-0-0,non_hallucination,0,1,0.7219886717011049,1.0005551925144922,0.6108264336507915,-21.69408787089608,0.043328745024544854,0.1720681403364454,0.14367460353033884,0.38027329104287283,0.21539688536099028,0.5239478945732117
internvl,vilp,vilp-33-case2,non_hallucination,0,1,0.5812755798500807,1.001767765492421,0.6271786544002536,-33.584484106965725,0.04745154934270041,0.2645115171160017,0.05665654369762965,0.360693097114563,0.3119630664587021,0.4173496408121926
internvl,hallusionbench,hallusionbench-image-VD-illusion-22-0-0,non_hallucination,0,1,0.5752262297250093,1.000007629423635,0.3396837407815948,757.671013425304,0.03708638357264655,0.2847462807382856,0.06549520790576935,0.3446287768227714,0.32183266431093216,0.4101239847285407
internvl,hallusionbench,hallusionbench-image-VD-video-9-0-2,non_hallucination,0,0,0.7023913255842362,1.0002670644639597,0.6122934510097016,27.262580560648118,0.03618319758347102,0.19267433881759644,0.06807689368724823,0.4442504984991891,0.22885753640106746,0.5123273921864373
internvl,hallusionbench,hallusionbench-image-VD-video-11-0-2,non_hallucination,0,1,0.7022668902863907,1.0004082559211958,0.6727331459688763,-19.13605606052629,0.040147051215171814,0.19081435033253263,0.12353173749787466,0.3850885289055961,0.23096140154770445,0.5086202664034707
internvl,hallusionbench,hallusionbench-image-VD-video-3-1-0,non_hallucination,0,1,0.585633451697256,1.000030518043791,0.6080636328986204,66.72833069199312,0.042934685945510864,0.27214155878339497,0.09838048475129263,0.3245995215007237,0.31507624472890583,0.4229800062520163
internvl,hallusionbench,hallusionbench-image-VD-video-2-0-2,non_hallucination,0,1,0.6118880462071379,1.000770865812103,-0.0,34.7282735812975,0.046151591198784966,0.2503575512341091,0.08795360156467982,0.3532410178865705,0.29650914243289406,0.44119461945125027
internvl,hallusionbench,hallusionbench-image-VD-figure-19-0-0,non_hallucination,0,1,0.6244584672676616,1.002190123706757,0.32562748449648815,-11.696313512245517,0.025247422712189813,0.2582704595157078,0.060489686472075324,0.3877776179994855,0.28351788222789764,0.4482673044715608
internvl,hallusionbench,hallusionbench-image-VS-table-1-1-0,non_hallucination,0,1,0.7063945416363309,1.0008281320187666,-0.0,2081.4356876925362,0.06703055649995804,0.1537245735526085,0.13855162262916565,0.3605407625436783,0.22075513005256653,0.49909238517284393
internvl,vilp,vilp-232-case3,non_hallucination,0,1,0.5825928666420759,1.0018779564274105,0.33056483855615154,-14.625646607578249,0.058404150936338634,0.2396757337782118,0.07150930166244507,0.32282981607649064,0.29807988471455044,0.3943391177389357
internvl,hallusionbench,hallusionbench-image-VD-video-7-0-2,non_hallucination,0,1,0.6638968055346557,1.0009827671453668,0.6110725580267298,-24.91672198352007,0.031654530337878635,0.2257920801639557,0.127079644373485,0.35399086134774344,0.2574466105018343,0.48107050572122845
