sample_id,group_id,model,dataset,split,correct,error,hallucination,rating,hallucination_types,answer_length,ppl,se,umpire
vilp-0-case1,vilp-0,llava,vilp,test,1,0,1,1,vision_hallucination,1,1.0070494412181838,0.3547896260622846,-4.077381537359949
vilp-0-case2,vilp-0,llava,vilp,test,1,0,0,6,,1,1.0130845307989516,0.8785547231746832,-7.10861649170806
vilp-0-case3,vilp-0,llava,vilp,test,1,0,1,2,vision_hallucination,1,1.271464108899059,1.3239227181247675,-7.6546036980283025
vilp-1-case1,vilp-1,llava,vilp,test,0,1,1,1,reasoning_hallucination,1,1.1636787058751432,0.6658472937383968,5.674544949070187
vilp-1-case2,vilp-1,llava,vilp,test,1,0,0,6,,1,1.0004703584311132,1.3558757177817964,-0.5602810720214322
vilp-1-case3,vilp-1,llava,vilp,test,0,1,1,1,vision_hallucination,1,1.499079484752644,1.2535850468452592,25.844064638337628
vilp-2-case1,vilp-2,llava,vilp,test,1,0,0,6,,1,1.0154912451006384,1.0450664397602323,-8.62243660268458
vilp-2-case2,vilp-2,llava,vilp,test,1,0,0,6,,1,1.218546215169817,0.6790572203562117,23.297934686153436
vilp-2-case3,vilp-2,llava,vilp,test,0,1,1,1,vision_hallucination|reasoning_hallucination,1,1.005098223723132,0.8964944088232023,6.7037954146564545
vilp-3-case1,vilp-3,llava,vilp,test,0,1,1,1,vision_hallucination|reasoning_hallucination,1,1.1262799495214113,1.4291940816906699,29.52087495878364
vilp-3-case2,vilp-3,llava,vilp,test,0,1,0,4,,1,1.207697154915889,0.564922297568117,22.309040488468092
vilp-3-case3,vilp-3,llava,vilp,test,1,0,0,6,,1,1.1879369107935172,1.3333742142755014,6.096345008212827
vilp-4-case1,vilp-4,llava,vilp,test,0,1,1,0,vision_hallucination|reasoning_hallucination,1,1.2285370837388714,0.8266056548851173,16.052353318655747
vilp-4-case2,vilp-4,llava,vilp,test,1,0,1,2,vision_hallucination|reasoning_hallucination,1,1.2536221550643492,0.9965097119235433,45.37541560689054
vilp-4-case3,vilp-4,llava,vilp,test,0,1,1,1,vision_hallucination,1,1.3062525293183265,0.760759981161733,16.388197145290803
vilp-5-case1,vilp-5,llava,vilp,test,0,1,1,1,vision_hallucination|reasoning_hallucination,1,1.0048993826700223,0.5096503736681975,-12.549685057057228
vilp-5-case2,vilp-5,llava,vilp,test,0,1,1,0,vision_hallucination|reasoning_hallucination,1,1.0014827251492653,0.9600443603749171,-11.849221283680828
vilp-5-case3,vilp-5,llava,vilp,test,0,1,1,1,vision_hallucination|reasoning_hallucination,1,1.0044530630364548,1.1399493606673003,-0.887920868093449
vilp-6-case1,vilp-6,llava,vilp,test,1,0,0,6,,1,1.0003275035178536,0.4999691193353833,-16.57012260076235
vilp-6-case2,vilp-6,llava,vilp,test,1,0,1,2,reasoning_hallucination,1,1.0011471670221561,-0.0,-17.273132425585047
vilp-6-case3,vilp-6,llava,vilp,test,1,0,0,6,,1,1.0002222651918706,0.500617906191906,-15.274866798672095
vilp-7-case1,vilp-7,llava,vilp,test,1,0,0,6,,1,1.3813460959961879,1.2950136308411258,20.656410980558782
vilp-7-case2,vilp-7,llava,vilp,test,0,1,1,1,vision_hallucination,1,1.427423132027333,1.0099505169133156,8.004589671880069
vilp-7-case3,vilp-7,llava,vilp,test,0,1,1,0,vision_hallucination|reasoning_hallucination,1,1.4903695791727805,0.5432763740242541,6.531582486696799
vilp-8-case1,vilp-8,llava,vilp,test,1,0,0,6,,1,1.0007432177864877,-0.0,-20.59565808443927
vilp-8-case2,vilp-8,llava,vilp,test,0,1,1,0,vision_hallucination|reasoning_hallucination,1,1.0005942547508586,0.5003622343330636,-18.19295393490599
vilp-8-case3,vilp-8,llava,vilp,test,0,1,1,1,reasoning_hallucination,1,1.0005444780435588,-0.0,-20.545810003320856
vilp-9-case1,vilp-9,llava,vilp,test,1,0,0,6,,1,1.0002680336188066,-0.0,-17.78827240359461
vilp-9-case2,vilp-9,llava,vilp,test,0,1,0,4,,1,1.0002069427138875,0.6729851807040264,-14.549787853278795
vilp-9-case3,vilp-9,llava,vilp,test,0,1,0,4,,1,1.0001782749625292,-0.0,-17.33640964560837
vilp-10-case1,vilp-10,llava,vilp,test,1,0,0,6,,1,1.0003510331265733,0.4963042109016354,-15.380975765422502
vilp-10-case2,vilp-10,llava,vilp,test,1,0,0,6,,1,1.0008936531914152,0.5004294087883397,-16.23701548397618
vilp-10-case3,vilp-10,llava,vilp,test,0,1,1,1,reasoning_hallucination,1,1.000500514266195,0.6653794799519726,-9.645090410631283
vilp-11-case1,vilp-11,llava,vilp,test,1,0,0,6,,1,1.0007604736336069,-0.0,-19.175159266223854
vilp-11-case2,vilp-11,llava,vilp,test,1,0,1,2,vision_hallucination,1,1.0003380932213306,-0.0,-18.373492736671597
vilp-11-case3,vilp-11,llava,vilp,test,1,0,0,6,,1,1.0003819396086235,0.5004781134960793,-17.38871869371829
vilp-12-case1,vilp-12,llava,vilp,test,1,0,0,6,,1,1.0710932376655997,-0.0,-10.197347952045009
vilp-12-case2,vilp-12,llava,vilp,test,0,1,1,1,reasoning_hallucination,1,1.002994554066178,1.322015645383548,-4.819886110118832
vilp-12-case3,vilp-12,llava,vilp,test,1,0,1,2,reasoning_hallucination,1,1.0431770087008778,1.2947322803058379,3.2242716339150697
vilp-13-case1,vilp-13,llava,vilp,test,1,0,0,6,,1,1.0036328401815975,0.38043427847223704,-8.19428183822919
vilp-13-case2,vilp-13,llava,vilp,test,1,0,1,2,reasoning_hallucination,1,1.0006458267114968,0.9507785195027627,-11.475997865479169
vilp-13-case3,vilp-13,llava,vilp,test,1,0,1,1,vision_hallucination|reasoning_hallucination,1,1.0020121480143793,1.4164253333433026,5.290639434376331
vilp-14-case1,vilp-14,llava,vilp,test,1,0,0,6,,1,1.0008369684238205,0.46592371755117845,-11.596638371050249
vilp-14-case2,vilp-14,llava,vilp,test,0,1,1,1,vision_hallucination|reasoning_hallucination,1,1.000920057294962,0.8126282766934677,-4.894436114157646
vilp-14-case3,vilp-14,llava,vilp,test,0,1,1,1,vision_hallucination|reasoning_hallucination,1,1.0247499588406985,0.9956330674203262,12.632201862601192
vilp-15-case1,vilp-15,llava,vilp,test,1,0,0,6,,1,1.0855202373902963,0.7901098071749382,20.5411637935632
vilp-15-case2,vilp-15,llava,vilp,test,0,1,1,0,vision_hallucination|reasoning_hallucination,1,1.0015883610804144,1.5605733374994992,4.8766925310890805
vilp-15-case3,vilp-15,llava,vilp,test,0,1,0,3,,1,1.0045825244978184,0.9822559712483541,-2.473584427963633
vilp-16-case1,vilp-16,llava,vilp,test,1,0,1,2,vision_hallucination|reasoning_hallucination,1,1.005441427089883,0.7272740113239571,30.849674138036075
vilp-16-case2,vilp-16,llava,vilp,test,0,1,1,1,vision_hallucination|reasoning_hallucination,1,1.029692644298413,0.7941064877322959,5.226122476008246
vilp-16-case3,vilp-16,llava,vilp,test,0,1,1,1,vision_hallucination|reasoning_hallucination,1,1.030584345944402,0.7298358964653122,30.701935553974145
vilp-17-case1,vilp-17,llava,vilp,test,1,0,0,6,,1,1.0045768024433315,0.5422837064204974,-0.35240738734108135
vilp-17-case2,vilp-17,llava,vilp,test,0,1,1,1,vision_hallucination,1,1.0004557371172085,1.1807137159404009,5.372170529727967
vilp-17-case3,vilp-17,llava,vilp,test,0,1,1,1,vision_hallucination,1,1.0006226061978793,0.5212212088140804,-7.016164529997712
vilp-18-case1,vilp-18,llava,vilp,test,1,0,0,5,,1,1.0094324346544647,0.9578481958922407,-12.233632061904625
vilp-18-case2,vilp-18,llava,vilp,test,0,1,0,3,,1,1.0081030130743573,1.3836564059880878,3.438092915296748
vilp-18-case3,vilp-18,llava,vilp,test,0,1,1,1,vision_hallucination|reasoning_hallucination,1,1.0006349619242645,1.3265085979606177,-8.218229710641017
vilp-19-case1,vilp-19,llava,vilp,test,1,0,1,1,vision_hallucination,1,1.002034365510539,-0.0,-12.632819561309407
vilp-19-case2,vilp-19,llava,vilp,test,1,0,0,5,,1,1.000928430793737,0.8681511944394957,-2.1296115649631364
vilp-19-case3,vilp-19,llava,vilp,test,0,1,0,4,,1,1.0017274133943084,0.4598019073367467,7.241987314355088
vilp-20-case1,vilp-20,llava,vilp,test,0,1,0,4,,1,1.6983802569952444,-0.0,20.494647188558986
vilp-20-case2,vilp-20,llava,vilp,test,1,0,1,2,reasoning_hallucination,1,1.06106844408433,1.2715829337900129,5.963852545515291
vilp-20-case3,vilp-20,llava,vilp,test,0,1,1,1,vision_hallucination|reasoning_hallucination,1,1.0557058853751293,0.6331932524888491,21.217107659509622
vilp-21-case1,vilp-21,llava,vilp,test,1,0,0,5,,1,1.0041537283076987,-0.0,-15.522917228102918
vilp-21-case2,vilp-21,llava,vilp,test,0,1,1,1,vision_hallucination|reasoning_hallucination,1,1.074395572289691,1.3780759908804068,11.231455130378425
vilp-21-case3,vilp-21,llava,vilp,test,0,1,0,4,,1,1.0041353702078901,0.6725101088838332,-12.48653899645501
vilp-22-case1,vilp-22,llava,vilp,test,1,0,0,5,,1,1.0003809722141987,-0.0,-21.098094918317187
vilp-22-case2,vilp-22,llava,vilp,test,1,0,1,2,vision_hallucination|reasoning_hallucination,1,1.0276767160329812,0.6807102277205908,-10.001491798697344
vilp-22-case3,vilp-22,llava,vilp,test,0,1,1,1,vision_hallucination|reasoning_hallucination,1,1.0001012391045117,0.674916601146789,-13.284907170405248
vilp-23-case1,vilp-23,llava,vilp,test,1,0,0,5,,1,1.0057390929681926,-0.0,-5.904261031064538
vilp-23-case2,vilp-23,llava,vilp,test,0,1,1,1,vision_hallucination|reasoning_hallucination,1,1.0078233482179595,-0.0,-10.537305693004107
vilp-23-case3,vilp-23,llava,vilp,test,1,0,1,1,vision_hallucination,1,1.0003583095503457,0.3345400269912987,-4.028930911143892
vilp-24-case1,vilp-24,llava,vilp,test,1,0,0,6,,1,1.0048868657476215,0.01321380627066296,9.332449334075793
vilp-24-case2,vilp-24,llava,vilp,test,0,1,1,2,vision_hallucination|reasoning_hallucination,1,1.1248713749565304,0.5166035356761505,-6.900689146926935
vilp-24-case3,vilp-24,llava,vilp,test,0,1,1,0,vision_hallucination|reasoning_hallucination,1,1.0311421162351553,0.6750895911407289,11.243984418190912
vilp-25-case1,vilp-25,llava,vilp,test,1,0,0,5,,1,1.2270676566529588,1.1238398438907158,33.50836523066114
vilp-25-case2,vilp-25,llava,vilp,test,1,0,0,6,,1,1.507904868162836,0.6028322378032436,9.229106859656254
vilp-25-case3,vilp-25,llava,vilp,test,1,0,0,6,,1,1.191144273241814,0.6294688683343681,19.47644854426104
vilp-26-case1,vilp-26,llava,vilp,test,1,0,0,6,,1,1.0004872386053834,-0.0,-21.60948785419595
vilp-26-case2,vilp-26,llava,vilp,test,0,1,1,1,reasoning_hallucination,1,1.0004173654924686,-0.0,-20.589014064160942
vilp-26-case3,vilp-26,llava,vilp,test,0,1,1,1,reasoning_hallucination,1,1.0003304757729923,0.6730167565419143,-16.070079557628134
vilp-27-case2,vilp-27,llava,vilp,test,1,0,0,6,,1,1.1607674545941318,0.39718269993226074,12.153271106055065
vilp-28-case1,vilp-28,llava,vilp,test,1,0,0,6,,1,1.0701311089154766,-0.0,-9.427955052110448
vilp-28-case2,vilp-28,llava,vilp,test,0,1,0,4,,1,1.219312861904059,-0.0,15.895263418127655
vilp-28-case3,vilp-28,llava,vilp,test,0,1,1,1,vision_hallucination,1,1.08353186393527,0.9164324884059072,10.624107923551279
vilp-29-case1,vilp-29,llava,vilp,test,0,1,0,3,,1,1.2586317483574458,0.49759261513953856,4.237733705848857
vilp-29-case2,vilp-29,llava,vilp,test,0,1,0,4,,1,1.068767723657302,0.907412885676401,4.180449673814948
vilp-29-case3,vilp-29,llava,vilp,test,0,1,0,4,,1,1.0920701410585374,0.6079620485939963,18.708694272818583
vilp-30-case1,vilp-30,llava,vilp,test,0,1,0,4,,1,1.2175869746882684,1.0280253563975155,28.650428474670605
vilp-30-case2,vilp-30,llava,vilp,test,0,1,1,1,vision_hallucination|reasoning_hallucination,1,1.1297150704128558,1.214896931610663,24.78901866655044
vilp-30-case3,vilp-30,llava,vilp,test,0,1,0,4,,1,1.1029481854449454,-0.0,5.344032175571689
vilp-32-case2,vilp-32,llava,vilp,test,0,1,1,0,vision_hallucination|reasoning_hallucination,1,1.084118594939551,0.674995009012144,7.536697681219097
vilp-32-case3,vilp-32,llava,vilp,test,0,1,0,4,,1,1.1404462131310824,0.31806430146612164,8.59299158077917
vilp-33-case1,vilp-33,llava,vilp,test,1,0,0,6,,1,1.3839000878362726,-0.0,1.1160262638087701
vilp-34-case1,vilp-34,llava,vilp,test,1,0,0,6,,1,1.131558837057988,1.0146548174507057,1.6841270413244125
vilp-34-case2,vilp-34,llava,vilp,test,0,1,1,1,vision_hallucination|reasoning_hallucination,1,1.0147040778042367,0.30038167269456273,17.528214045429536
vilp-34-case3,vilp-34,llava,vilp,test,0,1,0,4,,1,1.3064966515826224,1.0168839878144347,13.071261995764521
vilp-35-case1,vilp-35,llava,vilp,test,1,0,1,1,vision_hallucination|reasoning_hallucination,1,1.0269098285791822,1.0532382196854717,-13.12076933790512
vilp-35-case2,vilp-35,llava,vilp,test,0,1,1,0,vision_hallucination,1,1.0097866060167189,1.0547884553079314,-12.168135962693555
vilp-35-case3,vilp-35,llava,vilp,test,0,1,1,1,vision_hallucination|reasoning_hallucination,1,1.0088688135274801,0.8962914825663129,-8.484509236036644
vilp-36-case1,vilp-36,llava,vilp,test,0,1,0,6,,1,3.0769777302023793,0.38532686130154625,28.947290853773787
vilp-36-case2,vilp-36,llava,vilp,test,1,0,1,2,vision_hallucination|reasoning_hallucination,1,1.0396626102293358,1.5714117409306894,38.76040840546011
vilp-36-case3,vilp-36,llava,vilp,test,0,1,1,1,vision_hallucination|reasoning_hallucination,3,1.1918879988290911,1.0759241750670197,28.106798050323633
vilp-37-case1,vilp-37,llava,vilp,test,1,0,0,6,,1,1.0005990266870572,-0.0,-17.13936338754828
vilp-37-case2,vilp-37,llava,vilp,test,1,0,0,5,,1,1.0003877878139762,0.5003911948972346,-15.704427724630445
vilp-37-case3,vilp-37,llava,vilp,test,1,0,0,5,,1,1.003314733592736,1.0014482410176628,-2.9009313267951082
vilp-38-case1,vilp-38,llava,vilp,test,0,1,1,1,vision_hallucination,1,1.0000979900345885,0.6734505409360474,-14.365237779569108
vilp-38-case2,vilp-38,llava,vilp,test,1,0,0,6,,1,1.0048954392292377,0.9582542594798111,6.441255646661753
vilp-38-case3,vilp-38,llava,vilp,test,1,0,1,1,vision_hallucination,1,1.003271818242873,1.0547971219856098,-13.613807645665663
vilp-39-case1,vilp-39,llava,vilp,test,1,0,1,1,vision_hallucination|reasoning_hallucination,1,1.0119851166037157,-0.0,-18.424482032615614
vilp-39-case2,vilp-39,llava,vilp,test,1,0,0,4,,1,2.111304471217787,0.8802013712905076,16.8331818111932
vilp-39-case3,vilp-39,llava,vilp,test,0,1,1,1,vision_hallucination|reasoning_hallucination,1,1.0107752916878274,-0.0,-16.620504229890557
vilp-40-case1,vilp-40,llava,vilp,test,1,0,0,6,,1,1.050881897819311,-0.0,3.5709599547100446
vilp-40-case2,vilp-40,llava,vilp,test,0,1,1,1,vision_hallucination|reasoning_hallucination,1,1.0315606862255093,0.8730034464984395,17.536988483877273
vilp-40-case3,vilp-40,llava,vilp,test,0,1,1,1,vision_hallucination|reasoning_hallucination,1,1.1115230890901762,0.5156195233640386,1.801452621859589
vilp-41-case1,vilp-41,llava,vilp,test,1,0,0,5,,1,1.0003427167509418,1.3405755929616991,-5.858841302007535
vilp-41-case2,vilp-41,llava,vilp,test,1,0,0,5,,1,1.0013359785082934,0.9085200748713367,19.07216973582313
vilp-41-case3,vilp-41,llava,vilp,test,0,1,1,1,vision_hallucination|reasoning_hallucination,1,1.0002368684000258,0.004390018053582767,6.006159054971791
vilp-42-case1,vilp-42,llava,vilp,test,0,1,0,4,,1,1.6749548849634548,1.1354523436493371,32.74052474724313
vilp-42-case2,vilp-42,llava,vilp,test,0,1,1,1,vision_hallucination|reasoning_hallucination,1,1.003952712098947,0.9803984421872516,9.021327535384444
vilp-42-case3,vilp-42,llava,vilp,test,1,0,1,2,vision_hallucination,1,1.003337765186403,-0.0,13.575222792889132
vilp-43-case1,vilp-43,llava,vilp,test,1,0,0,6,,1,1.0071326142044732,-0.0,-3.788315019976732
vilp-43-case2,vilp-43,llava,vilp,test,1,0,0,6,,1,1.0001094341271717,-0.0,-17.447669595244882
vilp-43-case3,vilp-43,llava,vilp,test,1,0,0,6,,1,1.0008257627555601,0.6718641140814892,-13.77187625523431
vilp-44-case1,vilp-44,llava,vilp,test,1,0,1,2,vision_hallucination,1,1.0002243841349183,-0.0,-21.719290392845057
vilp-44-case2,vilp-44,llava,vilp,test,0,1,0,4,,1,1.0002215635221643,-0.0,-18.557143547511807
vilp-44-case3,vilp-44,llava,vilp,test,1,0,0,6,,1,1.0002426534331474,0.6731032039940069,-14.769038093688492
vilp-46-case1,vilp-46,llava,vilp,test,1,0,0,6,,1,1.134703162219229,0.49638150331564956,13.524269957834317
vilp-46-case2,vilp-46,llava,vilp,test,0,1,1,1,vision_hallucination|reasoning_hallucination,1,1.1319455382410013,0.9933426802482856,5.280981323932286
vilp-46-case3,vilp-46,llava,vilp,test,1,0,0,6,,1,1.1376221731819172,0.6048745048961652,27.35370022351307
vilp-47-case1,vilp-47,llava,vilp,test,1,0,0,6,,1,1.0156802753947989,0.7179461422042497,7.192729381585147
vilp-47-case2,vilp-47,llava,vilp,test,1,0,0,6,,1,1.0054514091039088,0.4785891029802324,-0.39380672809968686
vilp-47-case3,vilp-47,llava,vilp,test,1,0,0,6,,1,1.1065047758810835,1.275737468267855,22.222113068549678
vilp-48-case1,vilp-48,llava,vilp,test,1,0,0,5,,1,1.0161184070462923,1.3366121318506279,-9.359596987718456
vilp-48-case2,vilp-48,llava,vilp,test,0,1,1,1,vision_hallucination|reasoning_hallucination,1,1.2362225038135497,0.5351450566401006,-5.866641937465873
vilp-48-case3,vilp-48,llava,vilp,test,0,1,1,1,vision_hallucination|reasoning_hallucination,1,1.00453567496626,0.9864352487062575,-6.3042150140492375
vilp-49-case1,vilp-49,llava,vilp,test,1,0,1,2,vision_hallucination,1,1.057879397979125,-0.0,-10.646800395594422
vilp-49-case2,vilp-49,llava,vilp,test,0,1,1,1,reasoning_hallucination,1,1.042430018720162,0.34582381235187937,-0.9045747904657215
vilp-49-case3,vilp-49,llava,vilp,test,0,1,1,1,reasoning_hallucination,1,1.037810608639066,-0.0,-2.479260790140824
vilp-50-case1,vilp-50,llava,vilp,test,1,0,1,2,vision_hallucination,1,1.0743253188340431,0.3284660191202138,5.807932639991991
vilp-50-case2,vilp-50,llava,vilp,test,0,1,1,1,reasoning_hallucination,1,1.0665956837947492,0.7725695449865291,10.28051235637378
vilp-50-case3,vilp-50,llava,vilp,test,0,1,1,2,reasoning_hallucination,1,1.1646698870485306,-0.0,-4.671147216659584
vilp-51-case1,vilp-51,llava,vilp,test,1,0,0,6,,1,1.047770002860555,-0.0,6.524023001371219
vilp-51-case2,vilp-51,llava,vilp,test,0,1,0,4,,1,1.0087756328430986,1.5550368552363996,10.91252352008037
vilp-51-case3,vilp-51,llava,vilp,test,0,1,1,1,vision_hallucination|reasoning_hallucination,1,1.1130605303817458,-0.0,-6.856002311444696
vilp-52-case1,vilp-52,llava,vilp,test,1,0,0,6,,1,1.2154106234977387,-0.0,18.542391345341564
vilp-52-case2,vilp-52,llava,vilp,test,0,1,1,2,reasoning_hallucination,1,1.101218861264423,0.665736894295611,16.09775957868775
vilp-52-case3,vilp-52,llava,vilp,test,0,1,1,1,vision_hallucination,1,1.0666287246406427,-0.0,23.44180058219036
vilp-53-case1,vilp-53,llava,vilp,test,1,0,1,2,vision_hallucination|reasoning_hallucination,1,1.2359451212333836,-0.0,11.51447328059145
vilp-53-case2,vilp-53,llava,vilp,test,0,1,1,1,vision_hallucination|reasoning_hallucination,1,1.710951326040724,0.6914793443906135,12.85038318950211
vilp-53-case3,vilp-53,llava,vilp,test,1,0,0,6,,1,1.208085459348663,0.5243943456159694,24.863196308057567
vilp-54-case1,vilp-54,llava,vilp,test,0,1,1,2,vision_hallucination|reasoning_hallucination,1,1.056776642449825,-0.0,-10.185086339287274
vilp-54-case2,vilp-54,llava,vilp,test,1,0,0,6,,1,1.4470991363548078,1.2241004747277457,35.637543507095984
vilp-54-case3,vilp-54,llava,vilp,test,0,1,1,1,vision_hallucination,1,1.003669142771426,1.2116235254801713,17.14714026667665
vilp-55-case1,vilp-55,llava,vilp,test,1,0,0,6,,1,1.000158816457738,-0.0,-21.4690753088622
vilp-55-case2,vilp-55,llava,vilp,test,0,1,1,1,vision_hallucination|reasoning_hallucination,1,1.0000852269181402,-0.0,-20.128150432504594
vilp-55-case3,vilp-55,llava,vilp,test,0,1,1,1,vision_hallucination|reasoning_hallucination,1,1.000118299523004,-0.0,-19.35093054313158
vilp-56-case1,vilp-56,llava,vilp,test,1,0,0,6,,1,1.000191967128255,-0.0,-18.70309975034653
vilp-56-case2,vilp-56,llava,vilp,test,1,0,1,2,vision_hallucination,1,1.0026850125197087,0.672808398987331,-16.81177809787999
vilp-56-case3,vilp-56,llava,vilp,test,0,1,1,2,reasoning_hallucination,1,1.0001432505026064,0.6729369420989086,-15.531393957272199
vilp-57-case1,vilp-57,llava,vilp,test,0,1,0,4,,1,1.264839159408804,1.3687008514518915,14.484222485023984
vilp-57-case2,vilp-57,llava,vilp,test,0,1,0,5,,1,1.448011299216689,1.384352859693526,16.057613131180446
vilp-57-case3,vilp-57,llava,vilp,test,1,0,0,6,,1,1.0176467889161895,0.7001470266747138,43.17650166825712
vilp-58-case1,vilp-58,llava,vilp,test,1,0,0,6,,1,1.1018965973039525,1.6081312100179943,1.2841567712572406
vilp-58-case2,vilp-58,llava,vilp,test,0,1,1,1,vision_hallucination|reasoning_hallucination,1,1.645526028444928,1.3613564594858414,14.883528859985867
vilp-58-case3,vilp-58,llava,vilp,test,1,0,0,6,,1,1.000699756028865,0.8294519314960145,5.633283122301618
vilp-59-case1,vilp-59,llava,vilp,test,1,0,0,6,,1,1.1729696544633665,-0.0,-2.206352566801579
vilp-59-case2,vilp-59,llava,vilp,test,0,1,0,4,,1,1.6001010060109697,0.6572564692981411,22.1111992223748
vilp-59-case3,vilp-59,llava,vilp,test,0,1,1,1,vision_hallucination|reasoning_hallucination,1,1.2128544593006367,0.7002885485548209,16.97015168599804
vilp-60-case1,vilp-60,llava,vilp,test,1,0,0,6,,1,1.2314178058304859,-0.0,43.66220613290005
vilp-60-case2,vilp-60,llava,vilp,test,0,1,1,1,vision_hallucination|reasoning_hallucination,1,1.1298038550180585,1.002083390675389,12.257142188469768
vilp-60-case3,vilp-60,llava,vilp,test,0,1,0,5,,1,1.0805502491047108,0.399102502008551,27.454897043815386
vilp-61-case1,vilp-61,llava,vilp,test,1,0,1,2,vision_hallucination,1,1.0173754000590085,-0.0,-14.042561494292078
vilp-61-case2,vilp-61,llava,vilp,test,0,1,0,4,,1,1.1789223470905508,0.4063195854393713,37.78051516040006
vilp-61-case3,vilp-61,llava,vilp,test,0,1,1,1,vision_hallucination|reasoning_hallucination,1,1.0362189591886706,0.1351056677845346,2.5261328430602497
vilp-62-case1,vilp-62,llava,vilp,test,1,0,0,6,,1,1.2673029784369259,0.43243337617951794,25.14933376993011
vilp-62-case2,vilp-62,llava,vilp,test,0,1,0,4,,1,1.2716247374160983,0.8664328072946965,34.04680523105988
vilp-62-case3,vilp-62,llava,vilp,test,0,1,1,1,reasoning_hallucination,1,1.3722768203828821,0.9752068852870702,36.729350925806074
vilp-63-case1,vilp-63,llava,vilp,test,1,0,1,2,vision_hallucination|reasoning_hallucination,1,1.2004659264929747,0.5538513863594565,-0.5769054307596395
vilp-63-case2,vilp-63,llava,vilp,test,0,1,1,0,vision_hallucination|reasoning_hallucination,1,1.026034354793166,1.2583894739837032,32.02455401955373
vilp-63-case3,vilp-63,llava,vilp,test,1,0,0,5,,2,2.0590989046602495,1.101010636775236,44.15370000302831
vilp-64-case1,vilp-64,llava,vilp,test,1,0,0,6,,1,1.0343129629710905,0.40487010878824703,-1.0339036253634664
vilp-64-case2,vilp-64,llava,vilp,test,1,0,0,6,,1,1.244394350569514,0.6913176099036848,22.3998243590063
vilp-64-case3,vilp-64,llava,vilp,test,0,1,0,4,,3,2.0144333629846245,1.1557333211277427,27.88243458048843
vilp-65-case1,vilp-65,llava,vilp,test,0,1,0,4,,1,1.0518224550313824,0.5965441543212746,9.553407381035452
vilp-65-case2,vilp-65,llava,vilp,test,1,0,1,2,vision_hallucination|reasoning_hallucination,2,1.1655606414197004,1.282801886897723,40.04978630829149
vilp-65-case3,vilp-65,llava,vilp,test,0,1,0,4,,1,1.1170791350690907,1.0664989003952574,38.11095170260185
vilp-66-case1,vilp-66,llava,vilp,test,0,1,0,4,,1,1.554107730537873,1.3719858541572099,16.363880965213305
vilp-66-case2,vilp-66,llava,vilp,test,0,1,1,1,vision_hallucination|reasoning_hallucination,1,1.1556405495692819,0.49998240169407887,58.24875131603655
vilp-66-case3,vilp-66,llava,vilp,test,0,1,1,1,vision_hallucination|reasoning_hallucination,1,6.3551534598805555,0.8378124546551617,52.1380144748243
vilp-67-case1,vilp-67,llava,vilp,test,1,0,0,5,,1,1.1165578361238888,1.2426054009913667,32.235834914689484
vilp-67-case2,vilp-67,llava,vilp,test,0,1,0,5,,1,1.9352415035166233,0.5562127178333429,25.133051399604927
vilp-67-case3,vilp-67,llava,vilp,test,0,1,0,5,,2,1.9903513668626887,0.9682207725455931,30.54756069213623
vilp-68-case1,vilp-68,llava,vilp,test,1,0,0,5,,1,1.5635192346817004,0.5183366314489523,38.704855745808956
vilp-68-case2,vilp-68,llava,vilp,test,1,0,0,6,,1,1.2405967164177394,0.6819856345685424,34.49306728223266
vilp-68-case3,vilp-68,llava,vilp,test,0,1,1,1,vision_hallucination,1,1.1952583858011503,0.5898213261836409,11.356842493597346
vilp-69-case1,vilp-69,llava,vilp,test,0,1,1,1,vision_hallucination,1,1.8336318098045241,-0.0,40.50257661816555
vilp-69-case2,vilp-69,llava,vilp,test,0,1,1,1,vision_hallucination,1,1.2591600396168552,-0.0,29.936415561006772
vilp-69-case3,vilp-69,llava,vilp,test,0,1,1,1,vision_hallucination|reasoning_hallucination,1,1.507732716424818,1.190000956173356,45.669874795467415
vilp-70-case1,vilp-70,llava,vilp,test,1,0,1,2,vision_hallucination,1,1.0815020635774593,0.44442353123111195,15.603918520521127
vilp-70-case2,vilp-70,llava,vilp,test,1,0,1,2,vision_hallucination|reasoning_hallucination,1,1.2168636228527119,0.6820858446477078,21.80690469088622
vilp-70-case3,vilp-70,llava,vilp,test,0,1,0,4,,1,1.3349255680948542,0.6921174098902483,10.551882809026292
vilp-71-case1,vilp-71,llava,vilp,test,1,0,1,2,vision_hallucination,1,1.0316647046050413,-0.0,-5.925104177586139
vilp-71-case2,vilp-71,llava,vilp,test,0,1,1,1,vision_hallucination|reasoning_hallucination,1,1.03092194775137,0.6843351683611368,5.774651787846713
vilp-71-case3,vilp-71,llava,vilp,test,0,1,1,1,vision_hallucination|reasoning_hallucination,1,1.0610933800693727,0.8480441915281921,10.073939279878122
vilp-72-case1,vilp-72,llava,vilp,test,1,0,0,6,,1,1.011038265849213,-0.0,-15.944522485434579
vilp-72-case2,vilp-72,llava,vilp,test,0,1,0,4,,1,1.0052831746023119,0.09520296972069758,0.07069343846972842
vilp-72-case3,vilp-72,llava,vilp,test,0,1,0,3,,1,1.1040983394467492,0.6743339565383307,26.35753880614099
vilp-73-case1,vilp-73,llava,vilp,test,1,0,0,6,,1,1.2839107229750935,-0.0,21.101305282809975
vilp-73-case2,vilp-73,llava,vilp,test,0,1,0,3,,1,1.3278486105549585,1.0707304077071134,27.127845094348757
vilp-73-case3,vilp-73,llava,vilp,test,0,1,1,1,reasoning_hallucination,1,1.3299521336622502,0.6920871078808866,35.34575394788712
vilp-74-case1,vilp-74,llava,vilp,test,1,0,1,2,vision_hallucination,1,1.0033761665040268,-0.0,-20.177904379555613
vilp-74-case2,vilp-74,llava,vilp,test,0,1,1,1,reasoning_hallucination,1,1.010355195784309,0.5511788033321224,8.954210401725323
vilp-74-case3,vilp-74,llava,vilp,test,0,1,0,5,,1,1.0041110237463784,0.9711517935283338,-5.140994527174967
vilp-75-case1,vilp-75,llava,vilp,test,1,0,1,2,reasoning_hallucination,1,1.08398691858771,-0.0,24.967309475233282
vilp-75-case2,vilp-75,llava,vilp,test,0,1,1,2,vision_hallucination|reasoning_hallucination,1,1.1614599677820348,0.012958694592821524,35.193457983783965
vilp-75-case3,vilp-75,llava,vilp,test,0,1,1,1,vision_hallucination|reasoning_hallucination,1,1.201444362810698,-0.0,34.079242895346184
vilp-76-case1,vilp-76,llava,vilp,test,1,0,1,2,vision_hallucination|reasoning_hallucination,2,1.355696020269863,-0.0,14.519191742703361
vilp-76-case2,vilp-76,llava,vilp,test,0,1,1,1,reasoning_hallucination,1,1.158722764468477,0.9644594565968324,5.301342591324866
vilp-76-case3,vilp-76,llava,vilp,test,0,1,1,1,reasoning_hallucination,1,1.0805940600349726,0.873865530425613,6.8260304568786765
vilp-77-case1,vilp-77,llava,vilp,test,1,0,0,6,,1,1.3581908695795406,-0.0,36.31726775767447
vilp-77-case2,vilp-77,llava,vilp,test,0,1,1,1,vision_hallucination|reasoning_hallucination,1,1.3051034051770747,1.001865867507399,19.653496656284236
vilp-77-case3,vilp-77,llava,vilp,test,0,1,1,1,vision_hallucination|reasoning_hallucination,1,1.1680368319326249,-0.0,16.638399048021572
vilp-78-case1,vilp-78,llava,vilp,test,1,0,1,2,vision_hallucination,1,1.447142933079833,-0.0,28.143844846135785
vilp-78-case2,vilp-78,llava,vilp,test,0,1,1,1,vision_hallucination|reasoning_hallucination,1,1.2604080652965972,0.5461685856651017,28.07045668037196
vilp-78-case3,vilp-78,llava,vilp,test,0,1,1,2,vision_hallucination|reasoning_hallucination,1,1.3619992436803252,0.6831379832738078,29.246425019409394
vilp-79-case1,vilp-79,llava,vilp,test,1,0,0,6,,1,1.0018861094163076,0.3233566001028308,-5.978416195966648
vilp-79-case2,vilp-79,llava,vilp,test,1,0,1,1,vision_hallucination,1,1.0002608577825505,0.5000923125958895,-14.8346400459817
vilp-79-case3,vilp-79,llava,vilp,test,1,0,1,2,vision_hallucination|reasoning_hallucination,1,1.0002072981488979,0.9478594142236658,-10.373919519781264
vilp-80-case1,vilp-80,llava,vilp,test,1,0,1,2,vision_hallucination,1,1.0001998420071492,-0.0,-16.52816842404981
vilp-80-case2,vilp-80,llava,vilp,test,0,1,1,1,vision_hallucination|reasoning_hallucination,1,1.0004236822723827,-0.0,-17.951449229030633
vilp-80-case3,vilp-80,llava,vilp,test,0,1,1,1,vision_hallucination|reasoning_hallucination,1,1.021630648864819,0.67424991453941,-11.950634603860195
vilp-81-case1,vilp-81,llava,vilp,test,1,0,0,6,,1,1.0032572190558948,-0.0,-17.001453602991525
vilp-81-case2,vilp-81,llava,vilp,test,0,1,1,1,vision_hallucination|reasoning_hallucination,1,1.0003572285521538,0.9322843024684468,-10.685440484186657
vilp-81-case3,vilp-81,llava,vilp,test,1,0,0,6,,1,1.0004116421934475,0.6959431544314723,5.541215197704917
vilp-82-case1,vilp-82,llava,vilp,test,0,1,1,1,vision_hallucination,1,1.0138639212636846,0.49987564973044973,-12.467553534826651
vilp-82-case2,vilp-82,llava,vilp,test,0,1,0,4,,1,1.2333768609434714,0.3074249771746498,-2.0711327092792065
vilp-82-case3,vilp-82,llava,vilp,test,1,0,0,6,,1,1.0014514923117859,-0.0,-15.84574175749085
vilp-83-case1,vilp-83,llava,vilp,test,1,0,0,6,,1,1.347971012124372,0.15721188855463447,45.67428970795691
vilp-83-case2,vilp-83,llava,vilp,test,0,1,0,4,,1,1.6439376627426459,0.6732918485192976,30.745481367895348
vilp-83-case3,vilp-83,llava,vilp,test,0,1,1,1,reasoning_hallucination,1,1.47385692944862,-0.0,41.1496155496304
vilp-84-case1,vilp-84,llava,vilp,test,1,0,1,2,vision_hallucination,1,1.0020612171636605,0.4797786670885683,-5.215958099097355
vilp-84-case2,vilp-84,llava,vilp,test,1,0,0,6,,1,1.0044730444233674,0.6731689056423582,-12.547589640622324
vilp-84-case3,vilp-84,llava,vilp,test,1,0,0,6,,1,1.0014226588899249,1.0551405545159485,-10.502189877814187
vilp-85-case1,vilp-85,llava,vilp,test,1,0,1,2,vision_hallucination,1,1.0091218945104883,0.5418351671398148,-0.8580977370502989
vilp-85-case2,vilp-85,llava,vilp,test,0,1,1,1,vision_hallucination,1,1.0309407709130907,1.3370572451949858,-9.724513542352469
vilp-85-case3,vilp-85,llava,vilp,test,0,1,1,1,vision_hallucination|reasoning_hallucination,1,1.0534142243694435,1.3393431249268013,-11.349770402864774
vilp-86-case1,vilp-86,llava,vilp,test,1,0,0,6,,1,1.0110549156690796,-0.0,-13.579188088191618
vilp-86-case2,vilp-86,llava,vilp,test,0,1,1,1,reasoning_hallucination,1,1.0177796169356608,-0.0,-9.518781766765024
vilp-86-case3,vilp-86,llava,vilp,test,0,1,1,0,vision_hallucination|reasoning_hallucination,1,1.010483856915725,0.05836165704915896,3.400039388731825
vilp-87-case1,vilp-87,llava,vilp,test,1,0,0,6,,1,1.0071294823424455,1.0562916040107198,-9.225007738439087
vilp-87-case2,vilp-87,llava,vilp,test,0,1,1,1,vision_hallucination|reasoning_hallucination,1,1.0042795338732315,0.6809278583611382,-8.577609124719569
vilp-87-case3,vilp-87,llava,vilp,test,0,1,1,1,vision_hallucination|reasoning_hallucination,1,1.002504027353097,0.6759050702473894,-10.131200218215552
vilp-88-case1,vilp-88,llava,vilp,test,1,0,0,6,,1,1.233832379016135,-0.0,36.33356005699188
vilp-88-case2,vilp-88,llava,vilp,test,1,0,0,6,,1,1.0016472902021138,0.44314893010578627,12.112421984659584
vilp-88-case3,vilp-88,llava,vilp,test,0,1,1,1,vision_hallucination|reasoning_hallucination,2,1.0082915429942543,0.6899756518924733,16.347922290475744
vilp-89-case1,vilp-89,llava,vilp,test,1,0,1,2,vision_hallucination|reasoning_hallucination,1,1.2388317282176682,0.5091023130144844,-9.295068951061184
vilp-89-case2,vilp-89,llava,vilp,test,0,1,1,1,vision_hallucination|reasoning_hallucination,1,1.0381797867168612,0.5449078728964128,3.6045921526062425
vilp-89-case3,vilp-89,llava,vilp,test,1,0,0,6,,1,1.0931772270604736,1.0596483553208067,19.710793282680818
vilp-90-case1,vilp-90,llava,vilp,test,1,0,0,6,,1,1.0003715753673785,-0.0,-18.487247841415293
vilp-90-case2,vilp-90,llava,vilp,test,0,1,0,4,,1,2.2646107712954278,1.2440246412277023,28.91701241972946
vilp-90-case3,vilp-90,llava,vilp,test,1,0,0,6,,1,1.0007356405439018,-0.0,-14.009001004948374
vilp-91-case1,vilp-91,llava,vilp,test,1,0,1,2,vision_hallucination,1,1.007812380635732,-0.0,-15.432316385393554
vilp-91-case2,vilp-91,llava,vilp,test,1,0,1,2,vision_hallucination|reasoning_hallucination,1,1.0006837672284927,1.2356649342072394,9.811359832891796
vilp-91-case3,vilp-91,llava,vilp,test,0,1,1,1,vision_hallucination|reasoning_hallucination,2,1.0020907458082737,1.183697898692772,4.922494554073573
vilp-92-case1,vilp-92,llava,vilp,test,1,0,0,6,,1,1.0008157997068872,-0.0,-16.19170566802043
vilp-92-case2,vilp-92,llava,vilp,test,0,1,1,1,vision_hallucination|reasoning_hallucination,1,1.0010843190860779,0.5425805386665844,3.704367393963162
vilp-92-case3,vilp-92,llava,vilp,test,0,1,1,1,vision_hallucination,1,1.0004348934090554,1.3213712831560667,-10.076924994826069
vilp-93-case2,vilp-93,llava,vilp,test,1,0,0,6,,1,1.0137253950237637,0.6396771781202348,-0.3558385343379946
vilp-93-case1,vilp-93,llava,vilp,test,0,1,1,1,vision_hallucination|reasoning_hallucination,1,1.003124952384828,0.2178296992151496,-2.3458069475529744
vilp-93-case3,vilp-93,llava,vilp,test,0,1,1,1,vision_hallucination|reasoning_hallucination,1,1.0186115512125877,1.0551963445661552,-12.226581488628591
vilp-94-case1,vilp-94,llava,vilp,test,1,0,0,6,,1,1.0018526280129056,-0.0,-18.20910002692523
vilp-94-case2,vilp-94,llava,vilp,test,1,0,0,6,,1,1.001091838389839,0.5007851438115924,-17.37275282635706
vilp-94-case3,vilp-94,llava,vilp,test,1,0,0,4,,1,1.004227638239955,0.9905770651637187,-7.283523336407617
vilp-95-case1,vilp-95,llava,vilp,test,1,0,0,6,,1,1.0036680265759663,-0.0,-12.68792103746284
vilp-95-case2,vilp-95,llava,vilp,test,0,1,1,1,vision_hallucination|reasoning_hallucination,1,1.0011438772769783,0.6739161636973776,-10.98332102849111
vilp-95-case3,vilp-95,llava,vilp,test,1,0,0,5,,1,1.000563848730653,0.5014643664002909,-11.634434673611745
vilp-96-case1,vilp-96,llava,vilp,test,1,0,0,6,,1,1.0001121344632236,-0.0,-16.912708091271057
vilp-96-case2,vilp-96,llava,vilp,test,1,0,0,6,,1,1.0012189122125261,1.0411271533581137,9.467676737927839
vilp-96-case3,vilp-96,llava,vilp,test,1,0,1,1,vision_hallucination|reasoning_hallucination,1,1.0025760529982204,0.6734932117373795,-14.829131710865747
vilp-97-case1,vilp-97,llava,vilp,test,1,0,0,6,,1,1.0005900504178942,-0.0,-19.60120612362008
vilp-97-case3,vilp-97,llava,vilp,test,0,1,1,1,vision_hallucination|reasoning_hallucination,1,1.000729366648809,-0.0,-17.389884315647635
vilp-97-case2,vilp-97,llava,vilp,test,1,0,1,1,vision_hallucination|reasoning_hallucination,1,1.0005407082755344,0.49920658222149655,-15.456515377051751
vilp-98-case1,vilp-98,llava,vilp,test,0,1,0,5,,1,1.2441525485886054,0.6325396805986173,27.301236378214114
vilp-98-case3,vilp-98,llava,vilp,test,0,1,0,3,,1,1.3267055904130955,1.0763581172386587,7.649099830229785
vilp-98-case2,vilp-98,llava,vilp,test,1,0,0,6,,1,1.0348656430048526,1.3089799193255618,6.623356180329136
vilp-99-case1,vilp-99,llava,vilp,test,1,0,0,6,,1,1.000831127190268,0.4937069517028232,-14.556818456648463
vilp-99-case2,vilp-99,llava,vilp,test,0,1,1,1,reasoning_hallucination,1,1.000301241866044,0.9404308927298355,-9.95504561890336
vilp-99-case3,vilp-99,llava,vilp,test,0,1,1,1,vision_hallucination|reasoning_hallucination,1,1.0016003846751214,0.49862119318275233,-14.508288491770772
vilp-100-case1,vilp-100,llava,vilp,test,1,0,0,6,,1,1.0467920232165948,-0.0,-7.944433222375144
vilp-100-case2,vilp-100,llava,vilp,test,0,1,1,1,vision_hallucination|reasoning_hallucination,1,1.0664606237030798,1.0540926561317567,-11.151369701316007
vilp-100-case3,vilp-100,llava,vilp,test,0,1,0,4,,1,1.1013356886163512,0.9914344270754393,3.2886913262690136
vilp-101-case1,vilp-101,llava,vilp,test,1,0,0,6,,1,1.0004236650433511,-0.0,-19.882606101543157
vilp-101-case2,vilp-101,llava,vilp,test,0,1,1,0,vision_hallucination|reasoning_hallucination,1,1.00040213168082,-0.0,-17.900603028183326
vilp-102-case1,vilp-102,llava,vilp,test,1,0,0,6,,1,1.003147248765272,-0.0,-14.340586589816528
vilp-101-case3,vilp-101,llava,vilp,test,0,1,0,5,,1,1.006120471007107,0.6730944808057444,-16.698130857385035
vilp-102-case2,vilp-102,llava,vilp,test,1,0,0,6,,1,1.0018073320868368,0.9008481959542717,-6.150687250325289
vilp-102-case3,vilp-102,llava,vilp,test,0,1,0,4,,1,1.2202402778205053,1.1169099124796613,46.78826916747162
vilp-103-case1,vilp-103,llava,vilp,test,1,0,1,1,vision_hallucination,1,1.0001577674650417,-0.0,-17.097267049151004
vilp-104-case1,vilp-104,llava,vilp,test,1,0,0,6,,1,1.0427524467085718,0.6493723932704618,-6.3954651001444685
vilp-103-case3,vilp-103,llava,vilp,test,0,1,0,5,,1,1.0001885184678336,0.3681875380598815,-0.47615536250787294
vilp-103-case2,vilp-103,llava,vilp,test,0,1,0,5,,1,1.0001081799958045,0.9474335323116034,-11.757892765075557
vilp-104-case2,vilp-104,llava,vilp,test,1,0,0,6,,1,1.0101877682093534,0.49801597728044866,-14.732840286131335
vilp-105-case1,vilp-105,llava,vilp,test,1,0,1,1,vision_hallucination,1,1.0007707652072562,0.9145186415589277,-7.485045341776558
vilp-104-case3,vilp-104,llava,vilp,test,0,1,1,2,reasoning_hallucination,1,1.0027870664288094,0.5343120624888629,-1.1045391521672432
vilp-106-case1,vilp-106,llava,vilp,test,1,0,0,6,,1,1.001086473490116,-0.0,-19.054451330409794
vilp-105-case3,vilp-105,llava,vilp,test,1,0,0,5,,1,1.0334699112298573,0.9214662258123064,-3.382962295440379
vilp-105-case2,vilp-105,llava,vilp,test,1,0,0,6,,1,1.0014581994468095,0.6735599123382527,-13.054889782133639
vilp-106-case2,vilp-106,llava,vilp,test,1,0,0,6,,1,1.0205084090941214,0.676611004822385,-10.088703885614724
vilp-106-case3,vilp-106,llava,vilp,test,0,1,0,4,,1,3.876507320764162,1.0657308712413025,19.87925759031202
vilp-107-case1,vilp-107,llava,vilp,test,0,1,0,4,,1,1.001027618071134,-0.0,-14.166333759690163
vilp-107-case2,vilp-107,llava,vilp,test,1,0,1,2,reasoning_hallucination,1,1.000979880867713,0.6718987308909147,-11.654056314506843
vilp-108-case1,vilp-108,llava,vilp,test,1,0,0,6,,1,1.0058256798992504,0.42993065876933684,-6.255932844864391
vilp-108-case2,vilp-108,llava,vilp,test,1,0,0,6,,1,1.111207985030246,0.96851888384294,21.56437278951201
vilp-107-case3,vilp-107,llava,vilp,test,0,1,1,1,vision_hallucination|reasoning_hallucination,1,1.0019059403437616,-0.0,0.5636691416653665
vilp-109-case1,vilp-109,llava,vilp,test,1,0,0,6,,1,1.0004841185001145,1.585532269755959,-0.6375478587829013
vilp-108-case3,vilp-108,llava,vilp,test,0,1,0,4,,2,1.6964470751360634,1.496975228324203,15.54209265155552
vilp-109-case2,vilp-109,llava,vilp,test,1,0,0,6,,1,1.269053594243945,0.9675517730663887,9.439156005877186
vilp-109-case3,vilp-109,llava,vilp,test,1,0,0,6,,1,1.0102926212413483,1.036113855500824,22.149192711904774
vilp-110-case1,vilp-110,llava,vilp,test,1,0,0,6,,1,1.0048729180488973,0.6656966330005221,2.558944376676763
vilp-110-case2,vilp-110,llava,vilp,test,1,0,0,6,,1,1.054275691573939,1.2031776672542362,14.88775582796966
vilp-110-case3,vilp-110,llava,vilp,test,1,0,0,5,,1,1.0363096526922697,1.262190766962378,15.941838854093266
vilp-111-case1,vilp-111,llava,vilp,test,1,0,0,6,,1,1.0185881442607485,0.8392879481848046,11.495044303703695
vilp-112-case1,vilp-112,llava,vilp,test,1,0,0,6,,1,1.097544106644506,0.515258642760773,-5.885196036085807
vilp-111-case3,vilp-111,llava,vilp,test,0,1,1,1,vision_hallucination|reasoning_hallucination,1,1.0710068201340326,0.964103512364265,26.404092353482014
vilp-111-case2,vilp-111,llava,vilp,test,0,1,1,2,vision_hallucination|reasoning_hallucination,1,1.08451091827538,0.9531596402613611,-9.924914675866573
vilp-112-case2,vilp-112,llava,vilp,test,0,1,1,1,vision_hallucination|reasoning_hallucination,1,1.1961659148743216,1.4820608063914866,36.35457115333295
vilp-112-case3,vilp-112,llava,vilp,test,0,1,1,1,vision_hallucination|reasoning_hallucination,1,1.011441411979041,0.839266039326567,16.74148065129776
vilp-113-case1,vilp-113,llava,vilp,test,1,0,0,6,,1,1.0068101881847131,0.9280073124650137,-8.877127422292492
vilp-113-case2,vilp-113,llava,vilp,test,0,1,1,1,vision_hallucination|reasoning_hallucination,1,1.846369296813891,0.6735818239710198,-13.966682240500187
vilp-113-case3,vilp-113,llava,vilp,test,1,0,1,2,vision_hallucination,1,1.019106983893333,0.45687095812991685,-9.208503040355971
vilp-114-case1,vilp-114,llava,vilp,test,1,0,1,2,vision_hallucination|reasoning_hallucination,1,1.0003466606166163,-0.0,-15.820055280598833
vilp-114-case3,vilp-114,llava,vilp,test,0,1,1,1,vision_hallucination,1,1.0763720806549422,0.7782816201492482,24.053825083244615
vilp-114-case2,vilp-114,llava,vilp,test,1,0,0,6,,1,1.0257001300777635,0.6680650249882063,3.1404339305547584
vilp-115-case1,vilp-115,llava,vilp,test,1,0,0,6,,1,1.0021203757369506,-0.0,-20.991737724711
vilp-115-case2,vilp-115,llava,vilp,test,0,1,0,4,,1,1.00019298839721,0.49801547884355746,-11.804855947885475
vilp-115-case3,vilp-115,llava,vilp,test,0,1,1,1,vision_hallucination|reasoning_hallucination,1,1.0004564372707392,0.6929982583369971,5.045682738652578
vilp-116-case1,vilp-116,llava,vilp,test,0,1,0,4,,1,1.3363618807091204,1.0800001638081302,7.11033970131667
vilp-116-case2,vilp-116,llava,vilp,test,1,0,0,6,,1,1.1481940105252877,0.6766143507519362,-9.504652142107107
vilp-117-case1,vilp-117,llava,vilp,test,1,0,0,6,,1,1.0068403280037508,0.006818558284008156,18.54156404177187
vilp-116-case3,vilp-116,llava,vilp,test,0,1,1,1,vision_hallucination|reasoning_hallucination,1,1.0013655423614594,1.3149833351899405,-2.1516122958002324
vilp-118-case1,vilp-118,llava,vilp,test,1,0,0,5,,1,1.000594423459374,-0.0,-19.57320401843351
vilp-117-case3,vilp-117,llava,vilp,test,1,0,0,6,,1,1.0076454886495387,1.0585239268346374,3.5530845444723553
vilp-117-case2,vilp-117,llava,vilp,test,0,1,1,1,vision_hallucination,1,1.4178715999092044,1.1374291187960528,30.12003138421005
vilp-118-case3,vilp-118,llava,vilp,test,0,1,1,1,vision_hallucination|reasoning_hallucination,1,1.0281065719306208,0.5758084415272816,13.743581711106094
vilp-118-case2,vilp-118,llava,vilp,test,0,1,0,5,,1,1.1287624062200559,1.4453626442760084,28.574343637790786
vilp-119-case1,vilp-119,llava,vilp,test,1,0,0,6,,1,1.039361242477467,0.476986318862476,-7.243417695559721
vilp-119-case2,vilp-119,llava,vilp,test,1,0,0,6,,1,1.00249551736579,0.6821522537535059,-4.466768794596238
vilp-119-case3,vilp-119,llava,vilp,test,0,1,0,4,,1,1.0070986796597092,0.8964989562171222,1.5190928463228257
vilp-120-case2,vilp-120,llava,vilp,test,1,0,0,6,,1,1.0028986931475654,-0.0,-0.9657318532030832
vilp-120-case1,vilp-120,llava,vilp,test,0,1,1,2,reasoning_hallucination,1,1.3513672442594231,1.0456084492547604,-7.857779910887536
vilp-120-case3,vilp-120,llava,vilp,test,1,0,1,2,vision_hallucination,1,1.0028338432814057,-0.0,-10.811110210092458
vilp-121-case1,vilp-121,llava,vilp,test,1,0,0,5,,1,1.007115602471307,0.6796353697784416,12.062166996284178
vilp-122-case1,vilp-122,llava,vilp,test,0,1,1,1,vision_hallucination,1,1.0065115320774625,1.6050014650637006,1.559298952696655
vilp-121-case2,vilp-121,llava,vilp,test,1,0,1,2,reasoning_hallucination,1,1.000674878415944,-0.0,-10.704478215610575
vilp-121-case3,vilp-121,llava,vilp,test,0,1,1,1,reasoning_hallucination,1,1.000195264814968,0.922337130335656,19.93581348372691
vilp-122-case2,vilp-122,llava,vilp,test,1,0,0,6,,1,1.0052729682023356,-0.0,-12.630586849833449
vilp-122-case3,vilp-122,llava,vilp,test,1,0,0,6,,1,1.0004357099397296,-0.0,-12.132407216566786
vilp-123-case1,vilp-123,llava,vilp,test,1,0,0,6,,1,1.0119137233635558,-0.0,-3.83630285525925
vilp-123-case3,vilp-123,llava,vilp,test,1,0,0,6,,1,1.001532405575444,-0.0,-10.105856842946068
vilp-123-case2,vilp-123,llava,vilp,test,0,1,1,2,reasoning_hallucination,1,1.0018245130181427,1.0051332278185563,10.236873369324751
vilp-124-case1,vilp-124,llava,vilp,test,1,0,0,6,,1,1.0469692936442403,-0.0,-13.50316356474693
vilp-124-case2,vilp-124,llava,vilp,test,0,1,1,2,vision_hallucination|reasoning_hallucination,1,1.0025157928769066,1.221746607499327,24.832493380758333
vilp-124-case3,vilp-124,llava,vilp,test,0,1,1,1,vision_hallucination|reasoning_hallucination,1,1.0251485102779883,0.950577659506154,30.411633444390024
vilp-125-case1,vilp-125,llava,vilp,test,1,0,1,1,vision_hallucination,1,1.0239233911586525,1.2594357342919065,4.789478460372473
vilp-126-case1,vilp-126,llava,vilp,test,1,0,0,5,,1,1.001468425387647,0.49746651872354747,-14.168807172113814
vilp-125-case2,vilp-125,llava,vilp,test,0,1,1,2,vision_hallucination|reasoning_hallucination,1,1.0018583536410732,-0.0,-16.47789582642924
vilp-125-case3,vilp-125,llava,vilp,test,1,0,0,6,,1,1.0005983114108161,0.1867082027316905,-1.8529903128427154
vilp-126-case2,vilp-126,llava,vilp,test,1,0,0,5,,1,1.0012462462011973,0.48632633494213073,-12.870327580942025
vilp-126-case3,vilp-126,llava,vilp,test,0,1,0,4,,1,1.039748549388412,-0.0,-11.073117854235157
vilp-127-case1,vilp-127,llava,vilp,test,1,0,1,1,vision_hallucination,1,1.0652619763860376,-0.0,2.6315057499024217
vilp-127-case3,vilp-127,llava,vilp,test,0,1,1,1,vision_hallucination|reasoning_hallucination,1,1.0053395876297686,0.04602323996888093,5.515984481963221
vilp-127-case2,vilp-127,llava,vilp,test,1,0,0,6,,1,1.0044518277369936,0.94379288124811,0.30501194485181315
vilp-128-case1,vilp-128,llava,vilp,test,0,1,1,2,reasoning_hallucination,1,1.2012829994267336,-0.0,-16.890973141581444
vilp-128-case2,vilp-128,llava,vilp,test,1,0,0,6,,1,1.0005109309942368,-0.0,-18.11738934932174
vilp-128-case3,vilp-128,llava,vilp,test,1,0,0,6,,1,1.00472128400512,1.0080074202983023,1.9574833070835336
vilp-129-case1,vilp-129,llava,vilp,test,1,0,1,2,vision_hallucination,1,1.5280292076899784,0.5760231978487361,12.566731831706246
vilp-130-case1,vilp-130,llava,vilp,test,1,0,0,6,,1,1.0001731968549885,-0.0,-18.764258550385144
vilp-129-case3,vilp-129,llava,vilp,test,0,1,1,0,vision_hallucination|reasoning_hallucination,1,1.5781242201811863,0.4984278521777853,-11.175810696599239
vilp-129-case2,vilp-129,llava,vilp,test,0,1,1,0,vision_hallucination|reasoning_hallucination,1,1.0039238930747545,1.3854687969530324,7.542408549001323
vilp-131-case1,vilp-131,llava,vilp,test,1,0,0,6,,1,1.0012395390854696,-0.0,-18.88528440566819
vilp-130-case2,vilp-130,llava,vilp,test,0,1,1,1,reasoning_hallucination,1,1.000152100303956,0.9504234932125475,-12.68877250246024
vilp-130-case3,vilp-130,llava,vilp,test,0,1,0,4,,1,1.0000924430360254,0.950164167183168,-14.247639376040867
vilp-131-case2,vilp-131,llava,vilp,test,0,1,1,1,vision_hallucination|reasoning_hallucination,1,1.001235612731267,-0.0,-18.17832657739397
vilp-132-case1,vilp-132,llava,vilp,test,1,0,0,6,,1,1.0108783636780148,0.5025120039067006,-13.904629122454041
vilp-131-case3,vilp-131,llava,vilp,test,0,1,1,1,vision_hallucination,1,1.0010145893133622,-0.0,-18.708484361933262
vilp-132-case3,vilp-132,llava,vilp,test,1,0,0,6,,1,1.0008684868905835,1.1759675206628084,22.781944834985943
vilp-132-case2,vilp-132,llava,vilp,test,0,1,0,4,,1,1.0224005252870771,0.6763043208266791,-8.502951041694725
vilp-133-case1,vilp-133,llava,vilp,test,1,0,0,6,,1,1.0054367779228,-0.0,-14.420154887873942
vilp-134-case1,vilp-134,llava,vilp,test,1,0,0,6,,1,1.000385350761588,-0.0,-18.24613881615735
vilp-133-case2,vilp-133,llava,vilp,test,0,1,1,1,vision_hallucination|reasoning_hallucination,1,1.0045322181269627,-0.0,-13.616674587506722
vilp-133-case3,vilp-133,llava,vilp,test,0,1,1,1,reasoning_hallucination,1,1.3450810385623002,0.4668926976647198,-9.818756928483205
vilp-134-case2,vilp-134,llava,vilp,test,1,0,0,6,,1,1.0002084291735658,0.4925798728623615,-13.520078877955207
vilp-134-case3,vilp-134,llava,vilp,test,1,0,0,6,,1,1.0048644807432403,0.5285949091015335,-3.8714037813247355
vilp-135-case1,vilp-135,llava,vilp,test,1,0,0,6,,1,1.0006423761388217,-0.0,-17.91410624636018
vilp-136-case1,vilp-136,llava,vilp,test,1,0,0,6,,1,1.000552772588119,0.13702288328778084,-2.7513704328130544
vilp-135-case3,vilp-135,llava,vilp,test,1,0,0,6,,1,1.0084618328812964,1.3298937183435209,-9.443135986056916
vilp-135-case2,vilp-135,llava,vilp,test,0,1,1,2,vision_hallucination|reasoning_hallucination,1,1.0004252656177643,0.5039884409669809,-13.805932479916477
vilp-137-case1,vilp-137,llava,vilp,test,1,0,0,6,,1,1.0877392882973964,0.4391448126119182,-6.8051703544202145
vilp-136-case3,vilp-136,llava,vilp,test,0,1,1,2,reasoning_hallucination,1,1.0005157324465217,-0.0,-16.963337079535602
vilp-136-case2,vilp-136,llava,vilp,test,0,1,0,4,,1,1.0004050665183686,0.7777441991989835,2.4474829171273154
vilp-138-case1,vilp-138,llava,vilp,test,1,0,0,6,,1,1.0740671173360363,-0.0,-9.602107289277303
vilp-137-case2,vilp-137,llava,vilp,test,1,0,0,6,,1,1.0136910674625987,0.5173691939872715,23.103651412883206
vilp-137-case3,vilp-137,llava,vilp,test,0,1,1,1,vision_hallucination,1,1.1143621501324528,0.5495745839964481,13.94899256790786
vilp-138-case2,vilp-138,llava,vilp,test,0,1,1,0,vision_hallucination|reasoning_hallucination,1,1.0609272377930543,-0.0,-8.543259289331495
vilp-138-case3,vilp-138,llava,vilp,test,1,0,0,6,,1,1.0026194297500612,1.0138382983052878,16.516306187951415
vilp-139-case1,vilp-139,llava,vilp,test,1,0,1,2,vision_hallucination|reasoning_hallucination,1,1.001136928068442,-0.0,-17.26678731470803
vilp-140-case1,vilp-140,llava,vilp,test,1,0,1,2,vision_hallucination,1,1.0002836823325802,0.5223254184110288,-1.653042928072713
vilp-139-case3,vilp-139,llava,vilp,test,1,0,1,2,vision_hallucination,1,1.0296512844940113,0.5106387120840771,-16.110488796988868
vilp-140-case3,vilp-140,llava,vilp,test,1,0,1,1,vision_hallucination|reasoning_hallucination,1,1.0011816118335821,0.5038063132351607,-13.180909709905869
vilp-140-case2,vilp-140,llava,vilp,test,1,0,1,2,vision_hallucination,1,1.0008518051518256,-0.0,-7.771197101429895
vilp-139-case2,vilp-139,llava,vilp,test,1,0,0,6,,1,1.0015972115817409,0.6723375441372842,-15.040227046948653
vilp-141-case1,vilp-141,llava,vilp,test,1,0,0,6,,1,1.0022633075821312,-0.0,-19.02988264227143
vilp-142-case1,vilp-142,llava,vilp,test,1,0,0,6,,1,1.013459582559976,-0.0,-13.625523154985364
vilp-141-case2,vilp-141,llava,vilp,test,0,1,1,1,vision_hallucination|reasoning_hallucination,1,1.2669533796792702,1.038826357135653,5.907295124461751
vilp-141-case3,vilp-141,llava,vilp,test,0,1,1,1,vision_hallucination|reasoning_hallucination,1,1.0002090930938097,0.14897361198653064,2.907187510507093
vilp-142-case3,vilp-142,llava,vilp,test,1,0,0,6,,1,1.06894030041442,0.5476504505307713,3.09511667915487
vilp-143-case1,vilp-143,llava,vilp,test,1,0,1,2,vision_hallucination,1,1.0086438652406955,-0.0,-1.420218986844139
vilp-142-case2,vilp-142,llava,vilp,test,0,1,1,1,vision_hallucination|reasoning_hallucination,1,1.0024821889482238,0.7325518792915566,3.925731975057216
vilp-143-case3,vilp-143,llava,vilp,test,1,0,0,6,,1,1.0015724719562749,0.36140536822848746,-0.7253839522432273
vilp-144-case1,vilp-144,llava,vilp,test,1,0,1,1,vision_hallucination,1,1.0108376744592655,0.43738244615725363,-8.35078266361611
vilp-144-case2,vilp-144,llava,vilp,test,0,1,1,1,reasoning_hallucination,1,1.020547360043605,1.350589309565025,0.9122566996128008
vilp-144-case3,vilp-144,llava,vilp,test,1,0,1,2,reasoning_hallucination,1,1.0007813987115828,-0.0,-8.743714012323423
vilp-145-case1,vilp-145,llava,vilp,test,1,0,1,2,vision_hallucination,1,1.0006315719165362,0.4632103834851361,-10.28524645680545
vilp-143-case2,vilp-143,llava,vilp,test,1,0,0,6,,1,1.0106227400447587,0.35396931039297563,0.9375396488150756
vilp-145-case3,vilp-145,llava,vilp,test,1,0,1,1,vision_hallucination|reasoning_hallucination,1,1.0013584459566407,0.500532335113401,-16.465850990655643
vilp-146-case1,vilp-146,llava,vilp,test,1,0,0,6,,1,1.032551430137189,-0.0,7.266639862171331
vilp-145-case2,vilp-145,llava,vilp,test,1,0,0,6,,1,1.0030263172327443,0.6739101007895829,-15.783025906080276
vilp-146-case3,vilp-146,llava,vilp,test,0,1,1,1,reasoning_hallucination,1,1.121889834049572,0.9048886890372898,31.302324566921307
vilp-147-case1,vilp-147,llava,vilp,test,1,0,1,2,vision_hallucination,1,1.0008306413058936,-0.0,-15.290126962685061
vilp-146-case2,vilp-146,llava,vilp,test,1,0,0,5,,1,1.000757940743846,-0.0,31.972783130629185
vilp-148-case1,vilp-148,llava,vilp,test,1,0,0,6,,1,1.0005131166171652,-0.0,-16.23270039235653
vilp-147-case2,vilp-147,llava,vilp,test,0,1,0,5,,1,1.0004275331250483,0.48615420026188927,-9.948943164635217
vilp-147-case3,vilp-147,llava,vilp,test,0,1,1,1,reasoning_hallucination,1,1.0003496258154954,-0.0,-12.121370447158966
vilp-148-case3,vilp-148,llava,vilp,test,0,1,1,1,vision_hallucination|reasoning_hallucination,1,1.0006356160698118,0.5439455968957172,3.0863703202241233
vilp-149-case1,vilp-149,llava,vilp,test,1,0,0,6,,1,1.0007720062607846,0.550229395291893,8.125683761094432
vilp-148-case2,vilp-148,llava,vilp,test,0,1,1,1,vision_hallucination|reasoning_hallucination,1,1.000808871883181,0.9250767480888822,-8.534890989642946
vilp-149-case2,vilp-149,llava,vilp,test,0,1,1,1,reasoning_hallucination,2,1.3237845428592967,0.531181198025446,28.14889968491674
vilp-150-case1,vilp-150,llava,vilp,test,1,0,0,6,,1,1.0003621345255738,-0.0,-16.964394731177922
vilp-149-case3,vilp-149,llava,vilp,test,0,1,1,1,vision_hallucination|reasoning_hallucination,1,1.0021909869059102,1.0237355715521586,27.98984472722399
vilp-150-case2,vilp-150,llava,vilp,test,1,0,0,5,,1,1.000363045220448,-0.0,-18.011543048402547
vilp-151-case1,vilp-151,llava,vilp,test,1,0,0,6,,1,1.3001093811303543,0.888233930087783,3.2967045530790937
vilp-150-case3,vilp-150,llava,vilp,test,0,1,1,1,vision_hallucination|reasoning_hallucination,1,1.0001870553454808,-0.0,-8.244941434358424
vilp-151-case3,vilp-151,llava,vilp,test,1,0,0,6,,1,1.0988083215897186,0.6741037493686701,-10.490320552284217
vilp-152-case1,vilp-152,llava,vilp,test,1,0,1,2,vision_hallucination,2,1.0405142173275324,0.4861831024294653,-4.6476692813099785
vilp-151-case2,vilp-151,llava,vilp,test,1,0,1,1,vision_hallucination,1,1.0009732558372686,0.49937055297354305,-10.55252798133734
vilp-152-case2,vilp-152,llava,vilp,test,1,0,0,5,,1,1.0103864669775962,0.9736903034309887,-5.197720401858884
vilp-153-case1,vilp-153,llava,vilp,test,1,0,0,6,,1,1.0034036636659232,-0.0,-13.690889089464958
vilp-152-case3,vilp-152,llava,vilp,test,1,0,1,2,vision_hallucination|reasoning_hallucination,1,1.0057419505738088,0.6930225226718393,18.85838024548353
vilp-153-case2,vilp-153,llava,vilp,test,1,0,0,6,,1,1.20665532433114,-0.0,-14.178814282978374
vilp-154-case1,vilp-154,llava,vilp,test,1,0,0,6,,1,1.0334503824741368,0.43138187365098846,33.96138578410675
vilp-153-case3,vilp-153,llava,vilp,test,0,1,1,1,vision_hallucination,1,1.0024267809764107,0.6314035270934868,6.3265315449825525
vilp-154-case2,vilp-154,llava,vilp,test,1,0,0,6,,1,1.0090258518805166,0.5250054334315034,12.854959273683663
vilp-155-case1,vilp-155,llava,vilp,test,1,0,0,6,,1,1.0169793757511238,-0.0,-13.238470246895737
vilp-154-case3,vilp-154,llava,vilp,test,0,1,1,2,reasoning_hallucination,1,1.0025011369463026,1.4653563336769038,24.577835857370594
vilp-155-case3,vilp-155,llava,vilp,test,1,0,0,6,,1,1.0286664719763843,1.3366232577837402,-4.121579551907098
vilp-156-case1,vilp-156,llava,vilp,test,0,1,1,1,vision_hallucination|reasoning_hallucination,1,1.1933296565019693,1.33256541038823,-7.622327188817176
vilp-155-case2,vilp-155,llava,vilp,test,1,0,1,2,vision_hallucination,1,1.0531263671985611,1.5943963471968705,23.210051631118056
vilp-156-case2,vilp-156,llava,vilp,test,0,1,1,1,vision_hallucination|reasoning_hallucination,1,1.058787178650751,1.0836956530518784,15.374900492021546
vilp-156-case3,vilp-156,llava,vilp,test,0,1,1,1,vision_hallucination|reasoning_hallucination,1,1.0005532785129292,-0.0,-4.799166714193316
vilp-157-case1,vilp-157,llava,vilp,test,1,0,1,2,vision_hallucination,1,1.0157693625004647,0.9575386339562035,-10.233238490073244
vilp-157-case2,vilp-157,llava,vilp,test,1,0,0,6,,1,1.0004564804896372,0.2563941011794768,0.4015323857161128
vilp-158-case1,vilp-158,llava,vilp,test,1,0,0,6,,1,1.0206631420062067,0.42167128103061075,26.53106222589387
vilp-157-case3,vilp-157,llava,vilp,test,0,1,1,2,reasoning_hallucination,1,1.00906845059247,0.9554768051911804,-3.2705308211247184
vilp-158-case2,vilp-158,llava,vilp,test,1,0,0,6,,1,1.0785674803073828,0.9402442137005349,8.229927514609162
vilp-158-case3,vilp-158,llava,vilp,test,0,1,0,4,,1,1.0304092159871163,0.5256000915184658,25.84163409326968
vilp-159-case1,vilp-159,llava,vilp,test,1,0,0,5,,2,2.039689604768387,0.6592787076521198,22.066952039238007
vilp-159-case2,vilp-159,llava,vilp,test,1,0,0,6,,1,1.4952358052971606,0.4024764058345667,8.647975417143101
vilp-159-case3,vilp-159,llava,vilp,test,0,1,1,2,reasoning_hallucination,2,1.8573847110323638,0.6774329279346533,39.238903103509834
vilp-160-case1,vilp-160,llava,vilp,test,1,0,0,6,,1,1.002627372824039,-0.0,-16.817229249448637
vilp-160-case2,vilp-160,llava,vilp,test,1,0,0,6,,1,1.0007465708933345,-0.0,-17.577889156720403
vilp-160-case3,vilp-160,llava,vilp,test,0,1,1,1,vision_hallucination,1,1.003972180187349,0.504323666392585,-4.171741743164172
vilp-161-case1,vilp-161,llava,vilp,test,1,0,0,6,,1,1.0004487733299356,-0.0,-20.82611662543141
vilp-161-case3,vilp-161,llava,vilp,test,1,0,0,6,,1,1.0016671777302169,0.9229824507846397,-8.659403408799527
vilp-161-case2,vilp-161,llava,vilp,test,0,1,1,1,vision_hallucination,1,1.081852768978506,0.5166585135548833,-3.207895704544862
vilp-162-case1,vilp-162,llava,vilp,test,0,1,0,6,,1,1.260940060450897,1.0707203001630956,19.295646976540244
vilp-163-case1,vilp-163,llava,vilp,test,0,1,1,1,vision_hallucination|reasoning_hallucination,1,1.3150884486265864,0.884730242322365,41.69250119580962
vilp-162-case2,vilp-162,llava,vilp,test,0,1,1,1,reasoning_hallucination,1,1.0542662631628947,0.6754889040818703,14.816427566121625
vilp-162-case3,vilp-162,llava,vilp,test,0,1,1,1,vision_hallucination|reasoning_hallucination,2,1.2527613455506061,0.9255904914098734,14.029311530707492
vilp-163-case2,vilp-163,llava,vilp,test,0,1,1,0,vision_hallucination|reasoning_hallucination,1,1.1861551318095873,0.6702348163920859,34.49164832330604
vilp-163-case3,vilp-163,llava,vilp,test,0,1,1,0,vision_hallucination|reasoning_hallucination,1,1.3182205324560647,-0.0,30.763327071734437
vilp-164-case1,vilp-164,llava,vilp,test,1,0,0,5,,1,1.2581077083232017,0.5666318881858152,3.4874593134100618
vilp-164-case2,vilp-164,llava,vilp,test,0,1,1,1,reasoning_hallucination,1,1.0079847683617056,0.6731107251944066,-9.789783974081818
vilp-164-case3,vilp-164,llava,vilp,test,1,0,1,2,vision_hallucination,1,1.152659268025535,0.6413963825182061,3.3610106947200666
vilp-165-case1,vilp-165,llava,vilp,test,1,0,0,6,,1,1.0004793143598782,-0.0,-15.36002620185457
vilp-166-case1,vilp-166,llava,vilp,test,1,0,0,6,,2,1.0289411123281904,0.5026032100368502,-10.571347266267079
vilp-165-case2,vilp-165,llava,vilp,test,1,0,1,2,vision_hallucination,1,1.0026190079503976,0.9514752729180378,-9.351983854660933
vilp-165-case3,vilp-165,llava,vilp,test,0,1,1,1,reasoning_hallucination,1,1.0461325702463584,0.9332330911597684,-8.494444673672557
vilp-166-case2,vilp-166,llava,vilp,test,1,0,0,6,,1,1.059780935186719,0.863052152807984,6.093160144244441
vilp-166-case3,vilp-166,llava,vilp,test,0,1,1,0,vision_hallucination|reasoning_hallucination,2,1.005106381587711,0.808858803430708,-0.3805999023724951
vilp-167-case1,vilp-167,llava,vilp,test,0,1,0,4,,1,1.1765420504652224,0.8397906742430028,-3.123049821320844
vilp-167-case3,vilp-167,llava,vilp,test,1,0,0,6,,1,1.0445988184642834,0.5014061060899806,-12.975686331068594
vilp-167-case2,vilp-167,llava,vilp,test,1,0,0,6,,1,1.0072072743233569,0.5322678039897949,-5.231670900649689
vilp-168-case1,vilp-168,llava,vilp,test,1,0,0,4,,1,1.3835815189733767,0.9980363609936791,-5.446103020110685
vilp-168-case2,vilp-168,llava,vilp,test,0,1,1,1,vision_hallucination,1,1.0018560886567445,-0.0,-12.807724596331067
vilp-168-case3,vilp-168,llava,vilp,test,0,1,1,0,vision_hallucination|reasoning_hallucination,1,2.161144987073984,0.4934303617995627,-7.748643926832282
vilp-169-case1,vilp-169,llava,vilp,test,1,0,1,2,vision_hallucination,1,1.0252667659553143,1.3079380734965496,3.6077455237800553
vilp-169-case3,vilp-169,llava,vilp,test,1,0,0,6,,1,1.0126243833963628,0.8069114439276046,5.457587348739773
vilp-170-case1,vilp-170,llava,vilp,test,0,1,1,2,vision_hallucination|reasoning_hallucination,2,1.2458510307087247,1.6020243179185807,15.199405485032061
vilp-169-case2,vilp-169,llava,vilp,test,0,1,0,5,,1,1.5955955767362648,0.8694645576686612,12.870870477349406
vilp-170-case2,vilp-170,llava,vilp,test,0,1,1,1,reasoning_hallucination,1,1.0179485506181831,1.3313531728468886,7.268164156867625
vilp-170-case3,vilp-170,llava,vilp,test,0,1,1,1,vision_hallucination|reasoning_hallucination,1,1.35377773536682,1.2324961246332924,26.942306848587055
vilp-171-case1,vilp-171,llava,vilp,test,1,0,1,1,vision_hallucination|reasoning_hallucination,1,1.1889242686024255,0.9353176567854418,-0.7616472905128955
vilp-171-case2,vilp-171,llava,vilp,test,1,0,1,1,vision_hallucination,1,1.0003371778853785,0.8389173272879785,2.1686282916118067
vilp-172-case1,vilp-172,llava,vilp,test,1,0,0,6,,1,1.435912736644432,-0.0,27.656760808473464
vilp-171-case3,vilp-171,llava,vilp,test,0,1,1,1,vision_hallucination,1,1.3098947070749103,1.3175602906397734,12.969384300536314
vilp-172-case2,vilp-172,llava,vilp,test,1,0,1,2,vision_hallucination,1,1.3894353980830707,0.5366722040677818,38.396311135432015
vilp-172-case3,vilp-172,llava,vilp,test,1,0,0,6,,1,1.0092763912636522,0.4591927985848217,-6.382574715446097
vilp-173-case1,vilp-173,llava,vilp,test,0,1,1,2,reasoning_hallucination,3,1.1161163773655203,0.6678635287840187,12.461078659918979
vilp-173-case2,vilp-173,llava,vilp,test,0,1,1,1,reasoning_hallucination,1,1.0045193576523213,1.4925125832800177,27.094779150232597
vilp-174-case1,vilp-174,llava,vilp,test,1,0,1,2,vision_hallucination|reasoning_hallucination,1,1.0020614642722294,0.6756471992166858,-11.453294433750894
vilp-173-case3,vilp-173,llava,vilp,test,0,1,1,1,vision_hallucination,1,1.0930017526963112,1.2060168745689177,17.197357889479942
vilp-174-case2,vilp-174,llava,vilp,test,0,1,1,1,vision_hallucination|reasoning_hallucination,1,1.004247153957801,0.46053822721055504,2.1190823639830647
vilp-175-case1,vilp-175,llava,vilp,test,1,0,0,6,,1,1.0062517407203122,-0.0,-16.043861475762146
vilp-174-case3,vilp-174,llava,vilp,test,0,1,1,1,vision_hallucination|reasoning_hallucination,1,1.0995502667277823,0.5010990108202293,-15.01992447545145
vilp-175-case2,vilp-175,llava,vilp,test,1,0,0,6,,1,1.1843377715263634,0.6789663124649818,-6.222732457893365
vilp-175-case3,vilp-175,llava,vilp,test,1,0,1,2,reasoning_hallucination,1,1.5028022807093264,0.522233308939432,-3.3127999431269934
vilp-176-case1,vilp-176,llava,vilp,test,1,0,0,6,,1,1.5459792079365944,0.9604028105744207,49.71956752509221
vilp-176-case2,vilp-176,llava,vilp,test,0,1,1,0,vision_hallucination|reasoning_hallucination,1,1.1542477572152818,0.38560632128877714,21.634800732317117
vilp-177-case1,vilp-177,llava,vilp,test,1,0,0,6,,1,1.0070526178494381,-0.0,-14.868036362360819
vilp-176-case3,vilp-176,llava,vilp,test,0,1,1,1,vision_hallucination|reasoning_hallucination,1,1.1681086372864267,-0.0,36.1039862041517
vilp-178-case1,vilp-178,llava,vilp,test,0,1,1,1,vision_hallucination|reasoning_hallucination,1,1.0004125610228933,1.0327289881700479,14.522980278233733
vilp-177-case2,vilp-177,llava,vilp,test,0,1,1,1,vision_hallucination|reasoning_hallucination,1,1.0642910609587732,-0.0,-14.564475237499106
vilp-177-case3,vilp-177,llava,vilp,test,0,1,1,1,vision_hallucination|reasoning_hallucination,1,1.5365656320887653,1.165518423603221,19.4091716077752
vilp-179-case1,vilp-179,llava,vilp,test,1,0,0,6,,1,2.6501213756821302,0.634378365732491,13.978094670821575
vilp-178-case3,vilp-178,llava,vilp,test,0,1,1,1,vision_hallucination|reasoning_hallucination,1,1.0010010103814795,0.9496774471388445,-13.751194965760419
vilp-178-case2,vilp-178,llava,vilp,test,0,1,1,1,vision_hallucination|reasoning_hallucination,1,1.0730470567149664,-0.0,0.4051292135356359
vilp-179-case3,vilp-179,llava,vilp,test,0,1,1,1,vision_hallucination|reasoning_hallucination,1,1.0021359920228485,1.0470232165461282,-8.083588292691779
vilp-179-case2,vilp-179,llava,vilp,test,0,1,1,1,vision_hallucination|reasoning_hallucination,1,1.0893756183559289,0.5553158113186654,4.814195512766165
vilp-180-case1,vilp-180,llava,vilp,test,1,0,1,2,vision_hallucination|reasoning_hallucination,1,1.024268834620598,0.616201389113713,5.480364961587108
vilp-180-case3,vilp-180,llava,vilp,test,1,0,1,2,reasoning_hallucination,1,1.0153887247614963,0.4258640347377673,5.612978152141487
vilp-180-case2,vilp-180,llava,vilp,test,0,1,1,1,vision_hallucination|reasoning_hallucination,1,1.0594269029200487,1.2217244759860444,13.358074796889278
vilp-181-case1,vilp-181,llava,vilp,test,1,0,0,6,,1,1.2000210808711758,0.3905124262731253,5.170822109232425
vilp-182-case1,vilp-182,llava,vilp,test,1,0,0,6,,1,1.0026209787410125,0.7098852434797107,12.071604868539437
vilp-181-case3,vilp-181,llava,vilp,test,0,1,1,2,vision_hallucination|reasoning_hallucination,2,1.0125989561693374,0.4586348788248593,-1.2256377584592233
vilp-181-case2,vilp-181,llava,vilp,test,1,0,1,2,vision_hallucination,1,1.0236042617848544,1.3733862926125333,24.996455780806368
vilp-182-case2,vilp-182,llava,vilp,test,0,1,1,1,reasoning_hallucination,1,1.1542404743503136,1.0740488128454606,11.251194787348744
vilp-182-case3,vilp-182,llava,vilp,test,0,1,1,1,reasoning_hallucination,1,1.0283670514950463,0.9677848432512538,12.583762027877938
vilp-183-case1,vilp-183,llava,vilp,test,1,0,0,6,,1,1.0043921751518667,0.4315656781267188,-6.543345160525656
vilp-183-case2,vilp-183,llava,vilp,test,1,0,0,6,,1,1.0965756728073948,0.9689607389462047,14.64888816006243
vilp-183-case3,vilp-183,llava,vilp,test,0,1,1,1,vision_hallucination,1,1.0427963395140714,1.2756411761973487,19.99560942930283
vilp-184-case1,vilp-184,llava,vilp,test,0,1,0,5,,1,1.0920730548013848,0.6512312236999989,6.9631974093032785
vilp-184-case3,vilp-184,llava,vilp,test,0,1,1,1,vision_hallucination|reasoning_hallucination,1,1.0061370614914595,1.1796228238236655,4.599548717889013
vilp-184-case2,vilp-184,llava,vilp,test,0,1,1,1,vision_hallucination,1,1.0028460001520743,-0.0,-7.96655807655034
vilp-185-case1,vilp-185,llava,vilp,test,1,0,1,2,vision_hallucination|reasoning_hallucination,1,1.0031991466514285,0.9392467568894672,-8.736515014715778
vilp-185-case3,vilp-185,llava,vilp,test,0,1,1,1,vision_hallucination|reasoning_hallucination,1,1.0012848372680545,0.4853746480278338,-4.454290689559303
vilp-185-case2,vilp-185,llava,vilp,test,0,1,1,1,reasoning_hallucination,1,1.0022511477408222,0.9779605552581896,7.2751606177043575
vilp-186-case1,vilp-186,llava,vilp,test,1,0,1,2,vision_hallucination,1,1.1733937294085306,1.0656479291654504,3.7827014443921456
vilp-186-case2,vilp-186,llava,vilp,test,1,0,0,6,,1,1.004532483949267,0.9384886274068112,-6.251803591258932
vilp-187-case1,vilp-187,llava,vilp,test,1,0,0,6,,1,1.000410009662168,0.48617402560061795,-10.330343713566812
vilp-186-case3,vilp-186,llava,vilp,test,0,1,1,1,vision_hallucination|reasoning_hallucination,1,2.0848946424060637,0.9951516926443718,26.560128343912062
vilp-187-case3,vilp-187,llava,vilp,test,1,0,0,6,,1,1.0010648787744043,1.443882492453214,8.208838820330747
vilp-188-case1,vilp-188,llava,vilp,test,1,0,0,6,,1,1.0269765844606253,0.95480351790376,-8.973251368280556
vilp-187-case2,vilp-187,llava,vilp,test,1,0,0,6,,1,1.0002292162637878,0.9452701623806636,-9.264153502144373
vilp-188-case2,vilp-188,llava,vilp,test,0,1,0,4,,1,1.004643321000517,0.8061988136881868,22.47369550292418
vilp-188-case3,vilp-188,llava,vilp,test,0,1,0,5,,1,1.084033610676791,0.9173161276019994,17.590644147417358
vilp-189-case1,vilp-189,llava,vilp,test,1,0,0,6,,1,1.0108614196018397,0.5345113684252187,5.016294276084583
vilp-189-case2,vilp-189,llava,vilp,test,1,0,1,2,vision_hallucination|reasoning_hallucination,1,1.002190342587529,1.30892197927449,15.093727302297046
vilp-189-case3,vilp-189,llava,vilp,test,0,1,1,0,vision_hallucination|reasoning_hallucination,1,1.0016812789115792,0.7438304668567418,9.514576074442626
vilp-190-case1,vilp-190,llava,vilp,test,1,0,0,6,,1,1.0138857361447327,0.8207450860460137,16.891731130898254
vilp-190-case2,vilp-190,llava,vilp,test,0,1,1,1,vision_hallucination|reasoning_hallucination,1,2.865657774594551,1.1298707193622173,37.896923823066274
vilp-190-case3,vilp-190,llava,vilp,test,0,1,1,1,reasoning_hallucination,1,1.0250506641950956,1.0228821769418024,4.1970529622373505
vilp-191-case1,vilp-191,llava,vilp,test,0,1,0,3,,1,1.3481407038020463,0.666866360399369,-5.743546544832364
vilp-191-case2,vilp-191,llava,vilp,test,0,1,1,1,vision_hallucination|reasoning_hallucination,1,1.020106507049583,0.5987075644343061,8.119501086858145
vilp-191-case3,vilp-191,llava,vilp,test,0,1,1,1,vision_hallucination|reasoning_hallucination,2,1.0908324473440774,0.5255591858525344,-4.686264159025988
vilp-192-case1,vilp-192,llava,vilp,test,0,1,1,1,reasoning_hallucination,3,2.715461810261355,0.9157399846730645,38.85474943151056
vilp-192-case3,vilp-192,llava,vilp,test,0,1,1,0,vision_hallucination|reasoning_hallucination,1,1.2150832487849341,0.6846195889075882,23.58686805398851
vilp-193-case1,vilp-193,llava,vilp,test,1,0,0,6,,1,1.0174291531232083,0.5386363655030506,-3.0888922542196635
vilp-192-case2,vilp-192,llava,vilp,test,0,1,1,2,vision_hallucination,3,1.9236635537451303,1.0734144482914738,40.038801705257775
vilp-193-case3,vilp-193,llava,vilp,test,1,0,1,1,vision_hallucination|reasoning_hallucination,1,1.2442266016973635,0.8059980946086756,9.119429842905607
vilp-193-case2,vilp-193,llava,vilp,test,0,1,1,1,vision_hallucination|reasoning_hallucination,1,1.0655019009532374,1.064371661247728,3.494873850202609
vilp-194-case1,vilp-194,llava,vilp,test,0,1,1,1,reasoning_hallucination,1,1.0036150022311388,0.6552082392833339,19.594028886103633
vilp-195-case1,vilp-195,llava,vilp,test,1,0,0,6,,1,1.0063941662405231,0.6701034040178429,-10.726030299111594
vilp-194-case2,vilp-194,llava,vilp,test,0,1,1,1,vision_hallucination|reasoning_hallucination,1,1.0108666422429684,1.1560332051870355,27.540587034062945
vilp-194-case3,vilp-194,llava,vilp,test,0,1,0,4,,1,1.2430613026344266,0.508757277277869,-6.391492101865287
vilp-195-case2,vilp-195,llava,vilp,test,0,1,1,1,vision_hallucination|reasoning_hallucination,1,1.0068244902571588,0.5016573087699584,-16.015642580784707
vilp-195-case3,vilp-195,llava,vilp,test,1,0,0,6,,1,1.0015179529878977,0.6692823199448692,-10.013840522663363
vilp-196-case1,vilp-196,llava,vilp,test,1,0,0,6,,1,1.0006747245693948,1.0028876990887339,-2.456502630381072
vilp-196-case2,vilp-196,llava,vilp,test,1,0,1,2,vision_hallucination|reasoning_hallucination,1,1.0022772472023753,0.6091443760011191,6.060641152662969
vilp-196-case3,vilp-196,llava,vilp,test,0,1,1,1,vision_hallucination|reasoning_hallucination,1,1.000694036468811,1.439949618911374,21.483593366732077
vilp-197-case1,vilp-197,llava,vilp,test,1,0,0,6,,1,1.0028514383581635,-0.0,-16.702226797782345
vilp-197-case3,vilp-197,llava,vilp,test,1,0,0,6,,1,1.0068311265583807,0.9493062190248605,-10.991765555245735
vilp-198-case1,vilp-198,llava,vilp,test,0,1,1,0,vision_hallucination|reasoning_hallucination,1,1.0304361262997266,0.42874088261412624,10.433500892497836
vilp-197-case2,vilp-197,llava,vilp,test,0,1,1,1,vision_hallucination|reasoning_hallucination,1,1.0321331683557071,0.5002163666370065,-14.341085747376097
vilp-198-case3,vilp-198,llava,vilp,test,0,1,1,0,vision_hallucination|reasoning_hallucination,1,1.0013995439165249,1.4439664671707915,26.650438957193707
vilp-198-case2,vilp-198,llava,vilp,test,1,0,1,1,vision_hallucination,1,1.0072372267658478,0.9573832673814824,3.9959482609392616
vilp-199-case1,vilp-199,llava,vilp,test,0,1,1,2,reasoning_hallucination,1,1.0005539765756943,1.3238314057724059,-4.807354706974561
vilp-199-case3,vilp-199,llava,vilp,test,1,0,1,1,vision_hallucination|reasoning_hallucination,1,1.108189000604844,0.07576447476638112,21.44251946979281
vilp-199-case2,vilp-199,llava,vilp,test,1,0,0,6,,1,1.0716660511181293,1.6068886857451652,0.8713263346719025
vilp-200-case1,vilp-200,llava,vilp,test,0,1,0,4,,1,1.1667438278926607,1.0602196729624445,11.873591146623387
vilp-200-case2,vilp-200,llava,vilp,test,1,0,0,6,,1,1.5791711484128654,0.6825991529799162,21.934008791491358
vilp-200-case3,vilp-200,llava,vilp,test,0,1,1,1,vision_hallucination|reasoning_hallucination,1,1.7465542320070242,1.522871504619966,22.503396958857337
vilp-201-case1,vilp-201,llava,vilp,test,0,1,1,1,vision_hallucination|reasoning_hallucination,1,1.0015853643988286,1.0747084806220422,12.865819680930745
vilp-202-case1,vilp-202,llava,vilp,test,1,0,0,6,,1,1.0026490687263676,0.4997658814787885,-12.70936284426936
vilp-201-case3,vilp-201,llava,vilp,test,0,1,1,1,vision_hallucination|reasoning_hallucination,1,1.003442678638705,0.9755961979879574,26.347740237296215
vilp-201-case2,vilp-201,llava,vilp,test,0,1,1,1,vision_hallucination|reasoning_hallucination,1,1.0027775764635949,1.5049692282306166,25.325798605828684
vilp-202-case2,vilp-202,llava,vilp,test,0,1,1,1,reasoning_hallucination,1,1.0010601281634903,-0.0,-9.492435003408238
vilp-202-case3,vilp-202,llava,vilp,test,0,1,1,1,vision_hallucination|reasoning_hallucination,1,1.0017319917872551,0.6688178506989958,-10.938174498297506
vilp-203-case1,vilp-203,llava,vilp,test,0,1,0,4,,1,1.066488901409625,0.45242276164184037,9.68621339729533
vilp-203-case2,vilp-203,llava,vilp,test,1,0,0,6,,1,1.0011035877784686,0.9340917945074676,-8.707751393288264
vilp-203-case3,vilp-203,llava,vilp,test,1,0,0,6,,1,1.0086259466465644,1.106898058970275,17.759298997740608
vilp-204-case1,vilp-204,llava,vilp,test,1,0,0,6,,1,1.0151736736412618,1.246200437347755,10.93049119624555
vilp-204-case2,vilp-204,llava,vilp,test,0,1,1,1,vision_hallucination|reasoning_hallucination,2,1.0999075002958616,0.6748468017834905,-9.840196149090353
vilp-204-case3,vilp-204,llava,vilp,test,1,0,0,6,,1,1.006406015436815,1.023042809911164,9.94920503791246
vilp-205-case1,vilp-205,llava,vilp,test,0,1,1,1,vision_hallucination|reasoning_hallucination,1,1.1020546702330984,-0.0,-6.225506649846031
vilp-205-case3,vilp-205,llava,vilp,test,0,1,1,2,vision_hallucination|reasoning_hallucination,1,1.0353703034572168,0.06335379022863255,8.145040487479243
vilp-206-case1,vilp-206,llava,vilp,test,1,0,0,6,,1,1.0233035704067623,0.6730509754025236,-12.030728812391004
vilp-205-case2,vilp-205,llava,vilp,test,0,1,0,4,,1,1.1157731747183313,-0.0,-2.718615651531378
vilp-206-case2,vilp-206,llava,vilp,test,0,1,1,1,vision_hallucination|reasoning_hallucination,1,1.0831923090569484,0.6729433387151874,-13.141138899382963
vilp-206-case3,vilp-206,llava,vilp,test,0,1,1,1,vision_hallucination|reasoning_hallucination,1,1.0004356125357536,-0.0,-16.4727878344368
vilp-207-case1,vilp-207,llava,vilp,test,1,0,1,2,vision_hallucination,1,1.0195275485731234,-0.0,-2.070367029136591
vilp-207-case2,vilp-207,llava,vilp,test,0,1,1,1,reasoning_hallucination,1,1.1344512656170567,0.9561107291352975,-3.7704466795424354
vilp-208-case1,vilp-208,llava,vilp,test,0,1,1,1,vision_hallucination|reasoning_hallucination,1,1.0281101309608602,1.3159142717619796,0.5089241065922181
vilp-207-case3,vilp-207,llava,vilp,test,0,1,1,1,vision_hallucination|reasoning_hallucination,1,1.0029513336221278,0.10553121534254307,10.67168698451021
vilp-208-case2,vilp-208,llava,vilp,test,0,1,1,1,vision_hallucination|reasoning_hallucination,1,1.060486809516441,0.6823616004890636,2.700931631454763
vilp-209-case1,vilp-209,llava,vilp,test,1,0,0,6,,1,2.102234580582008,0.6591039700031381,34.52715070081198
vilp-208-case3,vilp-208,llava,vilp,test,0,1,1,1,vision_hallucination|reasoning_hallucination,1,1.0027024503794155,0.9640749700741083,14.472490490951778
vilp-209-case2,vilp-209,llava,vilp,test,1,0,1,2,vision_hallucination,1,2.273685476566036,0.6427579906773907,34.26077671736698
vilp-209-case3,vilp-209,llava,vilp,test,1,0,1,2,vision_hallucination,1,1.0821248192315447,0.37196568413016456,32.361407470699156
vilp-210-case1,vilp-210,llava,vilp,test,1,0,0,6,,1,1.0924679265004662,0.5084301048482776,-11.537471431506482
vilp-210-case2,vilp-210,llava,vilp,test,0,1,1,1,reasoning_hallucination,1,1.0359065454367105,0.959560881491939,-7.19609945092673
vilp-211-case1,vilp-211,llava,vilp,test,1,0,0,6,,1,1.0919509149052806,-0.0,1.132177653159058
vilp-210-case3,vilp-210,llava,vilp,test,0,1,1,2,vision_hallucination|reasoning_hallucination,1,1.0645137777496372,0.5119596493972696,-7.5320857469860485
vilp-211-case2,vilp-211,llava,vilp,test,0,1,1,1,reasoning_hallucination,2,1.0322605490456094,0.9140940846037766,14.252398046745657
vilp-211-case3,vilp-211,llava,vilp,test,0,1,0,4,,2,1.182966060312927,0.6657557246901892,4.434178997897243
vilp-212-case1,vilp-212,llava,vilp,test,0,1,1,0,vision_hallucination|reasoning_hallucination,1,1.0663310287027712,1.2788401321142557,15.213931341177023
vilp-212-case2,vilp-212,llava,vilp,test,1,0,0,6,,1,1.946864381651803,1.5143213832925664,22.464301048668545
vilp-212-case3,vilp-212,llava,vilp,test,0,1,1,1,vision_hallucination|reasoning_hallucination,1,1.080299399027676,0.404762305764001,10.714320254705632
vilp-213-case3,vilp-213,llava,vilp,test,1,0,0,6,,1,1.2130390478323412,0.586547664648487,16.904818372389315
vilp-213-case2,vilp-213,llava,vilp,test,1,0,0,6,,1,1.0101398246677327,0.2980954804170573,0.8403301397611624
vilp-214-case1,vilp-214,llava,vilp,test,1,0,0,5,,1,1.0006347894619578,-0.0,-19.134954376403943
vilp-214-case2,vilp-214,llava,vilp,test,0,1,1,1,vision_hallucination|reasoning_hallucination,1,1.001466751097508,0.49998378585773445,-15.920474794581986
vilp-214-case3,vilp-214,llava,vilp,test,0,1,1,1,vision_hallucination|reasoning_hallucination,1,1.019739269326598,0.5585549157344645,0.09009596561148214
vilp-215-case1,vilp-215,llava,vilp,test,1,0,0,6,,1,1.0066059826341107,0.564123059012892,0.018939802016948448
vilp-215-case2,vilp-215,llava,vilp,test,0,1,1,1,vision_hallucination|reasoning_hallucination,1,1.0038644076277419,1.0564649546001594,-12.178976092681804
vilp-216-case1,vilp-216,llava,vilp,test,1,0,0,6,,1,1.0006615933973448,-0.0,-17.68139233517727
vilp-215-case3,vilp-215,llava,vilp,test,0,1,1,1,vision_hallucination,1,1.0053136347910958,0.49290947891261355,-4.077845105191379
vilp-216-case2,vilp-216,llava,vilp,test,0,1,0,4,,1,1.0041350522993349,0.501502488071357,-14.783667670484991
vilp-216-case3,vilp-216,llava,vilp,test,0,1,0,4,,1,1.0059713412297675,0.5027737856357487,-13.283171134790447
vilp-217-case1,vilp-217,llava,vilp,test,1,0,1,1,vision_hallucination,1,1.0021680422278407,-0.0,-17.62361436281509
vilp-218-case1,vilp-218,llava,vilp,test,1,0,0,6,,1,1.0002501260817886,-0.0,-19.292751364255672
vilp-217-case2,vilp-217,llava,vilp,test,1,0,1,1,reasoning_hallucination,1,1.0009265533760037,0.5007748289364358,-14.392384928889866
vilp-217-case3,vilp-217,llava,vilp,test,0,1,0,5,,1,1.0070536777252597,1.0529910248495418,-4.658783680841859
vilp-218-case3,vilp-218,llava,vilp,test,1,0,1,1,vision_hallucination|reasoning_hallucination,1,1.0001321913492185,0.49959149350230947,-16.18934310629559
vilp-218-case2,vilp-218,llava,vilp,test,1,0,1,2,reasoning_hallucination,1,1.0002741212142114,0.5003449270964757,-15.971502122286704
vilp-219-case1,vilp-219,llava,vilp,test,1,0,1,2,vision_hallucination,1,1.0043753383247778,0.8277385070526948,15.755054216956339
vilp-219-case3,vilp-219,llava,vilp,test,0,1,1,1,vision_hallucination|reasoning_hallucination,1,1.0586562166385511,1.1180529647165565,20.367873301528938
vilp-219-case2,vilp-219,llava,vilp,test,0,1,1,1,vision_hallucination|reasoning_hallucination,1,1.263511288198949,0.49976306828363304,-9.246698020323377
vilp-220-case1,vilp-220,llava,vilp,test,1,0,0,6,,1,1.0028438043350314,-0.0,-12.026877163552346
vilp-220-case3,vilp-220,llava,vilp,test,1,0,0,6,,1,1.0009577066324882,0.4901707252655966,-12.473574112563583
vilp-220-case2,vilp-220,llava,vilp,test,1,0,0,6,,1,1.0001993107253104,0.6381754567278233,3.0246475245950677
vilp-221-case1,vilp-221,llava,vilp,test,0,1,1,2,vision_hallucination|reasoning_hallucination,1,1.0003038644778501,0.6730120536152833,-11.92731785953974
vilp-222-case1,vilp-222,llava,vilp,test,0,1,1,1,vision_hallucination,1,1.0094933172460256,0.6741390516025667,-12.217274871705648
vilp-221-case2,vilp-221,llava,vilp,test,0,1,0,5,,1,1.077001893430886,0.6069989681465139,18.882268072049865
vilp-222-case2,vilp-222,llava,vilp,test,0,1,0,5,,1,1.4187019744041243,0.9819195361752594,12.183771606190499
vilp-221-case3,vilp-221,llava,vilp,test,1,0,0,6,,1,1.3780073103918418,1.0825688706514038,34.19365722658375
vilp-222-case3,vilp-222,llava,vilp,test,0,1,1,0,vision_hallucination|reasoning_hallucination,1,1.0036017640753176,0.5385213318606998,-0.2181943371650057
vilp-223-case1,vilp-223,llava,vilp,test,1,0,0,6,,1,1.0516983258668697,0.550670684733505,5.54144625472404
vilp-223-case2,vilp-223,llava,vilp,test,0,1,1,1,vision_hallucination|reasoning_hallucination,1,1.0378420357363356,0.8847818115863645,6.355570188115204
vilp-223-case3,vilp-223,llava,vilp,test,0,1,1,1,vision_hallucination|reasoning_hallucination,1,1.101965110336367,1.2877647570099604,4.428652454179806
vilp-224-case3,vilp-224,llava,vilp,test,1,0,0,6,,1,1.0224438195984749,0.4877313819345441,-6.205988970427041
vilp-224-case2,vilp-224,llava,vilp,test,0,1,1,1,vision_hallucination|reasoning_hallucination,1,1.0395795816307323,1.0445821059388813,2.4291949439721616
vilp-224-case1,vilp-224,llava,vilp,test,0,1,1,1,reasoning_hallucination,1,1.0187850807354477,1.0283839092833658,9.599787977942853
vilp-225-case1,vilp-225,llava,vilp,test,1,0,1,2,reasoning_hallucination,1,1.0406132426448003,-0.0,11.045510855101217
vilp-225-case3,vilp-225,llava,vilp,test,0,1,1,1,vision_hallucination|reasoning_hallucination,1,1.0493350039636509,1.0590330118538067,-3.9125771352378202
vilp-226-case1,vilp-226,llava,vilp,test,0,1,0,4,,1,1.0796916483086927,1.5194534664092434,15.391622780309628
vilp-225-case2,vilp-225,llava,vilp,test,0,1,1,1,vision_hallucination|reasoning_hallucination,1,1.04545863646808,0.7569924684991256,11.17577470943898
vilp-226-case2,vilp-226,llava,vilp,test,1,0,0,5,,1,1.0199180882711831,1.23615240157232,20.469543839825327
vilp-226-case3,vilp-226,llava,vilp,test,0,1,1,1,vision_hallucination,1,1.033754176460891,1.1714995423070842,36.08973472544865
vilp-227-case1,vilp-227,llava,vilp,test,1,0,0,5,,1,1.2341334936863688,1.0477508486091156,15.18350060506953
vilp-227-case2,vilp-227,llava,vilp,test,0,1,0,4,,1,1.003060253781677,0.3198614040165243,17.71707793240429
vilp-228-case1,vilp-228,llava,vilp,test,1,0,0,6,,1,1.0001047507320373,0.9145523887058168,-4.331332294173848
vilp-227-case3,vilp-227,llava,vilp,test,0,1,0,3,,1,1.1879804713622844,-0.0,17.896112822235352
vilp-228-case2,vilp-228,llava,vilp,test,1,0,0,6,,1,1.0049762747017368,0.6743330695165601,-10.351123380942479
vilp-228-case3,vilp-228,llava,vilp,test,0,1,1,1,vision_hallucination|reasoning_hallucination,1,1.0003209987324408,-0.0,-16.44355964975921
vilp-229-case1,vilp-229,llava,vilp,test,1,0,0,6,,1,1.0006044761659292,-0.0,-19.226739289133914
vilp-230-case1,vilp-230,llava,vilp,test,1,0,0,6,,1,1.0012308290270322,-0.0,-17.276123033112764
vilp-229-case3,vilp-229,llava,vilp,test,0,1,1,0,vision_hallucination|reasoning_hallucination,1,1.000469342993313,-0.0,-15.49593730245247
vilp-229-case2,vilp-229,llava,vilp,test,1,0,0,6,,1,1.0032363507656503,-0.0,-13.039619489284163
vilp-231-case1,vilp-231,llava,vilp,test,1,0,0,6,,1,1.000435392934855,-0.0,-15.2777402065765
vilp-230-case2,vilp-230,llava,vilp,test,0,1,1,1,vision_hallucination|reasoning_hallucination,1,1.0025798223912221,-0.0,-16.204138667550104
vilp-230-case3,vilp-230,llava,vilp,test,0,1,1,1,reasoning_hallucination,1,1.0010999877106526,0.35639398774068515,1.8658963990446225
vilp-231-case2,vilp-231,llava,vilp,test,0,1,1,0,vision_hallucination|reasoning_hallucination,1,1.0006201223761375,-0.0,-0.4776974847254003
vilp-232-case1,vilp-232,llava,vilp,test,1,0,1,1,vision_hallucination|reasoning_hallucination,1,1.692128405846802,-0.0,38.63091140959397
vilp-231-case3,vilp-231,llava,vilp,test,0,1,1,1,vision_hallucination|reasoning_hallucination,1,1.00019471071708,-0.0,-18.229457021781286
vilp-232-case2,vilp-232,llava,vilp,test,1,0,0,6,,1,1.0005410862489523,0.6081588396313495,-0.7482416935402796
vilp-232-case3,vilp-232,llava,vilp,test,0,1,1,1,vision_hallucination|reasoning_hallucination,1,1.8233486870588094,-0.0,38.225997563340734
vilp-233-case1,vilp-233,llava,vilp,test,0,1,0,4,,1,1.767126587102534,-0.0,-14.814177953285112
vilp-233-case2,vilp-233,llava,vilp,test,0,1,1,1,vision_hallucination|reasoning_hallucination,1,1.0067660205582498,-0.0,1.712231786053307
vilp-234-case1,vilp-234,llava,vilp,test,1,0,1,2,vision_hallucination,1,1.0004281731750957,0.5012103304786503,-12.201398192884007
vilp-233-case3,vilp-233,llava,vilp,test,0,1,0,4,,1,1.0478971364596308,0.4348783574523136,2.0777189209456477
vilp-234-case2,vilp-234,llava,vilp,test,1,0,1,2,vision_hallucination,2,1.2717510292565843,-0.0,-15.257001627823232
vilp-234-case3,vilp-234,llava,vilp,test,1,0,0,6,,1,1.0551572178072428,-0.0,-16.631121957960897
vilp-235-case1,vilp-235,llava,vilp,test,0,1,0,4,,1,1.0876575915176598,-0.0,-12.94518356599977
vilp-235-case2,vilp-235,llava,vilp,test,1,0,0,6,,1,1.0019003345317394,0.6747795667667844,-9.931211715238259
vilp-236-case1,vilp-236,llava,vilp,test,1,0,0,6,,1,1.0015039844747764,-0.0,-14.872073534140387
vilp-235-case3,vilp-235,llava,vilp,test,0,1,1,1,vision_hallucination|reasoning_hallucination,2,1.0046379564822836,0.9502599975221264,-13.215236895361421
vilp-236-case2,vilp-236,llava,vilp,test,0,1,1,1,vision_hallucination|reasoning_hallucination,2,1.0048178484488346,0.8157728327734532,23.540683631048154
vilp-236-case3,vilp-236,llava,vilp,test,0,1,1,1,vision_hallucination|reasoning_hallucination,1,1.0258016503619007,1.481666551621136,34.083636231073676
vilp-237-case1,vilp-237,llava,vilp,test,1,0,0,6,,1,1.0039986392139069,-0.0,-14.46041767038289
vilp-237-case2,vilp-237,llava,vilp,test,0,1,1,0,vision_hallucination|reasoning_hallucination,1,1.0034587598912454,1.3094820440422714,-0.5517986118926208
vilp-237-case3,vilp-237,llava,vilp,test,0,1,0,4,,1,1.0045583515232976,-0.0,-11.374305361163376
vilp-238-case1,vilp-238,llava,vilp,test,1,0,0,4,,1,1.0052674350648592,1.5744122153387397,22.65642844556951
vilp-238-case2,vilp-238,llava,vilp,test,0,1,1,1,vision_hallucination|reasoning_hallucination,1,1.1358545100202593,1.3262713608530396,19.23029009376343
vilp-239-case1,vilp-239,llava,vilp,test,1,0,1,1,vision_hallucination,1,1.0067373890903937,0.4964547643953493,-12.081359158475896
vilp-238-case3,vilp-238,llava,vilp,test,0,1,1,1,reasoning_hallucination,1,1.0021566872023289,1.323741844491423,-2.594947707491481
vilp-239-case2,vilp-239,llava,vilp,test,0,1,1,1,vision_hallucination|reasoning_hallucination,1,1.0261652273483257,0.4744559372382818,-10.455799892085135
vilp-239-case3,vilp-239,llava,vilp,test,0,1,1,0,vision_hallucination|reasoning_hallucination,1,1.017022812597065,0.49656623759341934,-12.281679003041596
vilp-240-case1,vilp-240,llava,vilp,test,1,0,0,6,,1,1.0002138566432002,-0.0,-20.204286680623323
vilp-241-case1,vilp-241,llava,vilp,test,0,1,1,1,vision_hallucination|reasoning_hallucination,1,1.0292141310221137,0.9562201303497853,-11.186494121668742
vilp-240-case3,vilp-240,llava,vilp,test,0,1,1,1,vision_hallucination|reasoning_hallucination,1,1.0003139951766655,-0.0,-17.654621616515147
vilp-240-case2,vilp-240,llava,vilp,test,0,1,1,1,reasoning_hallucination,1,1.0005334592579542,0.864122995408682,6.0718493641812294
vilp-241-case3,vilp-241,llava,vilp,test,0,1,1,0,vision_hallucination|reasoning_hallucination,1,1.0024129979881837,1.2148440151408773,12.362203422996908
vilp-241-case2,vilp-241,llava,vilp,test,0,1,1,1,vision_hallucination|reasoning_hallucination,1,1.001076151213596,0.9409222835487723,-11.046858688199153
vilp-242-case1,vilp-242,llava,vilp,test,1,0,0,6,,1,1.0005552084940863,-0.0,-14.886296445920694
vilp-243-case1,vilp-243,llava,vilp,test,1,0,0,6,,1,1.0000460132162057,0.5008531223006818,-15.176839168807396
vilp-242-case3,vilp-242,llava,vilp,test,0,1,0,4,,1,1.0003687618291177,0.5051067208047053,-7.635231189517373
vilp-242-case2,vilp-242,llava,vilp,test,1,0,0,6,,1,1.0005092504389672,-0.0,3.830725110740582
vilp-243-case3,vilp-243,llava,vilp,test,1,0,0,6,,1,1.103412635883474,0.9317089812546999,-8.381808681382054
vilp-243-case2,vilp-243,llava,vilp,test,0,1,1,1,vision_hallucination|reasoning_hallucination,1,1.0004496662204359,0.5000807012047996,-14.042138463267628
vilp-244-case1,vilp-244,llava,vilp,test,0,1,1,2,vision_hallucination,1,3.3799758568075204,0.21850928074294124,6.5736636789185106
vilp-244-case3,vilp-244,llava,vilp,test,0,1,1,0,vision_hallucination|reasoning_hallucination,1,1.0540243766933153,0.7803559539819334,5.202498942403869
vilp-244-case2,vilp-244,llava,vilp,test,0,1,1,1,vision_hallucination|reasoning_hallucination,1,1.0007217566711766,1.344380004903547,19.47009169149524
vilp-245-case1,vilp-245,llava,vilp,test,1,0,0,6,,1,1.0021960211737146,0.267521809091826,1.189860960237592
vilp-245-case3,vilp-245,llava,vilp,test,0,1,1,1,vision_hallucination|reasoning_hallucination,1,1.0025029682305215,-0.0,-6.318196232228079
vilp-245-case2,vilp-245,llava,vilp,test,0,1,1,1,vision_hallucination,1,1.0016965861651799,0.49588192238770434,-10.212508470257678
vilp-246-case1,vilp-246,llava,vilp,test,1,0,1,2,vision_hallucination,1,1.0005305686881298,0.5159234897443592,-3.479188535936128
vilp-246-case2,vilp-246,llava,vilp,test,0,1,1,1,reasoning_hallucination,1,1.0014315550499795,1.2608236300521958,5.247025559586428
vilp-246-case3,vilp-246,llava,vilp,test,0,1,1,1,vision_hallucination|reasoning_hallucination,1,1.0006286336580605,0.4932590453462722,0.12328898192844306
vilp-247-case1,vilp-247,llava,vilp,test,1,0,1,2,vision_hallucination|reasoning_hallucination,1,1.0003610811433548,0.6852471629018354,6.749564182365837
vilp-247-case2,vilp-247,llava,vilp,test,0,1,0,4,,1,1.1037580335122887,0.6858696711980593,5.947148182894399
vilp-247-case3,vilp-247,llava,vilp,test,0,1,1,1,vision_hallucination|reasoning_hallucination,1,1.000173517541333,0.49685829942647886,-11.170425491458222
vilp-248-case1,vilp-248,llava,vilp,test,0,1,1,1,vision_hallucination|reasoning_hallucination,1,1.001606115905823,0.933682493478109,-8.735485206568015
vilp-248-case2,vilp-248,llava,vilp,test,0,1,1,1,vision_hallucination,1,1.004927001869553,0.9208761993407693,-6.658098717258103
vilp-248-case3,vilp-248,llava,vilp,test,0,1,0,4,,1,1.0026762806078247,0.8731674805391917,5.51931580988963
vilp-249-case1,vilp-249,llava,vilp,test,1,0,0,6,,1,1.0066162943343997,-0.0,-17.274642286963523
vilp-249-case2,vilp-249,llava,vilp,test,1,0,0,6,,1,1.0057553100701175,0.825711700706638,8.413391135050826
vilp-250-case1,vilp-250,llava,vilp,test,1,0,0,6,,1,1.0051842590419768,0.5018675162991726,-15.868378185890677
vilp-249-case3,vilp-249,llava,vilp,test,0,1,1,1,vision_hallucination|reasoning_hallucination,1,1.0025588186569057,1.3501174962918205,5.866047242550282
vilp-250-case3,vilp-250,llava,vilp,test,1,0,0,6,,1,1.0008628073547299,0.6724717868935033,-11.75822186947259
vilp-251-case1,vilp-251,llava,vilp,test,1,0,0,6,,1,1.0019828511794235,-0.0,-5.248478854766768
vilp-250-case2,vilp-250,llava,vilp,test,0,1,0,4,,1,1.0009288787809658,0.6555980003924584,-8.666284639956952
vilp-251-case2,vilp-251,llava,vilp,test,1,0,0,6,,1,1.002228833336319,0.627138637737216,11.003863873050861
vilp-251-case3,vilp-251,llava,vilp,test,1,0,0,6,,1,1.0015830454582668,0.35856358805367455,-0.15492283019387365
vilp-252-case1,vilp-252,llava,vilp,test,1,0,0,6,,1,1.017314954451533,-0.0,-10.480433738158577
vilp-252-case3,vilp-252,llava,vilp,test,1,0,1,2,vision_hallucination,1,1.0020198275236611,0.5603803671672641,4.469707126210338
vilp-253-case1,vilp-253,llava,vilp,test,1,0,0,6,,1,1.00011306832111,-0.0,-14.770289367707536
vilp-252-case2,vilp-252,llava,vilp,test,1,0,1,2,vision_hallucination,1,1.0048110005914608,1.0539733534454334,-10.798389848924062
vilp-254-case1,vilp-254,llava,vilp,test,1,0,0,6,,1,1.000737043810801,-0.0,-15.95318299314781
vilp-253-case3,vilp-253,llava,vilp,test,0,1,1,1,vision_hallucination|reasoning_hallucination,1,1.0000880936460128,-0.0,0.8487467452974897
vilp-253-case2,vilp-253,llava,vilp,test,1,0,1,1,vision_hallucination|reasoning_hallucination,1,1.2201259673544276,0.6029607749646828,9.075688520908766
vilp-255-case1,vilp-255,llava,vilp,test,1,0,1,2,vision_hallucination,1,1.0014385798096717,-0.0,-16.1032073485158
vilp-254-case3,vilp-254,llava,vilp,test,0,1,0,4,,1,1.2538861139978885,0.2367059868490458,20.434148198096445
vilp-254-case2,vilp-254,llava,vilp,test,0,1,1,1,reasoning_hallucination,1,1.001739774096275,0.6415003309791625,-4.4613052371511674
vilp-256-case1,vilp-256,llava,vilp,test,1,0,0,6,,1,1.0002805122189227,0.0022598785372169717,-2.8372146782646137
vilp-255-case3,vilp-255,llava,vilp,test,0,1,1,1,vision_hallucination|reasoning_hallucination,1,1.269757701136056,0.8571294185584077,-1.1317169462551178
vilp-256-case2,vilp-256,llava,vilp,test,1,0,0,6,,1,1.0006205560383132,0.672972891139924,-15.139473351478015
vilp-255-case2,vilp-255,llava,vilp,test,1,0,1,2,vision_hallucination,1,1.0648386195181567,0.9502587318354079,-10.95345333620547
vilp-256-case3,vilp-256,llava,vilp,test,0,1,1,1,vision_hallucination|reasoning_hallucination,1,1.0006198759919755,0.4906999062948823,-13.064401709311593
vilp-257-case1,vilp-257,llava,vilp,test,1,0,0,5,,1,1.0007653132548635,-0.0,-19.401983999494217
vilp-258-case1,vilp-258,llava,vilp,test,0,1,1,1,vision_hallucination|reasoning_hallucination,1,1.0004804939634846,1.2834562639965277,-0.13072402946165518
vilp-257-case2,vilp-257,llava,vilp,test,1,0,1,1,reasoning_hallucination,1,1.1079838123998946,-0.0,-14.857938156634196
vilp-257-case3,vilp-257,llava,vilp,test,1,0,0,5,,1,1.0005630543581046,0.6616423309617039,-8.321473648589956
vilp-258-case2,vilp-258,llava,vilp,test,1,0,1,2,vision_hallucination,1,1.0011366605624203,1.067640516641225,29.51602286372681
vilp-258-case3,vilp-258,llava,vilp,test,1,0,1,1,vision_hallucination|reasoning_hallucination,1,1.0046061278492882,-0.0,-12.962641925842078
vilp-259-case1,vilp-259,llava,vilp,test,1,0,0,6,,1,1.5152650974427124,0.6529998027472939,25.179392460153494
vilp-259-case2,vilp-259,llava,vilp,test,0,1,1,1,vision_hallucination|reasoning_hallucination,1,1.1464543284724593,0.47636249658855145,-7.845670292223894
vilp-260-case1,vilp-260,llava,vilp,test,1,0,0,6,,1,1.0011323690541778,0.5003266826883204,-16.4334413434543
vilp-259-case3,vilp-259,llava,vilp,test,1,0,0,6,,1,1.0008888061501597,0.9715669601289922,8.004041694962952
vilp-260-case3,vilp-260,llava,vilp,test,1,0,0,6,,1,1.0046211482824916,-0.0,-19.854744840184598
vilp-260-case2,vilp-260,llava,vilp,test,1,0,0,6,,1,1.0008295774643214,-0.0,-22.158380162491905
vilp-261-case1,vilp-261,llava,vilp,test,1,0,0,6,,1,1.1432395662654078,-0.0,16.390156716572005
vilp-262-case1,vilp-262,llava,vilp,test,1,0,0,6,,1,1.0045405627421524,-0.0,-16.279206475430488
vilp-261-case2,vilp-261,llava,vilp,test,0,1,1,2,reasoning_hallucination,1,1.0154827834005205,0.4565254196189311,-1.7088532786646038
vilp-261-case3,vilp-261,llava,vilp,test,0,1,1,1,vision_hallucination|reasoning_hallucination,1,1.0323609294020204,1.5570547730271453,18.24948154947967
vilp-262-case3,vilp-262,llava,vilp,test,1,0,0,6,,1,1.0021853260319162,0.6236052344663983,6.336461685730955
vilp-263-case1,vilp-263,llava,vilp,test,1,0,0,6,,1,1.0012293235160385,-0.0,-15.115800978697322
vilp-262-case2,vilp-262,llava,vilp,test,1,0,1,2,vision_hallucination,1,1.005097530433846,-0.0,-11.786427424513914
vilp-263-case3,vilp-263,llava,vilp,test,1,0,0,6,,1,1.0015926723814272,0.9160830776116589,-4.465515201557153
vilp-263-case2,vilp-263,llava,vilp,test,0,1,1,1,vision_hallucination,1,1.000856228278742,1.169753601599718,5.576339851796536
vilp-264-case1,vilp-264,llava,vilp,test,0,1,1,2,reasoning_hallucination,1,1.0845723095796584,1.021529734543206,-0.8009029411628603
vilp-264-case3,vilp-264,llava,vilp,test,0,1,1,0,vision_hallucination|reasoning_hallucination,1,1.0013766992838158,1.3567770079812655,5.733159724535447
vilp-264-case2,vilp-264,llava,vilp,test,0,1,1,1,vision_hallucination|reasoning_hallucination,1,2.2397410236720776,0.9622124320217182,18.321722070339387
vilp-265-case1,vilp-265,llava,vilp,test,1,0,1,2,vision_hallucination,1,1.0059400240052596,0.46328351228811937,-7.962298250745038
vilp-265-case2,vilp-265,llava,vilp,test,1,0,1,1,vision_hallucination|reasoning_hallucination,1,1.0021084892451746,1.030979934386714,2.562531624109944
vilp-265-case3,vilp-265,llava,vilp,test,1,0,1,1,vision_hallucination,1,1.071448231676263,-0.0,-16.490849610463325
vilp-266-case1,vilp-266,llava,vilp,test,0,1,0,3,,1,1.0009887405099738,0.9395338826099675,-11.774703562541319
vilp-266-case3,vilp-266,llava,vilp,test,0,1,1,0,vision_hallucination,1,1.0001946735135967,0.9500333916927075,-11.391419849392822
vilp-267-case1,vilp-267,llava,vilp,test,1,0,1,2,vision_hallucination,1,1.0026177536235525,0.8554320492515743,4.971302697071909
vilp-266-case2,vilp-266,llava,vilp,test,0,1,0,4,,1,1.074430969696529,0.49988118674408566,-1.278168085348197
vilp-267-case3,vilp-267,llava,vilp,test,0,1,1,1,vision_hallucination|reasoning_hallucination,1,1.0435455212395246,-0.0,-17.541086695225786
vilp-267-case2,vilp-267,llava,vilp,test,0,1,1,1,vision_hallucination|reasoning_hallucination,1,1.0011068918234618,0.306927419895973,-5.151804280141068
vilp-268-case1,vilp-268,llava,vilp,test,1,0,1,2,vision_hallucination,1,1.006500996391942,-0.0,-12.773551240997929
vilp-269-case1,vilp-269,llava,vilp,test,1,0,0,6,,1,1.0002334781891726,0.9501802415960219,-13.100228649516268
vilp-268-case3,vilp-268,llava,vilp,test,1,0,1,2,vision_hallucination,1,1.3498984417023285,0.7192785816118777,26.043190374441814
vilp-268-case2,vilp-268,llava,vilp,test,0,1,1,2,vision_hallucination|reasoning_hallucination,1,1.0063394264842755,0.8438184240187171,13.173301355645947
vilp-270-case1,vilp-270,llava,vilp,test,1,0,0,6,,2,1.0376361527734188,0.5031347379325797,3.349275737779175
vilp-269-case2,vilp-269,llava,vilp,test,0,1,1,1,vision_hallucination|reasoning_hallucination,1,1.0177376498120503,0.6719803699017907,21.799688621482417
vilp-269-case3,vilp-269,llava,vilp,test,0,1,1,2,reasoning_hallucination,1,1.0366953594837047,1.340986166264855,29.96198307167233
vilp-270-case2,vilp-270,llava,vilp,test,0,1,1,1,vision_hallucination|reasoning_hallucination,1,1.0991228861255289,1.5177752279878958,23.393024325053805
vilp-270-case3,vilp-270,llava,vilp,test,0,1,1,1,vision_hallucination|reasoning_hallucination,2,1.0158283349407666,-0.0,-2.1568883880093015
vilp-271-case3,vilp-271,llava,vilp,test,0,1,1,1,reasoning_hallucination,1,1.0283966317950812,-0.0,3.299804482945607
vilp-271-case2,vilp-271,llava,vilp,test,0,1,1,1,vision_hallucination|reasoning_hallucination,1,1.000608631184612,0.4633611422275373,11.496633024050498
vilp-271-case1,vilp-271,llava,vilp,test,1,0,1,2,vision_hallucination|reasoning_hallucination,1,1.0004796711453365,-0.0,37.16578626649475
vilp-272-case1,vilp-272,llava,vilp,test,1,0,0,6,,1,1.0905296328395904,0.3629446180646977,2.9787763850806535
vilp-272-case2,vilp-272,llava,vilp,test,0,1,1,1,reasoning_hallucination,1,1.0599183361836462,0.6927515902555448,13.088074788793168
vilp-272-case3,vilp-272,llava,vilp,test,0,1,1,1,vision_hallucination|reasoning_hallucination,1,1.0209359432972838,0.7372533116434792,23.159608920012992
vilp-273-case1,vilp-273,llava,vilp,test,1,0,0,6,,1,1.0006434417797143,-0.0,-19.18945284071757
vilp-274-case1,vilp-274,llava,vilp,test,1,0,0,6,,1,1.0021675453343164,-0.0,-14.699661314394785
vilp-273-case2,vilp-273,llava,vilp,test,0,1,1,0,vision_hallucination|reasoning_hallucination,1,1.0006107179234407,0.9491950079585914,-12.137337843666574
vilp-273-case3,vilp-273,llava,vilp,test,1,0,1,2,vision_hallucination,1,1.0006998309369828,1.3299801128200344,-6.701492245826888
vilp-274-case2,vilp-274,llava,vilp,test,0,1,0,4,,1,1.0067099858053405,-0.0,7.38234551052814
vilp-274-case3,vilp-274,llava,vilp,test,0,1,0,4,,1,1.214417776204913,0.31978190606644996,5.384625598365728
vilp-275-case1,vilp-275,llava,vilp,test,0,1,1,2,vision_hallucination|reasoning_hallucination,1,1.001414931023114,1.3111814442492056,5.43172713260199
vilp-275-case2,vilp-275,llava,vilp,test,0,1,1,1,vision_hallucination|reasoning_hallucination,1,1.2529631333430828,1.0438589185728275,27.131096034817986
vilp-275-case3,vilp-275,llava,vilp,test,0,1,1,0,vision_hallucination|reasoning_hallucination,1,1.2403318933241707,0.868662080976341,20.048338827569747
vilp-276-case1,vilp-276,llava,vilp,test,1,0,1,2,vision_hallucination,1,1.003037675703372,-0.0,-14.839782873730304
vilp-277-case1,vilp-277,llava,vilp,test,1,0,0,6,,2,1.005746372259345,0.5429185938201184,11.003021348314725
vilp-276-case2,vilp-276,llava,vilp,test,0,1,1,2,reasoning_hallucination,1,1.0011476293840729,1.0606125996672944,3.133164010288775
vilp-276-case3,vilp-276,llava,vilp,test,0,1,1,2,reasoning_hallucination,1,1.135167231367635,0.9821734444265103,-1.9796647045284939
vilp-277-case3,vilp-277,llava,vilp,test,0,1,1,1,vision_hallucination|reasoning_hallucination,1,1.0167234571538781,1.043944766802574,14.533033875108938
vilp-278-case1,vilp-278,llava,vilp,test,1,0,0,6,,2,1.9876133740723725,1.5387923606007772,30.243413280131733
vilp-277-case2,vilp-277,llava,vilp,test,1,0,1,2,vision_hallucination,1,1.1313543139629167,0.7225633630943776,39.649403072649584
vilp-278-case2,vilp-278,llava,vilp,test,0,1,1,1,vision_hallucination|reasoning_hallucination,1,1.0020419913648186,0.9316829897567815,20.341445161998724
vilp-278-case3,vilp-278,llava,vilp,test,0,1,1,1,vision_hallucination,1,1.0225678840387677,0.5067307822951889,-2.076285508108265
vilp-279-case1,vilp-279,llava,vilp,test,1,0,0,6,,1,1.1146507417970173,-0.0,10.373270664476912
vilp-279-case2,vilp-279,llava,vilp,test,1,0,0,6,,1,1.0893504411172132,0.6311226357874735,16.702252392653655
vilp-280-case2,vilp-280,llava,vilp,test,0,1,1,1,vision_hallucination|reasoning_hallucination,1,1.0004214143140369,0.9502294235008828,-9.338426485157514
vilp-279-case3,vilp-279,llava,vilp,test,0,1,1,1,vision_hallucination,1,1.1877869517175663,0.6387830506942083,25.372218996180557
vilp-280-case1,vilp-280,llava,vilp,test,1,0,0,6,,1,1.0002945798693188,0.7986010819307336,8.550323524450711
vilp-280-case3,vilp-280,llava,vilp,test,0,1,1,0,vision_hallucination|reasoning_hallucination,1,1.0003744277168114,0.43610812883933103,-1.408368202957142
vilp-281-case1,vilp-281,llava,vilp,test,0,1,1,1,vision_hallucination|reasoning_hallucination,1,1.0004516483294104,0.9421117572236738,-11.239396155564705
vilp-282-case1,vilp-282,llava,vilp,test,1,0,0,6,,1,1.9895665785299763,-0.0,-9.04975607600135
vilp-281-case2,vilp-281,llava,vilp,test,1,0,0,6,,1,1.0007060247314292,1.2323545506313651,5.956355349325513
vilp-281-case3,vilp-281,llava,vilp,test,0,1,1,1,reasoning_hallucination,1,1.0012118816075743,0.9419945808679269,-8.95643034184418
vilp-282-case2,vilp-282,llava,vilp,test,1,0,1,2,reasoning_hallucination,1,1.0040654284023294,0.8694833800970926,9.421554334671622
vilp-283-case1,vilp-283,llava,vilp,test,1,0,0,6,,1,1.0008191972711407,-0.0,-2.122294741472798
vilp-282-case3,vilp-282,llava,vilp,test,0,1,1,1,vision_hallucination|reasoning_hallucination,2,1.3653732163849797,1.5804932070914417,19.321082799857933
vilp-283-case2,vilp-283,llava,vilp,test,0,1,1,1,vision_hallucination|reasoning_hallucination,1,1.0008702463023147,1.2504624986885184,10.227288535534596
vilp-284-case1,vilp-284,llava,vilp,test,1,0,0,6,,1,1.2614027618765935,0.5329193123003417,0.8802766552885437
vilp-283-case3,vilp-283,llava,vilp,test,0,1,1,1,reasoning_hallucination,1,1.0038331077627605,-0.0,-14.531351618065056
vilp-284-case3,vilp-284,llava,vilp,test,1,0,0,6,,1,1.0165984947525908,0.4949800836592145,-13.04796823590372
vilp-284-case2,vilp-284,llava,vilp,test,1,0,0,6,,1,1.0976591659757409,-0.0,-9.572422493329562
vilp-285-case1,vilp-285,llava,vilp,test,1,0,0,6,,1,1.0011979340992658,0.9492240905738507,-13.79560749092764
vilp-285-case3,vilp-285,llava,vilp,test,1,0,0,6,,1,1.00074561674345,0.47030625310678,-14.381847857902459
vilp-285-case2,vilp-285,llava,vilp,test,1,0,0,6,,1,1.0002763271202602,0.010343896671926268,7.866018911931883
vilp-286-case2,vilp-286,llava,vilp,test,1,0,0,6,,1,1.976224420771223,0.6404732047629655,2.8979066634885715
vilp-286-case1,vilp-286,llava,vilp,test,0,1,1,1,reasoning_hallucination,1,1.517920749937599,1.0742331373457243,3.4477560375156386
vilp-286-case3,vilp-286,llava,vilp,test,1,0,0,6,,1,1.1109797483151722,-0.0,-8.991710683478985
vilp-287-case3,vilp-287,llava,vilp,test,1,0,0,6,,1,1.0045954094873513,-0.0,-10.819767246855827
vilp-287-case2,vilp-287,llava,vilp,test,1,0,1,2,vision_hallucination,1,1.0018959147793967,0.8775912697565944,4.672080027727443
vilp-287-case1,vilp-287,llava,vilp,test,0,1,0,4,,1,1.5358008441176063,0.9068101691113156,30.02231033782118
vilp-288-case1,vilp-288,llava,vilp,test,1,0,0,5,,1,1.0122525594171605,0.38161784653331204,-8.763761644944255
vilp-288-case3,vilp-288,llava,vilp,test,1,0,0,6,,1,1.0144540000339786,0.42748193020565767,4.712215553393669
vilp-288-case2,vilp-288,llava,vilp,test,1,0,1,1,vision_hallucination,1,1.4522105143616026,0.32336030782361436,9.918102830599459
vilp-289-case1,vilp-289,llava,vilp,test,0,1,0,4,,1,1.3429659367174487,1.5870267301337004,11.405698503862606
vilp-289-case2,vilp-289,llava,vilp,test,0,1,1,1,vision_hallucination|reasoning_hallucination,1,1.0199307745192383,1.341791475754277,-0.3149498627589331
vilp-289-case3,vilp-289,llava,vilp,test,0,1,1,1,vision_hallucination|reasoning_hallucination,1,1.001260757464707,0.22391408558281595,1.736193901650621
vilp-290-case1,vilp-290,llava,vilp,test,1,0,0,5,,1,1.2501481216641501,1.230363351633558,31.045368735294353
vilp-290-case3,vilp-290,llava,vilp,test,0,1,1,1,vision_hallucination|reasoning_hallucination,1,1.0108053702856836,1.0510765563200544,-8.70080925281738
vilp-291-case1,vilp-291,llava,vilp,test,1,0,0,6,,1,1.0007502020459924,-0.0,-18.463680631776974
vilp-290-case2,vilp-290,llava,vilp,test,1,0,0,6,,1,1.0009492176618966,-0.0,-12.790131029297235
vilp-291-case2,vilp-291,llava,vilp,test,0,1,1,1,vision_hallucination|reasoning_hallucination,1,1.0043606756094574,0.9966134584344062,17.654100222603923
vilp-292-case1,vilp-292,llava,vilp,test,1,0,0,6,,1,1.0006364946907593,-0.0,-11.47188602604787
vilp-291-case3,vilp-291,llava,vilp,test,0,1,1,1,reasoning_hallucination,1,1.012494147714438,0.4630280564109652,3.9737209121177006
vilp-292-case2,vilp-292,llava,vilp,test,1,0,1,2,reasoning_hallucination,1,1.0034510541281003,0.9218288601882441,23.30062408938075
vilp-292-case3,vilp-292,llava,vilp,test,1,0,1,2,vision_hallucination,1,1.001958201384369,0.6824414139730408,-2.7288533132515402
vilp-293-case1,vilp-293,llava,vilp,test,0,1,1,2,vision_hallucination,1,4.353056506120802,0.9839458025491794,28.938561890597814
vilp-293-case3,vilp-293,llava,vilp,test,0,1,0,6,,1,2.4056066896653583,0.7917292806829563,37.8828419997633
vilp-293-case2,vilp-293,llava,vilp,test,1,0,0,6,,1,1.300524805477593,1.1009079405715185,53.98160677452212
vilp-294-case1,vilp-294,llava,vilp,test,1,0,0,5,,1,1.0170381070101948,-0.0,-8.013527069025507
vilp-294-case3,vilp-294,llava,vilp,test,0,1,1,1,vision_hallucination|reasoning_hallucination,1,1.00595176239418,0.7372836866675025,6.275646705977273
vilp-294-case2,vilp-294,llava,vilp,test,0,1,1,1,vision_hallucination|reasoning_hallucination,4,1.1939352043904887,0.5056684312313058,31.79231191157255
vilp-295-case1,vilp-295,llava,vilp,test,1,0,1,2,vision_hallucination|reasoning_hallucination,1,1.0016242337029158,-0.0,-8.982047044433063
vilp-296-case1,vilp-296,llava,vilp,test,1,0,0,6,,1,1.0006469487972172,-0.0,-14.52047000805912
vilp-295-case2,vilp-295,llava,vilp,test,0,1,1,2,reasoning_hallucination,2,1.1249334002634752,1.3323876450828989,30.559542810174282
vilp-295-case3,vilp-295,llava,vilp,test,1,0,0,5,,1,1.02228091634015,0.8967407553853373,4.171751890947002
vilp-296-case2,vilp-296,llava,vilp,test,1,0,0,6,,1,1.0137690115617628,0.47372395089696506,-10.646077614763541
vilp-296-case3,vilp-296,llava,vilp,test,0,1,0,5,,1,1.0059276819578313,0.5973268975927757,9.539714548638816
vilp-297-case1,vilp-297,llava,vilp,test,1,0,0,6,,1,1.0054498911574175,0.6679179245887704,6.596370636476994
vilp-298-case1,vilp-298,llava,vilp,test,1,0,0,6,,1,1.0047172309437915,1.05605292244397,5.772069135634672
vilp-297-case3,vilp-297,llava,vilp,test,1,0,1,2,vision_hallucination|reasoning_hallucination,1,1.11323420932593,0.783210348571507,11.031589193410314
vilp-297-case2,vilp-297,llava,vilp,test,1,0,0,6,,1,1.0004846634562428,0.676745256613585,-8.397714902490973
vilp-298-case2,vilp-298,llava,vilp,test,1,0,0,6,,1,1.0464268473021627,0.6763739001500826,-7.537930543477813
vilp-298-case3,vilp-298,llava,vilp,test,0,1,1,1,reasoning_hallucination,1,1.3576681519686002,0.1806594410767836,30.743942584360976
vilp-299-case1,vilp-299,llava,vilp,test,1,0,0,6,,1,1.0001357706940839,-0.0,-19.159340960757955
vilp-299-case2,vilp-299,llava,vilp,test,1,0,0,6,,1,1.002244644105871,1.2253724472479628,29.0653846543937
vilp-299-case3,vilp-299,llava,vilp,test,0,1,0,4,,1,1.5101299837743538,1.4455578216042118,32.075550681723485
hallusionbench-image-VS-chart-0-1-0,hallusionbench-image-VS-chart-0,llava,hallusionbench,image,0,1,1,1,vision_hallucination|reasoning_hallucination,1,1.2583194963597562,0.6766609172406777,-1.042417558187994
hallusionbench-image-VS-chart-0-1-1,hallusionbench-image-VS-chart-0,llava,hallusionbench,image,0,1,1,1,vision_hallucination,1,1.5278309445352911,0.4985187718698231,-15.100376268939378
hallusionbench-image-VS-chart-0-1-2,hallusionbench-image-VS-chart-0,llava,hallusionbench,image,1,0,1,2,vision_hallucination|reasoning_hallucination,1,1.3742745059364092,0.5495023138598684,93.13371252301994
hallusionbench-image-VS-chart-0-1-3,hallusionbench-image-VS-chart-0,llava,hallusionbench,image,0,1,1,1,vision_hallucination|reasoning_hallucination,1,1.0009384155139958,-0.0,-19.91621653024305
hallusionbench-image-VS-chart-1-1-0,hallusionbench-image-VS-chart-1,llava,hallusionbench,image,0,1,1,1,vision_hallucination|reasoning_hallucination,1,1.0103461743440432,0.6778986138667604,8.978864130541321
hallusionbench-image-VS-chart-1-1-1,hallusionbench-image-VS-chart-1,llava,hallusionbench,image,1,0,1,1,vision_hallucination,1,1.0180461403983043,0.4967474170384363,3.0905617971541126
hallusionbench-image-VS-chart-1-1-2,hallusionbench-image-VS-chart-1,llava,hallusionbench,image,1,0,1,1,vision_hallucination|reasoning_hallucination,1,1.0313971046889594,0.512436911758313,7.949443672983865
hallusionbench-image-VS-chart-1-1-3,hallusionbench-image-VS-chart-1,llava,hallusionbench,image,0,1,1,1,vision_hallucination|reasoning_hallucination,1,1.0055774451075177,0.42961071142674756,72.64710076758011
hallusionbench-image-VS-chart-1-1-5,hallusionbench-image-VS-chart-1,llava,hallusionbench,image,0,1,1,0,vision_hallucination|reasoning_hallucination,1,1.0702140323787928,0.5868252990982485,125.92966372271599
hallusionbench-image-VS-chart-1-1-6,hallusionbench-image-VS-chart-1,llava,hallusionbench,image,0,1,1,0,vision_hallucination|reasoning_hallucination,1,1.0030170678315427,0.16370171830927543,182.2909380709019
hallusionbench-image-VS-chart-1-1-7,hallusionbench-image-VS-chart-1,llava,hallusionbench,image,0,1,1,1,vision_hallucination|reasoning_hallucination,1,1.0746766310416394,0.68339697032253,186.64290989964493
hallusionbench-image-VS-chart-2-1-0,hallusionbench-image-VS-chart-2,llava,hallusionbench,image,0,1,1,1,vision_hallucination|reasoning_hallucination,1,1.0116530660130074,0.4209915399769474,161.1650372893802
hallusionbench-image-VS-chart-2-1-1,hallusionbench-image-VS-chart-2,llava,hallusionbench,image,1,0,0,6,,1,1.0057338476437507,0.6748432006525098,-8.127575384907985
hallusionbench-image-VS-chart-2-1-2,hallusionbench-image-VS-chart-2,llava,hallusionbench,image,0,1,1,1,vision_hallucination|reasoning_hallucination,1,1.0055387021466204,-0.0,9.509773394168583
hallusionbench-image-VS-chart-2-1-3,hallusionbench-image-VS-chart-2,llava,hallusionbench,image,0,1,1,1,vision_hallucination|reasoning_hallucination,1,1.0067476033316125,0.5186033990781246,17.536597421642995
hallusionbench-image-VS-chart-2-1-4,hallusionbench-image-VS-chart-2,llava,hallusionbench,image,0,1,1,1,vision_hallucination|reasoning_hallucination,1,1.1654336489388286,0.6931430579086144,186.63420625719823
hallusionbench-image-VS-chart-2-1-5,hallusionbench-image-VS-chart-2,llava,hallusionbench,image,0,1,1,1,vision_hallucination|reasoning_hallucination,1,1.1456182082358541,0.5443986560222555,60.60557324247418
hallusionbench-image-VS-chart-2-1-6,hallusionbench-image-VS-chart-2,llava,hallusionbench,image,0,1,1,1,vision_hallucination,1,1.0731374025346565,0.688331171990456,166.8727446130328
hallusionbench-image-VS-chart-2-1-7,hallusionbench-image-VS-chart-2,llava,hallusionbench,image,1,0,0,6,,1,1.1564903285980952,0.49929809349588894,186.32738154016934
hallusionbench-image-VS-chart-5-1-0,hallusionbench-image-VS-chart-5,llava,hallusionbench,image,1,0,1,1,vision_hallucination,1,1.0027788876732415,0.4435814404598294,22.045416933315565
hallusionbench-image-VS-chart-5-1-1,hallusionbench-image-VS-chart-5,llava,hallusionbench,image,0,1,1,2,vision_hallucination|reasoning_hallucination,1,1.0174272058408622,-0.0,88.45798542413542
hallusionbench-image-VS-chart-5-1-2,hallusionbench-image-VS-chart-5,llava,hallusionbench,image,0,1,1,1,vision_hallucination|reasoning_hallucination,1,1.220574618738768,0.4168060060903378,44.97688058383366
hallusionbench-image-VS-chart-6-1-0,hallusionbench-image-VS-chart-6,llava,hallusionbench,image,1,0,1,1,vision_hallucination|reasoning_hallucination,1,1.4730307873939896,0.656414513803024,56.2951760507606
hallusionbench-image-VS-chart-6-1-1,hallusionbench-image-VS-chart-6,llava,hallusionbench,image,1,0,1,1,vision_hallucination|reasoning_hallucination,1,1.0000839233396468,0.4492295187873983,6.718111094823163
hallusionbench-image-VS-chart-6-1-3,hallusionbench-image-VS-chart-6,llava,hallusionbench,image,1,0,1,1,vision_hallucination|reasoning_hallucination,1,1.0001866817516638,0.6600830203990881,56.235228742371355
hallusionbench-image-VS-chart-7-1-1,hallusionbench-image-VS-chart-7,llava,hallusionbench,image,1,0,1,1,vision_hallucination|reasoning_hallucination,1,1.0003852844120407,0.6104701428018771,108.78737455313836
hallusionbench-image-VS-chart-7-1-2,hallusionbench-image-VS-chart-7,llava,hallusionbench,image,0,1,1,1,vision_hallucination|reasoning_hallucination,1,1.1942427149831347,0.6823054423014601,154.27900577289444
hallusionbench-image-VS-chart-7-1-3,hallusionbench-image-VS-chart-7,llava,hallusionbench,image,1,0,0,6,,1,1.0354492656718537,0.05546004110827303,107.90492750391088
hallusionbench-image-VS-chart-8-1-0,hallusionbench-image-VS-chart-8,llava,hallusionbench,image,1,0,1,1,vision_hallucination|reasoning_hallucination,1,1.0013153553555658,0.6745635065099427,-10.722282624282574
hallusionbench-image-VS-chart-8-1-1,hallusionbench-image-VS-chart-8,llava,hallusionbench,image,0,1,1,2,vision_hallucination|reasoning_hallucination,1,1.0016313791508435,0.6725622445392905,-13.891983113224335
hallusionbench-image-VS-chart-8-1-2,hallusionbench-image-VS-chart-8,llava,hallusionbench,image,0,1,1,1,vision_hallucination|reasoning_hallucination,1,1.0009500980440253,0.5012755297176892,-15.147189135404192
hallusionbench-image-VS-chart-9-1-0,hallusionbench-image-VS-chart-9,llava,hallusionbench,image,1,0,0,6,,1,1.008432388349421,-0.0,-12.212510413239341
hallusionbench-image-VS-chart-9-1-1,hallusionbench-image-VS-chart-9,llava,hallusionbench,image,0,1,1,1,vision_hallucination|reasoning_hallucination,1,1.0003732442784354,0.6203136023412104,58.04552319484941
hallusionbench-image-VS-chart-9-1-2,hallusionbench-image-VS-chart-9,llava,hallusionbench,image,0,1,1,2,vision_hallucination|reasoning_hallucination,1,1.0852887662825377,0.6818866051266069,43.963989013970405
hallusionbench-image-VS-chart-9-1-3,hallusionbench-image-VS-chart-9,llava,hallusionbench,image,0,1,1,0,vision_hallucination|reasoning_hallucination,1,1.0570595275587131,0.5028176423602444,11.746977718575604
hallusionbench-image-VS-chart-10-1-0,hallusionbench-image-VS-chart-10,llava,hallusionbench,image,1,0,0,6,,1,1.009216547080325,0.6766821113002727,94.54949224875442
hallusionbench-image-VS-chart-10-1-1,hallusionbench-image-VS-chart-10,llava,hallusionbench,image,1,0,1,2,vision_hallucination,1,1.4122497894694355,0.6780200708280425,23.77289252193377
hallusionbench-image-VS-chart-10-1-2,hallusionbench-image-VS-chart-10,llava,hallusionbench,image,1,0,1,1,vision_hallucination|reasoning_hallucination,1,1.0004260539903413,0.5250315179011381,27.07457891540089
hallusionbench-image-VS-chart-10-1-3,hallusionbench-image-VS-chart-10,llava,hallusionbench,image,1,0,1,2,vision_hallucination|reasoning_hallucination,1,1.0002369880742203,0.508908516345391,0.018034113646320904
hallusionbench-image-VS-chart-11-1-0,hallusionbench-image-VS-chart-11,llava,hallusionbench,image,1,0,1,1,vision_hallucination|reasoning_hallucination,1,1.1015447338967361,1.0284920952090204,149.57337390973007
hallusionbench-image-VS-chart-11-1-1,hallusionbench-image-VS-chart-11,llava,hallusionbench,image,0,1,1,1,reasoning_hallucination,1,1.0058437583644924,0.49340946734478763,-3.4962993846538613
hallusionbench-image-VS-chart-12-1-0,hallusionbench-image-VS-chart-12,llava,hallusionbench,image,0,1,1,1,vision_hallucination,1,1.0042468308911392,0.6873626651011324,39.33500557607838
hallusionbench-image-VS-chart-12-1-1,hallusionbench-image-VS-chart-12,llava,hallusionbench,image,1,0,1,1,vision_hallucination|reasoning_hallucination,1,1.1345434229506484,0.5026423978005312,-11.219002656482685
hallusionbench-image-VS-chart-12-1-2,hallusionbench-image-VS-chart-12,llava,hallusionbench,image,0,1,1,1,vision_hallucination|reasoning_hallucination,1,1.1185109644594196,0.10946318174974841,85.01410789384211
hallusionbench-image-VS-chart-13-1-0,hallusionbench-image-VS-chart-13,llava,hallusionbench,image,0,1,1,1,vision_hallucination|reasoning_hallucination,1,1.0641176713860099,0.692888280207045,87.85358888684233
hallusionbench-image-VS-chart-13-1-1,hallusionbench-image-VS-chart-13,llava,hallusionbench,image,1,0,1,1,vision_hallucination,1,1.000494003272087,0.6800993191716945,8.792872813143
hallusionbench-image-VS-chart-14-1-1,hallusionbench-image-VS-chart-14,llava,hallusionbench,image,0,1,1,0,vision_hallucination|reasoning_hallucination,1,1.0176835057012876,0.4317010922659225,37.17853068606172
hallusionbench-image-VS-chart-14-1-0,hallusionbench-image-VS-chart-14,llava,hallusionbench,image,1,0,1,1,vision_hallucination|reasoning_hallucination,1,1.0076586006716186,-0.0,-2.620280749994638
hallusionbench-image-VS-chart-14-1-2,hallusionbench-image-VS-chart-14,llava,hallusionbench,image,0,1,1,1,vision_hallucination|reasoning_hallucination,1,1.0089381937305326,0.23607946199157573,67.51496461377272
hallusionbench-image-VS-chart-15-1-1,hallusionbench-image-VS-chart-15,llava,hallusionbench,image,1,0,1,1,vision_hallucination|reasoning_hallucination,1,1.0465372802908686,0.6749227013843355,-4.016809669334629
hallusionbench-image-VS-chart-16-1-0,hallusionbench-image-VS-chart-16,llava,hallusionbench,image,1,0,0,6,,1,1.0016664266347328,-0.0,-17.46246283698626
hallusionbench-image-VS-chart-16-1-1,hallusionbench-image-VS-chart-16,llava,hallusionbench,image,1,0,0,6,,1,1.0963103802130627,0.6656684175938765,-0.9993418421826021
hallusionbench-image-VS-chart-17-1-1,hallusionbench-image-VS-chart-17,llava,hallusionbench,image,1,0,1,1,vision_hallucination,1,1.1260685926319323,0.6760098238947638,-1.3525333146293796
hallusionbench-image-VS-chart-17-1-0,hallusionbench-image-VS-chart-17,llava,hallusionbench,image,0,1,1,2,reasoning_hallucination,1,1.1301169398288127,0.5635929372998643,86.55968015184051
hallusionbench-image-VS-chart-17-1-2,hallusionbench-image-VS-chart-17,llava,hallusionbench,image,1,0,0,6,,1,1.0035119056939539,0.6754953406800025,9.642014297446087
hallusionbench-image-VS-chart-18-1-0,hallusionbench-image-VS-chart-18,llava,hallusionbench,image,1,0,1,1,vision_hallucination|reasoning_hallucination,1,1.000467181219762,0.27151466504553945,51.73822808394965
hallusionbench-image-VS-chart-18-1-1,hallusionbench-image-VS-chart-18,llava,hallusionbench,image,0,1,1,1,vision_hallucination|reasoning_hallucination,1,1.0128816364082383,0.6736548960310581,-9.998587151100672
hallusionbench-image-VS-chart-19-1-0,hallusionbench-image-VS-chart-19,llava,hallusionbench,image,1,0,0,6,,1,1.0031101703599137,-0.0,-7.86658847734534
hallusionbench-image-VS-chart-19-1-1,hallusionbench-image-VS-chart-19,llava,hallusionbench,image,0,1,1,0,vision_hallucination|reasoning_hallucination,1,1.0127172470781651,0.5157671982004168,11.320487135561205
hallusionbench-image-VS-chart-20-1-0,hallusionbench-image-VS-chart-20,llava,hallusionbench,image,1,0,1,1,vision_hallucination|reasoning_hallucination,1,1.0408095131328539,0.46511251789669183,6.020442541400222
hallusionbench-image-VS-chart-20-1-1,hallusionbench-image-VS-chart-20,llava,hallusionbench,image,1,0,1,2,vision_hallucination,1,1.0686453578332553,0.5081979407460171,113.87897646887835
hallusionbench-image-VS-chart-21-1-0,hallusionbench-image-VS-chart-21,llava,hallusionbench,image,1,0,0,6,,1,1.0006994008964454,-0.0,-17.188350144767263
hallusionbench-image-VS-chart-21-1-1,hallusionbench-image-VS-chart-21,llava,hallusionbench,image,0,1,1,1,vision_hallucination|reasoning_hallucination,1,1.000856161113612,0.49822273827038577,-13.370489488486985
hallusionbench-image-VS-table-0-1-1,hallusionbench-image-VS-table-0,llava,hallusionbench,image,0,1,1,1,vision_hallucination,1,1.0052024123838261,0.6731077549924052,-6.55348290125049
hallusionbench-image-VS-table-0-1-2,hallusionbench-image-VS-table-0,llava,hallusionbench,image,0,1,1,1,vision_hallucination|reasoning_hallucination,1,1.0028703212237478,0.32943445918065206,127.1984832317219
hallusionbench-image-VS-table-0-1-0,hallusionbench-image-VS-table-0,llava,hallusionbench,image,1,0,1,2,vision_hallucination,1,1.0035916567737588,0.38614850210172136,28.523440974681026
hallusionbench-image-VS-table-1-1-0,hallusionbench-image-VS-table-1,llava,hallusionbench,image,1,0,1,1,vision_hallucination|reasoning_hallucination,1,1.1135253247954409,1.3660634793914113,182.508442119409
hallusionbench-image-VS-table-1-1-1,hallusionbench-image-VS-table-1,llava,hallusionbench,image,1,0,1,2,vision_hallucination,1,1.0277667045347043,0.684053456295697,51.29691733079713
hallusionbench-image-VS-table-1-1-2,hallusionbench-image-VS-table-1,llava,hallusionbench,image,1,0,1,1,vision_hallucination,1,1.0260078916077437,-0.0,121.5622212585611
hallusionbench-image-VS-table-2-1-0,hallusionbench-image-VS-table-2,llava,hallusionbench,image,1,0,0,6,,1,1.034949393563753,0.31396748169091176,224.93225185626605
hallusionbench-image-VS-table-2-1-1,hallusionbench-image-VS-table-2,llava,hallusionbench,image,1,0,1,2,vision_hallucination,1,1.0021197795934593,0.49997134036826085,-13.44639737695996
hallusionbench-image-VS-table-2-1-2,hallusionbench-image-VS-table-2,llava,hallusionbench,image,1,0,1,2,vision_hallucination,1,1.0085077290326767,0.6595976995951183,24.198961749510964
hallusionbench-image-VS-table-3-1-0,hallusionbench-image-VS-table-3,llava,hallusionbench,image,0,1,1,1,reasoning_hallucination,1,1.0062035320203093,0.6567707836120649,13.820035040258654
hallusionbench-image-VS-table-3-1-1,hallusionbench-image-VS-table-3,llava,hallusionbench,image,0,1,1,1,vision_hallucination|reasoning_hallucination,1,1.0172102450425364,0.49838854729316273,-12.427424169740792
hallusionbench-image-VS-table-3-1-2,hallusionbench-image-VS-table-3,llava,hallusionbench,image,0,1,1,1,vision_hallucination|reasoning_hallucination,1,1.0087325569876966,0.5538522806420466,77.1766662500874
hallusionbench-image-VS-table-4-1-0,hallusionbench-image-VS-table-4,llava,hallusionbench,image,1,0,0,6,,1,1.0201858018884624,0.8117072774672438,345.9379989699943
hallusionbench-image-VS-table-4-1-1,hallusionbench-image-VS-table-4,llava,hallusionbench,image,1,0,1,2,vision_hallucination|reasoning_hallucination,1,1.0022686720212495,0.5011977993644309,-17.659116502164252
hallusionbench-image-VS-table-4-1-2,hallusionbench-image-VS-table-4,llava,hallusionbench,image,0,1,1,1,vision_hallucination|reasoning_hallucination,1,1.3158010230212767,0.672892015719583,5.737477181988556
hallusionbench-image-VS-table-5-1-1,hallusionbench-image-VS-table-5,llava,hallusionbench,image,0,1,1,0,vision_hallucination|reasoning_hallucination,1,1.00424349429333,1.3404497869571936,23.38176005330742
hallusionbench-image-VS-table-5-1-0,hallusionbench-image-VS-table-5,llava,hallusionbench,image,0,1,1,1,vision_hallucination|reasoning_hallucination,1,1.0119074504714607,0.8158548563358838,239.96356304335094
hallusionbench-image-VS-table-5-1-3,hallusionbench-image-VS-table-5,llava,hallusionbench,image,0,1,1,1,vision_hallucination,1,1.1356674347488467,0.6376860475006745,115.60336909140676
hallusionbench-image-VS-table-6-1-1,hallusionbench-image-VS-table-6,llava,hallusionbench,image,1,0,1,2,vision_hallucination,1,1.0107769963743332,0.05756902562575508,88.0338879946382
hallusionbench-image-VS-table-6-1-2,hallusionbench-image-VS-table-6,llava,hallusionbench,image,0,1,1,1,vision_hallucination|reasoning_hallucination,1,1.0020260809781323,0.6723479440304159,-5.50135945156499
hallusionbench-image-VS-table-10-1-2,hallusionbench-image-VS-table-10,llava,hallusionbench,image,1,0,1,2,vision_hallucination|reasoning_hallucination,1,1.0006246566983692,0.6028606415389668,63.274553411295265
hallusionbench-image-VS-table-10-1-3,hallusionbench-image-VS-table-10,llava,hallusionbench,image,1,0,1,1,vision_hallucination|reasoning_hallucination,1,1.0003919601353415,0.453348488622998,8.840866798851511
hallusionbench-image-VS-table-10-2-0,hallusionbench-image-VS-table-10,llava,hallusionbench,image,0,1,1,1,reasoning_hallucination,1,1.0004096031061094,0.3659255720441793,33.681076955159185
hallusionbench-image-VS-table-10-2-1,hallusionbench-image-VS-table-10,llava,hallusionbench,image,1,0,0,5,,1,1.000398039823123,0.689857418349807,55.85942490764702
hallusionbench-image-VS-table-10-2-2,hallusionbench-image-VS-table-10,llava,hallusionbench,image,1,0,0,4,,1,1.00027692318603,0.665036567667493,5.120123971531832
hallusionbench-image-VS-table-10-2-3,hallusionbench-image-VS-table-10,llava,hallusionbench,image,0,1,1,1,reasoning_hallucination,1,1.000329494469056,-0.0,72.26933437312086
hallusionbench-image-VS-map-0-1-0,hallusionbench-image-VS-map-0,llava,hallusionbench,image,0,1,1,1,vision_hallucination|reasoning_hallucination,1,1.4738703895809553,0.3341794312771469,60.52970514981644
hallusionbench-image-VS-map-0-1-1,hallusionbench-image-VS-map-0,llava,hallusionbench,image,1,0,0,5,,1,1.0743662138265326,0.6012316763980413,153.08715591801607
hallusionbench-image-VS-map-0-1-2,hallusionbench-image-VS-map-0,llava,hallusionbench,image,0,1,1,1,vision_hallucination|reasoning_hallucination,1,1.2420623297705944,0.6077355387060825,92.26053503736605
hallusionbench-image-VS-map-0-1-3,hallusionbench-image-VS-map-0,llava,hallusionbench,image,1,0,1,1,vision_hallucination,1,1.0524835585982333,-0.0,92.39479927626972
hallusionbench-image-VS-map-0-2-1,hallusionbench-image-VS-map-0,llava,hallusionbench,image,0,1,1,1,vision_hallucination|reasoning_hallucination,1,1.0322396744955684,0.5013168724568513,-3.485857194195825
hallusionbench-image-VS-map-0-2-0,hallusionbench-image-VS-map-0,llava,hallusionbench,image,1,0,1,1,vision_hallucination|reasoning_hallucination,1,1.007627367958847,0.5936600832155754,86.24508540472566
hallusionbench-image-VS-map-0-2-2,hallusionbench-image-VS-map-0,llava,hallusionbench,image,1,0,1,1,vision_hallucination|reasoning_hallucination,1,1.329915875911992,0.6847285442647224,51.809292054225594
hallusionbench-image-VS-map-0-2-3,hallusionbench-image-VS-map-0,llava,hallusionbench,image,0,1,1,1,reasoning_hallucination,1,1.00182831292422,0.2580951228684088,66.91925244748828
hallusionbench-image-VS-map-1-1-0,hallusionbench-image-VS-map-1,llava,hallusionbench,image,1,0,1,1,reasoning_hallucination,1,1.325153568783811,0.5671838006316172,128.7385304958943
hallusionbench-image-VS-map-1-1-1,hallusionbench-image-VS-map-1,llava,hallusionbench,image,0,1,1,1,vision_hallucination|reasoning_hallucination,1,1.0498062356721258,0.6907761929457117,84.42488975821354
hallusionbench-image-VS-map-1-1-2,hallusionbench-image-VS-map-1,llava,hallusionbench,image,1,0,1,1,vision_hallucination,1,1.2513665078967688,0.6934307836749738,226.2839907620089
hallusionbench-image-VS-map-1-1-3,hallusionbench-image-VS-map-1,llava,hallusionbench,image,0,1,1,1,reasoning_hallucination,1,1.209243540330359,0.5174962909144109,15.464348914969186
hallusionbench-image-VS-map-1-2-1,hallusionbench-image-VS-map-1,llava,hallusionbench,image,1,0,0,4,,1,1.0005064010664915,0.6864530944554994,98.39390628841228
hallusionbench-image-VS-map-1-2-0,hallusionbench-image-VS-map-1,llava,hallusionbench,image,0,1,1,1,vision_hallucination|reasoning_hallucination,1,1.0101610417854536,-0.0,-12.578936829552081
hallusionbench-image-VS-map-1-2-2,hallusionbench-image-VS-map-1,llava,hallusionbench,image,0,1,1,1,vision_hallucination|reasoning_hallucination,1,1.0622253419041336,0.41382387984860475,21.63364633685727
hallusionbench-image-VS-map-1-2-3,hallusionbench-image-VS-map-1,llava,hallusionbench,image,0,1,1,1,vision_hallucination|reasoning_hallucination,1,1.0088238714883282,0.6473122159590224,33.68520822666423
hallusionbench-image-VS-map-2-1-1,hallusionbench-image-VS-map-2,llava,hallusionbench,image,0,1,1,1,vision_hallucination|reasoning_hallucination,1,1.0165647261288813,0.5028473525515259,-12.322911713991658
hallusionbench-image-VS-map-2-2-0,hallusionbench-image-VS-map-2,llava,hallusionbench,image,0,1,1,1,vision_hallucination|reasoning_hallucination,1,1.0001127719870107,0.6725970048974519,-9.501365491612917
hallusionbench-image-VS-map-2-1-0,hallusionbench-image-VS-map-2,llava,hallusionbench,image,1,0,1,1,vision_hallucination,1,1.0002852678238692,-0.0,11.610625158319976
hallusionbench-image-VS-map-2-2-1,hallusionbench-image-VS-map-2,llava,hallusionbench,image,1,0,1,2,vision_hallucination|reasoning_hallucination,1,1.000161170965809,0.6875358745809884,41.21765005855855
hallusionbench-image-VS-map-3-1-0,hallusionbench-image-VS-map-3,llava,hallusionbench,image,1,0,0,6,,1,1.0020512343230465,0.6726348626783054,-14.09817842376352
hallusionbench-image-VS-map-3-1-1,hallusionbench-image-VS-map-3,llava,hallusionbench,image,1,0,0,5,,1,1.001742243752601,-0.0,-19.894731560182723
hallusionbench-image-VS-map-3-2-0,hallusionbench-image-VS-map-3,llava,hallusionbench,image,1,0,0,5,,1,1.0002547502443326,0.5004359272353378,-13.55256762702846
hallusionbench-image-VS-map-3-2-1,hallusionbench-image-VS-map-3,llava,hallusionbench,image,0,1,1,1,vision_hallucination|reasoning_hallucination,1,1.000213027001021,0.5001298983944956,-15.440029066009462
hallusionbench-image-VS-map-4-1-1,hallusionbench-image-VS-map-4,llava,hallusionbench,image,1,0,0,5,,1,1.0002626180549263,-0.0,-19.4821517981151
hallusionbench-image-VS-map-4-1-0,hallusionbench-image-VS-map-4,llava,hallusionbench,image,1,0,0,6,,1,1.0138198132593943,0.6741961647667953,3.8884069842591167
hallusionbench-image-VS-map-4-1-2,hallusionbench-image-VS-map-4,llava,hallusionbench,image,1,0,0,5,,1,1.0000934600845548,-0.0,-17.19552449203401
hallusionbench-image-VS-map-4-1-3,hallusionbench-image-VS-map-4,llava,hallusionbench,image,1,0,0,5,,1,1.0004743337666215,-0.0,-19.65843022340497
hallusionbench-image-VS-map-4-2-1,hallusionbench-image-VS-map-4,llava,hallusionbench,image,1,0,0,5,,1,1.2530989694994528,-0.0,-14.005652734201718
hallusionbench-image-VS-map-4-2-0,hallusionbench-image-VS-map-4,llava,hallusionbench,image,0,1,1,1,vision_hallucination|reasoning_hallucination,1,1.0004202127383957,-0.0,-12.067481910609773
hallusionbench-image-VS-map-4-2-2,hallusionbench-image-VS-map-4,llava,hallusionbench,image,0,1,1,1,vision_hallucination|reasoning_hallucination,1,1.0000530481329548,-0.0,-15.738820649318294
hallusionbench-image-VS-map-4-2-3,hallusionbench-image-VS-map-4,llava,hallusionbench,image,0,1,1,1,vision_hallucination|reasoning_hallucination,1,1.0000797510150592,-0.0,-15.53654748913223
hallusionbench-image-VS-map-5-1-0,hallusionbench-image-VS-map-5,llava,hallusionbench,image,1,0,1,1,vision_hallucination|reasoning_hallucination,1,1.0924384575658355,0.5089776264397794,61.02858541435539
hallusionbench-image-VS-map-5-1-1,hallusionbench-image-VS-map-5,llava,hallusionbench,image,0,1,1,1,reasoning_hallucination,1,1.7679752187729099,0.5718355192754279,127.64395348769945
hallusionbench-image-VS-map-5-1-2,hallusionbench-image-VS-map-5,llava,hallusionbench,image,1,0,0,4,,1,1.5541398329368346,0.6737502052010356,39.25019449038554
hallusionbench-image-VS-map-5-1-3,hallusionbench-image-VS-map-5,llava,hallusionbench,image,0,1,1,1,vision_hallucination|reasoning_hallucination,1,1.2840145871895534,0.44757754463416594,53.55640898717928
hallusionbench-image-VS-map-5-2-1,hallusionbench-image-VS-map-5,llava,hallusionbench,image,0,1,1,1,vision_hallucination|reasoning_hallucination,1,1.0006402730905748,-0.0,94.62639498203104
hallusionbench-image-VS-map-5-2-0,hallusionbench-image-VS-map-5,llava,hallusionbench,image,0,1,1,1,vision_hallucination|reasoning_hallucination,1,1.0023037196344047,0.6767931755264398,0.8071218812909695
hallusionbench-image-VS-map-5-2-2,hallusionbench-image-VS-map-5,llava,hallusionbench,image,1,0,1,2,vision_hallucination|reasoning_hallucination,1,1.1659207368944247,0.5028781438119002,-1.1193059044034008
hallusionbench-image-VS-map-5-2-3,hallusionbench-image-VS-map-5,llava,hallusionbench,image,1,0,1,1,vision_hallucination|reasoning_hallucination,1,1.0013322829860198,-0.0,-10.514711054511913
hallusionbench-image-VS-map-6-1-0,hallusionbench-image-VS-map-6,llava,hallusionbench,image,1,0,0,5,,1,1.0002776384363106,-0.0,-18.737705765449856
hallusionbench-image-VS-map-6-1-1,hallusionbench-image-VS-map-6,llava,hallusionbench,image,0,1,1,1,vision_hallucination|reasoning_hallucination,1,1.000348091130079,-0.0,-20.38616233358618
hallusionbench-image-VS-map-6-1-2,hallusionbench-image-VS-map-6,llava,hallusionbench,image,1,0,1,2,vision_hallucination,1,1.0003376006970004,-0.0,-20.822060627896413
hallusionbench-image-VS-map-6-2-0,hallusionbench-image-VS-map-6,llava,hallusionbench,image,0,1,1,1,reasoning_hallucination,1,1.0001266002605342,0.5003281035374749,-12.710696028206451
hallusionbench-image-VS-map-6-2-2,hallusionbench-image-VS-map-6,llava,hallusionbench,image,1,0,0,5,,1,1.000118255614683,-0.0,-15.201226246429037
hallusionbench-image-VS-map-6-2-1,hallusionbench-image-VS-map-6,llava,hallusionbench,image,1,0,1,1,reasoning_hallucination,1,1.0001211166380461,-0.0,-16.009853348761023
hallusionbench-image-VS-map-7-1-0,hallusionbench-image-VS-map-7,llava,hallusionbench,image,1,0,0,4,,1,1.0016065835868193,-0.0,1.3597673155053762
hallusionbench-image-VS-map-7-1-1,hallusionbench-image-VS-map-7,llava,hallusionbench,image,0,1,1,1,vision_hallucination|reasoning_hallucination,1,1.0224992044461292,0.6754680098469716,3.735179683718478
hallusionbench-image-VS-map-7-2-0,hallusionbench-image-VS-map-7,llava,hallusionbench,image,0,1,1,1,vision_hallucination|reasoning_hallucination,1,1.000087499619245,-0.0,-5.743717474096531
hallusionbench-image-VS-map-7-2-1,hallusionbench-image-VS-map-7,llava,hallusionbench,image,1,0,1,1,reasoning_hallucination,1,1.0041563510543832,0.6730077534290047,-11.019172149292366
hallusionbench-image-VS-map-8-1-0,hallusionbench-image-VS-map-8,llava,hallusionbench,image,1,0,1,1,vision_hallucination|reasoning_hallucination,1,1.0856725001254162,0.49708449833957713,59.83046893850578
hallusionbench-image-VS-map-8-1-1,hallusionbench-image-VS-map-8,llava,hallusionbench,image,0,1,1,1,vision_hallucination|reasoning_hallucination,1,1.1807974652107012,0.32075061876211575,65.03073738048965
hallusionbench-image-VS-map-8-2-0,hallusionbench-image-VS-map-8,llava,hallusionbench,image,0,1,1,1,vision_hallucination|reasoning_hallucination,1,1.0389276736980935,0.6751773140800943,31.05413299523091
hallusionbench-image-VS-map-8-1-2,hallusionbench-image-VS-map-8,llava,hallusionbench,image,1,0,1,1,vision_hallucination|reasoning_hallucination,1,1.0477555973791797,0.5574276913501344,98.20143968188961
hallusionbench-image-VS-map-8-2-1,hallusionbench-image-VS-map-8,llava,hallusionbench,image,0,1,1,1,vision_hallucination|reasoning_hallucination,1,1.000971913333744,-0.0,70.12222393591169
hallusionbench-image-VS-map-8-2-2,hallusionbench-image-VS-map-8,llava,hallusionbench,image,1,0,1,1,vision_hallucination|reasoning_hallucination,1,1.0284867290306678,-0.0,119.824704532549
hallusionbench-image-VS-map-9-1-1,hallusionbench-image-VS-map-9,llava,hallusionbench,image,0,1,1,1,vision_hallucination|reasoning_hallucination,1,1.0006090402586638,-0.0,-19.4958371340702
hallusionbench-image-VS-map-9-1-0,hallusionbench-image-VS-map-9,llava,hallusionbench,image,1,0,1,1,vision_hallucination|reasoning_hallucination,1,1.000510096569103,-0.0,-21.957024902849334
hallusionbench-image-VS-map-9-2-0,hallusionbench-image-VS-map-9,llava,hallusionbench,image,0,1,1,1,reasoning_hallucination,1,1.000082850453895,0.500505584095084,-12.330659844090233
hallusionbench-image-VS-map-9-2-1,hallusionbench-image-VS-map-9,llava,hallusionbench,image,1,0,1,1,vision_hallucination|reasoning_hallucination,1,1.0001207590105878,0.6729637401735404,-11.49452432724111
hallusionbench-image-VS-map-10-1-0,hallusionbench-image-VS-map-10,llava,hallusionbench,image,0,1,1,1,vision_hallucination|reasoning_hallucination,1,1.1474281597112386,0.6891764013774186,113.42338598358381
hallusionbench-image-VS-map-10-1-1,hallusionbench-image-VS-map-10,llava,hallusionbench,image,1,0,0,5,,1,1.0001202821741755,-0.0,-17.42259344832285
hallusionbench-image-VS-map-10-2-0,hallusionbench-image-VS-map-10,llava,hallusionbench,image,1,0,0,5,,1,1.0836885006352681,0.6601029227963024,149.63679903190288
hallusionbench-image-VS-ocr-0-1-1,hallusionbench-image-VS-ocr-0,llava,hallusionbench,image,1,0,1,1,vision_hallucination|reasoning_hallucination,1,1.224498639997051,-0.0,5.454627388179388
hallusionbench-image-VS-map-10-2-1,hallusionbench-image-VS-map-10,llava,hallusionbench,image,1,0,1,2,vision_hallucination|reasoning_hallucination,1,1.0032534599151155,0.6732500998233057,-12.333005590057144
hallusionbench-image-VS-ocr-0-2-1,hallusionbench-image-VS-ocr-0,llava,hallusionbench,image,1,0,1,1,vision_hallucination|reasoning_hallucination,1,1.4074359112825603,0.4058138542566642,68.31862235510745
hallusionbench-image-VS-ocr-0-2-0,hallusionbench-image-VS-ocr-0,llava,hallusionbench,image,1,0,1,1,vision_hallucination,1,1.10887145828472,-0.0,0.5688890037923429
hallusionbench-image-VS-ocr-1-2-0,hallusionbench-image-VS-ocr-1,llava,hallusionbench,image,0,1,0,5,,1,1.0001519918395458,-0.0,-15.60700441444246
hallusionbench-image-VS-ocr-1-1-0,hallusionbench-image-VS-ocr-1,llava,hallusionbench,image,1,0,1,1,vision_hallucination|reasoning_hallucination,1,1.0007076263575216,0.5004219148935025,-12.834432456172161
hallusionbench-image-VS-ocr-2-2-0,hallusionbench-image-VS-ocr-2,llava,hallusionbench,image,1,0,1,1,vision_hallucination,1,1.1939672174406664,0.5537253071546779,78.36569713282712
hallusionbench-image-VS-ocr-2-1-1,hallusionbench-image-VS-ocr-2,llava,hallusionbench,image,0,1,1,1,reasoning_hallucination,1,1.2323744321741759,-0.0,209.1670876631304
hallusionbench-image-VS-ocr-2-2-1,hallusionbench-image-VS-ocr-2,llava,hallusionbench,image,0,1,1,1,vision_hallucination|reasoning_hallucination,1,1.7550867723428139,0.6500634873769142,82.72301409660014
hallusionbench-image-VS-ocr-2-2-2,hallusionbench-image-VS-ocr-2,llava,hallusionbench,image,1,0,1,1,vision_hallucination|reasoning_hallucination,1,1.0348120927181579,-0.0,31.132171895269927
hallusionbench-image-VS-ocr-3-1-1,hallusionbench-image-VS-ocr-3,llava,hallusionbench,image,0,1,1,1,vision_hallucination|reasoning_hallucination,1,1.0591250649264043,-0.0,46.29710981793424
hallusionbench-image-VS-ocr-3-1-0,hallusionbench-image-VS-ocr-3,llava,hallusionbench,image,0,1,1,1,vision_hallucination|reasoning_hallucination,1,1.545879599788231,-0.0,10.867540471400403
hallusionbench-image-VS-ocr-3-1-2,hallusionbench-image-VS-ocr-3,llava,hallusionbench,image,1,0,1,1,vision_hallucination|reasoning_hallucination,1,1.026181459889389,-0.0,51.05384631725586
hallusionbench-image-VS-ocr-3-2-0,hallusionbench-image-VS-ocr-3,llava,hallusionbench,image,1,0,1,1,vision_hallucination|reasoning_hallucination,1,1.0001350641213473,-0.0,79.35543957255312
hallusionbench-image-VS-ocr-3-2-1,hallusionbench-image-VS-ocr-3,llava,hallusionbench,image,1,0,1,1,vision_hallucination|reasoning_hallucination,1,1.0008157491705485,-0.0,11.325106002803768
hallusionbench-image-VS-ocr-3-2-2,hallusionbench-image-VS-ocr-3,llava,hallusionbench,image,0,1,1,1,vision_hallucination|reasoning_hallucination,1,1.00108814237014,-0.0,-3.3738131615049696
hallusionbench-image-VS-ocr-4-1-0,hallusionbench-image-VS-ocr-4,llava,hallusionbench,image,0,1,1,1,vision_hallucination|reasoning_hallucination,1,1.000907659501652,0.6739276023521412,-9.673576686651435
hallusionbench-image-VS-ocr-4-1-1,hallusionbench-image-VS-ocr-4,llava,hallusionbench,image,0,1,1,1,vision_hallucination|reasoning_hallucination,1,1.0007312297689634,0.5777291109101095,79.30068036205384
hallusionbench-image-VS-ocr-4-2-0,hallusionbench-image-VS-ocr-4,llava,hallusionbench,image,0,1,1,1,vision_hallucination|reasoning_hallucination,1,1.0002311468054295,0.5005629364659756,-11.077854765515939
hallusionbench-image-VS-ocr-4-2-1,hallusionbench-image-VS-ocr-4,llava,hallusionbench,image,1,0,1,2,vision_hallucination|reasoning_hallucination,1,1.00033593178718,0.5003525024633172,-13.28763057075754
hallusionbench-image-VS-ocr-5-1-0,hallusionbench-image-VS-ocr-5,llava,hallusionbench,image,1,0,1,1,vision_hallucination|reasoning_hallucination,1,1.008946180760934,0.6731516826796942,-15.235477652242999
hallusionbench-image-VS-ocr-5-1-1,hallusionbench-image-VS-ocr-5,llava,hallusionbench,image,0,1,1,0,vision_hallucination|reasoning_hallucination,1,1.0344583975007196,0.5014278923816752,-10.17545063723763
hallusionbench-image-VS-ocr-5-2-1,hallusionbench-image-VS-ocr-5,llava,hallusionbench,image,1,0,1,1,vision_hallucination,1,1.0269182926151668,0.44728869237481617,26.11516255130861
hallusionbench-image-VS-ocr-6-1-0,hallusionbench-image-VS-ocr-6,llava,hallusionbench,image,1,0,1,1,vision_hallucination|reasoning_hallucination,1,1.250706547475951,0.3340606178701118,110.41040799180324
hallusionbench-image-VS-ocr-5-2-0,hallusionbench-image-VS-ocr-5,llava,hallusionbench,image,0,1,1,1,reasoning_hallucination,1,1.0001515150027966,0.6070771190760827,64.24380460782487
hallusionbench-image-VS-ocr-6-1-1,hallusionbench-image-VS-ocr-6,llava,hallusionbench,image,0,1,1,1,vision_hallucination|reasoning_hallucination,1,1.2880530398607948,0.41804046445714116,27.567808359510565
hallusionbench-image-VS-ocr-6-2-0,hallusionbench-image-VS-ocr-6,llava,hallusionbench,image,1,0,1,1,vision_hallucination|reasoning_hallucination,1,1.0073143243302285,-0.0,4.303474026389516
hallusionbench-image-VS-ocr-6-2-1,hallusionbench-image-VS-ocr-6,llava,hallusionbench,image,1,0,1,2,vision_hallucination|reasoning_hallucination,1,1.6769049999673546,0.40281550452997156,238.63194110467487
hallusionbench-image-VS-ocr-7-1-1,hallusionbench-image-VS-ocr-7,llava,hallusionbench,image,1,0,0,6,,1,1.0002628564779241,0.6385792225483986,36.191931429926385
hallusionbench-image-VS-ocr-7-2-0,hallusionbench-image-VS-ocr-7,llava,hallusionbench,image,0,1,1,1,vision_hallucination|reasoning_hallucination,1,1.0001322031090236,-0.0,-13.912599025210907
hallusionbench-image-VS-ocr-7-2-1,hallusionbench-image-VS-ocr-7,llava,hallusionbench,image,0,1,1,1,vision_hallucination|reasoning_hallucination,1,1.0000740289657837,0.6744236530585057,-4.416557612863722
hallusionbench-image-VS-ocr-7-1-0,hallusionbench-image-VS-ocr-7,llava,hallusionbench,image,1,0,1,1,vision_hallucination|reasoning_hallucination,1,1.000315308560817,-0.0,-12.776247633995222
hallusionbench-image-VS-ocr-8-1-0,hallusionbench-image-VS-ocr-8,llava,hallusionbench,image,1,0,1,1,vision_hallucination|reasoning_hallucination,1,1.0549947014022096,0.6754280897880165,-5.574525422382786
hallusionbench-image-VS-ocr-8-1-1,hallusionbench-image-VS-ocr-8,llava,hallusionbench,image,1,0,1,1,vision_hallucination|reasoning_hallucination,1,1.0100576876431664,0.6804152515517381,15.529094719204412
hallusionbench-image-VS-ocr-8-2-1,hallusionbench-image-VS-ocr-8,llava,hallusionbench,image,0,1,1,2,reasoning_hallucination,1,1.0002131462066024,0.5004229194438152,-11.507585800136734
hallusionbench-image-VS-ocr-8-2-0,hallusionbench-image-VS-ocr-8,llava,hallusionbench,image,0,1,1,1,vision_hallucination|reasoning_hallucination,1,1.0000892877565632,0.5002989189568635,-13.424822301799153
hallusionbench-image-VS-ocr-9-1-1,hallusionbench-image-VS-ocr-9,llava,hallusionbench,image,1,0,1,1,vision_hallucination|reasoning_hallucination,1,1.0007396936205657,0.6857810364650987,30.321954815487786
hallusionbench-image-VS-ocr-9-1-0,hallusionbench-image-VS-ocr-9,llava,hallusionbench,image,1,0,1,1,vision_hallucination|reasoning_hallucination,1,1.0005416869878496,0.5007644707292074,-14.934325077403056
hallusionbench-image-VS-ocr-9-2-1,hallusionbench-image-VS-ocr-9,llava,hallusionbench,image,0,1,1,1,vision_hallucination|reasoning_hallucination,1,1.000135183332191,0.671905749434381,-8.801802629849524
hallusionbench-image-VS-ocr-9-2-0,hallusionbench-image-VS-ocr-9,llava,hallusionbench,image,0,1,1,1,vision_hallucination|reasoning_hallucination,1,1.0001509189535414,-0.0,-17.70103904315421
hallusionbench-image-VS-ocr-10-1-0,hallusionbench-image-VS-ocr-10,llava,hallusionbench,image,1,0,1,1,vision_hallucination|reasoning_hallucination,1,1.0035895110129889,0.6748521952700408,-9.736313602023083
hallusionbench-image-VS-ocr-10-1-1,hallusionbench-image-VS-ocr-10,llava,hallusionbench,image,1,0,1,1,vision_hallucination,1,1.005995869587576,0.6723425086649224,-13.371141190394159
hallusionbench-image-VS-ocr-10-2-0,hallusionbench-image-VS-ocr-10,llava,hallusionbench,image,0,1,1,2,vision_hallucination|reasoning_hallucination,1,1.0001491308224604,-0.0,-9.257106926835881
hallusionbench-image-VS-ocr-11-1-0,hallusionbench-image-VS-ocr-11,llava,hallusionbench,image,1,0,1,1,vision_hallucination|reasoning_hallucination,1,1.000992775001752,-0.0,-14.62431771377615
hallusionbench-image-VS-ocr-10-2-1,hallusionbench-image-VS-ocr-10,llava,hallusionbench,image,0,1,1,1,vision_hallucination|reasoning_hallucination,1,1.0001504421173035,0.6658496701496319,12.960933529375303
hallusionbench-image-VS-ocr-11-2-0,hallusionbench-image-VS-ocr-11,llava,hallusionbench,image,0,1,1,1,reasoning_hallucination,1,1.0002131462066024,-0.0,-11.208588411757107
hallusionbench-image-VS-ocr-11-1-1,hallusionbench-image-VS-ocr-11,llava,hallusionbench,image,1,0,1,1,reasoning_hallucination,1,1.0028988122354021,-0.0,-17.83856072316287
hallusionbench-image-VS-ocr-11-2-1,hallusionbench-image-VS-ocr-11,llava,hallusionbench,image,0,1,1,1,vision_hallucination|reasoning_hallucination,1,1.0002733469131864,-0.0,-14.273248885862477
hallusionbench-image-VS-ocr-12-1-0,hallusionbench-image-VS-ocr-12,llava,hallusionbench,image,1,0,1,1,vision_hallucination|reasoning_hallucination,1,1.0006734132570052,0.5008394250871212,-16.17296050344629
hallusionbench-image-VS-ocr-12-1-1,hallusionbench-image-VS-ocr-12,llava,hallusionbench,image,0,1,1,1,vision_hallucination|reasoning_hallucination,1,1.001680254962937,0.5083525516244851,-1.6648433693577651
hallusionbench-image-VS-ocr-12-2-1,hallusionbench-image-VS-ocr-12,llava,hallusionbench,image,0,1,1,1,vision_hallucination|reasoning_hallucination,1,1.0013331175140041,0.49927851749554286,-9.694445040182268
hallusionbench-image-VS-ocr-12-2-0,hallusionbench-image-VS-ocr-12,llava,hallusionbench,image,0,1,1,1,vision_hallucination|reasoning_hallucination,1,1.0001404285360562,-0.0,-9.031174999278832
hallusionbench-image-VD-illusion-0-0-1,hallusionbench-image-VD-illusion-0,llava,hallusionbench,image,0,1,1,1,vision_hallucination|reasoning_hallucination,1,1.4658510675317478,0.6288188525461601,100.74602367056514
hallusionbench-image-VD-illusion-0-0-0,hallusionbench-image-VD-illusion-0,llava,hallusionbench,image,0,1,1,1,vision_hallucination|reasoning_hallucination,1,1.0004637241427188,-0.0,-18.040983248487922
hallusionbench-image-VD-illusion-0-1-0,hallusionbench-image-VD-illusion-0,llava,hallusionbench,image,1,0,0,5,,1,1.0092262027824246,-0.0,-4.944666714105125
hallusionbench-image-VD-illusion-0-0-2,hallusionbench-image-VD-illusion-0,llava,hallusionbench,image,0,1,1,1,vision_hallucination|reasoning_hallucination,1,1.061382889517721,0.49447475173819555,174.8371129537878
hallusionbench-image-VD-illusion-0-1-1,hallusionbench-image-VD-illusion-0,llava,hallusionbench,image,1,0,0,5,,1,1.001324057577829,-0.0,-18.131348864028503
hallusionbench-image-VD-illusion-0-1-2,hallusionbench-image-VD-illusion-0,llava,hallusionbench,image,0,1,1,1,vision_hallucination|reasoning_hallucination,1,1.040200115243957,0.5999118621456991,149.75590201998023
hallusionbench-image-VD-illusion-1-0-0,hallusionbench-image-VD-illusion-1,llava,hallusionbench,image,0,1,1,0,vision_hallucination|reasoning_hallucination,1,1.007369876093327,0.07568318372173007,89.30139955526283
hallusionbench-image-VD-illusion-1-0-1,hallusionbench-image-VD-illusion-1,llava,hallusionbench,image,0,1,1,1,vision_hallucination|reasoning_hallucination,1,1.3253657798030516,0.6866227590350826,58.699266212863435
hallusionbench-image-VD-illusion-1-0-2,hallusionbench-image-VD-illusion-1,llava,hallusionbench,image,1,0,1,1,vision_hallucination|reasoning_hallucination,1,1.0022071600466866,0.5974561570478703,73.86350030503316
hallusionbench-image-VD-illusion-1-1-1,hallusionbench-image-VD-illusion-1,llava,hallusionbench,image,1,0,0,6,,1,1.3917939497677496,0.6812881258421433,181.8511060923669
hallusionbench-image-VD-illusion-1-1-0,hallusionbench-image-VD-illusion-1,llava,hallusionbench,image,0,1,1,1,vision_hallucination|reasoning_hallucination,1,1.0016374588498695,-0.0,-2.178655762432559
hallusionbench-image-VD-illusion-1-1-2,hallusionbench-image-VD-illusion-1,llava,hallusionbench,image,1,0,0,6,,1,1.0004359483748688,0.6731239637303066,-12.290445920348407
hallusionbench-image-VD-illusion-2-0-0,hallusionbench-image-VD-illusion-2,llava,hallusionbench,image,0,1,1,0,vision_hallucination|reasoning_hallucination,1,1.956171905097562,0.6697895786960248,124.60532579159167
hallusionbench-image-VD-illusion-2-0-1,hallusionbench-image-VD-illusion-2,llava,hallusionbench,image,0,1,1,2,vision_hallucination|reasoning_hallucination,1,1.1255859097306868,0.6364249539151525,149.88756798135466
hallusionbench-image-VD-illusion-2-0-2,hallusionbench-image-VD-illusion-2,llava,hallusionbench,image,0,1,1,1,vision_hallucination|reasoning_hallucination,1,1.0041294098944842,0.6930710437024892,84.91996951657273
hallusionbench-image-VD-illusion-2-1-0,hallusionbench-image-VD-illusion-2,llava,hallusionbench,image,0,1,1,1,vision_hallucination|reasoning_hallucination,1,1.131288047884147,-0.0,5.305417300968983
hallusionbench-image-VD-illusion-2-1-2,hallusionbench-image-VD-illusion-2,llava,hallusionbench,image,1,0,1,2,vision_hallucination|reasoning_hallucination,1,1.0002059936494299,0.5023971112221838,-7.586977744619149
hallusionbench-image-VD-illusion-3-0-0,hallusionbench-image-VD-illusion-3,llava,hallusionbench,image,0,1,1,1,vision_hallucination|reasoning_hallucination,1,1.0011240244297817,-0.0,-15.319696615420378
hallusionbench-image-VD-illusion-3-0-1,hallusionbench-image-VD-illusion-3,llava,hallusionbench,image,0,1,1,1,vision_hallucination|reasoning_hallucination,1,1.0318540344609899,0.636001307760501,72.83012839260405
hallusionbench-image-VD-illusion-2-1-1,hallusionbench-image-VD-illusion-2,llava,hallusionbench,image,0,1,1,1,vision_hallucination|reasoning_hallucination,1,1.9397000405323177,0.4832593655272248,83.15897722388098
hallusionbench-image-VD-illusion-3-0-2,hallusionbench-image-VD-illusion-3,llava,hallusionbench,image,0,1,1,1,vision_hallucination|reasoning_hallucination,1,1.06965422464266,0.5910499763406497,98.10860876952592
hallusionbench-image-VD-illusion-3-1-0,hallusionbench-image-VD-illusion-3,llava,hallusionbench,image,1,0,1,1,vision_hallucination,1,1.0009696483724853,0.6730433077653633,-10.686766577428223
hallusionbench-image-VD-illusion-3-1-2,hallusionbench-image-VD-illusion-3,llava,hallusionbench,image,0,1,1,1,vision_hallucination|reasoning_hallucination,1,1.1292197717409478,0.5410298998426621,76.00541619328625
hallusionbench-image-VD-illusion-3-1-1,hallusionbench-image-VD-illusion-3,llava,hallusionbench,image,0,1,1,1,vision_hallucination|reasoning_hallucination,1,1.0028575659581378,0.6607434503184328,22.4505279642472
hallusionbench-image-VD-illusion-4-0-0,hallusionbench-image-VD-illusion-4,llava,hallusionbench,image,1,0,0,5,,1,1.0044451952984081,-0.0,-14.71979867041773
hallusionbench-image-VD-illusion-4-1-0,hallusionbench-image-VD-illusion-4,llava,hallusionbench,image,0,1,0,3,,1,1.000231385235481,-0.0,-12.455867605807182
hallusionbench-image-VD-illusion-5-0-0,hallusionbench-image-VD-illusion-5,llava,hallusionbench,image,1,0,1,1,vision_hallucination,1,1.000788092631908,0.6713840797914035,-6.6664932600363045
hallusionbench-image-VD-illusion-9-0-0,hallusionbench-image-VD-illusion-9,llava,hallusionbench,image,0,1,1,1,vision_hallucination,1,1.0004858970579265,0.6739808549277728,-10.749912247445998
hallusionbench-image-VD-illusion-9-0-1,hallusionbench-image-VD-illusion-9,llava,hallusionbench,image,1,0,0,5,,1,1.0002249479351468,-0.0,-15.308883114377798
hallusionbench-image-VD-illusion-9-1-0,hallusionbench-image-VD-illusion-9,llava,hallusionbench,image,1,0,0,5,,1,1.000075936319181,0.6730123880806061,-10.402906356308087
hallusionbench-image-VD-illusion-9-1-1,hallusionbench-image-VD-illusion-9,llava,hallusionbench,image,0,1,1,1,reasoning_hallucination,1,1.000182867048161,-0.0,-17.9969132855114
hallusionbench-image-VD-illusion-10-0-0,hallusionbench-image-VD-illusion-10,llava,hallusionbench,image,0,1,1,1,vision_hallucination|reasoning_hallucination,1,1.0009469985756707,0.6732205197161258,-14.086430145923998
hallusionbench-image-VD-illusion-10-0-1,hallusionbench-image-VD-illusion-10,llava,hallusionbench,image,0,1,1,1,vision_hallucination|reasoning_hallucination,1,1.0029259919522229,0.4899102291205143,126.67885957184436
hallusionbench-image-VD-illusion-10-1-0,hallusionbench-image-VD-illusion-10,llava,hallusionbench,image,1,0,1,1,vision_hallucination,1,1.0005646944119182,0.6930173587733287,81.51738363161033
hallusionbench-image-VD-illusion-10-1-1,hallusionbench-image-VD-illusion-10,llava,hallusionbench,image,1,0,1,1,vision_hallucination|reasoning_hallucination,1,1.0015112161478963,0.4920641781693831,-5.995307085108114
hallusionbench-image-VD-illusion-11-0-1,hallusionbench-image-VD-illusion-11,llava,hallusionbench,image,0,1,1,1,vision_hallucination|reasoning_hallucination,1,1.069367526811153,0.646033946957345,138.67697006001342
hallusionbench-image-VD-illusion-11-0-0,hallusionbench-image-VD-illusion-11,llava,hallusionbench,image,0,1,1,1,vision_hallucination|reasoning_hallucination,1,1.0004014968770043,0.6729308721465408,-15.102589559502324
hallusionbench-image-VD-illusion-11-1-0,hallusionbench-image-VD-illusion-11,llava,hallusionbench,image,1,0,0,5,,1,1.0062479974637113,-0.0,-15.137079034831599
hallusionbench-image-VD-illusion-11-0-2,hallusionbench-image-VD-illusion-11,llava,hallusionbench,image,0,1,1,1,vision_hallucination,1,1.4806552032641311,0.6440168961014161,98.81277913738165
hallusionbench-image-VD-illusion-11-1-1,hallusionbench-image-VD-illusion-11,llava,hallusionbench,image,0,1,1,1,vision_hallucination|reasoning_hallucination,1,1.3003277734990442,0.5606896236424485,216.23068754326454
hallusionbench-image-VD-illusion-11-1-2,hallusionbench-image-VD-illusion-11,llava,hallusionbench,image,0,1,1,1,vision_hallucination|reasoning_hallucination,1,1.185288427504295,0.6817231199728151,54.435919670751026
hallusionbench-image-VD-illusion-12-1-0,hallusionbench-image-VD-illusion-12,llava,hallusionbench,image,1,0,0,3,,1,1.000240564348069,0.6728975764514067,-12.217870787944685
hallusionbench-image-VD-illusion-12-0-0,hallusionbench-image-VD-illusion-12,llava,hallusionbench,image,1,0,1,1,vision_hallucination|reasoning_hallucination,1,1.000740885722194,0.6743499407941178,-12.535694488418411
hallusionbench-image-VD-illusion-13-0-0,hallusionbench-image-VD-illusion-13,llava,hallusionbench,image,1,0,0,4,,1,1.0249929427373439,0.6724694681861367,-13.59476498236062
hallusionbench-image-VD-illusion-13-1-0,hallusionbench-image-VD-illusion-13,llava,hallusionbench,image,0,1,0,3,,1,1.0086580515313974,-0.0,-12.124204030326005
hallusionbench-image-VD-illusion-14-0-0,hallusionbench-image-VD-illusion-14,llava,hallusionbench,image,1,0,0,5,,1,1.0268074278791932,0.6749274959190854,-8.219309213631364
hallusionbench-image-VD-illusion-14-0-1,hallusionbench-image-VD-illusion-14,llava,hallusionbench,image,1,0,0,5,,1,1.1051392515775758,0.07593932386208553,117.68930972202622
hallusionbench-image-VD-illusion-14-0-2,hallusionbench-image-VD-illusion-14,llava,hallusionbench,image,0,1,1,1,vision_hallucination|reasoning_hallucination,1,1.0016984940112093,0.6775836740821368,1.5153028011801766
hallusionbench-image-VD-illusion-14-0-3,hallusionbench-image-VD-illusion-14,llava,hallusionbench,image,1,0,1,1,vision_hallucination|reasoning_hallucination,1,1.0017561912633042,0.6749030349164156,4.6930126441502065
hallusionbench-image-VD-illusion-14-1-0,hallusionbench-image-VD-illusion-14,llava,hallusionbench,image,0,1,1,1,vision_hallucination|reasoning_hallucination,1,1.0117726323020357,0.6764070279087495,1.8548113737886247
hallusionbench-image-VD-illusion-14-1-1,hallusionbench-image-VD-illusion-14,llava,hallusionbench,image,0,1,1,1,vision_hallucination|reasoning_hallucination,1,1.0847238291499661,0.513504890636538,13.196069361231043
hallusionbench-image-VD-illusion-14-1-2,hallusionbench-image-VD-illusion-14,llava,hallusionbench,image,1,0,0,5,,1,1.0036042928577946,0.6730284355019764,-12.162135145853412
hallusionbench-image-VD-illusion-14-1-3,hallusionbench-image-VD-illusion-14,llava,hallusionbench,image,1,0,0,5,,1,1.001241087921227,0.4932057711306781,-7.855971324567472
hallusionbench-image-VD-illusion-15-0-0,hallusionbench-image-VD-illusion-15,llava,hallusionbench,image,0,1,1,1,reasoning_hallucination,1,1.0055590867328361,-0.0,45.940483619322734
hallusionbench-image-VD-illusion-15-0-1,hallusionbench-image-VD-illusion-15,llava,hallusionbench,image,1,0,1,1,vision_hallucination|reasoning_hallucination,1,1.1828482112191196,0.6912039404948185,129.62658974770454
hallusionbench-image-VD-illusion-15-1-0,hallusionbench-image-VD-illusion-15,llava,hallusionbench,image,1,0,0,4,,1,1.0009368657967064,0.6799724756246307,9.099405729630927
hallusionbench-image-VD-illusion-15-1-1,hallusionbench-image-VD-illusion-15,llava,hallusionbench,image,1,0,0,5,,1,1.0075154302641252,0.5123237923156683,30.895981876137327
hallusionbench-image-VD-illusion-16-0-1,hallusionbench-image-VD-illusion-16,llava,hallusionbench,image,0,1,1,1,vision_hallucination|reasoning_hallucination,1,1.014456033672314,0.6923481313530188,122.87120914586377
hallusionbench-image-VD-illusion-16-0-0,hallusionbench-image-VD-illusion-16,llava,hallusionbench,image,0,1,1,1,vision_hallucination|reasoning_hallucination,1,1.0036706923374097,0.6739998292523972,-4.132166019802211
hallusionbench-image-VD-illusion-16-1-0,hallusionbench-image-VD-illusion-16,llava,hallusionbench,image,0,1,1,1,reasoning_hallucination,1,1.0149074790562818,0.6698020808803968,-6.876222197954342
hallusionbench-image-VD-illusion-16-1-1,hallusionbench-image-VD-illusion-16,llava,hallusionbench,image,0,1,0,3,,1,1.0235862723483309,0.5019492572584365,-9.010734761858664
hallusionbench-image-VD-illusion-17-0-0,hallusionbench-image-VD-illusion-17,llava,hallusionbench,image,0,1,1,1,vision_hallucination|reasoning_hallucination,1,1.001821398763918,-0.0,-12.233579921219462
hallusionbench-image-VD-illusion-17-0-1,hallusionbench-image-VD-illusion-17,llava,hallusionbench,image,0,1,1,1,vision_hallucination|reasoning_hallucination,1,1.0013779402307232,0.4358572770731449,29.58583134849863
hallusionbench-image-VD-illusion-17-1-1,hallusionbench-image-VD-illusion-17,llava,hallusionbench,image,1,0,0,4,,1,1.0034828185348479,0.6465903496225062,88.22687544120528
hallusionbench-image-VD-illusion-17-1-0,hallusionbench-image-VD-illusion-17,llava,hallusionbench,image,1,0,0,4,,1,1.000347495080128,-0.0,-17.894158370682714
hallusionbench-image-VD-illusion-18-0-0,hallusionbench-image-VD-illusion-18,llava,hallusionbench,image,0,1,1,1,vision_hallucination|reasoning_hallucination,1,1.0170695788502844,0.5035721506181869,-5.701469640142278
hallusionbench-image-VD-illusion-18-0-1,hallusionbench-image-VD-illusion-18,llava,hallusionbench,image,0,1,0,4,,1,1.0539546019984185,0.6931464295676066,192.1270731815859
hallusionbench-image-VD-illusion-18-1-0,hallusionbench-image-VD-illusion-18,llava,hallusionbench,image,1,0,0,5,,1,1.000347495080128,0.6277482463874491,44.639205069645186
hallusionbench-image-VD-illusion-18-1-1,hallusionbench-image-VD-illusion-18,llava,hallusionbench,image,1,0,0,5,,1,1.0034829379256873,0.6796047190910226,19.99844949089239
hallusionbench-image-VD-illusion-19-0-1,hallusionbench-image-VD-illusion-19,llava,hallusionbench,image,1,0,0,5,,1,1.019645214762155,0.5019860648309779,-6.270068001882979
hallusionbench-image-VD-illusion-19-0-2,hallusionbench-image-VD-illusion-19,llava,hallusionbench,image,1,0,0,4,,1,1.0460946543341536,0.6739489344294766,112.2031670266108
hallusionbench-image-VD-illusion-19-0-3,hallusionbench-image-VD-illusion-19,llava,hallusionbench,image,1,0,1,1,vision_hallucination,1,1.3511079462677626,0.6737232570562557,13.130003262271899
hallusionbench-image-VD-illusion-19-1-0,hallusionbench-image-VD-illusion-19,llava,hallusionbench,image,1,0,0,4,,1,1.0000115633006383,0.6923386708819357,81.78691112227146
hallusionbench-image-VD-illusion-19-0-0,hallusionbench-image-VD-illusion-19,llava,hallusionbench,image,1,0,0,5,,1,1.0068391563568708,0.4882193985887337,-11.765515035808633
hallusionbench-image-VD-illusion-19-1-1,hallusionbench-image-VD-illusion-19,llava,hallusionbench,image,0,1,1,1,reasoning_hallucination,1,1.7316829226149433,-0.0,-10.001241985095975
hallusionbench-image-VD-illusion-19-1-3,hallusionbench-image-VD-illusion-19,llava,hallusionbench,image,0,1,1,1,vision_hallucination|reasoning_hallucination,1,1.0138283969568285,-0.0,-8.31714664069058
hallusionbench-image-VD-illusion-19-1-2,hallusionbench-image-VD-illusion-19,llava,hallusionbench,image,1,0,0,5,,1,1.0084409715140252,0.4766805515782375,-1.8794461422967554
hallusionbench-image-VD-illusion-20-0-0,hallusionbench-image-VD-illusion-20,llava,hallusionbench,image,1,0,1,1,vision_hallucination,1,1.002302289095592,-0.0,-19.465992413658412
hallusionbench-image-VD-illusion-20-1-0,hallusionbench-image-VD-illusion-20,llava,hallusionbench,image,0,1,1,2,vision_hallucination|reasoning_hallucination,1,1.0305689571672838,0.6737825489819532,-11.527472430991
hallusionbench-image-VD-illusion-21-0-1,hallusionbench-image-VD-illusion-21,llava,hallusionbench,image,1,0,1,2,vision_hallucination|reasoning_hallucination,1,1.0117627383401369,-0.0,-14.951410820629313
hallusionbench-image-VD-illusion-21-0-0,hallusionbench-image-VD-illusion-21,llava,hallusionbench,image,1,0,1,2,vision_hallucination|reasoning_hallucination,1,1.1433312842919159,-0.0,-18.60826766765735
hallusionbench-image-VD-illusion-21-0-3,hallusionbench-image-VD-illusion-21,llava,hallusionbench,image,0,1,1,1,vision_hallucination|reasoning_hallucination,1,1.9573126721821072,-0.0,74.49970285370229
hallusionbench-image-VD-illusion-21-0-2,hallusionbench-image-VD-illusion-21,llava,hallusionbench,image,0,1,1,1,vision_hallucination|reasoning_hallucination,1,1.3948309269626407,-0.0,50.501527834324484
hallusionbench-image-VD-illusion-21-1-0,hallusionbench-image-VD-illusion-21,llava,hallusionbench,image,1,0,0,4,,1,1.0007331371161186,0.6723103440904766,-10.926762887135002
hallusionbench-image-VD-illusion-21-1-1,hallusionbench-image-VD-illusion-21,llava,hallusionbench,image,0,1,1,1,reasoning_hallucination,1,1.3409307049386674,-0.0,18.242064965483184
hallusionbench-image-VD-illusion-21-1-2,hallusionbench-image-VD-illusion-21,llava,hallusionbench,image,1,0,0,5,,1,1.0116512777657962,0.676341548924777,10.357469230106352
hallusionbench-image-VD-illusion-22-0-0,hallusionbench-image-VD-illusion-22,llava,hallusionbench,image,0,1,1,1,vision_hallucination|reasoning_hallucination,1,1.0043870210388746,0.6726536365682914,-9.706502618028058
hallusionbench-image-VD-illusion-21-1-3,hallusionbench-image-VD-illusion-21,llava,hallusionbench,image,0,1,1,1,vision_hallucination|reasoning_hallucination,1,1.0102082486966515,0.6899599440884888,60.848970960058715
hallusionbench-image-VD-illusion-22-1-0,hallusionbench-image-VD-illusion-22,llava,hallusionbench,image,1,0,0,5,,1,1.0053416488863218,0.4717647884215972,-0.1289540975327501
hallusionbench-image-VD-illusion-23-0-0,hallusionbench-image-VD-illusion-23,llava,hallusionbench,image,1,0,1,1,vision_hallucination|reasoning_hallucination,1,1.106768603940465,0.488522330487296,-0.5773798453445043
hallusionbench-image-VD-illusion-23-0-1,hallusionbench-image-VD-illusion-23,llava,hallusionbench,image,1,0,1,1,vision_hallucination|reasoning_hallucination,1,1.0028969049636711,0.6924023915975683,104.06956667522871
hallusionbench-image-VD-illusion-23-1-0,hallusionbench-image-VD-illusion-23,llava,hallusionbench,image,1,0,0,5,,1,1.0007331371161186,0.40261889237590254,19.856239142428798
hallusionbench-image-VD-illusion-23-1-1,hallusionbench-image-VD-illusion-23,llava,hallusionbench,image,1,0,0,5,,1,1.0116512777657962,0.4770850474843134,3.399405753749095
hallusionbench-image-VD-illusion-24-0-1,hallusionbench-image-VD-illusion-24,llava,hallusionbench,image,1,0,1,1,vision_hallucination,1,1.0292015068279254,-0.0,70.82312290634295
hallusionbench-image-VD-illusion-24-0-0,hallusionbench-image-VD-illusion-24,llava,hallusionbench,image,1,0,1,1,vision_hallucination|reasoning_hallucination,1,1.0592039827785669,0.6813081007187515,12.563556708310113
hallusionbench-image-VD-illusion-24-1-0,hallusionbench-image-VD-illusion-24,llava,hallusionbench,image,1,0,0,4,,1,1.0007331371161186,0.5082984778857846,-2.7172502638162825
hallusionbench-image-VD-illusion-24-1-1,hallusionbench-image-VD-illusion-24,llava,hallusionbench,image,1,0,0,4,,1,1.0116512777657962,0.49441884909319794,-5.131179189027403
hallusionbench-image-VD-illusion-25-0-0,hallusionbench-image-VD-illusion-25,llava,hallusionbench,image,0,1,1,1,vision_hallucination|reasoning_hallucination,1,1.0028628109918858,0.6730485774125257,-12.760033563902262
hallusionbench-image-VD-illusion-25-0-1,hallusionbench-image-VD-illusion-25,llava,hallusionbench,image,1,0,1,1,vision_hallucination|reasoning_hallucination,1,1.0021724700146217,0.6829680870661811,142.80603512220785
hallusionbench-image-VD-illusion-25-0-2,hallusionbench-image-VD-illusion-25,llava,hallusionbench,image,1,0,1,1,vision_hallucination|reasoning_hallucination,1,1.00773155694309,0.6924737488418561,87.12262425590336
hallusionbench-image-VD-illusion-25-1-0,hallusionbench-image-VD-illusion-25,llava,hallusionbench,image,1,0,0,5,,1,1.569860095989267,0.48911703714004795,1.7969116590477388
hallusionbench-image-VD-illusion-25-1-1,hallusionbench-image-VD-illusion-25,llava,hallusionbench,image,1,0,0,5,,1,1.0455733531379936,0.6923070552138885,153.38141974016412
hallusionbench-image-VD-illusion-25-1-2,hallusionbench-image-VD-illusion-25,llava,hallusionbench,image,1,0,1,2,vision_hallucination|reasoning_hallucination,1,1.026282190506825,0.6906561961691371,116.88715779652247
hallusionbench-image-VD-illusion-26-0-0,hallusionbench-image-VD-illusion-26,llava,hallusionbench,image,1,0,1,1,vision_hallucination|reasoning_hallucination,1,1.0171936741161938,0.6732934488238194,-14.112016940836707
hallusionbench-image-VD-illusion-26-1-0,hallusionbench-image-VD-illusion-26,llava,hallusionbench,image,1,0,1,1,reasoning_hallucination,1,1.0176486977014387,-0.0,-11.001762766874972
hallusionbench-image-VD-illusion-27-0-0,hallusionbench-image-VD-illusion-27,llava,hallusionbench,image,0,1,1,1,vision_hallucination|reasoning_hallucination,1,1.0031613110531334,0.6792600143047776,6.18462576300108
hallusionbench-image-VD-illusion-27-0-1,hallusionbench-image-VD-illusion-27,llava,hallusionbench,image,0,1,1,1,vision_hallucination|reasoning_hallucination,1,1.0016644000834205,0.6772066515382511,14.740903385101808
hallusionbench-image-VD-illusion-27-0-2,hallusionbench-image-VD-illusion-27,llava,hallusionbench,image,0,1,1,1,vision_hallucination|reasoning_hallucination,1,1.0084339379907614,0.6135897642703618,69.31642106436436
hallusionbench-image-VD-illusion-27-1-0,hallusionbench-image-VD-illusion-27,llava,hallusionbench,image,1,0,1,1,vision_hallucination,1,1.0060722828493551,0.5331599549965852,68.22022347020149
hallusionbench-image-VD-illusion-27-1-1,hallusionbench-image-VD-illusion-27,llava,hallusionbench,image,1,0,0,5,,1,1.0388834486392187,0.4600457475425932,22.385843364435367
hallusionbench-image-VD-illusion-27-1-2,hallusionbench-image-VD-illusion-27,llava,hallusionbench,image,1,0,1,1,reasoning_hallucination,1,1.2317445308858672,-0.0,34.31639004918466
hallusionbench-image-VD-illusion-28-0-0,hallusionbench-image-VD-illusion-28,llava,hallusionbench,image,0,1,1,1,vision_hallucination|reasoning_hallucination,1,1.002489805332312,0.48554706605817416,0.9802837880277853
hallusionbench-image-VD-illusion-28-0-1,hallusionbench-image-VD-illusion-28,llava,hallusionbench,image,0,1,1,1,vision_hallucination|reasoning_hallucination,1,1.0144387480184933,0.4153308405259011,23.311687256293734
hallusionbench-image-VD-illusion-28-0-2,hallusionbench-image-VD-illusion-28,llava,hallusionbench,image,0,1,1,1,vision_hallucination|reasoning_hallucination,1,1.0427464242081164,0.4479106975251488,46.91444236534194
hallusionbench-image-VD-illusion-28-1-0,hallusionbench-image-VD-illusion-28,llava,hallusionbench,image,1,0,0,4,,1,1.0010275840848082,0.5012855821275624,-1.0339528292673812
hallusionbench-image-VD-illusion-28-1-1,hallusionbench-image-VD-illusion-28,llava,hallusionbench,image,1,0,0,5,,1,1.0791861966282728,0.6747667491731502,13.129086596471277
hallusionbench-image-VD-illusion-28-1-2,hallusionbench-image-VD-illusion-28,llava,hallusionbench,image,0,1,1,1,vision_hallucination|reasoning_hallucination,1,1.3949108252551567,0.3068393362015822,55.234979121910655
hallusionbench-image-VD-illusion-29-0-1,hallusionbench-image-VD-illusion-29,llava,hallusionbench,image,0,1,1,1,vision_hallucination|reasoning_hallucination,1,1.1921780052410018,0.6356270354379231,59.764973691090766
hallusionbench-image-VD-illusion-29-0-0,hallusionbench-image-VD-illusion-29,llava,hallusionbench,image,0,1,1,1,vision_hallucination|reasoning_hallucination,1,1.0010517835585464,0.6734668635017005,-8.126775734331332
hallusionbench-image-VD-illusion-29-1-0,hallusionbench-image-VD-illusion-29,llava,hallusionbench,image,1,0,1,1,vision_hallucination|reasoning_hallucination,1,1.0017579793958242,-0.0,-12.846657240037612
hallusionbench-image-VD-illusion-29-0-2,hallusionbench-image-VD-illusion-29,llava,hallusionbench,image,1,0,0,6,,1,1.0303981302466099,0.4553876279895057,107.50735540473651
hallusionbench-image-VD-illusion-29-1-1,hallusionbench-image-VD-illusion-29,llava,hallusionbench,image,0,1,1,2,vision_hallucination|reasoning_hallucination,1,1.0736325979088093,0.509009292318972,17.980911975834058
hallusionbench-image-VD-illusion-29-1-2,hallusionbench-image-VD-illusion-29,llava,hallusionbench,image,1,0,1,1,reasoning_hallucination,1,1.0354120737797499,-0.0,49.260261521229275
hallusionbench-image-VD-illusion-30-0-0,hallusionbench-image-VD-illusion-30,llava,hallusionbench,image,0,1,1,1,vision_hallucination|reasoning_hallucination,1,1.0037434101232154,0.6922496891536483,99.14508637873291
hallusionbench-image-VD-illusion-30-0-1,hallusionbench-image-VD-illusion-30,llava,hallusionbench,image,1,0,1,1,vision_hallucination|reasoning_hallucination,1,1.0179830784757855,0.6908581244737464,82.89649678985029
hallusionbench-image-VD-illusion-30-1-0,hallusionbench-image-VD-illusion-30,llava,hallusionbench,image,1,0,0,5,,1,1.002461791113709,0.6917351267194634,81.72658716353364
hallusionbench-image-VD-illusion-30-1-1,hallusionbench-image-VD-illusion-30,llava,hallusionbench,image,0,1,0,4,,1,1.001494169253053,0.4799671423256746,0.08674908025153982
hallusionbench-image-VD-math-0-0-0,hallusionbench-image-VD-math-0,llava,hallusionbench,image,0,1,1,1,vision_hallucination|reasoning_hallucination,1,1.011991739563964,0.5666227528410169,90.92675465388163
hallusionbench-image-VD-math-0-0-1,hallusionbench-image-VD-math-0,llava,hallusionbench,image,0,1,1,2,vision_hallucination|reasoning_hallucination,1,1.1129477050572927,0.6858405925680984,34.50667589708053
hallusionbench-image-VD-math-0-0-2,hallusionbench-image-VD-math-0,llava,hallusionbench,image,0,1,1,1,vision_hallucination|reasoning_hallucination,1,1.1884205294894408,0.4494214345995089,118.22653648781844
hallusionbench-image-VD-math-0-1-1,hallusionbench-image-VD-math-0,llava,hallusionbench,image,0,1,1,1,vision_hallucination|reasoning_hallucination,1,1.0075665710419521,-0.0,72.19336599994352
hallusionbench-image-VD-math-0-1-2,hallusionbench-image-VD-math-0,llava,hallusionbench,image,0,1,1,1,vision_hallucination|reasoning_hallucination,1,1.0598311429933454,0.6412237682280209,92.51333512239614
hallusionbench-image-VD-math-1-0-1,hallusionbench-image-VD-math-1,llava,hallusionbench,image,0,1,1,1,vision_hallucination|reasoning_hallucination,1,1.2506847423995822,0.16992148668721269,92.27682427437313
hallusionbench-image-VD-math-1-0-0,hallusionbench-image-VD-math-1,llava,hallusionbench,image,0,1,1,2,vision_hallucination|reasoning_hallucination,1,1.0113602878293582,0.07328343474931198,85.7050901839087
hallusionbench-image-VD-math-1-1-0,hallusionbench-image-VD-math-1,llava,hallusionbench,image,0,1,1,1,vision_hallucination|reasoning_hallucination,1,1.0093263387901577,-0.0,0.42959384182038285
hallusionbench-image-VD-math-1-0-2,hallusionbench-image-VD-math-1,llava,hallusionbench,image,0,1,1,1,vision_hallucination|reasoning_hallucination,1,1.2418612177600257,0.6883357117772806,91.99724326472727
hallusionbench-image-VD-math-1-1-1,hallusionbench-image-VD-math-1,llava,hallusionbench,image,1,0,0,5,,1,1.0058326722802093,0.5249004314631217,30.434397829794108
hallusionbench-image-VD-math-2-0-0,hallusionbench-image-VD-math-2,llava,hallusionbench,image,1,0,1,1,vision_hallucination|reasoning_hallucination,1,1.0013678074025123,0.50150235874088,-14.200543436444544
hallusionbench-image-VD-math-2-0-1,hallusionbench-image-VD-math-2,llava,hallusionbench,image,1,0,1,1,reasoning_hallucination,1,1.1355512151562015,0.6640683516060191,90.47322977162668
hallusionbench-image-VD-math-1-1-2,hallusionbench-image-VD-math-1,llava,hallusionbench,image,1,0,1,1,vision_hallucination|reasoning_hallucination,1,1.3918405725984213,0.6260586164060511,76.37822614550599
hallusionbench-image-VD-math-2-1-0,hallusionbench-image-VD-math-2,llava,hallusionbench,image,0,1,1,1,vision_hallucination|reasoning_hallucination,1,1.0181075336249656,0.5365425006977882,51.28636179155978
hallusionbench-image-VD-math-2-1-1,hallusionbench-image-VD-math-2,llava,hallusionbench,image,0,1,1,1,vision_hallucination|reasoning_hallucination,1,1.357550379745625,0.6676294486348391,95.62912108877197
hallusionbench-image-VD-math-2-1-2,hallusionbench-image-VD-math-2,llava,hallusionbench,image,0,1,1,0,reasoning_hallucination,1,1.0394920093322602,0.6116078842279272,124.11361806877218
hallusionbench-image-VD-math-2-0-2,hallusionbench-image-VD-math-2,llava,hallusionbench,image,1,0,1,1,vision_hallucination|reasoning_hallucination,1,1.0057549475959606,0.4731041158459164,180.28808489503402
hallusionbench-image-VD-math-3-0-1,hallusionbench-image-VD-math-3,llava,hallusionbench,image,0,1,1,2,vision_hallucination|reasoning_hallucination,1,1.0140731332470059,0.6519788886055602,123.05657807035362
hallusionbench-image-VD-math-3-0-0,hallusionbench-image-VD-math-3,llava,hallusionbench,image,0,1,1,1,vision_hallucination|reasoning_hallucination,1,1.0001746416068549,0.5036233587661911,-11.14526843993391
hallusionbench-image-VD-math-3-0-2,hallusionbench-image-VD-math-3,llava,hallusionbench,image,0,1,1,1,vision_hallucination|reasoning_hallucination,1,1.0633783334329483,0.6485335294513612,23.577701387756363
hallusionbench-image-VD-math-3-1-0,hallusionbench-image-VD-math-3,llava,hallusionbench,image,0,1,1,1,reasoning_hallucination,1,1.8555143156353073,0.6137816359914847,148.2185648951518
hallusionbench-image-VD-math-3-1-2,hallusionbench-image-VD-math-3,llava,hallusionbench,image,1,0,1,1,reasoning_hallucination,1,1.5698336156328012,-0.0,33.268307887396944
hallusionbench-image-VD-math-3-1-1,hallusionbench-image-VD-math-3,llava,hallusionbench,image,0,1,1,1,reasoning_hallucination,1,1.0258371825308612,0.5461432572313966,103.13608616903673
hallusionbench-image-VD-math-4-0-0,hallusionbench-image-VD-math-4,llava,hallusionbench,image,1,0,1,1,vision_hallucination|reasoning_hallucination,1,1.0031230449165909,0.5227649393046285,24.29394766300881
hallusionbench-image-VD-math-4-0-1,hallusionbench-image-VD-math-4,llava,hallusionbench,image,1,0,1,1,vision_hallucination|reasoning_hallucination,1,1.0057936904582339,0.36014288082774126,110.00002805461816
hallusionbench-image-VD-math-4-0-2,hallusionbench-image-VD-math-4,llava,hallusionbench,image,1,0,1,1,vision_hallucination|reasoning_hallucination,1,1.0359348075741937,0.6828163424317495,169.61181658430172
hallusionbench-image-VD-math-4-1-0,hallusionbench-image-VD-math-4,llava,hallusionbench,image,1,0,1,1,vision_hallucination,1,1.0191998478664084,0.5376454515987971,113.64460891843076
hallusionbench-image-VD-math-4-1-1,hallusionbench-image-VD-math-4,llava,hallusionbench,image,0,1,1,1,vision_hallucination|reasoning_hallucination,1,1.0169430968700406,0.6872548277462396,148.09981193237485
hallusionbench-image-VD-math-4-1-2,hallusionbench-image-VD-math-4,llava,hallusionbench,image,1,0,1,1,reasoning_hallucination,1,1.0005142688764437,-0.0,-16.276703223118048
hallusionbench-image-VD-math-5-0-1,hallusionbench-image-VD-math-5,llava,hallusionbench,image,1,0,1,1,vision_hallucination|reasoning_hallucination,1,1.6163676745700306,0.2644202364080048,184.5230576030635
hallusionbench-image-VD-math-5-0-0,hallusionbench-image-VD-math-5,llava,hallusionbench,image,1,0,1,2,vision_hallucination|reasoning_hallucination,1,1.6163676745700306,-0.0,9.108263589317435
hallusionbench-image-VD-math-5-0-2,hallusionbench-image-VD-math-5,llava,hallusionbench,image,1,0,1,2,vision_hallucination|reasoning_hallucination,1,1.6163676745700306,0.6854590375043554,185.39113814705146
hallusionbench-image-VD-math-5-1-0,hallusionbench-image-VD-math-5,llava,hallusionbench,image,1,0,1,1,vision_hallucination|reasoning_hallucination,1,1.2064303192066,0.6754064812950993,110.15735024391792
hallusionbench-image-VD-math-5-1-1,hallusionbench-image-VD-math-5,llava,hallusionbench,image,1,0,1,1,reasoning_hallucination,1,1.2375495384207502,0.541248594129718,64.75743276343536
hallusionbench-image-VD-math-5-1-2,hallusionbench-image-VD-math-5,llava,hallusionbench,image,1,0,1,1,vision_hallucination|reasoning_hallucination,1,1.0538421866225016,0.4875011851802563,70.31681368625388
hallusionbench-image-VD-math-6-0-0,hallusionbench-image-VD-math-6,llava,hallusionbench,image,1,0,0,5,,1,1.006147742377602,0.67349065509086,-15.688786829981257
hallusionbench-image-VD-math-6-0-1,hallusionbench-image-VD-math-6,llava,hallusionbench,image,0,1,1,1,reasoning_hallucination,1,1.0121865268492536,0.6194651721556936,135.36563649604088
hallusionbench-image-VD-math-6-1-0,hallusionbench-image-VD-math-6,llava,hallusionbench,image,1,0,1,1,vision_hallucination|reasoning_hallucination,1,1.0000159740450543,0.5830384689723641,81.74215959062997
hallusionbench-image-VD-math-6-0-2,hallusionbench-image-VD-math-6,llava,hallusionbench,image,1,0,0,6,,1,1.0012087821444924,0.5081741466146701,20.123885665190834
hallusionbench-image-VD-math-6-1-2,hallusionbench-image-VD-math-6,llava,hallusionbench,image,0,1,1,1,vision_hallucination,1,1.0008856058173512,0.6733201345222974,-11.868676885325376
hallusionbench-image-VD-math-6-1-1,hallusionbench-image-VD-math-6,llava,hallusionbench,image,0,1,1,1,reasoning_hallucination,1,1.0388339739164665,0.5397543780814464,51.17097130365387
hallusionbench-image-VD-math-7-0-0,hallusionbench-image-VD-math-7,llava,hallusionbench,image,0,1,1,1,vision_hallucination|reasoning_hallucination,1,1.0001615285931638,0.6551968439245044,78.280989330978
hallusionbench-image-VD-math-7-0-1,hallusionbench-image-VD-math-7,llava,hallusionbench,image,1,0,1,1,vision_hallucination|reasoning_hallucination,1,1.0004190206402508,0.29204045771874143,108.72160764665246
hallusionbench-image-VD-math-7-0-2,hallusionbench-image-VD-math-7,llava,hallusionbench,image,1,0,1,2,vision_hallucination|reasoning_hallucination,1,1.0075560805948167,0.6202511686923484,126.88032608794963
hallusionbench-image-VD-math-7-1-0,hallusionbench-image-VD-math-7,llava,hallusionbench,image,1,0,1,1,vision_hallucination|reasoning_hallucination,1,1.754918565395405,0.5060145545955766,41.2046362868691
hallusionbench-image-VD-math-7-1-1,hallusionbench-image-VD-math-7,llava,hallusionbench,image,0,1,1,1,vision_hallucination|reasoning_hallucination,1,1.0506364112189082,0.4290315702032639,98.01831859153276
hallusionbench-image-VD-math-7-1-2,hallusionbench-image-VD-math-7,llava,hallusionbench,image,0,1,1,1,vision_hallucination|reasoning_hallucination,1,1.000470280658221,0.0784005737788801,218.00853356138487
hallusionbench-image-VD-math-8-0-0,hallusionbench-image-VD-math-8,llava,hallusionbench,image,1,0,1,2,vision_hallucination|reasoning_hallucination,1,1.0079824920204556,0.47933636701106686,-5.9909712463731815
hallusionbench-image-VD-math-8-0-1,hallusionbench-image-VD-math-8,llava,hallusionbench,image,0,1,1,1,vision_hallucination|reasoning_hallucination,1,1.043540002079793,0.494604713454863,-7.886460140291055
hallusionbench-image-VD-math-8-0-2,hallusionbench-image-VD-math-8,llava,hallusionbench,image,1,0,1,2,vision_hallucination|reasoning_hallucination,1,1.3682032840363205,0.44211740514382186,100.15944511178165
hallusionbench-image-VD-math-8-1-0,hallusionbench-image-VD-math-8,llava,hallusionbench,image,0,1,1,1,vision_hallucination|reasoning_hallucination,1,1.0051350592468233,0.5761945054395489,97.2878529000402
hallusionbench-image-VD-math-10-0-2,hallusionbench-image-VD-math-10,llava,hallusionbench,image,0,1,1,2,reasoning_hallucination,1,1.0006213187973532,-0.0,-20.978053192954878
hallusionbench-image-VD-math-10-1-0,hallusionbench-image-VD-math-10,llava,hallusionbench,image,0,1,1,2,vision_hallucination|reasoning_hallucination,1,1.0004756450510728,-0.0,59.04422768240276
hallusionbench-image-VD-math-10-1-2,hallusionbench-image-VD-math-10,llava,hallusionbench,image,0,1,1,2,vision_hallucination|reasoning_hallucination,1,1.0013297796393799,0.48678674488661167,-2.0425198004092255
hallusionbench-image-VD-math-10-1-1,hallusionbench-image-VD-math-10,llava,hallusionbench,image,0,1,1,1,vision_hallucination|reasoning_hallucination,1,1.0010204315448359,0.12712133099450132,74.75211553114384
hallusionbench-image-VD-math-11-0-0,hallusionbench-image-VD-math-11,llava,hallusionbench,image,1,0,1,1,vision_hallucination|reasoning_hallucination,1,1.006199121568524,-0.0,-16.551659955402766
hallusionbench-image-VD-math-11-0-1,hallusionbench-image-VD-math-11,llava,hallusionbench,image,0,1,1,1,vision_hallucination|reasoning_hallucination,1,1.0020425319637118,0.16923500607920713,77.89575700076259
hallusionbench-image-VD-math-11-0-2,hallusionbench-image-VD-math-11,llava,hallusionbench,image,0,1,1,0,vision_hallucination|reasoning_hallucination,1,1.00194358830336,0.15473160619526033,107.49602878113237
hallusionbench-image-VD-math-11-1-0,hallusionbench-image-VD-math-11,llava,hallusionbench,image,0,1,1,1,vision_hallucination|reasoning_hallucination,1,1.0038137436357475,-0.0,11.148311719939288
hallusionbench-image-VD-math-11-1-1,hallusionbench-image-VD-math-11,llava,hallusionbench,image,1,0,1,1,vision_hallucination|reasoning_hallucination,1,1.0337227569880008,0.4790872220322927,150.54288246204436
hallusionbench-image-VD-math-12-0-0,hallusionbench-image-VD-math-12,llava,hallusionbench,image,1,0,1,1,vision_hallucination|reasoning_hallucination,1,1.0019783974398144,-0.0,-15.230916846716285
hallusionbench-image-VD-math-11-1-2,hallusionbench-image-VD-math-11,llava,hallusionbench,image,0,1,1,2,vision_hallucination|reasoning_hallucination,1,1.003773927657273,0.47287174327519643,69.55074081584918
hallusionbench-image-VD-math-12-0-1,hallusionbench-image-VD-math-12,llava,hallusionbench,image,0,1,1,1,reasoning_hallucination,1,1.000910758964713,-0.0,-19.595659003537907
hallusionbench-image-VD-math-12-0-2,hallusionbench-image-VD-math-12,llava,hallusionbench,image,0,1,1,1,vision_hallucination|reasoning_hallucination,1,1.0004863738939482,-0.0,-18.77285732316337
hallusionbench-image-VD-math-12-1-0,hallusionbench-image-VD-math-12,llava,hallusionbench,image,0,1,1,2,vision_hallucination|reasoning_hallucination,1,1.0014747380915372,0.5015423122093283,-9.824983115399291
hallusionbench-image-VD-math-12-1-2,hallusionbench-image-VD-math-12,llava,hallusionbench,image,0,1,1,1,vision_hallucination|reasoning_hallucination,1,1.0005122423266546,0.4906305445211294,1.7204547903907859
hallusionbench-image-VD-math-12-1-1,hallusionbench-image-VD-math-12,llava,hallusionbench,image,0,1,1,1,reasoning_hallucination,1,1.0007745027572452,0.5044657724424263,-4.361489724967332
hallusionbench-image-VD-math-13-0-1,hallusionbench-image-VD-math-13,llava,hallusionbench,image,0,1,1,1,vision_hallucination|reasoning_hallucination,1,1.000608086586407,0.5008783040941875,-15.886552315419104
hallusionbench-image-VD-math-13-0-0,hallusionbench-image-VD-math-13,llava,hallusionbench,image,1,0,1,1,vision_hallucination|reasoning_hallucination,1,1.0007032155895594,-0.0,-17.917417997505463
hallusionbench-image-VD-math-13-1-0,hallusionbench-image-VD-math-13,llava,hallusionbench,image,0,1,0,3,,1,1.037662150250127,-0.0,-17.98038667626924
hallusionbench-image-VD-math-13-0-2,hallusionbench-image-VD-math-13,llava,hallusionbench,image,0,1,1,1,vision_hallucination|reasoning_hallucination,1,1.0013056993380542,0.5016003556563724,-15.678551543973715
hallusionbench-image-VD-math-13-1-1,hallusionbench-image-VD-math-13,llava,hallusionbench,image,0,1,0,3,,1,1.004499316067568,-0.0,-13.002473299461373
hallusionbench-image-VD-math-13-1-2,hallusionbench-image-VD-math-13,llava,hallusionbench,image,0,1,1,1,reasoning_hallucination,1,1.000848889322857,-0.0,-13.968611674218835
hallusionbench-image-VD-math-14-0-1,hallusionbench-image-VD-math-14,llava,hallusionbench,image,1,0,1,1,vision_hallucination|reasoning_hallucination,1,1.0012029409554573,0.6914715921080012,80.54864777490968
hallusionbench-image-VD-math-14-0-0,hallusionbench-image-VD-math-14,llava,hallusionbench,image,0,1,1,1,vision_hallucination|reasoning_hallucination,1,1.0016218424035332,-0.0,26.708423230320456
hallusionbench-image-VD-math-14-1-0,hallusionbench-image-VD-math-14,llava,hallusionbench,image,1,0,1,1,vision_hallucination|reasoning_hallucination,1,1.0031789541356255,0.08098696621240999,90.11340055904104
hallusionbench-image-VD-math-14-0-2,hallusionbench-image-VD-math-14,llava,hallusionbench,image,0,1,1,1,vision_hallucination|reasoning_hallucination,1,1.0574315784210513,-0.0,210.65121439117195
hallusionbench-image-VD-math-14-1-1,hallusionbench-image-VD-math-14,llava,hallusionbench,image,0,1,1,2,vision_hallucination|reasoning_hallucination,1,1.108941313464279,0.5166526635395823,137.85732130855965
hallusionbench-image-VD-math-14-1-2,hallusionbench-image-VD-math-14,llava,hallusionbench,image,1,0,0,5,,1,1.6258506807630435,-0.0,127.29071376012917
hallusionbench-image-VD-math-15-0-0,hallusionbench-image-VD-math-15,llava,hallusionbench,image,1,0,1,2,vision_hallucination|reasoning_hallucination,1,1.01450264480601,0.5317979651527172,36.92349034905873
hallusionbench-image-VD-math-15-0-1,hallusionbench-image-VD-math-15,llava,hallusionbench,image,0,1,1,1,vision_hallucination|reasoning_hallucination,1,1.0372248892420788,-0.0,86.42838218915996
hallusionbench-image-VD-math-15-0-2,hallusionbench-image-VD-math-15,llava,hallusionbench,image,0,1,1,1,vision_hallucination|reasoning_hallucination,1,1.1215791719077184,0.2793407848687797,188.08192927542473
hallusionbench-image-VD-math-15-1-0,hallusionbench-image-VD-math-15,llava,hallusionbench,image,0,1,1,2,vision_hallucination|reasoning_hallucination,1,1.2130535852228583,0.6373067820285117,206.69771695334143
hallusionbench-image-VD-math-15-1-2,hallusionbench-image-VD-math-15,llava,hallusionbench,image,1,0,1,2,vision_hallucination|reasoning_hallucination,1,1.3147253935578687,0.5427519034961458,245.86592644516787
hallusionbench-image-VD-math-15-1-1,hallusionbench-image-VD-math-15,llava,hallusionbench,image,0,1,1,1,vision_hallucination|reasoning_hallucination,1,1.121456982692683,0.6474806936418455,246.03855675628864
hallusionbench-image-VD-math-16-0-0,hallusionbench-image-VD-math-16,llava,hallusionbench,image,1,0,1,1,vision_hallucination|reasoning_hallucination,1,1.2737097663998365,0.5014291801058889,122.16919868198701
hallusionbench-image-VD-math-16-0-1,hallusionbench-image-VD-math-16,llava,hallusionbench,image,0,1,1,1,vision_hallucination|reasoning_hallucination,1,1.0318416339340153,0.45660206260516906,103.62155094655262
hallusionbench-image-VD-math-16-0-2,hallusionbench-image-VD-math-16,llava,hallusionbench,image,0,1,1,2,vision_hallucination|reasoning_hallucination,1,1.1377259554383496,0.5402010478283864,210.97103178751837
hallusionbench-image-VD-math-16-1-1,hallusionbench-image-VD-math-16,llava,hallusionbench,image,0,1,1,1,vision_hallucination|reasoning_hallucination,1,1.4170670407038566,0.6757790661554774,185.2950656784667
hallusionbench-image-VD-math-16-1-0,hallusionbench-image-VD-math-16,llava,hallusionbench,image,1,0,1,1,vision_hallucination|reasoning_hallucination,1,1.2163295773590197,0.6421052995009935,44.35198876668064
hallusionbench-image-VD-math-17-0-0,hallusionbench-image-VD-math-17,llava,hallusionbench,image,1,0,1,1,vision_hallucination|reasoning_hallucination,1,1.0045529602767482,-0.0,-9.69022146145129
hallusionbench-image-VD-math-17-0-1,hallusionbench-image-VD-math-17,llava,hallusionbench,image,1,0,1,1,vision_hallucination|reasoning_hallucination,1,1.020416617613972,-0.0,-12.458923554728152
hallusionbench-image-VD-math-17-0-2,hallusionbench-image-VD-math-17,llava,hallusionbench,image,1,0,1,1,vision_hallucination|reasoning_hallucination,1,1.005645751824701,-0.0,-12.64783033327414
hallusionbench-image-VD-math-17-1-0,hallusionbench-image-VD-math-17,llava,hallusionbench,image,1,0,1,2,vision_hallucination|reasoning_hallucination,1,1.2268502718647034,0.6321432871568021,48.706316174275806
hallusionbench-image-VD-math-17-1-1,hallusionbench-image-VD-math-17,llava,hallusionbench,image,0,1,1,0,vision_hallucination|reasoning_hallucination,1,1.010735392908981,0.5405302106790195,113.17456497456793
hallusionbench-image-VD-ocr-0-0-0,hallusionbench-image-VD-ocr-0,llava,hallusionbench,image,1,0,0,4,,1,1.0011415481164558,0.6758141515225959,-3.6132963683219774
hallusionbench-image-VD-ocr-0-0-1,hallusionbench-image-VD-ocr-0,llava,hallusionbench,image,0,1,1,1,reasoning_hallucination,1,1.0002341270468813,-0.0,50.83380034124801
hallusionbench-image-VD-ocr-0-1-1,hallusionbench-image-VD-ocr-0,llava,hallusionbench,image,1,0,1,1,vision_hallucination|reasoning_hallucination,1,1.0006985664306245,-0.0,-15.552406331854908
hallusionbench-image-VD-ocr-0-1-0,hallusionbench-image-VD-ocr-0,llava,hallusionbench,image,0,1,1,1,reasoning_hallucination,1,1.0003421306465516,-0.0,-12.322709996841748
hallusionbench-image-VD-ocr-1-0-0,hallusionbench-image-VD-ocr-1,llava,hallusionbench,image,0,1,1,1,reasoning_hallucination,1,1.0004286766091033,-0.0,-9.45740402394038
hallusionbench-image-VD-ocr-1-1-0,hallusionbench-image-VD-ocr-1,llava,hallusionbench,image,0,1,1,1,reasoning_hallucination,1,1.0000872612016625,-0.0,-15.656560525454472
hallusionbench-image-VD-ocr-1-0-1,hallusionbench-image-VD-ocr-1,llava,hallusionbench,image,1,0,0,4,,1,1.0008587836947476,0.6884007857800136,47.133965400961955
hallusionbench-image-VD-ocr-1-1-1,hallusionbench-image-VD-ocr-1,llava,hallusionbench,image,1,0,1,1,reasoning_hallucination,1,1.0000749826456659,-0.0,-14.83091674809229
hallusionbench-image-VD-ocr-2-0-0,hallusionbench-image-VD-ocr-2,llava,hallusionbench,image,1,0,1,1,vision_hallucination,1,1.000082492825567,0.4997829944757598,-17.809491664639175
hallusionbench-image-VD-ocr-2-0-1,hallusionbench-image-VD-ocr-2,llava,hallusionbench,image,1,0,0,5,,1,1.00261294852335,-0.0,-15.91084927895461
hallusionbench-image-VD-ocr-2-1-0,hallusionbench-image-VD-ocr-2,llava,hallusionbench,image,0,1,1,1,vision_hallucination|reasoning_hallucination,1,1.0000717639915326,0.5003671814515251,-12.146661188646227
hallusionbench-image-VD-ocr-3-0-0,hallusionbench-image-VD-ocr-3,llava,hallusionbench,image,1,0,0,6,,1,1.000312924383051,-0.0,-20.663399761058244
hallusionbench-image-VD-ocr-2-1-1,hallusionbench-image-VD-ocr-2,llava,hallusionbench,image,1,0,1,1,vision_hallucination,1,1.0000600814823162,-0.0,-16.813110932934848
hallusionbench-image-VD-ocr-3-0-1,hallusionbench-image-VD-ocr-3,llava,hallusionbench,image,1,0,0,5,,1,1.0000526905043694,-0.0,-17.682845196437874
hallusionbench-image-VD-ocr-3-0-2,hallusionbench-image-VD-ocr-3,llava,hallusionbench,image,1,0,0,6,,1,1.0000880956670881,-0.0,-17.81044505872677
hallusionbench-image-VD-ocr-3-1-0,hallusionbench-image-VD-ocr-3,llava,hallusionbench,image,1,0,0,5,,1,1.0000593662275192,0.5004237896275541,-15.034391073451006
hallusionbench-image-VD-ocr-3-1-1,hallusionbench-image-VD-ocr-3,llava,hallusionbench,image,0,1,1,1,vision_hallucination|reasoning_hallucination,1,1.000586152084155,0.6725283636113553,-11.239942286864183
hallusionbench-image-VD-ocr-3-1-2,hallusionbench-image-VD-ocr-3,llava,hallusionbench,image,0,1,1,1,vision_hallucination|reasoning_hallucination,1,1.0001114606833426,0.49926630349585477,-13.989293817359021
hallusionbench-image-VD-ocr-3-2-1,hallusionbench-image-VD-ocr-3,llava,hallusionbench,image,0,1,1,1,vision_hallucination|reasoning_hallucination,1,1.0005944967099023,0.5004109020099702,-11.486446584749658
hallusionbench-image-VD-ocr-3-2-0,hallusionbench-image-VD-ocr-3,llava,hallusionbench,image,1,0,0,6,,1,1.0000591278093673,0.5006550683620974,-13.472277448854456
hallusionbench-image-VD-ocr-4-0-0,hallusionbench-image-VD-ocr-4,llava,hallusionbench,image,1,0,1,2,vision_hallucination,1,1.0008708238754254,-0.0,-18.614015776627998
hallusionbench-image-VD-ocr-3-2-2,hallusionbench-image-VD-ocr-3,llava,hallusionbench,image,0,1,1,1,vision_hallucination|reasoning_hallucination,1,1.0001114606833426,0.6730204194250926,-12.524513458220792
hallusionbench-image-VD-ocr-4-0-1,hallusionbench-image-VD-ocr-4,llava,hallusionbench,image,0,1,0,4,,1,1.891386817933865,0.5317683032483558,51.76704638084358
hallusionbench-image-VD-ocr-4-1-0,hallusionbench-image-VD-ocr-4,llava,hallusionbench,image,0,1,1,1,vision_hallucination|reasoning_hallucination,1,1.000082612037421,0.500340815455852,-13.546461197298948
hallusionbench-image-VD-ocr-4-1-1,hallusionbench-image-VD-ocr-4,llava,hallusionbench,image,1,0,1,1,vision_hallucination|reasoning_hallucination,1,1.0276219849270942,0.6730174142737558,-11.546750578686407
hallusionbench-image-VD-ocr-5-0-0,hallusionbench-image-VD-ocr-5,llava,hallusionbench,image,1,0,0,5,,1,1.0002689361671178,0.6729553608812786,-16.10371807693825
hallusionbench-image-VD-ocr-5-1-0,hallusionbench-image-VD-ocr-5,llava,hallusionbench,image,0,1,1,1,vision_hallucination|reasoning_hallucination,1,1.0000650882729407,0.6729750841844311,-12.60562770519186
hallusionbench-image-VD-ocr-5-0-1,hallusionbench-image-VD-ocr-5,llava,hallusionbench,image,1,0,0,4,,1,1.0010128020853564,0.6731304834996146,-15.471291712442536
hallusionbench-image-VD-ocr-5-1-1,hallusionbench-image-VD-ocr-5,llava,hallusionbench,image,0,1,1,1,vision_hallucination|reasoning_hallucination,1,1.0001565217927253,0.6729380987922506,-11.48373643790011
hallusionbench-image-VD-ocr-6-0-0,hallusionbench-image-VD-ocr-6,llava,hallusionbench,image,1,0,0,5,,1,1.0003700256251549,-0.0,-21.619042642307356
hallusionbench-image-VD-ocr-6-1-0,hallusionbench-image-VD-ocr-6,llava,hallusionbench,image,0,1,1,1,vision_hallucination|reasoning_hallucination,1,1.0000840425516713,-0.0,-14.914638910918415
hallusionbench-image-VD-ocr-6-0-1,hallusionbench-image-VD-ocr-6,llava,hallusionbench,image,0,1,1,1,vision_hallucination,1,1.615057555345866,-0.0,-13.616638563682686
hallusionbench-image-VD-ocr-6-1-1,hallusionbench-image-VD-ocr-6,llava,hallusionbench,image,0,1,0,3,,1,1.0001565217927253,0.6730320995148036,-9.38205477008893
hallusionbench-image-VD-ocr-7-0-0,hallusionbench-image-VD-ocr-7,llava,hallusionbench,image,1,0,1,1,vision_hallucination,1,1.000720739366341,-0.0,-22.627557108774084
hallusionbench-image-VD-ocr-7-1-0,hallusionbench-image-VD-ocr-7,llava,hallusionbench,image,0,1,1,1,vision_hallucination|reasoning_hallucination,1,1.0000716447809717,-0.0,-16.312450610088245
hallusionbench-image-VD-ocr-7-0-1,hallusionbench-image-VD-ocr-7,llava,hallusionbench,image,0,1,1,1,vision_hallucination|reasoning_hallucination,1,1.0029129982664835,0.5066994193945574,-5.45616810458562
hallusionbench-image-VD-ocr-7-1-1,hallusionbench-image-VD-ocr-7,llava,hallusionbench,image,1,0,0,5,,1,1.0001158714263096,0.6872602069929078,40.83358578636542
hallusionbench-image-VD-ocr-8-0-0,hallusionbench-image-VD-ocr-8,llava,hallusionbench,image,1,0,1,1,vision_hallucination|reasoning_hallucination,1,1.0001518726412528,0.49765905250282527,-15.737900228480019
hallusionbench-image-VD-ocr-8-0-1,hallusionbench-image-VD-ocr-8,llava,hallusionbench,image,0,1,0,3,,1,1.071719523162802,-0.0,5.653835251831243
hallusionbench-image-VD-ocr-8-1-1,hallusionbench-image-VD-ocr-8,llava,hallusionbench,image,1,0,1,2,vision_hallucination|reasoning_hallucination,1,1.0004234314075706,0.6734880130668386,-8.159305023317756
hallusionbench-image-VD-ocr-9-0-0,hallusionbench-image-VD-ocr-9,llava,hallusionbench,image,1,0,0,5,,1,1.0002002716055869,0.5012384847810354,-13.688214142158788
hallusionbench-image-VD-ocr-8-1-0,hallusionbench-image-VD-ocr-8,llava,hallusionbench,image,0,1,1,1,reasoning_hallucination,1,1.0000498294839288,0.673017512647504,-10.607186989184251
hallusionbench-image-VD-ocr-9-1-0,hallusionbench-image-VD-ocr-9,llava,hallusionbench,image,0,1,1,1,vision_hallucination|reasoning_hallucination,1,1.000104904176239,0.5003652189617736,-12.923965603374349
hallusionbench-image-VD-ocr-9-0-1,hallusionbench-image-VD-ocr-9,llava,hallusionbench,image,0,1,1,1,vision_hallucination|reasoning_hallucination,1,1.0002644061996822,0.5072542022727867,-5.830704169789923
hallusionbench-image-VD-ocr-9-1-1,hallusionbench-image-VD-ocr-9,llava,hallusionbench,image,1,0,1,1,vision_hallucination|reasoning_hallucination,1,1.0001945495653697,-0.0,-15.333323101617065
hallusionbench-image-VD-ocr-10-0-0,hallusionbench-image-VD-ocr-10,llava,hallusionbench,image,1,0,0,6,,1,1.0001103878044328,-0.0,-21.16530919078056
hallusionbench-image-VD-ocr-10-0-1,hallusionbench-image-VD-ocr-10,llava,hallusionbench,image,1,0,0,5,,1,1.0049837829629484,-0.0,-14.325464158054219
hallusionbench-image-VD-ocr-10-1-0,hallusionbench-image-VD-ocr-10,llava,hallusionbench,image,0,1,1,1,vision_hallucination,1,1.0001145601258545,-0.0,-17.31128817069685
hallusionbench-image-VD-ocr-10-1-1,hallusionbench-image-VD-ocr-10,llava,hallusionbench,image,1,0,0,6,,1,1.0000649690631755,-0.0,-15.176333670106953
hallusionbench-image-VD-ocr-11-0-0,hallusionbench-image-VD-ocr-11,llava,hallusionbench,image,1,0,0,6,,1,1.0003057718256234,-0.0,-22.20190600063406
hallusionbench-image-VD-ocr-11-1-0,hallusionbench-image-VD-ocr-11,llava,hallusionbench,image,0,1,1,1,reasoning_hallucination,1,1.0001242160813755,-0.0,-15.82169126656977
hallusionbench-image-VD-ocr-11-0-1,hallusionbench-image-VD-ocr-11,llava,hallusionbench,image,1,0,0,5,,1,1.0002610683359388,-0.0,-19.86871081947551
hallusionbench-image-VD-ocr-11-1-1,hallusionbench-image-VD-ocr-11,llava,hallusionbench,image,1,0,0,5,,1,1.0001063346859922,-0.0,-18.217172928976467
hallusionbench-image-VD-ocr-12-0-0,hallusionbench-image-VD-ocr-12,llava,hallusionbench,image,1,0,1,1,vision_hallucination|reasoning_hallucination,1,1.0003682374953882,0.6517546606530681,21.026164607172454
hallusionbench-image-VD-ocr-12-1-0,hallusionbench-image-VD-ocr-12,llava,hallusionbench,image,0,1,1,1,vision_hallucination|reasoning_hallucination,1,1.0003228187550102,0.5130745154252591,9.406189585484235
hallusionbench-image-VD-ocr-12-1-1,hallusionbench-image-VD-ocr-12,llava,hallusionbench,image,1,0,0,5,,1,1.0000891685511901,-0.0,-15.763727418636625
hallusionbench-image-VD-ocr-12-0-1,hallusionbench-image-VD-ocr-12,llava,hallusionbench,image,0,1,1,1,vision_hallucination|reasoning_hallucination,1,1.0006777048365116,0.005875837116888271,89.69284023071174
hallusionbench-image-VD-ocr-13-0-0,hallusionbench-image-VD-ocr-13,llava,hallusionbench,image,1,0,0,4,,1,1.00021791458706,-0.0,-22.21529972434957
hallusionbench-image-VD-ocr-13-0-1,hallusionbench-image-VD-ocr-13,llava,hallusionbench,image,1,0,0,4,,1,1.0018156766920687,-0.0,-17.159867317890754
hallusionbench-image-VD-ocr-13-1-0,hallusionbench-image-VD-ocr-13,llava,hallusionbench,image,0,1,1,1,vision_hallucination|reasoning_hallucination,1,1.0000710487356568,-0.0,-17.920156212582004
hallusionbench-image-VD-ocr-14-0-0,hallusionbench-image-VD-ocr-14,llava,hallusionbench,image,1,0,0,5,,1,1.0001438856166185,0.2030832732228969,61.2930657933333
hallusionbench-image-VD-ocr-13-1-1,hallusionbench-image-VD-ocr-13,llava,hallusionbench,image,1,0,1,1,vision_hallucination,1,1.0012912750514231,-0.0,-13.048507964109241
hallusionbench-image-VD-ocr-14-0-1,hallusionbench-image-VD-ocr-14,llava,hallusionbench,image,0,1,1,1,vision_hallucination|reasoning_hallucination,1,1.000135183332191,0.6918397202677165,63.5629039862074
hallusionbench-image-VD-ocr-14-1-0,hallusionbench-image-VD-ocr-14,llava,hallusionbench,image,0,1,1,1,vision_hallucination|reasoning_hallucination,1,1.0000990629220285,-0.0,-15.134307387054228
hallusionbench-image-VD-ocr-14-1-1,hallusionbench-image-VD-ocr-14,llava,hallusionbench,image,1,0,0,5,,1,1.0000566244112894,0.5003272564550336,-12.604540415054998
hallusionbench-image-VD-ocr-15-0-0,hallusionbench-image-VD-ocr-15,llava,hallusionbench,image,1,0,0,5,,1,1.0394347921842924,-0.0,-1.2393073143103663
hallusionbench-image-VD-ocr-15-1-0,hallusionbench-image-VD-ocr-15,llava,hallusionbench,image,1,0,0,4,,1,1.0001287460397352,0.5006947669946613,-10.805294992921132
hallusionbench-image-VD-ocr-15-0-1,hallusionbench-image-VD-ocr-15,llava,hallusionbench,image,1,0,0,5,,1,1.0007281303375897,0.5921108287791919,71.16727501697616
hallusionbench-image-VD-ocr-15-1-1,hallusionbench-image-VD-ocr-15,llava,hallusionbench,image,1,0,1,1,vision_hallucination|reasoning_hallucination,1,1.0001139640840693,0.669231538015669,-2.284365229140649
hallusionbench-image-VD-ocr-16-0-0,hallusionbench-image-VD-ocr-16,llava,hallusionbench,image,1,0,1,1,vision_hallucination|reasoning_hallucination,1,1.0063890218342537,0.6686696237664206,-5.91945823997518
hallusionbench-image-VD-ocr-16-1-0,hallusionbench-image-VD-ocr-16,llava,hallusionbench,image,1,0,0,5,,1,1.0001287460397352,0.671904915254445,-11.022704601465328
hallusionbench-image-VD-ocr-16-0-1,hallusionbench-image-VD-ocr-16,llava,hallusionbench,image,1,0,0,4,,1,1.002877593107675,0.6728786957229649,-13.924937263683505
hallusionbench-image-VD-ocr-16-1-1,hallusionbench-image-VD-ocr-16,llava,hallusionbench,image,0,1,1,1,vision_hallucination|reasoning_hallucination,1,1.0002125501642825,0.6729503593500779,-11.861371294111535
hallusionbench-image-VD-ocr-17-0-0,hallusionbench-image-VD-ocr-17,llava,hallusionbench,image,0,1,1,1,vision_hallucination|reasoning_hallucination,1,1.0008451938505252,0.5216940908589645,19.17679445013085
hallusionbench-image-VD-ocr-17-1-0,hallusionbench-image-VD-ocr-17,llava,hallusionbench,image,0,1,1,1,vision_hallucination,1,1.0024193524281184,0.6729532246846879,-11.195368112868543
hallusionbench-image-VD-ocr-17-0-1,hallusionbench-image-VD-ocr-17,llava,hallusionbench,image,0,1,1,1,vision_hallucination|reasoning_hallucination,1,1.026013731911196,0.6604904434619369,43.71435473098056
hallusionbench-image-VD-ocr-17-1-1,hallusionbench-image-VD-ocr-17,llava,hallusionbench,image,1,0,0,5,,1,1.0000711679461467,-0.0,1.1094439612387639
hallusionbench-image-VD-ocr-18-0-0,hallusionbench-image-VD-ocr-18,llava,hallusionbench,image,1,0,0,4,,1,1.0001252889678427,-0.0,-21.78420514532391
hallusionbench-image-VD-ocr-18-0-1,hallusionbench-image-VD-ocr-18,llava,hallusionbench,image,0,1,1,2,vision_hallucination|reasoning_hallucination,1,1.0001115798986497,-0.0,-19.801246291886443
hallusionbench-image-VD-ocr-18-1-0,hallusionbench-image-VD-ocr-18,llava,hallusionbench,image,0,1,1,1,vision_hallucination|reasoning_hallucination,1,1.000052809716309,-0.0,-16.41164185734633
hallusionbench-image-VD-ocr-18-1-1,hallusionbench-image-VD-ocr-18,llava,hallusionbench,image,1,0,0,5,,1,1.0000778436689395,-0.0,-15.946601653780638
hallusionbench-image-VD-ocr-19-0-0,hallusionbench-image-VD-ocr-19,llava,hallusionbench,image,1,0,0,3,,1,1.0011297463971658,-0.0,-19.424662122386145
hallusionbench-image-VD-ocr-19-1-0,hallusionbench-image-VD-ocr-19,llava,hallusionbench,image,0,1,1,1,vision_hallucination|reasoning_hallucination,1,1.0000571012500947,-0.0,-16.840174152815482
hallusionbench-image-VD-ocr-19-0-1,hallusionbench-image-VD-ocr-19,llava,hallusionbench,image,0,1,0,3,,1,1.0005468130398767,-0.0,-20.900852899610456
hallusionbench-image-VD-ocr-19-1-1,hallusionbench-image-VD-ocr-19,llava,hallusionbench,image,1,0,0,4,,1,1.000082492825567,0.669048596788103,-4.29973672225985
hallusionbench-image-VD-ocr-20-0-0,hallusionbench-image-VD-ocr-20,llava,hallusionbench,image,1,0,1,1,vision_hallucination|reasoning_hallucination,1,1.0010654925724658,-0.0,19.23254962608317
hallusionbench-image-VD-ocr-20-0-1,hallusionbench-image-VD-ocr-20,llava,hallusionbench,image,0,1,1,1,vision_hallucination|reasoning_hallucination,1,1.0034588574780656,0.511704096218864,10.370696574707985
hallusionbench-image-VD-ocr-20-1-0,hallusionbench-image-VD-ocr-20,llava,hallusionbench,image,0,1,1,1,reasoning_hallucination,1,1.00006961822544,0.5004715828849844,-12.389460344126054
hallusionbench-image-VD-ocr-20-1-1,hallusionbench-image-VD-ocr-20,llava,hallusionbench,image,1,0,0,5,,1,1.0001329183576988,0.5027928703997657,-7.853492631707965
hallusionbench-image-VD-figure-0-0-0,hallusionbench-image-VD-figure-0,llava,hallusionbench,image,1,0,1,1,vision_hallucination|reasoning_hallucination,1,1.0001754760724175,0.673515397489665,-12.688225321361541
hallusionbench-image-VD-figure-1-0-0,hallusionbench-image-VD-figure-1,llava,hallusionbench,image,1,0,1,1,vision_hallucination|reasoning_hallucination,1,1.0002501011020306,-0.0,-20.261833881689096
hallusionbench-image-VD-figure-0-1-0,hallusionbench-image-VD-figure-0,llava,hallusionbench,image,0,1,1,1,vision_hallucination|reasoning_hallucination,1,1.0001425743158177,-0.0,-16.943644115517948
hallusionbench-image-VD-figure-1-1-0,hallusionbench-image-VD-figure-1,llava,hallusionbench,image,0,1,1,1,vision_hallucination|reasoning_hallucination,1,1.0000751018493481,0.45281875505649816,3.9081916428325023
hallusionbench-image-VD-figure-1-0-1,hallusionbench-image-VD-figure-1,llava,hallusionbench,image,0,1,1,1,vision_hallucination|reasoning_hallucination,1,1.054244040485568,0.4665921555413008,165.53479757983862
hallusionbench-image-VD-figure-1-1-1,hallusionbench-image-VD-figure-1,llava,hallusionbench,image,1,0,0,5,,1,1.0000932216655514,0.23525969629252258,59.80641181486052
hallusionbench-image-VD-figure-2-0-0,hallusionbench-image-VD-figure-2,llava,hallusionbench,image,1,0,0,5,,1,1.0017410516826248,-0.0,-21.405906382402225
hallusionbench-image-VD-figure-2-1-0,hallusionbench-image-VD-figure-2,llava,hallusionbench,image,1,0,1,1,vision_hallucination|reasoning_hallucination,1,1.0036716460075448,0.6670815634157303,1.7861040439345057
hallusionbench-image-VD-figure-2-0-1,hallusionbench-image-VD-figure-2,llava,hallusionbench,image,1,0,0,5,,1,1.0009942054195229,-0.0,-16.899499118255406
hallusionbench-image-VD-figure-2-1-1,hallusionbench-image-VD-figure-2,llava,hallusionbench,image,1,0,1,1,vision_hallucination|reasoning_hallucination,1,1.0000655651121435,0.6730511605441563,-12.482683378258688
hallusionbench-image-VD-figure-3-0-0,hallusionbench-image-VD-figure-3,llava,hallusionbench,image,0,1,1,1,vision_hallucination|reasoning_hallucination,1,1.0002822875901576,0.6730032829140208,-13.882002002209743
hallusionbench-image-VD-figure-3-1-0,hallusionbench-image-VD-figure-3,llava,hallusionbench,image,1,0,1,1,vision_hallucination|reasoning_hallucination,1,1.0000455379486053,0.6734789318746994,-7.631370463241376
hallusionbench-image-VD-figure-3-0-1,hallusionbench-image-VD-figure-3,llava,hallusionbench,image,0,1,1,1,reasoning_hallucination,1,1.0001037120827028,0.5006864444042054,-13.546441407904023
hallusionbench-image-VD-figure-3-1-1,hallusionbench-image-VD-figure-3,llava,hallusionbench,image,1,0,0,5,,1,1.0000545978534514,0.501573107826891,-9.546110496021011
hallusionbench-image-VD-figure-4-0-1,hallusionbench-image-VD-figure-4,llava,hallusionbench,image,0,1,1,1,reasoning_hallucination,1,1.0001033544541913,-0.0,-19.512431449748416
hallusionbench-image-VD-figure-4-1-0,hallusionbench-image-VD-figure-4,llava,hallusionbench,image,0,1,1,1,vision_hallucination|reasoning_hallucination,1,1.743754461998413,0.6378901150957994,65.7284065512402
hallusionbench-image-VD-figure-4-0-0,hallusionbench-image-VD-figure-4,llava,hallusionbench,image,0,1,1,1,reasoning_hallucination,1,1.0003784895079864,0.6752733322964328,-3.455796472400438
hallusionbench-image-VD-figure-4-1-1,hallusionbench-image-VD-figure-4,llava,hallusionbench,image,1,0,0,5,,1,1.0000655651121435,0.6730162446717491,-10.19990484628155
hallusionbench-image-VD-figure-5-0-0,hallusionbench-image-VD-figure-5,llava,hallusionbench,image,1,0,1,1,vision_hallucination,1,1.0292727943247397,-0.0,48.36608087308086
hallusionbench-image-VD-figure-5-0-1,hallusionbench-image-VD-figure-5,llava,hallusionbench,image,1,0,0,5,,1,1.0005167722808472,-0.0,-17.292157373233227
hallusionbench-image-VD-figure-5-1-0,hallusionbench-image-VD-figure-5,llava,hallusionbench,image,1,0,1,1,vision_hallucination|reasoning_hallucination,1,1.0000672340365904,0.48755398597281924,-4.115404768162037
hallusionbench-image-VD-figure-5-1-1,hallusionbench-image-VD-figure-5,llava,hallusionbench,image,1,0,0,5,,1,1.0000823736210038,0.5004328681389162,-11.779294133367618
hallusionbench-image-VD-figure-5-2-0,hallusionbench-image-VD-figure-5,llava,hallusionbench,image,1,0,1,1,vision_hallucination|reasoning_hallucination,1,1.0000672340365904,0.6780935882270618,8.865018123694647
hallusionbench-image-VD-figure-5-2-1,hallusionbench-image-VD-figure-5,llava,hallusionbench,image,1,0,0,4,,1,1.0000823736210038,0.5020416131715281,-8.973740262946473
hallusionbench-image-VD-figure-6-0-0,hallusionbench-image-VD-figure-6,llava,hallusionbench,image,1,0,1,1,vision_hallucination|reasoning_hallucination,1,1.000249266632429,-0.0,-21.259347040976074
hallusionbench-image-VD-figure-6-1-0,hallusionbench-image-VD-figure-6,llava,hallusionbench,image,0,1,1,1,vision_hallucination|reasoning_hallucination,1,1.0000712871566508,-0.0,-16.131330588272046
hallusionbench-image-VD-figure-6-0-1,hallusionbench-image-VD-figure-6,llava,hallusionbench,image,0,1,1,1,vision_hallucination|reasoning_hallucination,1,1.000450253480778,-0.0,-9.866228020497564
hallusionbench-image-VD-figure-7-0-0,hallusionbench-image-VD-figure-7,llava,hallusionbench,image,1,0,1,1,vision_hallucination,1,1.016580701708477,0.6734220873941865,-14.774055395219422
hallusionbench-image-VD-figure-6-1-1,hallusionbench-image-VD-figure-6,llava,hallusionbench,image,0,1,1,1,vision_hallucination|reasoning_hallucination,1,1.0000585317605981,-0.0,-17.884915194423186
hallusionbench-image-VD-figure-7-1-0,hallusionbench-image-VD-figure-7,llava,hallusionbench,image,0,1,1,1,reasoning_hallucination,1,1.0000504255311498,-0.0,-18.20207378875802
hallusionbench-image-VD-figure-7-0-1,hallusionbench-image-VD-figure-7,llava,hallusionbench,image,1,0,0,5,,1,1.000104904176239,-0.0,-18.74931950078155
hallusionbench-image-VD-figure-8-0-0,hallusionbench-image-VD-figure-8,llava,hallusionbench,image,1,0,0,5,,1,1.0013600588383578,0.5009445011625473,-14.211307096493334
hallusionbench-image-VD-figure-7-1-1,hallusionbench-image-VD-figure-7,llava,hallusionbench,image,1,0,1,1,reasoning_hallucination,1,1.000177979473283,-0.0,10.300007161536993
hallusionbench-image-VD-figure-8-1-0,hallusionbench-image-VD-figure-8,llava,hallusionbench,image,1,0,1,1,vision_hallucination|reasoning_hallucination,1,1.0000241994857244,0.500489283164018,-12.599242005231432
hallusionbench-image-VD-figure-8-0-1,hallusionbench-image-VD-figure-8,llava,hallusionbench,image,1,0,0,5,,1,1.0009381771047585,-0.0,-14.797765414082818
hallusionbench-image-VD-figure-8-1-1,hallusionbench-image-VD-figure-8,llava,hallusionbench,image,1,0,0,5,,1,1.000096082690067,0.5004653720550263,-11.677368730175802
hallusionbench-image-VD-figure-9-0-1,hallusionbench-image-VD-figure-9,llava,hallusionbench,image,1,0,1,1,vision_hallucination,1,1.0005341768393679,-0.0,-17.89748771398961
hallusionbench-image-VD-figure-9-0-0,hallusionbench-image-VD-figure-9,llava,hallusionbench,image,1,0,0,5,,1,1.001282453518757,0.6729402166541355,-16.403870952993636
hallusionbench-image-VD-figure-9-1-0,hallusionbench-image-VD-figure-9,llava,hallusionbench,image,1,0,1,2,vision_hallucination,1,1.0001754760724175,0.49806759916782184,-10.06058168201071
hallusionbench-image-VD-figure-9-1-1,hallusionbench-image-VD-figure-9,llava,hallusionbench,image,1,0,1,2,vision_hallucination|reasoning_hallucination,1,1.0001199245470156,0.6657662711492395,5.693512093207744
hallusionbench-image-VD-figure-10-0-0,hallusionbench-image-VD-figure-10,llava,hallusionbench,image,1,0,1,1,vision_hallucination|reasoning_hallucination,1,1.0363735067973638,0.5757997417089203,116.8077126907349
hallusionbench-image-VD-figure-10-1-0,hallusionbench-image-VD-figure-10,llava,hallusionbench,image,0,1,1,1,vision_hallucination|reasoning_hallucination,1,1.7779807590533787,0.9525246157836099,29.611864875329452
hallusionbench-image-VD-figure-10-0-1,hallusionbench-image-VD-figure-10,llava,hallusionbench,image,1,0,0,5,,1,1.00033044813781,-0.0,-19.62662225897957
hallusionbench-image-VD-figure-10-1-1,hallusionbench-image-VD-figure-10,llava,hallusionbench,image,0,1,1,1,vision_hallucination,1,1.000127911569499,0.6730666986298457,-9.780032378883485
hallusionbench-image-VD-figure-11-0-1,hallusionbench-image-VD-figure-11,llava,hallusionbench,image,1,0,1,1,vision_hallucination,1,1.000733852372239,0.6730311978230045,-14.46174041578427
hallusionbench-image-VD-figure-11-0-0,hallusionbench-image-VD-figure-11,llava,hallusionbench,image,1,0,1,1,vision_hallucination,1,1.001020789188101,0.46346459154702185,0.6742582562379429
hallusionbench-image-VD-figure-11-1-1,hallusionbench-image-VD-figure-11,llava,hallusionbench,image,0,1,1,1,vision_hallucination|reasoning_hallucination,1,1.0005015134684416,0.5007736422209774,-8.877158696989783
hallusionbench-image-VD-figure-12-0-0,hallusionbench-image-VD-figure-12,llava,hallusionbench,image,1,0,0,5,,1,1.0018579959318277,0.6730007363315562,-14.740688139585794
hallusionbench-image-VD-figure-11-1-0,hallusionbench-image-VD-figure-11,llava,hallusionbench,image,1,0,1,1,vision_hallucination|reasoning_hallucination,1,1.0004234314075706,0.5020825836545764,-5.3839080884664785
hallusionbench-image-VD-figure-12-0-1,hallusionbench-image-VD-figure-12,llava,hallusionbench,image,1,0,0,5,,1,1.0005841255052494,-0.0,-19.46909248934237
hallusionbench-image-VD-figure-12-1-0,hallusionbench-image-VD-figure-12,llava,hallusionbench,image,0,1,1,1,vision_hallucination|reasoning_hallucination,1,1.0002479553244614,0.6732483379713134,-11.633981362354243
hallusionbench-image-VD-figure-12-1-1,hallusionbench-image-VD-figure-12,llava,hallusionbench,image,1,0,0,5,,1,1.0000754594823098,-0.0,-15.384641686404128
hallusionbench-image-VD-figure-13-0-0,hallusionbench-image-VD-figure-13,llava,hallusionbench,image,0,1,1,1,vision_hallucination|reasoning_hallucination,1,1.000144720071075,0.6721603528954432,-11.94800789042926
hallusionbench-image-VD-figure-13-0-1,hallusionbench-image-VD-figure-13,llava,hallusionbench,image,0,1,1,1,vision_hallucination|reasoning_hallucination,1,1.0002933740718811,-0.0,-19.49909537176694
hallusionbench-image-VD-figure-13-1-0,hallusionbench-image-VD-figure-13,llava,hallusionbench,image,1,0,1,1,vision_hallucination|reasoning_hallucination,1,1.0002858638658547,-0.0,-14.73352834888515
hallusionbench-image-VD-figure-13-1-1,hallusionbench-image-VD-figure-13,llava,hallusionbench,image,1,0,1,1,vision_hallucination|reasoning_hallucination,1,1.000174880023437,0.5010323430123741,-8.639574515348905
hallusionbench-image-VD-figure-14-0-0,hallusionbench-image-VD-figure-14,llava,hallusionbench,image,1,0,1,1,vision_hallucination,1,1.0012066364666035,0.6717332681836132,-11.779165405848634
hallusionbench-image-VD-figure-14-1-0,hallusionbench-image-VD-figure-14,llava,hallusionbench,image,0,1,1,1,vision_hallucination,1,1.0029572248892424,-0.0,-15.66952933981956
hallusionbench-image-VD-figure-14-0-1,hallusionbench-image-VD-figure-14,llava,hallusionbench,image,1,0,1,1,vision_hallucination,1,1.00126349924202,-0.0,-15.259176461314413
hallusionbench-image-VD-figure-14-1-1,hallusionbench-image-VD-figure-14,llava,hallusionbench,image,1,0,1,1,vision_hallucination|reasoning_hallucination,1,1.0000877380368842,-0.0,-15.63241876011822
hallusionbench-image-VD-figure-15-0-0,hallusionbench-image-VD-figure-15,llava,hallusionbench,image,0,1,1,1,vision_hallucination|reasoning_hallucination,1,1.0004611015194316,0.6735881498373879,-12.68686047109004
hallusionbench-image-VD-figure-15-1-0,hallusionbench-image-VD-figure-15,llava,hallusionbench,image,0,1,0,3,,1,1.0002450942948633,0.6730597811906446,-11.804467474868671
hallusionbench-image-VD-figure-15-1-1,hallusionbench-image-VD-figure-15,llava,hallusionbench,image,1,0,1,1,vision_hallucination|reasoning_hallucination,1,1.0000578165069096,0.5039540391833789,-5.585801832388944
hallusionbench-image-VD-figure-15-0-1,hallusionbench-image-VD-figure-15,llava,hallusionbench,image,1,0,0,5,,1,1.0084570645575646,-0.0,-17.909010716559905
hallusionbench-image-VD-figure-16-0-0,hallusionbench-image-VD-figure-16,llava,hallusionbench,image,0,1,1,1,vision_hallucination|reasoning_hallucination,1,1.0002390146195832,-0.0,-8.24891219799355
hallusionbench-image-VD-figure-16-1-0,hallusionbench-image-VD-figure-16,llava,hallusionbench,image,0,1,1,1,vision_hallucination|reasoning_hallucination,1,1.0010709762306003,0.5042361943458129,-5.475302807231597
hallusionbench-image-VD-figure-16-1-1,hallusionbench-image-VD-figure-16,llava,hallusionbench,image,1,0,0,5,,1,1.000084638597454,0.4152681286910034,23.6278991916865
hallusionbench-image-VD-figure-16-0-1,hallusionbench-image-VD-figure-16,llava,hallusionbench,image,1,0,1,1,vision_hallucination|reasoning_hallucination,1,1.0005089044512088,0.6730225378554919,-13.86031766010454
hallusionbench-image-VD-figure-17-0-0,hallusionbench-image-VD-figure-17,llava,hallusionbench,image,0,1,1,1,vision_hallucination|reasoning_hallucination,1,1.000910639763381,0.6777816024188603,0.9784967075874071
hallusionbench-image-VD-figure-17-0-1,hallusionbench-image-VD-figure-17,llava,hallusionbench,image,1,0,0,5,,1,1.0004448890784878,-0.0,-18.6489525591236
hallusionbench-image-VD-figure-17-1-0,hallusionbench-image-VD-figure-17,llava,hallusionbench,image,0,1,1,1,vision_hallucination|reasoning_hallucination,1,1.0005282163535951,0.6275738584213044,48.18796268557071
hallusionbench-image-VD-figure-17-1-1,hallusionbench-image-VD-figure-17,llava,hallusionbench,image,0,1,1,1,vision_hallucination,1,1.0000578165069096,0.5004372789074613,-9.959155291049592
hallusionbench-image-VD-figure-18-0-0,hallusionbench-image-VD-figure-18,llava,hallusionbench,image,1,0,0,5,,1,1.0391207928809865,0.526242478439833,30.12395297637099
hallusionbench-image-VD-figure-18-1-0,hallusionbench-image-VD-figure-18,llava,hallusionbench,image,1,0,1,1,vision_hallucination,1,1.1582784665293009,0.6763406376900527,17.170337833183567
hallusionbench-image-VD-figure-18-0-1,hallusionbench-image-VD-figure-18,llava,hallusionbench,image,1,0,1,1,vision_hallucination,1,1.0001181364058571,-0.0,-17.710336109147445
hallusionbench-image-VD-figure-18-1-1,hallusionbench-image-VD-figure-18,llava,hallusionbench,image,0,1,1,1,vision_hallucination|reasoning_hallucination,1,1.0001218318933465,0.5063173415433594,0.5577771515447125
hallusionbench-image-VD-figure-19-0-0,hallusionbench-image-VD-figure-19,llava,hallusionbench,image,0,1,0,4,,1,1.0006852150138787,0.5323016468955586,37.83703748533163
hallusionbench-image-VD-figure-19-0-1,hallusionbench-image-VD-figure-19,llava,hallusionbench,image,1,0,0,5,,1,1.0004385709904524,-0.0,-18.095618585061988
hallusionbench-image-VD-figure-19-1-1,hallusionbench-image-VD-figure-19,llava,hallusionbench,image,0,1,1,1,vision_hallucination,1,1.0004218816723618,0.5004466784063045,-10.861511317312587
hallusionbench-image-VD-figure-19-1-0,hallusionbench-image-VD-figure-19,llava,hallusionbench,image,1,0,1,1,vision_hallucination|reasoning_hallucination,1,1.0003803968524778,0.6799533384443308,16.80971362964506
hallusionbench-image-VD-video-0-0-0,hallusionbench-image-VD-video-0,llava,hallusionbench,image,1,0,0,5,,1,1.0023162365860554,0.6712286586472248,-10.726345615289475
hallusionbench-image-VD-video-0-1-0,hallusionbench-image-VD-video-0,llava,hallusionbench,image,0,1,0,3,,1,1.0217535486854759,0.5620260225992317,89.16575557677523
hallusionbench-image-VD-video-1-0-0,hallusionbench-image-VD-video-1,llava,hallusionbench,image,0,1,1,1,vision_hallucination|reasoning_hallucination,1,1.0026913880354023,0.5057837661330458,-4.6585811237996335
hallusionbench-image-VD-video-1-0-1,hallusionbench-image-VD-video-1,llava,hallusionbench,image,0,1,1,1,vision_hallucination,1,1.0026609897901475,-0.0,-3.295016781759127
hallusionbench-image-VD-video-1-0-2,hallusionbench-image-VD-video-1,llava,hallusionbench,image,1,0,0,3,,1,1.077757836027929,0.2928622360085957,52.72354850957099
hallusionbench-image-VD-video-1-0-3,hallusionbench-image-VD-video-1,llava,hallusionbench,image,0,1,1,1,vision_hallucination|reasoning_hallucination,1,1.002192258775261,0.4981767532515982,-10.554055008445868
hallusionbench-image-VD-video-1-1-0,hallusionbench-image-VD-video-1,llava,hallusionbench,image,0,1,1,1,vision_hallucination|reasoning_hallucination,1,1.000125527387214,0.5619943174180579,90.57324180482782
hallusionbench-image-VD-video-1-1-1,hallusionbench-image-VD-video-1,llava,hallusionbench,image,0,1,1,1,vision_hallucination|reasoning_hallucination,1,1.000498175628789,0.500433222786441,-9.248871141499453
hallusionbench-image-VD-video-1-1-2,hallusionbench-image-VD-video-1,llava,hallusionbench,image,0,1,1,1,vision_hallucination|reasoning_hallucination,1,1.0001610517518678,-0.0,-15.605959605675698
hallusionbench-image-VD-video-1-2-0,hallusionbench-image-VD-video-1,llava,hallusionbench,image,0,1,1,1,vision_hallucination|reasoning_hallucination,1,1.000125527387214,-0.0,-10.14043246401266
hallusionbench-image-VD-video-1-1-3,hallusionbench-image-VD-video-1,llava,hallusionbench,image,1,0,1,1,vision_hallucination|reasoning_hallucination,1,1.001385211901759,0.5492363649625724,68.57294419654986
hallusionbench-image-VD-video-1-2-1,hallusionbench-image-VD-video-1,llava,hallusionbench,image,1,0,1,1,vision_hallucination|reasoning_hallucination,1,1.0004906654574897,0.66928375464444,-4.127317210753557
hallusionbench-image-VD-video-1-2-2,hallusionbench-image-VD-video-1,llava,hallusionbench,image,0,1,0,3,,1,1.0001610517518678,0.5200467077162855,21.80315969873465
hallusionbench-image-VD-video-1-2-3,hallusionbench-image-VD-video-1,llava,hallusionbench,image,0,1,1,1,vision_hallucination|reasoning_hallucination,1,1.0014097690598025,0.6494784486226037,82.75468176655382
hallusionbench-image-VD-video-2-0-0,hallusionbench-image-VD-video-2,llava,hallusionbench,image,0,1,1,1,vision_hallucination|reasoning_hallucination,1,1.0096451046055162,0.4877631580547226,-13.060350278652454
hallusionbench-image-VD-video-2-0-1,hallusionbench-image-VD-video-2,llava,hallusionbench,image,0,1,1,1,vision_hallucination|reasoning_hallucination,1,1.0031713248079734,0.6741149307124614,-9.036470487521868
hallusionbench-image-VD-video-2-0-2,hallusionbench-image-VD-video-2,llava,hallusionbench,image,1,0,1,2,vision_hallucination|reasoning_hallucination,1,1.0011343955780199,-0.0,-18.812687767032553
hallusionbench-image-VD-video-2-1-0,hallusionbench-image-VD-video-2,llava,hallusionbench,image,0,1,1,1,reasoning_hallucination,1,1.0003224611282093,-0.0,-15.574817586447171
hallusionbench-image-VD-video-2-1-1,hallusionbench-image-VD-video-2,llava,hallusionbench,image,0,1,1,1,vision_hallucination|reasoning_hallucination,1,1.000270962718986,-0.0,-16.437137808987686
hallusionbench-image-VD-video-2-1-2,hallusionbench-image-VD-video-2,llava,hallusionbench,image,0,1,0,4,,1,1.000082850453895,-0.0,-6.508617221756037
hallusionbench-image-VD-video-3-0-0,hallusionbench-image-VD-video-3,llava,hallusionbench,image,1,0,0,5,,1,1.00154709821439,0.4915906577210847,-11.85117782219635
hallusionbench-image-VD-video-3-0-2,hallusionbench-image-VD-video-3,llava,hallusionbench,image,1,0,1,1,vision_hallucination,1,1.0060200692408445,-0.0,83.5304357421258
hallusionbench-image-VD-video-3-0-1,hallusionbench-image-VD-video-3,llava,hallusionbench,image,1,0,1,1,vision_hallucination|reasoning_hallucination,1,1.007248163155332,0.2089445888935714,65.92957227601686
hallusionbench-image-VD-video-3-1-0,hallusionbench-image-VD-video-3,llava,hallusionbench,image,0,1,1,1,reasoning_hallucination,1,1.0041401386711235,-0.0,-9.17908860947431
hallusionbench-image-VD-video-3-0-3,hallusionbench-image-VD-video-3,llava,hallusionbench,image,0,1,1,1,reasoning_hallucination,1,1.0245740414657947,0.41494999354499806,92.141104516827
hallusionbench-image-VD-video-3-1-1,hallusionbench-image-VD-video-3,llava,hallusionbench,image,0,1,1,1,vision_hallucination|reasoning_hallucination,1,1.0020083188923607,0.6895832948842112,118.85003700326763
hallusionbench-image-VD-video-3-1-2,hallusionbench-image-VD-video-3,llava,hallusionbench,image,0,1,1,2,vision_hallucination|reasoning_hallucination,1,1.0002092122989221,-0.0,-15.079127408908295
hallusionbench-image-VD-video-3-1-3,hallusionbench-image-VD-video-3,llava,hallusionbench,image,1,0,0,4,,1,1.0007276535028458,-0.0,-16.449521952732823
hallusionbench-image-VD-video-3-2-0,hallusionbench-image-VD-video-3,llava,hallusionbench,image,0,1,1,1,reasoning_hallucination,1,1.0041401386711235,-0.0,-16.621302025919707
hallusionbench-image-VD-video-3-2-1,hallusionbench-image-VD-video-3,llava,hallusionbench,image,1,0,0,4,,1,1.0020083188923607,0.6754661901857668,1.1948190570513741
hallusionbench-image-VD-video-3-2-2,hallusionbench-image-VD-video-3,llava,hallusionbench,image,0,1,1,2,vision_hallucination|reasoning_hallucination,1,1.0002092122989221,-0.0,-10.329709270495869
hallusionbench-image-VD-video-4-0-0,hallusionbench-image-VD-video-4,llava,hallusionbench,image,1,0,0,5,,1,1.0086976286405753,-0.0,-4.571347255228455
hallusionbench-image-VD-video-3-2-3,hallusionbench-image-VD-video-3,llava,hallusionbench,image,0,1,0,4,,1,1.000727415085559,0.5050508198655054,42.756595337643844
hallusionbench-image-VD-video-4-0-1,hallusionbench-image-VD-video-4,llava,hallusionbench,image,0,1,1,1,vision_hallucination|reasoning_hallucination,1,1.001581907218278,0.38948640387605804,23.177455334925842
hallusionbench-image-VD-video-4-0-2,hallusionbench-image-VD-video-4,llava,hallusionbench,image,0,1,1,1,vision_hallucination|reasoning_hallucination,1,1.0041751860276753,0.6731999304977343,-13.367928579247954
hallusionbench-image-VD-video-4-0-3,hallusionbench-image-VD-video-4,llava,hallusionbench,image,0,1,1,1,vision_hallucination|reasoning_hallucination,1,1.0020575523299373,0.6853143251134214,28.437467764199667
hallusionbench-image-VD-video-4-1-1,hallusionbench-image-VD-video-4,llava,hallusionbench,image,1,0,0,5,,1,1.0003397464630848,0.6730291930237665,-11.709169555707224
hallusionbench-image-VD-video-4-1-0,hallusionbench-image-VD-video-4,llava,hallusionbench,image,0,1,1,1,vision_hallucination|reasoning_hallucination,1,1.000364184380087,0.6730870243796204,-10.921519910523354
hallusionbench-image-VD-video-4-1-3,hallusionbench-image-VD-video-4,llava,hallusionbench,image,1,0,1,1,vision_hallucination|reasoning_hallucination,1,1.001266360270522,0.9915884514997946,90.54456270790061
hallusionbench-image-VD-video-4-1-2,hallusionbench-image-VD-video-4,llava,hallusionbench,image,0,1,1,1,vision_hallucination|reasoning_hallucination,1,1.0013905764206887,0.5196661429748146,21.679888745912876
hallusionbench-image-VD-video-4-2-0,hallusionbench-image-VD-video-4,llava,hallusionbench,image,0,1,1,1,vision_hallucination|reasoning_hallucination,1,1.0003638267384976,0.6729825250045464,-14.089117836090493
hallusionbench-image-VD-video-4-2-1,hallusionbench-image-VD-video-4,llava,hallusionbench,image,0,1,1,1,vision_hallucination|reasoning_hallucination,1,1.0003261566210209,0.6731697630769622,-12.835383739646414
hallusionbench-image-VD-video-4-2-2,hallusionbench-image-VD-video-4,llava,hallusionbench,image,0,1,1,1,vision_hallucination|reasoning_hallucination,1,1.0013905764206887,0.6729964868050491,-10.17678619712887
hallusionbench-image-VD-video-4-2-3,hallusionbench-image-VD-video-4,llava,hallusionbench,image,0,1,0,3,,1,1.001266479514218,0.42566965727096484,14.461440005449974
hallusionbench-image-VD-video-5-0-0,hallusionbench-image-VD-video-5,llava,hallusionbench,image,1,0,1,1,vision_hallucination,1,1.0007154941771434,0.4995089448387372,-11.947243254238714
hallusionbench-image-VD-video-5-0-2,hallusionbench-image-VD-video-5,llava,hallusionbench,image,1,0,0,4,,1,1.0034086704555176,0.6810155577929699,175.71846467486245
hallusionbench-image-VD-video-5-0-1,hallusionbench-image-VD-video-5,llava,hallusionbench,image,0,1,1,1,vision_hallucination|reasoning_hallucination,1,1.0008420944157257,-0.0,-22.15792200491692
hallusionbench-image-VD-video-5-0-3,hallusionbench-image-VD-video-5,llava,hallusionbench,image,0,1,1,1,reasoning_hallucination,1,1.0040503739758018,-0.0,99.61031921150737
hallusionbench-image-VD-video-5-1-0,hallusionbench-image-VD-video-5,llava,hallusionbench,image,0,1,1,1,vision_hallucination|reasoning_hallucination,1,1.00014615058684,-0.0,-14.559767492489824
hallusionbench-image-VD-video-5-1-2,hallusionbench-image-VD-video-5,llava,hallusionbench,image,0,1,1,1,vision_hallucination|reasoning_hallucination,1,1.001173853821701,0.6198170992463323,56.6295598117366
hallusionbench-image-VD-video-5-1-1,hallusionbench-image-VD-video-5,llava,hallusionbench,image,1,0,0,5,,1,1.0001237392433149,0.5028620124875283,-4.616235349469833
hallusionbench-image-VD-video-5-1-3,hallusionbench-image-VD-video-5,llava,hallusionbench,image,1,0,0,5,,1,1.0010123252315029,-0.0,52.74382273935759
hallusionbench-image-VD-video-6-0-1,hallusionbench-image-VD-video-6,llava,hallusionbench,image,0,1,1,1,vision_hallucination|reasoning_hallucination,1,1.023506521390794,-0.0,52.69297635464973
hallusionbench-image-VD-video-6-0-0,hallusionbench-image-VD-video-6,llava,hallusionbench,image,1,0,1,1,vision_hallucination|reasoning_hallucination,1,1.0086290841008632,0.6868510747138961,50.54685897118741
hallusionbench-image-VD-video-6-0-2,hallusionbench-image-VD-video-6,llava,hallusionbench,image,1,0,1,1,vision_hallucination|reasoning_hallucination,1,1.0237047673098343,0.26878697998711953,99.89847022559904
hallusionbench-image-VD-video-6-0-3,hallusionbench-image-VD-video-6,llava,hallusionbench,image,0,1,1,1,vision_hallucination|reasoning_hallucination,1,1.0257296557266797,-0.0,103.33603114478473
hallusionbench-image-VD-video-6-1-0,hallusionbench-image-VD-video-6,llava,hallusionbench,image,0,1,1,1,vision_hallucination|reasoning_hallucination,1,1.0004631280821032,0.500372540643729,-12.45199331371859
hallusionbench-image-VD-video-6-1-2,hallusionbench-image-VD-video-6,llava,hallusionbench,image,0,1,0,3,,1,1.0004266500579848,-0.0,-13.76627901874021
hallusionbench-image-VD-video-6-1-1,hallusionbench-image-VD-video-6,llava,hallusionbench,image,0,1,1,1,vision_hallucination|reasoning_hallucination,1,1.0009407997260165,0.6588416709839011,15.744650847067346
hallusionbench-image-VD-video-6-1-3,hallusionbench-image-VD-video-6,llava,hallusionbench,image,1,0,0,6,,1,1.0004873275666737,0.1941182032470939,83.31477420574025
hallusionbench-image-VD-video-7-0-0,hallusionbench-image-VD-video-7,llava,hallusionbench,image,1,0,0,5,,1,1.0013110637807314,0.6707182594179069,-10.451725346837037
hallusionbench-image-VD-video-7-0-1,hallusionbench-image-VD-video-7,llava,hallusionbench,image,1,0,0,5,,1,1.0161497595757596,0.6738607044433813,-10.648383716609768
hallusionbench-image-VD-video-7-0-2,hallusionbench-image-VD-video-7,llava,hallusionbench,image,1,0,1,1,vision_hallucination|reasoning_hallucination,1,1.0022290944399534,0.006042828727514286,86.14745214951154
hallusionbench-image-VD-video-7-1-0,hallusionbench-image-VD-video-7,llava,hallusionbench,image,0,1,1,1,vision_hallucination|reasoning_hallucination,1,1.000301837917548,0.6730413630376785,-10.654803740999142
hallusionbench-image-VD-video-7-0-3,hallusionbench-image-VD-video-7,llava,hallusionbench,image,0,1,1,1,vision_hallucination,1,1.0343005675710437,0.5272338742046885,32.11328140222655
hallusionbench-image-VD-video-7-1-1,hallusionbench-image-VD-video-7,llava,hallusionbench,image,0,1,1,1,vision_hallucination|reasoning_hallucination,1,1.0067849160844595,0.5211776694367344,26.32324751138449
hallusionbench-image-VD-video-7-1-3,hallusionbench-image-VD-video-7,llava,hallusionbench,image,1,0,1,1,vision_hallucination|reasoning_hallucination,1,1.000421643269691,-0.0,0.1934631788440342
hallusionbench-image-VD-video-7-1-2,hallusionbench-image-VD-video-7,llava,hallusionbench,image,0,1,0,4,,1,1.0005857944214513,0.053197510797246446,83.53696200917159
hallusionbench-image-VD-video-8-0-0,hallusionbench-image-VD-video-8,llava,hallusionbench,image,1,0,1,1,reasoning_hallucination,1,1.0031812190742453,0.6759141457814327,-2.939005304517311
hallusionbench-image-VD-video-8-0-1,hallusionbench-image-VD-video-8,llava,hallusionbench,image,1,0,1,1,vision_hallucination,1,1.0074687005731906,-0.0,19.208315983681057
hallusionbench-image-VD-video-8-0-2,hallusionbench-image-VD-video-8,llava,hallusionbench,image,1,0,1,1,vision_hallucination|reasoning_hallucination,1,1.0035214423292163,0.3124505660466502,159.73649090119648
hallusionbench-image-VD-video-8-0-3,hallusionbench-image-VD-video-8,llava,hallusionbench,image,0,1,1,2,vision_hallucination|reasoning_hallucination,1,1.0101180073973233,0.14701431453668942,140.29016251003645
hallusionbench-image-VD-video-8-1-0,hallusionbench-image-VD-video-8,llava,hallusionbench,image,0,1,1,1,vision_hallucination|reasoning_hallucination,1,1.0013015270524748,0.6730897499429944,-11.576552907815042
hallusionbench-image-VD-video-8-1-1,hallusionbench-image-VD-video-8,llava,hallusionbench,image,0,1,0,4,,1,1.206522941361494,-0.0,33.86592438995449
hallusionbench-image-VD-video-8-1-2,hallusionbench-image-VD-video-8,llava,hallusionbench,image,0,1,1,2,vision_hallucination|reasoning_hallucination,1,1.0005757808495122,0.46109911438837436,4.463669357466655
hallusionbench-image-VD-video-8-1-3,hallusionbench-image-VD-video-8,llava,hallusionbench,image,1,0,1,2,vision_hallucination|reasoning_hallucination,1,1.0182960031400436,0.5011927823842312,-10.971019615649263
hallusionbench-image-VD-video-9-0-0,hallusionbench-image-VD-video-9,llava,hallusionbench,image,1,0,1,2,vision_hallucination|reasoning_hallucination,1,1.0305739634552171,0.14570633285531728,138.9646619208994
hallusionbench-image-VD-video-9-0-2,hallusionbench-image-VD-video-9,llava,hallusionbench,image,1,0,1,2,vision_hallucination|reasoning_hallucination,1,1.0043727159415174,-0.0,28.93203030900289
hallusionbench-image-VD-video-9-0-1,hallusionbench-image-VD-video-9,llava,hallusionbench,image,0,1,1,1,vision_hallucination|reasoning_hallucination,1,1.126857281073877,0.5348594658071538,59.74321210505843
hallusionbench-image-VD-video-9-1-0,hallusionbench-image-VD-video-9,llava,hallusionbench,image,0,1,1,1,vision_hallucination|reasoning_hallucination,1,1.8984353998451136,0.6931386076033987,154.70449576785666
hallusionbench-image-VD-video-9-1-1,hallusionbench-image-VD-video-9,llava,hallusionbench,image,0,1,1,1,vision_hallucination|reasoning_hallucination,1,1.03439736506848,0.6743685553742355,-3.7788339175483943
hallusionbench-image-VD-video-10-0-0,hallusionbench-image-VD-video-10,llava,hallusionbench,image,0,1,1,1,vision_hallucination|reasoning_hallucination,1,1.000912070296824,0.49647095744820546,-11.242488401504495
hallusionbench-image-VD-video-10-0-1,hallusionbench-image-VD-video-10,llava,hallusionbench,image,1,0,1,1,vision_hallucination,1,1.0004041194896212,-0.0,-16.26544573133576
hallusionbench-image-VD-video-10-0-2,hallusionbench-image-VD-video-10,llava,hallusionbench,image,1,0,1,1,vision_hallucination,1,1.0295104971648206,0.5693999539258414,95.70453173626112
hallusionbench-image-VD-video-9-1-2,hallusionbench-image-VD-video-9,llava,hallusionbench,image,0,1,1,1,vision_hallucination|reasoning_hallucination,1,1.0267933609652815,0.6130566434144716,165.01474121777198
hallusionbench-image-VD-video-10-0-3,hallusionbench-image-VD-video-10,llava,hallusionbench,image,1,0,1,1,vision_hallucination,1,1.0018321276055187,0.6744900673080758,94.88882688168745
hallusionbench-image-VD-video-10-1-0,hallusionbench-image-VD-video-10,llava,hallusionbench,image,0,1,1,1,vision_hallucination|reasoning_hallucination,1,1.003132581826928,-0.0,11.065031501833499
hallusionbench-image-VD-video-10-1-1,hallusionbench-image-VD-video-10,llava,hallusionbench,image,1,0,0,5,,1,1.0275858646731757,0.40362235137637126,123.33061864976828
hallusionbench-image-VD-video-10-1-2,hallusionbench-image-VD-video-10,llava,hallusionbench,image,0,1,0,4,,1,1.0101765394685238,-0.0,5.108902855850026
hallusionbench-image-VD-video-10-2-0,hallusionbench-image-VD-video-10,llava,hallusionbench,image,0,1,1,1,vision_hallucination|reasoning_hallucination,1,1.0031188726490106,0.6773286200697798,4.567236478534719
hallusionbench-image-VD-video-10-1-3,hallusionbench-image-VD-video-10,llava,hallusionbench,image,1,0,1,1,vision_hallucination|reasoning_hallucination,1,1.002988696061812,0.515202259553044,14.11935611587292
hallusionbench-image-VD-video-10-2-2,hallusionbench-image-VD-video-10,llava,hallusionbench,image,0,1,1,1,vision_hallucination|reasoning_hallucination,1,1.0101765394685238,0.6922844926709006,83.12722676214077
hallusionbench-image-VD-video-10-2-1,hallusionbench-image-VD-video-10,llava,hallusionbench,image,0,1,1,1,vision_hallucination|reasoning_hallucination,1,1.0275858646731757,0.6679054491610568,-1.7103272465835673
hallusionbench-image-VD-video-10-2-3,hallusionbench-image-VD-video-10,llava,hallusionbench,image,0,1,1,1,vision_hallucination|reasoning_hallucination,1,1.0029882192008048,-0.0,-9.970392353285241
hallusionbench-image-VD-video-11-0-0,hallusionbench-image-VD-video-11,llava,hallusionbench,image,0,1,1,1,vision_hallucination|reasoning_hallucination,1,1.0008198022803831,0.6720616813384425,-10.061505137141891
hallusionbench-image-VD-video-11-0-2,hallusionbench-image-VD-video-11,llava,hallusionbench,image,1,0,0,4,,1,1.0396724947713853,0.5151116880383394,12.244598677314674
hallusionbench-image-VD-video-11-0-1,hallusionbench-image-VD-video-11,llava,hallusionbench,image,1,0,1,1,vision_hallucination|reasoning_hallucination,1,1.0007780790160274,-0.0,-14.689141483792778
hallusionbench-image-VD-video-11-1-0,hallusionbench-image-VD-video-11,llava,hallusionbench,image,0,1,1,1,vision_hallucination|reasoning_hallucination,1,1.0001704692894844,0.6738855309551284,-6.883168051035032
hallusionbench-image-VD-video-11-0-3,hallusionbench-image-VD-video-11,llava,hallusionbench,image,0,1,1,1,vision_hallucination|reasoning_hallucination,1,1.0041644573441717,0.682415252165318,26.18938100823526
hallusionbench-image-VD-video-11-1-1,hallusionbench-image-VD-video-11,llava,hallusionbench,image,0,1,0,4,,1,1.0000463724119606,-0.0,-16.461844488874657
hallusionbench-image-VD-video-11-1-2,hallusionbench-image-VD-video-11,llava,hallusionbench,image,1,0,1,1,vision_hallucination|reasoning_hallucination,1,1.0001364946378555,0.15644004077848875,75.8289292657549
hallusionbench-image-VD-video-11-1-3,hallusionbench-image-VD-video-11,llava,hallusionbench,image,1,0,1,1,vision_hallucination|reasoning_hallucination,1,1.0029973984647245,0.5022624783585661,-9.140191329590653
hallusionbench-image-VD-video-11-2-0,hallusionbench-image-VD-video-11,llava,hallusionbench,image,1,0,1,1,vision_hallucination|reasoning_hallucination,1,1.0001704692894844,0.6731367670726622,-12.69531804511821
hallusionbench-image-VD-video-11-2-1,hallusionbench-image-VD-video-11,llava,hallusionbench,image,0,1,0,4,,1,1.0000463724119606,-0.0,-13.984859926231245
hallusionbench-image-VD-video-11-2-2,hallusionbench-image-VD-video-11,llava,hallusionbench,image,1,0,0,4,,1,1.0001364946378555,-0.0,34.57572399137109
hallusionbench-image-VD-video-11-2-3,hallusionbench-image-VD-video-11,llava,hallusionbench,image,0,1,1,2,vision_hallucination|reasoning_hallucination,1,1.0029978753300959,0.6157049957457574,127.12323542094116
hallusionbench-image-VD-video-12-0-0,hallusionbench-image-VD-video-12,llava,hallusionbench,image,0,1,1,1,vision_hallucination|reasoning_hallucination,1,1.0281189677864024,0.6687330134066853,-3.4254864541242913
hallusionbench-image-VD-video-12-0-1,hallusionbench-image-VD-video-12,llava,hallusionbench,image,0,1,1,1,vision_hallucination|reasoning_hallucination,1,1.0063731670522076,0.6885337549734671,62.922682590190846
hallusionbench-image-VD-video-12-0-2,hallusionbench-image-VD-video-12,llava,hallusionbench,image,0,1,1,1,vision_hallucination|reasoning_hallucination,1,1.0281341080523898,-0.0,4.891603728141142
hallusionbench-image-VD-video-12-1-0,hallusionbench-image-VD-video-12,llava,hallusionbench,image,0,1,1,1,vision_hallucination|reasoning_hallucination,1,1.0606986284097526,0.5025208619874022,-10.11256784900101
hallusionbench-image-VD-video-12-1-1,hallusionbench-image-VD-video-12,llava,hallusionbench,image,0,1,1,1,vision_hallucination|reasoning_hallucination,1,1.000840425479827,0.48568346751557445,-7.0279217837801395
hallusionbench-image-VD-video-12-1-2,hallusionbench-image-VD-video-12,llava,hallusionbench,image,1,0,0,4,,1,1.0788613585083253,0.6721348362705215,18.431697321875994
hallusionbench-image-VD-video-12-2-0,hallusionbench-image-VD-video-12,llava,hallusionbench,image,0,1,1,1,vision_hallucination|reasoning_hallucination,1,1.0606986284097526,0.5003759872658238,-9.964861507830342
hallusionbench-image-VD-video-12-2-1,hallusionbench-image-VD-video-12,llava,hallusionbench,image,0,1,1,1,vision_hallucination|reasoning_hallucination,1,1.000840425479827,-0.0,-18.64280261723136
hallusionbench-image-VD-video-12-2-2,hallusionbench-image-VD-video-12,llava,hallusionbench,image,1,0,0,5,,1,1.0788613585083253,0.3960102424337359,32.677885088906535
hallusionbench-image-VD-video-13-0-0,hallusionbench-image-VD-video-13,llava,hallusionbench,image,1,0,1,1,vision_hallucination,1,1.242172717407402,0.673400603041527,-13.430870037389935
hallusionbench-image-VD-video-13-0-1,hallusionbench-image-VD-video-13,llava,hallusionbench,image,1,0,0,4,,1,1.0006294250312189,-0.0,-17.948811056296933
hallusionbench-image-VD-video-13-0-2,hallusionbench-image-VD-video-13,llava,hallusionbench,image,1,0,1,2,vision_hallucination|reasoning_hallucination,1,1.0032988786548864,0.505646732838817,-4.955608030695792
hallusionbench-image-VD-video-14-0-0,hallusionbench-image-VD-video-14,llava,hallusionbench,image,1,0,1,1,vision_hallucination|reasoning_hallucination,1,1.3174303893065067,0.5187355698498878,108.17514775379712
hallusionbench-image-VD-video-14-0-1,hallusionbench-image-VD-video-14,llava,hallusionbench,image,0,1,1,1,reasoning_hallucination,1,1.0362050533347955,0.03086579619569158,94.19300747525908
hallusionbench-image-VD-video-14-0-2,hallusionbench-image-VD-video-14,llava,hallusionbench,image,1,0,1,1,vision_hallucination|reasoning_hallucination,1,1.0271195181162975,0.5015943756653407,2.844470553429284
hallusionbench-image-VD-video-14-1-0,hallusionbench-image-VD-video-14,llava,hallusionbench,image,1,0,1,2,reasoning_hallucination,1,1.0408335915535518,0.5173207864610833,21.42377080683665
hallusionbench-image-VD-video-14-0-3,hallusionbench-image-VD-video-14,llava,hallusionbench,image,0,1,0,3,,1,1.015080809708664,-0.0,-2.9596510185482785
hallusionbench-image-VD-video-14-1-1,hallusionbench-image-VD-video-14,llava,hallusionbench,image,1,0,0,5,,1,1.0053869484419096,-0.0,-14.52691018294749
hallusionbench-image-VD-video-14-1-2,hallusionbench-image-VD-video-14,llava,hallusionbench,image,0,1,0,4,,1,1.0014592408839451,0.5005689329966414,-11.79959928638667
hallusionbench-image-VD-video-14-1-3,hallusionbench-image-VD-video-14,llava,hallusionbench,image,1,0,0,5,,1,1.0002137422492778,0.5972748759271767,66.55623819854674
hallusionbench-image-VD-video-14-2-1,hallusionbench-image-VD-video-14,llava,hallusionbench,image,1,0,0,5,,1,1.0051898954315428,-0.0,-11.520583913633908
hallusionbench-image-VD-video-14-2-0,hallusionbench-image-VD-video-14,llava,hallusionbench,image,0,1,1,1,vision_hallucination|reasoning_hallucination,1,1.0414707669744885,0.682289699713521,54.30139059500526
hallusionbench-image-VD-video-14-2-2,hallusionbench-image-VD-video-14,llava,hallusionbench,image,0,1,1,1,vision_hallucination|reasoning_hallucination,1,1.0014377832580446,0.5017846564516466,-10.990980461076
hallusionbench-image-VD-video-14-2-3,hallusionbench-image-VD-video-14,llava,hallusionbench,image,0,1,1,1,reasoning_hallucination,1,1.0002155303939897,-0.0,-15.463202476616965
hallusionbench-image-VD-video-15-0-0,hallusionbench-image-VD-video-15,llava,hallusionbench,image,0,1,1,1,vision_hallucination|reasoning_hallucination,1,1.2387075429776528,0.625158969488963,90.43645891483212
hallusionbench-image-VD-video-15-0-1,hallusionbench-image-VD-video-15,llava,hallusionbench,image,1,0,0,4,,1,1.1701924872046656,0.6282161610139468,171.85587217523738
hallusionbench-image-VD-video-15-1-0,hallusionbench-image-VD-video-15,llava,hallusionbench,image,0,1,1,1,vision_hallucination|reasoning_hallucination,1,1.0193508868776315,0.3371020860583346,43.29837813518512
hallusionbench-image-VD-video-15-1-1,hallusionbench-image-VD-video-15,llava,hallusionbench,image,1,0,1,1,vision_hallucination|reasoning_hallucination,1,1.0346800104145117,0.6859213867023334,98.70532937391773
hallusionbench-image-VD-video-16-0-0,hallusionbench-image-VD-video-16,llava,hallusionbench,image,1,0,0,5,,1,1.1519423767651407,0.6930979243624527,111.9539488081464
hallusionbench-image-VD-video-16-0-1,hallusionbench-image-VD-video-16,llava,hallusionbench,image,0,1,1,1,vision_hallucination|reasoning_hallucination,1,2.1836518748455958,0.6785659411679699,145.56170900801553
hallusionbench-image-VD-video-16-1-0,hallusionbench-image-VD-video-16,llava,hallusionbench,image,0,1,1,1,vision_hallucination|reasoning_hallucination,1,1.0016816854302273,0.6613920319418951,33.195719675195505
hallusionbench-image-VD-video-16-1-1,hallusionbench-image-VD-video-16,llava,hallusionbench,image,1,0,0,5,,1,1.1586174965297915,-0.0,28.438269689310296
hallusionbench-image-VD-video-17-0-0,hallusionbench-image-VD-video-17,llava,hallusionbench,image,0,1,1,1,vision_hallucination|reasoning_hallucination,1,1.0296424623069422,0.676412639979437,12.85355918131813
hallusionbench-image-VD-video-17-0-1,hallusionbench-image-VD-video-17,llava,hallusionbench,image,0,1,1,1,vision_hallucination|reasoning_hallucination,1,1.0311470023850662,0.6650144213464133,97.34950760366128
hallusionbench-image-VD-video-17-0-2,hallusionbench-image-VD-video-17,llava,hallusionbench,image,1,0,1,1,vision_hallucination,1,1.0018209218747542,0.45184646964440517,62.54953909104483
hallusionbench-image-VD-video-17-1-0,hallusionbench-image-VD-video-17,llava,hallusionbench,image,1,0,1,1,reasoning_hallucination,1,1.0044436457059964,0.6728404921991717,-8.94143762142436
hallusionbench-image-VD-video-17-1-1,hallusionbench-image-VD-video-17,llava,hallusionbench,image,1,0,1,1,vision_hallucination|reasoning_hallucination,1,1.0061675311541007,0.5006462189656189,-8.77654390334404
hallusionbench-image-VD-video-17-0-3,hallusionbench-image-VD-video-17,llava,hallusionbench,image,0,1,1,1,vision_hallucination|reasoning_hallucination,1,1.0190429679394355,0.2861900439514458,115.23234680972486
hallusionbench-image-VD-video-17-1-2,hallusionbench-image-VD-video-17,llava,hallusionbench,image,0,1,0,3,,1,1.0003846883690435,-0.0,-17.34446531626806
hallusionbench-image-VD-video-18-0-0,hallusionbench-image-VD-video-18,llava,hallusionbench,image,0,1,1,1,vision_hallucination|reasoning_hallucination,1,1.0001475811046512,0.5000603102984856,-14.869694228994865
hallusionbench-image-VD-video-17-1-3,hallusionbench-image-VD-video-17,llava,hallusionbench,image,0,1,0,4,,1,1.0005854368171172,-0.0,-10.04895988197012
hallusionbench-image-VD-video-18-0-1,hallusionbench-image-VD-video-18,llava,hallusionbench,image,1,0,1,1,vision_hallucination,1,1.0006841420946626,0.49982395283979264,-11.796043104906259
hallusionbench-image-VD-video-18-0-2,hallusionbench-image-VD-video-18,llava,hallusionbench,image,1,0,0,4,,1,1.0064549447335316,-0.0,57.15747425299335
hallusionbench-image-VD-video-18-0-3,hallusionbench-image-VD-video-18,llava,hallusionbench,image,0,1,1,2,vision_hallucination|reasoning_hallucination,1,1.015116930013983,0.49924554467976134,-12.476955157399786
hallusionbench-image-VD-video-18-1-0,hallusionbench-image-VD-video-18,llava,hallusionbench,image,0,1,1,1,vision_hallucination|reasoning_hallucination,1,1.0002114772860904,-0.0,-14.103933871149218
hallusionbench-image-VD-video-18-1-1,hallusionbench-image-VD-video-18,llava,hallusionbench,image,0,1,1,1,vision_hallucination|reasoning_hallucination,1,1.0147560834320155,0.5018533293349131,-11.851844112162249
hallusionbench-image-VD-video-18-1-2,hallusionbench-image-VD-video-18,llava,hallusionbench,image,0,1,1,1,reasoning_hallucination,1,1.0001829862647025,0.6724493977638475,-3.785983474768795
hallusionbench-image-VD-video-18-2-0,hallusionbench-image-VD-video-18,llava,hallusionbench,image,1,0,0,5,,1,1.0002115964914873,-0.0,-18.270824544625572
hallusionbench-image-VD-video-18-1-3,hallusionbench-image-VD-video-18,llava,hallusionbench,image,1,0,1,1,vision_hallucination|reasoning_hallucination,1,1.000315308560817,-0.0,-8.492969963481153
hallusionbench-image-VD-video-18-2-2,hallusionbench-image-VD-video-18,llava,hallusionbench,image,0,1,0,3,,1,1.0001827478461882,0.4438504351184692,11.041949456862522
hallusionbench-image-VD-video-18-2-1,hallusionbench-image-VD-video-18,llava,hallusionbench,image,0,1,1,2,vision_hallucination|reasoning_hallucination,1,1.0147560834320155,0.6734762784020142,-11.455981518029462
hallusionbench-image-VD-video-18-2-3,hallusionbench-image-VD-video-18,llava,hallusionbench,image,0,1,0,3,,1,1.000315308560817,0.5009212831995136,-9.982797645540042
hallusionbench-image-VD-video-19-0-0,hallusionbench-image-VD-video-19,llava,hallusionbench,image,1,0,1,1,vision_hallucination|reasoning_hallucination,1,1.0701414341579552,0.6649888724918332,24.22041777083728
hallusionbench-image-VD-video-19-0-1,hallusionbench-image-VD-video-19,llava,hallusionbench,image,1,0,1,1,vision_hallucination,1,1.0310614116817276,0.6727902353160684,-1.6976613611941112
hallusionbench-image-VD-video-19-0-2,hallusionbench-image-VD-video-19,llava,hallusionbench,image,0,1,1,1,vision_hallucination|reasoning_hallucination,1,1.0023394823680467,-0.0,37.57071350964834
hallusionbench-image-VD-video-19-1-0,hallusionbench-image-VD-video-19,llava,hallusionbench,image,0,1,1,1,reasoning_hallucination,1,1.185429097404073,0.5159335417805184,37.740977348402126
hallusionbench-image-VD-video-19-0-3,hallusionbench-image-VD-video-19,llava,hallusionbench,image,1,0,1,1,vision_hallucination|reasoning_hallucination,1,1.0016927719416768,0.6731717694492048,-12.25165179470628
hallusionbench-image-VD-video-19-1-1,hallusionbench-image-VD-video-19,llava,hallusionbench,image,0,1,1,2,reasoning_hallucination,1,1.0030860899826772,0.6730158056166966,-10.66668931246303
hallusionbench-image-VD-video-19-1-3,hallusionbench-image-VD-video-19,llava,hallusionbench,image,1,0,0,5,,1,1.0002667903782545,0.6730394562854061,-11.18179863574939
hallusionbench-image-VD-video-19-1-2,hallusionbench-image-VD-video-19,llava,hallusionbench,image,0,1,1,1,vision_hallucination|reasoning_hallucination,1,1.0005624294402524,0.6881081285577288,71.27906271147482
hallusionbench-image-VD-video-19-2-0,hallusionbench-image-VD-video-19,llava,hallusionbench,image,1,0,1,1,reasoning_hallucination,1,1.188341975645429,0.6931471690658202,89.11022350598857
hallusionbench-image-VD-video-19-2-1,hallusionbench-image-VD-video-19,llava,hallusionbench,image,0,1,1,2,reasoning_hallucination,1,1.0029467343286336,0.6337665973841793,43.638937277487
hallusionbench-image-VD-video-19-2-2,hallusionbench-image-VD-video-19,llava,hallusionbench,image,0,1,1,1,vision_hallucination|reasoning_hallucination,1,1.0005624294402524,0.6676394315212928,-1.231340615867257
hallusionbench-image-VD-video-19-2-3,hallusionbench-image-VD-video-19,llava,hallusionbench,image,0,1,1,1,reasoning_hallucination,1,1.0002667903782545,0.5042283698342443,-4.758344538815898
hallusionbench-non_image-VS-chart-0-0-0,hallusionbench-non_image-VS-chart-0,llava,hallusionbench,non_image,0,1,1,1,reasoning_hallucination,1,1.000398635874075,-0.0,7.470255253404098
hallusionbench-non_image-VS-chart-0-0-1,hallusionbench-non_image-VS-chart-0,llava,hallusionbench,non_image,1,0,0,5,,1,1.000683307641566,-0.0,-16.20120490846292
hallusionbench-non_image-VS-chart-0-0-2,hallusionbench-non_image-VS-chart-0,llava,hallusionbench,non_image,0,1,1,1,reasoning_hallucination,1,1.0007004737737732,-0.0,-14.798012759493552
hallusionbench-non_image-VS-chart-0-0-3,hallusionbench-non_image-VS-chart-0,llava,hallusionbench,non_image,0,1,1,1,reasoning_hallucination,1,1.0006215572476072,-0.0,-15.228644511749225
hallusionbench-non_image-VS-chart-1-0-0,hallusionbench-non_image-VS-chart-1,llava,hallusionbench,non_image,0,1,1,1,vision_hallucination|reasoning_hallucination,1,1.0006006956281135,-0.0,5.349161354874308
hallusionbench-non_image-VS-chart-1-0-1,hallusionbench-non_image-VS-chart-1,llava,hallusionbench,non_image,1,0,0,5,,1,1.0006399154667702,-0.0,-12.478103453511869
hallusionbench-non_image-VS-chart-1-0-2,hallusionbench-non_image-VS-chart-1,llava,hallusionbench,non_image,1,0,0,5,,1,1.0006623267860701,-0.0,-14.95891066244316
hallusionbench-non_image-VS-chart-1-0-3,hallusionbench-non_image-VS-chart-1,llava,hallusionbench,non_image,0,1,1,1,vision_hallucination|reasoning_hallucination,1,1.0004956722126799,-0.0,-13.424899007394611
hallusionbench-non_image-VS-chart-1-0-4,hallusionbench-non_image-VS-chart-1,llava,hallusionbench,non_image,1,0,1,1,vision_hallucination|reasoning_hallucination,1,1.0008116960771283,0.5173808109363227,21.08083345660858
hallusionbench-non_image-VS-chart-1-0-5,hallusionbench-non_image-VS-chart-1,llava,hallusionbench,non_image,1,0,1,1,reasoning_hallucination,1,1.1939455298016175,0.6865885289617044,40.387996768906405
hallusionbench-non_image-VS-chart-1-0-6,hallusionbench-non_image-VS-chart-1,llava,hallusionbench,non_image,1,0,0,5,,1,1.0328221311601062,0.6779402886378911,110.89214348912351
hallusionbench-non_image-VS-chart-1-0-7,hallusionbench-non_image-VS-chart-1,llava,hallusionbench,non_image,1,0,1,1,vision_hallucination|reasoning_hallucination,1,1.0035605431074737,0.5388539849137399,192.40975093166148
hallusionbench-non_image-VS-chart-2-0-0,hallusionbench-non_image-VS-chart-2,llava,hallusionbench,non_image,0,1,1,1,vision_hallucination|reasoning_hallucination,1,1.0003696680105916,0.4792465819248418,-3.0628620587572826
hallusionbench-non_image-VS-chart-2-0-1,hallusionbench-non_image-VS-chart-2,llava,hallusionbench,non_image,1,0,1,2,vision_hallucination|reasoning_hallucination,1,1.0006537437191192,-0.0,-9.9913179835543
hallusionbench-non_image-VS-chart-2-0-2,hallusionbench-non_image-VS-chart-2,llava,hallusionbench,non_image,0,1,1,1,reasoning_hallucination,1,1.001214265771645,-0.0,80.46433390928043
hallusionbench-non_image-VS-chart-2-0-3,hallusionbench-non_image-VS-chart-2,llava,hallusionbench,non_image,0,1,0,3,,1,1.0010598898418015,0.12917622456168376,147.26564168913853
hallusionbench-non_image-VS-chart-2-0-4,hallusionbench-non_image-VS-chart-2,llava,hallusionbench,non_image,1,0,1,1,vision_hallucination|reasoning_hallucination,1,1.588031182822588,0.2954445717509259,235.32430341694612
hallusionbench-non_image-VS-chart-2-0-6,hallusionbench-non_image-VS-chart-2,llava,hallusionbench,non_image,0,1,1,1,reasoning_hallucination,1,1.2268648240199618,0.5296809093309749,62.46729534155175
hallusionbench-non_image-VS-chart-2-0-5,hallusionbench-non_image-VS-chart-2,llava,hallusionbench,non_image,1,0,1,1,reasoning_hallucination,1,1.5880763807672742,0.5282349103290953,59.34554114213569
hallusionbench-non_image-VS-chart-3-0-0,hallusionbench-non_image-VS-chart-3,llava,hallusionbench,non_image,1,0,0,5,,1,1.0003753900627472,-0.0,-8.00347670573014
hallusionbench-non_image-VS-chart-2-0-7,hallusionbench-non_image-VS-chart-2,llava,hallusionbench,non_image,0,1,1,1,vision_hallucination|reasoning_hallucination,1,1.0582429159260367,-0.0,59.05837126054432
hallusionbench-non_image-VS-chart-3-0-1,hallusionbench-non_image-VS-chart-3,llava,hallusionbench,non_image,1,0,0,4,,1,1.0002924203802475,0.6737581751310362,-7.951110352140907
hallusionbench-non_image-VS-chart-3-0-2,hallusionbench-non_image-VS-chart-3,llava,hallusionbench,non_image,1,0,1,1,reasoning_hallucination,1,1.0497453223048212,0.562294051490523,95.75638808183932
hallusionbench-non_image-VS-chart-3-0-3,hallusionbench-non_image-VS-chart-3,llava,hallusionbench,non_image,0,1,1,1,vision_hallucination|reasoning_hallucination,1,1.0001058578491804,0.5010174817471085,-10.439266723899893
hallusionbench-non_image-VS-chart-4-0-0,hallusionbench-non_image-VS-chart-4,llava,hallusionbench,non_image,1,0,1,2,vision_hallucination|reasoning_hallucination,1,1.0030869244542444,0.3167287568661673,87.85054271377041
hallusionbench-non_image-VS-chart-4-0-1,hallusionbench-non_image-VS-chart-4,llava,hallusionbench,non_image,0,1,1,1,reasoning_hallucination,1,1.4726628218537312,0.6771032911923354,53.79901342845339
hallusionbench-non_image-VS-chart-4-0-2,hallusionbench-non_image-VS-chart-4,llava,hallusionbench,non_image,0,1,1,1,vision_hallucination|reasoning_hallucination,1,1.0003350973042004,-0.0,0.04237381823491582
hallusionbench-non_image-VS-chart-4-0-3,hallusionbench-non_image-VS-chart-4,llava,hallusionbench,non_image,1,0,0,4,,1,1.000396251672397,0.05328579479524434,84.96476537751285
hallusionbench-non_image-VS-chart-5-0-0,hallusionbench-non_image-VS-chart-5,llava,hallusionbench,non_image,1,0,0,5,,1,1.0027871131247221,-0.0,-15.063100084494321
hallusionbench-non_image-VS-chart-5-0-1,hallusionbench-non_image-VS-chart-5,llava,hallusionbench,non_image,0,1,1,1,reasoning_hallucination,1,1.0000749826456659,-0.0,-12.551732733452573
hallusionbench-non_image-VS-chart-5-0-2,hallusionbench-non_image-VS-chart-5,llava,hallusionbench,non_image,0,1,1,2,reasoning_hallucination,1,1.0110269789215311,-0.0,9.536550550247181
hallusionbench-non_image-VS-chart-5-0-3,hallusionbench-non_image-VS-chart-5,llava,hallusionbench,non_image,0,1,1,1,reasoning_hallucination,1,1.0087075236302245,-0.0,19.516587853610275
hallusionbench-non_image-VS-chart-6-0-1,hallusionbench-non_image-VS-chart-6,llava,hallusionbench,non_image,1,0,0,4,,1,1.000057578085489,0.670641101955486,-5.082368068758749
hallusionbench-non_image-VS-chart-6-0-3,hallusionbench-non_image-VS-chart-6,llava,hallusionbench,non_image,1,0,0,5,,1,1.000045299530112,-0.0,13.018608582989366
hallusionbench-non_image-VS-chart-6-0-2,hallusionbench-non_image-VS-chart-6,llava,hallusionbench,non_image,0,1,1,2,vision_hallucination|reasoning_hallucination,1,1.0044395923614793,0.6759417432931356,-1.7999184777746358
hallusionbench-non_image-VS-chart-7-0-0,hallusionbench-non_image-VS-chart-7,llava,hallusionbench,non_image,1,0,0,4,,1,1.0212458364128303,0.5544839563385813,116.65695452628054
hallusionbench-non_image-VS-chart-7-0-1,hallusionbench-non_image-VS-chart-7,llava,hallusionbench,non_image,0,1,1,1,reasoning_hallucination,1,1.0027526617048148,0.658391527978599,12.850451862632198
hallusionbench-non_image-VS-chart-7-0-2,hallusionbench-non_image-VS-chart-7,llava,hallusionbench,non_image,0,1,1,1,reasoning_hallucination,1,1.0056011678305754,0.5005626297315963,-0.7459388709393071
hallusionbench-non_image-VS-chart-8-0-0,hallusionbench-non_image-VS-chart-8,llava,hallusionbench,non_image,1,0,0,5,,1,1.000249266632429,-0.0,-13.608308968591686
hallusionbench-non_image-VS-chart-8-0-1,hallusionbench-non_image-VS-chart-8,llava,hallusionbench,non_image,0,1,1,1,vision_hallucination|reasoning_hallucination,1,1.0004078149929463,0.6730465723554049,-13.15012866648657
hallusionbench-non_image-VS-chart-8-0-2,hallusionbench-non_image-VS-chart-8,llava,hallusionbench,non_image,0,1,1,1,vision_hallucination|reasoning_hallucination,1,1.0002392530369548,-0.0,79.66192173201422
hallusionbench-non_image-VS-chart-7-0-3,hallusionbench-non_image-VS-chart-7,llava,hallusionbench,non_image,0,1,1,1,reasoning_hallucination,1,1.0042549369760625,0.5213385042002305,24.272114076908103
hallusionbench-non_image-VS-chart-9-0-0,hallusionbench-non_image-VS-chart-9,llava,hallusionbench,non_image,1,0,0,5,,1,1.0007020235328046,-0.0,-6.892075581077919
hallusionbench-non_image-VS-chart-9-0-1,hallusionbench-non_image-VS-chart-9,llava,hallusionbench,non_image,0,1,1,1,reasoning_hallucination,1,1.001737952214032,-0.0,6.163177021315759
hallusionbench-non_image-VS-chart-9-0-2,hallusionbench-non_image-VS-chart-9,llava,hallusionbench,non_image,1,0,1,1,reasoning_hallucination,1,1.0013252496178613,0.6927148426813681,95.56388395666698
hallusionbench-non_image-VS-chart-9-0-3,hallusionbench-non_image-VS-chart-9,llava,hallusionbench,non_image,0,1,1,1,reasoning_hallucination,1,1.0113350150127696,0.6724603890686551,-8.015284877055825
hallusionbench-non_image-VS-chart-10-0-1,hallusionbench-non_image-VS-chart-10,llava,hallusionbench,non_image,0,1,1,1,reasoning_hallucination,1,1.0009547472062896,-0.0,-10.004906904939254
hallusionbench-non_image-VS-chart-10-0-0,hallusionbench-non_image-VS-chart-10,llava,hallusionbench,non_image,1,0,0,4,,1,1.0019576550273643,-0.0,-11.847475744007212
hallusionbench-non_image-VS-chart-10-0-2,hallusionbench-non_image-VS-chart-10,llava,hallusionbench,non_image,0,1,1,1,reasoning_hallucination,1,1.000197052955756,-0.0,-14.651445809919942
hallusionbench-non_image-VS-chart-10-0-3,hallusionbench-non_image-VS-chart-10,llava,hallusionbench,non_image,0,1,1,1,reasoning_hallucination,1,1.001181364109573,0.5037238669401414,-4.750604565080459
hallusionbench-non_image-VS-chart-11-0-0,hallusionbench-non_image-VS-chart-11,llava,hallusionbench,non_image,0,1,1,1,reasoning_hallucination,1,1.0010153055718134,0.6795110315237705,12.763952661580756
hallusionbench-non_image-VS-chart-11-0-1,hallusionbench-non_image-VS-chart-11,llava,hallusionbench,non_image,0,1,1,1,reasoning_hallucination,1,1.0005463361750493,0.440477942740939,17.493710188762567
hallusionbench-non_image-VS-chart-12-0-0,hallusionbench-non_image-VS-chart-12,llava,hallusionbench,non_image,0,1,1,1,vision_hallucination|reasoning_hallucination,1,1.0011161565449376,-0.0,-13.77331694244381
hallusionbench-non_image-VS-chart-12-0-1,hallusionbench-non_image-VS-chart-12,llava,hallusionbench,non_image,1,0,0,5,,1,1.000963807121995,-0.0,-3.240663182854318
hallusionbench-non_image-VS-chart-12-0-2,hallusionbench-non_image-VS-chart-12,llava,hallusionbench,non_image,0,1,1,1,reasoning_hallucination,1,1.000509262086428,-0.0,-10.050687004526175
hallusionbench-non_image-VS-chart-13-0-1,hallusionbench-non_image-VS-chart-13,llava,hallusionbench,non_image,1,0,0,4,,1,1.0003610849500548,0.6838092735697546,28.299850306184428
hallusionbench-non_image-VS-chart-14-0-0,hallusionbench-non_image-VS-chart-14,llava,hallusionbench,non_image,1,0,0,5,,1,1.0006362199506147,-0.0,-8.805102281886386
hallusionbench-non_image-VS-chart-13-0-0,hallusionbench-non_image-VS-chart-13,llava,hallusionbench,non_image,0,1,1,1,reasoning_hallucination,1,1.0026545524214476,0.6428073115762252,47.50454068852487
hallusionbench-non_image-VS-chart-14-0-1,hallusionbench-non_image-VS-chart-14,llava,hallusionbench,non_image,0,1,1,1,vision_hallucination|reasoning_hallucination,1,1.000430107123385,-0.0,-15.630287002352285
hallusionbench-non_image-VS-chart-14-0-2,hallusionbench-non_image-VS-chart-14,llava,hallusionbench,non_image,0,1,1,1,vision_hallucination|reasoning_hallucination,1,1.0015573501530366,-0.0,14.070376194714761
hallusionbench-non_image-VS-chart-15-0-0,hallusionbench-non_image-VS-chart-15,llava,hallusionbench,non_image,0,1,1,1,reasoning_hallucination,1,1.000044345856707,0.50031198043053,-10.82666786925693
hallusionbench-non_image-VS-chart-15-0-1,hallusionbench-non_image-VS-chart-15,llava,hallusionbench,non_image,1,0,0,5,,1,1.0024491549437191,0.5158874119465566,24.136380149968186
hallusionbench-non_image-VS-chart-16-0-0,hallusionbench-non_image-VS-chart-16,llava,hallusionbench,non_image,1,0,1,1,vision_hallucination|reasoning_hallucination,1,1.0001974105813864,0.3644277032810327,36.165736399366835
hallusionbench-non_image-VS-chart-16-0-1,hallusionbench-non_image-VS-chart-16,llava,hallusionbench,non_image,0,1,0,3,,1,1.1537193051564356,0.6425290724805099,39.262749974588026
hallusionbench-non_image-VS-chart-17-0-0,hallusionbench-non_image-VS-chart-17,llava,hallusionbench,non_image,0,1,1,1,vision_hallucination,1,1.1442797163384446,0.5164019345206159,19.620869374536472
hallusionbench-non_image-VS-chart-17-0-1,hallusionbench-non_image-VS-chart-17,llava,hallusionbench,non_image,0,1,1,1,vision_hallucination|reasoning_hallucination,1,1.0200003389865238,0.6825867871094998,154.09885069651534
hallusionbench-non_image-VS-chart-17-0-2,hallusionbench-non_image-VS-chart-17,llava,hallusionbench,non_image,1,0,0,5,,1,1.0023702382099773,-0.0,44.538844847619664
hallusionbench-non_image-VS-chart-18-0-0,hallusionbench-non_image-VS-chart-18,llava,hallusionbench,non_image,1,0,1,2,vision_hallucination|reasoning_hallucination,1,1.0113379951227275,-0.0,-12.244215722260144
hallusionbench-non_image-VS-chart-19-0-0,hallusionbench-non_image-VS-chart-19,llava,hallusionbench,non_image,1,0,0,4,,1,1.000622391707455,0.5016991803569969,-9.748172990704632
hallusionbench-non_image-VS-chart-18-0-1,hallusionbench-non_image-VS-chart-18,llava,hallusionbench,non_image,1,0,1,1,vision_hallucination|reasoning_hallucination,1,1.0137429239071978,0.6852587074969771,34.57980348641355
hallusionbench-non_image-VS-chart-19-0-1,hallusionbench-non_image-VS-chart-19,llava,hallusionbench,non_image,0,1,1,1,vision_hallucination|reasoning_hallucination,1,1.0004966258942685,-0.0,-17.479843594260092
hallusionbench-non_image-VS-chart-20-0-0,hallusionbench-non_image-VS-chart-20,llava,hallusionbench,non_image,0,1,1,1,vision_hallucination|reasoning_hallucination,1,1.0256061562511956,0.49623599157878284,8.992422624355692
hallusionbench-non_image-VS-chart-20-0-1,hallusionbench-non_image-VS-chart-20,llava,hallusionbench,non_image,1,0,0,5,,1,1.0264103406709337,0.514594726398267,18.021300157337325
hallusionbench-non_image-VS-chart-21-0-0,hallusionbench-non_image-VS-chart-21,llava,hallusionbench,non_image,1,0,1,2,reasoning_hallucination,1,1.0001573562577244,-0.0,-13.202848629178146
hallusionbench-non_image-VS-chart-21-0-1,hallusionbench-non_image-VS-chart-21,llava,hallusionbench,non_image,0,1,0,3,,1,1.0162700418872672,-0.0,-11.285710766685396
hallusionbench-non_image-VS-table-0-0-0,hallusionbench-non_image-VS-table-0,llava,hallusionbench,non_image,1,0,0,4,,1,1.0027610062461194,0.48655644459842573,0.24093315335600352
hallusionbench-non_image-VS-table-0-0-1,hallusionbench-non_image-VS-table-0,llava,hallusionbench,non_image,0,1,1,2,vision_hallucination,1,1.2035227963738984,-0.0,-11.537683337592044
hallusionbench-non_image-VS-table-0-0-2,hallusionbench-non_image-VS-table-0,llava,hallusionbench,non_image,1,0,1,1,vision_hallucination|reasoning_hallucination,1,1.0001595020301415,-0.0,-6.602250592468575
hallusionbench-non_image-VS-table-1-0-1,hallusionbench-non_image-VS-table-1,llava,hallusionbench,non_image,0,1,1,1,reasoning_hallucination,1,1.139704937087562,0.4403077839453444,15.90450678990749
hallusionbench-non_image-VS-table-1-0-0,hallusionbench-non_image-VS-table-1,llava,hallusionbench,non_image,0,1,0,3,,1,1.3141369132097636,1.0702652662737104,90.79297886036
hallusionbench-non_image-VS-table-1-0-2,hallusionbench-non_image-VS-table-1,llava,hallusionbench,non_image,1,0,0,5,,1,1.028964519306349,0.5129148011960838,20.57664340693762
hallusionbench-non_image-VS-table-2-0-0,hallusionbench-non_image-VS-table-2,llava,hallusionbench,non_image,1,0,1,2,vision_hallucination|reasoning_hallucination,1,1.004074812040165,0.2610943640544445,58.41343826643315
hallusionbench-non_image-VS-table-2-0-1,hallusionbench-non_image-VS-table-2,llava,hallusionbench,non_image,1,0,0,5,,1,1.0005850792129107,-0.0,-12.567850515433095
hallusionbench-non_image-VS-table-2-0-2,hallusionbench-non_image-VS-table-2,llava,hallusionbench,non_image,1,0,0,5,,1,1.0063835383345892,-0.0,-10.06064787908711
hallusionbench-non_image-VS-table-3-0-0,hallusionbench-non_image-VS-table-3,llava,hallusionbench,non_image,0,1,1,1,vision_hallucination|reasoning_hallucination,1,1.0002421140644004,-0.0,-9.498664659736052
hallusionbench-non_image-VS-table-3-0-1,hallusionbench-non_image-VS-table-3,llava,hallusionbench,non_image,0,1,1,1,vision_hallucination|reasoning_hallucination,1,1.0002771616124373,-0.0,-16.15584805989445
hallusionbench-non_image-VS-table-3-0-2,hallusionbench-non_image-VS-table-3,llava,hallusionbench,non_image,0,1,1,1,vision_hallucination|reasoning_hallucination,1,1.0000786781337836,-0.0,-16.148353424520394
hallusionbench-non_image-VS-table-4-0-0,hallusionbench-non_image-VS-table-4,llava,hallusionbench,non_image,0,1,0,3,,1,1.2858060305328478,0.5471160923323904,157.9073081166889
hallusionbench-non_image-VS-table-4-0-1,hallusionbench-non_image-VS-table-4,llava,hallusionbench,non_image,1,0,1,2,vision_hallucination|reasoning_hallucination,1,1.0001665353750033,-0.0,-17.086867129421744
hallusionbench-non_image-VS-table-5-0-1,hallusionbench-non_image-VS-table-5,llava,hallusionbench,non_image,0,1,1,1,vision_hallucination|reasoning_hallucination,2,1.0612466405342549,1.5800370666567969,231.15355710145533
hallusionbench-non_image-VS-table-4-0-2,hallusionbench-non_image-VS-table-4,llava,hallusionbench,non_image,1,0,0,4,,1,1.002815961808267,-0.0,-13.027014173026005
hallusionbench-non_image-VS-table-5-0-2,hallusionbench-non_image-VS-table-5,llava,hallusionbench,non_image,1,0,0,4,,1,1.0035268067263785,0.6138084981747809,58.66317058830738
hallusionbench-non_image-VS-table-5-0-3,hallusionbench-non_image-VS-table-5,llava,hallusionbench,non_image,1,0,1,1,vision_hallucination|reasoning_hallucination,1,1.0348165028194698,-0.0,54.64812246152239
hallusionbench-non_image-VS-table-6-0-0,hallusionbench-non_image-VS-table-6,llava,hallusionbench,non_image,1,0,1,2,vision_hallucination|reasoning_hallucination,1,1.001161098454659,0.10594038026782934,87.60675055319585
hallusionbench-non_image-VS-table-6-0-1,hallusionbench-non_image-VS-table-6,llava,hallusionbench,non_image,1,0,1,1,vision_hallucination|reasoning_hallucination,1,1.0477368817322477,0.6930126727204913,102.7178600208822
hallusionbench-non_image-VS-table-6-0-2,hallusionbench-non_image-VS-table-6,llava,hallusionbench,non_image,0,1,1,1,vision_hallucination|reasoning_hallucination,1,1.000203967098195,-0.0,8.460475101300469
hallusionbench-non_image-VS-table-7-0-0,hallusionbench-non_image-VS-table-7,llava,hallusionbench,non_image,1,0,0,5,,1,1.0006899833440712,-0.0,-16.339615799607405
hallusionbench-non_image-VS-table-7-0-1,hallusionbench-non_image-VS-table-7,llava,hallusionbench,non_image,0,1,1,1,reasoning_hallucination,1,1.0003676414625478,-0.0,-14.992217342669798
hallusionbench-non_image-VS-table-6-0-3,hallusionbench-non_image-VS-table-6,llava,hallusionbench,non_image,0,1,1,1,reasoning_hallucination,1,1.0119218826756065,0.6198729775484649,64.5462624884092
hallusionbench-non_image-VS-table-7-0-2,hallusionbench-non_image-VS-table-7,llava,hallusionbench,non_image,1,0,1,2,vision_hallucination|reasoning_hallucination,1,1.0010994672863367,0.5019941248323679,-9.247538443641197
hallusionbench-non_image-VS-table-7-0-3,hallusionbench-non_image-VS-table-7,llava,hallusionbench,non_image,0,1,1,1,vision_hallucination|reasoning_hallucination,1,1.0009891986749408,-0.0,-15.45994670229289
hallusionbench-non_image-VS-table-7-0-5,hallusionbench-non_image-VS-table-7,llava,hallusionbench,non_image,0,1,1,1,reasoning_hallucination,1,1.000367403043688,0.4810336607559357,-3.6171645053144417
hallusionbench-non_image-VS-table-7-0-4,hallusionbench-non_image-VS-table-7,llava,hallusionbench,non_image,1,0,0,4,,1,1.0010224580751592,0.2517008842986439,57.86417358883485
hallusionbench-non_image-VS-table-8-0-0,hallusionbench-non_image-VS-table-8,llava,hallusionbench,non_image,1,0,0,5,,1,1.0002629756894441,-0.0,-22.98513323348494
hallusionbench-non_image-VS-table-8-0-1,hallusionbench-non_image-VS-table-8,llava,hallusionbench,non_image,0,1,1,1,vision_hallucination|reasoning_hallucination,1,1.1056051266448994,0.6725805188955574,45.7443500279142
hallusionbench-non_image-VS-table-8-0-2,hallusionbench-non_image-VS-table-8,llava,hallusionbench,non_image,1,0,1,1,vision_hallucination|reasoning_hallucination,1,1.001467466353328,0.5183702090919223,20.749336626472683
hallusionbench-non_image-VS-table-8-0-3,hallusionbench-non_image-VS-table-8,llava,hallusionbench,non_image,0,1,1,1,vision_hallucination|reasoning_hallucination,1,1.0001840591414426,0.6726470605978103,-8.470795293495849
hallusionbench-non_image-VS-table-8-0-4,hallusionbench-non_image-VS-table-8,llava,hallusionbench,non_image,1,0,0,5,,1,1.0002483129537367,0.5627947697862286,89.08080728373582
hallusionbench-non_image-VS-table-8-0-5,hallusionbench-non_image-VS-table-8,llava,hallusionbench,non_image,0,1,1,1,vision_hallucination|reasoning_hallucination,1,1.0002224445331627,0.4063153214380192,24.177457600544187
hallusionbench-non_image-VS-table-9-0-0,hallusionbench-non_image-VS-table-9,llava,hallusionbench,non_image,1,0,0,5,,1,1.0001568794184177,0.5002533808030136,-12.24074644948403
hallusionbench-non_image-VS-table-9-0-1,hallusionbench-non_image-VS-table-9,llava,hallusionbench,non_image,0,1,1,1,vision_hallucination|reasoning_hallucination,1,1.0000830888777026,-0.0,-14.232545573031382
hallusionbench-non_image-VS-table-9-0-2,hallusionbench-non_image-VS-table-9,llava,hallusionbench,non_image,1,0,0,5,,1,1.000784039475731,0.5030425987746105,-0.9375122612877931
hallusionbench-non_image-VS-table-10-0-0,hallusionbench-non_image-VS-table-10,llava,hallusionbench,non_image,1,0,0,5,,1,1.0003902912221763,-0.0,-14.494499822397453
hallusionbench-non_image-VS-table-9-0-3,hallusionbench-non_image-VS-table-9,llava,hallusionbench,non_image,0,1,1,1,reasoning_hallucination,1,1.003261804652848,0.5012396866080202,-8.991766669221903
hallusionbench-non_image-VS-table-10-0-2,hallusionbench-non_image-VS-table-10,llava,hallusionbench,non_image,0,1,1,1,vision_hallucination|reasoning_hallucination,1,1.0003169774944567,0.644183954381498,32.9344191660226
hallusionbench-non_image-VS-table-10-0-1,hallusionbench-non_image-VS-table-10,llava,hallusionbench,non_image,0,1,1,1,vision_hallucination|reasoning_hallucination,1,1.0002365112260585,0.673013661147158,-9.769614860523038
hallusionbench-non_image-VS-table-10-0-3,hallusionbench-non_image-VS-table-10,llava,hallusionbench,non_image,1,0,1,1,vision_hallucination|reasoning_hallucination,1,1.010614991045014,0.282842943576854,55.59924193057416
hallusionbench-non_image-VS-map-0-0-0,hallusionbench-non_image-VS-map-0,llava,hallusionbench,non_image,1,0,0,5,,1,1.0381972784912619,0.6911955484398504,198.98023342018604
hallusionbench-non_image-VS-map-0-0-1,hallusionbench-non_image-VS-map-0,llava,hallusionbench,non_image,1,0,1,1,vision_hallucination|reasoning_hallucination,1,1.0056239367579074,0.5786869198192467,86.0475365261447
hallusionbench-non_image-VS-map-0-0-2,hallusionbench-non_image-VS-map-0,llava,hallusionbench,non_image,0,1,0,3,,1,1.0081501003368003,-0.0,56.17819580416501
hallusionbench-non_image-VS-map-0-0-3,hallusionbench-non_image-VS-map-0,llava,hallusionbench,non_image,1,0,0,4,,1,1.0007427930877528,-0.0,8.36086159148145
hallusionbench-non_image-VS-map-1-0-1,hallusionbench-non_image-VS-map-1,llava,hallusionbench,non_image,0,1,1,1,vision_hallucination|reasoning_hallucination,1,1.0005475282793044,-0.0,-13.279179781362297
hallusionbench-non_image-VS-map-1-0-0,hallusionbench-non_image-VS-map-1,llava,hallusionbench,non_image,1,0,0,5,,1,1.0019584894933282,-0.0,-3.0369478486844166
hallusionbench-non_image-VS-map-1-0-2,hallusionbench-non_image-VS-map-1,llava,hallusionbench,non_image,0,1,1,1,vision_hallucination|reasoning_hallucination,1,1.0275199419274184,0.3801757358368856,64.84000709652572
hallusionbench-non_image-VS-map-1-0-3,hallusionbench-non_image-VS-map-1,llava,hallusionbench,non_image,0,1,1,1,vision_hallucination|reasoning_hallucination,1,1.0008342265911039,0.09573846163357091,85.06480814683273
hallusionbench-non_image-VS-map-2-0-1,hallusionbench-non_image-VS-map-2,llava,hallusionbench,non_image,1,0,1,1,reasoning_hallucination,1,1.0001956224399589,0.5273360494233547,34.419691252945725
hallusionbench-non_image-VS-map-2-0-0,hallusionbench-non_image-VS-map-2,llava,hallusionbench,non_image,1,0,1,1,vision_hallucination|reasoning_hallucination,1,1.000148057939525,0.5113324132072341,7.868399926611094
hallusionbench-non_image-VS-map-3-0-0,hallusionbench-non_image-VS-map-3,llava,hallusionbench,non_image,0,1,1,1,vision_hallucination|reasoning_hallucination,1,1.0001667737896531,0.6729035146527984,-9.990653335968972
hallusionbench-non_image-VS-map-3-0-1,hallusionbench-non_image-VS-map-3,llava,hallusionbench,non_image,1,0,1,1,vision_hallucination|reasoning_hallucination,1,1.091758964106513,0.6430893434440699,33.70071077435369
hallusionbench-non_image-VS-map-4-0-0,hallusionbench-non_image-VS-map-4,llava,hallusionbench,non_image,1,0,0,5,,1,1.000212669369807,-0.0,-11.74622577330299
hallusionbench-non_image-VS-map-4-0-1,hallusionbench-non_image-VS-map-4,llava,hallusionbench,non_image,1,0,1,1,vision_hallucination|reasoning_hallucination,1,1.0000939369227322,-0.0,-12.987342563890568
hallusionbench-non_image-VS-map-4-0-2,hallusionbench-non_image-VS-map-4,llava,hallusionbench,non_image,1,0,1,1,vision_hallucination|reasoning_hallucination,1,1.0000258684157202,-0.0,-14.792122774421564
hallusionbench-non_image-VS-map-4-0-3,hallusionbench-non_image-VS-map-4,llava,hallusionbench,non_image,1,0,0,5,,1,1.0000888109206025,-0.0,-17.305547081944102
hallusionbench-non_image-VS-map-5-0-1,hallusionbench-non_image-VS-map-5,llava,hallusionbench,non_image,0,1,1,1,vision_hallucination|reasoning_hallucination,1,1.001218557397836,0.5239162100769219,29.9222369669065
hallusionbench-non_image-VS-map-5-0-0,hallusionbench-non_image-VS-map-5,llava,hallusionbench,non_image,1,0,1,1,vision_hallucination|reasoning_hallucination,1,1.00153982641715,0.6729448298913051,-5.714763282774686
hallusionbench-non_image-VS-map-5-0-2,hallusionbench-non_image-VS-map-5,llava,hallusionbench,non_image,1,0,1,1,reasoning_hallucination,1,1.269555813022389,0.4811969304482996,11.851680845701932
hallusionbench-non_image-VS-map-5-0-3,hallusionbench-non_image-VS-map-5,llava,hallusionbench,non_image,1,0,0,4,,1,1.001064181272429,0.6691023759241376,0.07965506014559587
hallusionbench-non_image-VS-map-6-0-0,hallusionbench-non_image-VS-map-6,llava,hallusionbench,non_image,1,0,0,4,,1,1.0001313686359028,0.6730191339066378,-11.997623092617694
hallusionbench-non_image-VS-map-6-0-1,hallusionbench-non_image-VS-map-6,llava,hallusionbench,non_image,0,1,1,2,vision_hallucination|reasoning_hallucination,1,1.0001120567309127,0.5506483156004548,70.70559705706451
hallusionbench-non_image-VS-map-6-0-2,hallusionbench-non_image-VS-map-6,llava,hallusionbench,non_image,1,0,0,4,,1,1.0000987052951795,0.671408177104456,-8.807746045031859
hallusionbench-non_image-VS-map-7-0-0,hallusionbench-non_image-VS-map-7,llava,hallusionbench,non_image,1,0,0,4,,1,1.0003775358225468,0.5004215720364109,-14.440547922714517
hallusionbench-non_image-VS-map-8-0-0,hallusionbench-non_image-VS-map-8,llava,hallusionbench,non_image,1,0,1,1,vision_hallucination|reasoning_hallucination,1,1.2379489041983696,0.5042029830733767,33.07907036131963
hallusionbench-non_image-VS-map-7-0-1,hallusionbench-non_image-VS-map-7,llava,hallusionbench,non_image,0,1,1,1,vision_hallucination|reasoning_hallucination,1,1.0007969141199384,-0.0,-13.467221811254102
hallusionbench-non_image-VS-map-8-0-1,hallusionbench-non_image-VS-map-8,llava,hallusionbench,non_image,0,1,1,1,vision_hallucination|reasoning_hallucination,1,1.009160876094606,-0.0,-5.636893044167071
hallusionbench-non_image-VS-map-8-0-2,hallusionbench-non_image-VS-map-8,llava,hallusionbench,non_image,1,0,1,1,vision_hallucination|reasoning_hallucination,1,1.6362800642389719,0.6738601360746217,129.35413078128187
hallusionbench-non_image-VS-map-9-0-0,hallusionbench-non_image-VS-map-9,llava,hallusionbench,non_image,1,0,0,5,,1,1.0001895427742844,0.5004452739410633,-13.016368573823401
hallusionbench-non_image-VS-map-9-0-1,hallusionbench-non_image-VS-map-9,llava,hallusionbench,non_image,0,1,1,1,vision_hallucination|reasoning_hallucination,1,1.0157420638873729,0.6930922773115522,86.74336062745446
hallusionbench-non_image-VS-map-10-0-0,hallusionbench-non_image-VS-map-10,llava,hallusionbench,non_image,1,0,1,2,vision_hallucination|reasoning_hallucination,1,1.0703983287936332,0.5018035645242949,28.13061404508457
hallusionbench-non_image-VS-map-10-0-1,hallusionbench-non_image-VS-map-10,llava,hallusionbench,non_image,1,0,1,1,vision_hallucination|reasoning_hallucination,1,1.000041365624083,0.49291643981895716,-8.070237322370618
hallusionbench-non_image-VS-ocr-0-0-0,hallusionbench-non_image-VS-ocr-0,llava,hallusionbench,non_image,0,1,0,4,,1,1.0677530757047327,0.6774901113235716,29.41717645237881
hallusionbench-non_image-VS-ocr-0-0-1,hallusionbench-non_image-VS-ocr-0,llava,hallusionbench,non_image,1,0,1,2,reasoning_hallucination,1,1.0011790991405873,0.18299971436248116,74.45869574893655
hallusionbench-non_image-VS-ocr-1-0-0,hallusionbench-non_image-VS-ocr-1,llava,hallusionbench,non_image,1,0,0,5,,1,1.0003818273559542,-0.0,-15.472203985340247
hallusionbench-non_image-VS-ocr-2-0-0,hallusionbench-non_image-VS-ocr-2,llava,hallusionbench,non_image,0,1,0,4,,1,1.3623429557930045,-0.0,-6.476539501498645
hallusionbench-non_image-VS-ocr-2-0-1,hallusionbench-non_image-VS-ocr-2,llava,hallusionbench,non_image,1,0,1,1,vision_hallucination,1,1.0115222929917072,-0.0,-2.097257900111197
hallusionbench-non_image-VS-ocr-2-0-2,hallusionbench-non_image-VS-ocr-2,llava,hallusionbench,non_image,1,0,1,1,vision_hallucination|reasoning_hallucination,1,1.0271943808502624,-0.0,-9.361198143671864
hallusionbench-non_image-VS-ocr-3-0-0,hallusionbench-non_image-VS-ocr-3,llava,hallusionbench,non_image,1,0,1,1,reasoning_hallucination,1,1.0007299184990281,0.6523085149467484,23.562881351682716
hallusionbench-non_image-VS-ocr-4-0-0,hallusionbench-non_image-VS-ocr-4,llava,hallusionbench,non_image,1,0,0,5,,1,1.0004780292381417,-0.0,-12.879726469963336
hallusionbench-non_image-VS-ocr-4-0-1,hallusionbench-non_image-VS-ocr-4,llava,hallusionbench,non_image,1,0,1,1,vision_hallucination|reasoning_hallucination,1,1.0022388697376101,0.5141092338057396,12.747505655137678
hallusionbench-non_image-VS-ocr-5-0-1,hallusionbench-non_image-VS-ocr-5,llava,hallusionbench,non_image,1,0,0,4,,1,1.2529961995598309,0.6907547942666237,88.225055987262
hallusionbench-non_image-VS-ocr-5-0-0,hallusionbench-non_image-VS-ocr-5,llava,hallusionbench,non_image,0,1,0,4,,1,1.1608474307424166,0.11131721416707821,105.17146404726786
hallusionbench-non_image-VS-ocr-6-0-0,hallusionbench-non_image-VS-ocr-6,llava,hallusionbench,non_image,1,0,1,2,vision_hallucination|reasoning_hallucination,1,1.5232784846465723,0.6591934991846424,167.3818833197322
hallusionbench-non_image-VS-ocr-6-0-1,hallusionbench-non_image-VS-ocr-6,llava,hallusionbench,non_image,0,1,1,1,vision_hallucination|reasoning_hallucination,1,1.357471690916591,0.6905721082308384,115.51135218583215
hallusionbench-non_image-VS-ocr-7-0-0,hallusionbench-non_image-VS-ocr-7,llava,hallusionbench,non_image,0,1,0,4,,1,1.0644158130526038,0.5006914451993824,-9.507372368442585
hallusionbench-non_image-VS-ocr-8-0-1,hallusionbench-non_image-VS-ocr-8,llava,hallusionbench,non_image,1,0,0,5,,1,1.0020061730174301,0.5007990327570919,-11.722659417924396
hallusionbench-non_image-VS-ocr-8-0-0,hallusionbench-non_image-VS-ocr-8,llava,hallusionbench,non_image,1,0,0,5,,1,1.0062036515005746,-0.0,-13.672169264780305
hallusionbench-non_image-VS-ocr-9-0-0,hallusionbench-non_image-VS-ocr-9,llava,hallusionbench,non_image,1,0,0,5,,1,1.000131726267155,-0.0,-13.637031310564376
hallusionbench-non_image-VS-ocr-9-0-1,hallusionbench-non_image-VS-ocr-9,llava,hallusionbench,non_image,1,0,0,6,,1,1.0001075267826547,-0.0,-16.932860477258806
hallusionbench-non_image-VS-ocr-10-0-0,hallusionbench-non_image-VS-ocr-10,llava,hallusionbench,non_image,1,0,0,5,,1,1.0002900361988094,-0.0,-13.226738309464018
hallusionbench-non_image-VS-ocr-10-0-1,hallusionbench-non_image-VS-ocr-10,llava,hallusionbench,non_image,0,1,1,1,vision_hallucination|reasoning_hallucination,1,1.193990826991894,0.6737153745421884,-3.2252764380164773
hallusionbench-non_image-VS-ocr-11-0-0,hallusionbench-non_image-VS-ocr-11,llava,hallusionbench,non_image,1,0,1,2,vision_hallucination,1,1.0006214380224732,-0.0,-16.283287780165494
hallusionbench-non_image-VS-ocr-11-0-1,hallusionbench-non_image-VS-ocr-11,llava,hallusionbench,non_image,0,1,1,1,vision_hallucination|reasoning_hallucination,1,1.0222815276680832,0.6720924783050137,-8.046819091954678
hallusionbench-non_image-VS-ocr-12-0-0,hallusionbench-non_image-VS-ocr-12,llava,hallusionbench,non_image,1,0,0,5,,1,1.0000432729733946,-0.0,-14.494248137572056
hallusionbench-non_image-VS-ocr-12-0-1,hallusionbench-non_image-VS-ocr-12,llava,hallusionbench,non_image,1,0,0,5,,1,1.000472545625113,-0.0,-13.942358262434562
hallusionbench-image-VS-chart-3-1-0,hallusionbench-image-VS-chart-3,llava,hallusionbench,image,0,1,1,1,vision_hallucination|reasoning_hallucination,1,1.004352092564656,-0.0,-3.191769262530313
hallusionbench-image-VS-chart-3-1-1,hallusionbench-image-VS-chart-3,llava,hallusionbench,image,1,0,0,5,,1,1.0258504147029655,0.6696498908396503,-4.008939905003089
hallusionbench-image-VS-chart-3-1-2,hallusionbench-image-VS-chart-3,llava,hallusionbench,image,0,1,1,1,vision_hallucination|reasoning_hallucination,1,1.0201356416448133,0.5946605752583553,93.60649684810085
hallusionbench-image-VS-chart-3-1-3,hallusionbench-image-VS-chart-3,llava,hallusionbench,image,1,0,1,2,vision_hallucination|reasoning_hallucination,1,1.0083711146219914,0.46700048932218685,5.177435236704776
hallusionbench-image-VS-chart-3-2-0,hallusionbench-image-VS-chart-3,llava,hallusionbench,image,0,1,1,1,vision_hallucination|reasoning_hallucination,1,1.0042936800460878,-0.0,-14.578763599781356
hallusionbench-image-VS-chart-3-2-1,hallusionbench-image-VS-chart-3,llava,hallusionbench,image,1,0,0,4,,1,1.0254497533322762,0.5000563759873665,-12.092777590506746
hallusionbench-image-VS-chart-3-2-2,hallusionbench-image-VS-chart-3,llava,hallusionbench,image,1,0,0,5,,1,1.1741703696217098,0.6748549798662737,-4.728265752721342
hallusionbench-image-VS-chart-3-2-3,hallusionbench-image-VS-chart-3,llava,hallusionbench,image,1,0,1,2,vision_hallucination|reasoning_hallucination,1,1.0083705182817406,0.483234372656629,2.336623686249686
hallusionbench-image-VS-chart-4-1-0,hallusionbench-image-VS-chart-4,llava,hallusionbench,image,1,0,1,1,vision_hallucination|reasoning_hallucination,1,1.1375162607388951,0.6794890724084732,10.786515551511755
hallusionbench-image-VS-chart-4-1-1,hallusionbench-image-VS-chart-4,llava,hallusionbench,image,0,1,1,1,vision_hallucination|reasoning_hallucination,1,1.0001472234677296,0.6820050501880448,24.775277084929797
hallusionbench-image-VS-chart-4-1-2,hallusionbench-image-VS-chart-4,llava,hallusionbench,image,1,0,0,6,,1,1.0080399512098384,0.50772785374228,1.5203167583058104
hallusionbench-image-VS-chart-4-1-3,hallusionbench-image-VS-chart-4,llava,hallusionbench,image,1,0,0,5,,1,1.000234723087504,-0.0,8.854175563124581
hallusionbench-image-VS-chart-4-2-0,hallusionbench-image-VS-chart-4,llava,hallusionbench,image,1,0,1,1,vision_hallucination|reasoning_hallucination,1,1.1375163793910936,0.5482728428144207,69.41748197454228
hallusionbench-image-VS-chart-4-2-1,hallusionbench-image-VS-chart-4,llava,hallusionbench,image,0,1,1,1,vision_hallucination|reasoning_hallucination,1,1.0001472234677296,0.5644252843602282,159.3436720755877
hallusionbench-image-VS-chart-4-2-2,hallusionbench-image-VS-chart-4,llava,hallusionbench,image,1,0,0,6,,1,1.0079154970481006,-0.0,0.5386462976573689
hallusionbench-image-VS-chart-4-2-3,hallusionbench-image-VS-chart-4,llava,hallusionbench,image,1,0,0,6,,1,1.0002366304344388,-0.0,-14.08230858547364
hallusionbench-image-VS-chart-5-2-0,hallusionbench-image-VS-chart-5,llava,hallusionbench,image,0,1,0,3,,1,1.0003571510282485,-0.0,-16.134654328285674
hallusionbench-image-VS-chart-5-2-1,hallusionbench-image-VS-chart-5,llava,hallusionbench,image,1,0,0,4,,1,1.0002543926127558,0.5004629271206675,-14.043333370418745
hallusionbench-image-VS-chart-5-2-2,hallusionbench-image-VS-chart-5,llava,hallusionbench,image,1,0,1,1,vision_hallucination,1,1.0065239667674126,-0.0,8.720072130901809
hallusionbench-image-VS-chart-5-2-3,hallusionbench-image-VS-chart-5,llava,hallusionbench,image,0,1,1,1,vision_hallucination|reasoning_hallucination,1,1.000074744223791,-0.0,-11.355312788481255
hallusionbench-image-VS-chart-6-2-1,hallusionbench-image-VS-chart-6,llava,hallusionbench,image,0,1,1,1,vision_hallucination|reasoning_hallucination,1,1.0000573396677634,-0.0,-12.079619818174635
hallusionbench-image-VS-chart-6-2-2,hallusionbench-image-VS-chart-6,llava,hallusionbench,image,0,1,1,1,vision_hallucination|reasoning_hallucination,1,1.0043716430440444,0.672316746406438,-6.786916362957452
hallusionbench-image-VS-chart-6-2-3,hallusionbench-image-VS-chart-6,llava,hallusionbench,image,1,0,1,2,vision_hallucination|reasoning_hallucination,1,1.0000448226932959,-0.0,-10.05050564796436
hallusionbench-image-VS-chart-7-1-0,hallusionbench-image-VS-chart-7,llava,hallusionbench,image,1,0,1,1,vision_hallucination|reasoning_hallucination,1,1.0774298877248827,0.6837630670153437,49.66388296666693
hallusionbench-image-VS-chart-7-2-0,hallusionbench-image-VS-chart-7,llava,hallusionbench,image,0,1,1,1,reasoning_hallucination,1,1.0036832095345136,0.5019339621103474,-1.8507979232937863
hallusionbench-image-VS-chart-7-2-1,hallusionbench-image-VS-chart-7,llava,hallusionbench,image,1,0,0,5,,1,1.0017118453617997,0.5008849417398606,-12.721663476750198
hallusionbench-image-VS-chart-7-2-3,hallusionbench-image-VS-chart-7,llava,hallusionbench,image,0,1,1,1,reasoning_hallucination,1,1.002085089786156,0.6776256442634023,6.4660485941394406
hallusionbench-image-VS-chart-7-2-2,hallusionbench-image-VS-chart-7,llava,hallusionbench,image,0,1,1,1,reasoning_hallucination,1,1.0050555468273823,0.49926923320152405,-11.540988350463623
hallusionbench-image-VS-chart-8-2-1,hallusionbench-image-VS-chart-8,llava,hallusionbench,image,1,0,1,1,vision_hallucination|reasoning_hallucination,1,1.0002071857411658,0.5007511397713007,-11.146114373577019
hallusionbench-image-VS-chart-8-2-0,hallusionbench-image-VS-chart-8,llava,hallusionbench,image,0,1,1,1,vision_hallucination|reasoning_hallucination,1,1.0001040697113421,-0.0,-16.5518740045751
hallusionbench-image-VS-chart-8-2-2,hallusionbench-image-VS-chart-8,llava,hallusionbench,image,0,1,1,1,vision_hallucination|reasoning_hallucination,1,1.0002151727618804,0.6861426312048959,40.972435458821494
hallusionbench-image-VS-chart-9-2-0,hallusionbench-image-VS-chart-9,llava,hallusionbench,image,0,1,1,1,vision_hallucination|reasoning_hallucination,1,1.0001233816149189,-0.0,-14.904824797559334
hallusionbench-image-VS-chart-9-2-1,hallusionbench-image-VS-chart-9,llava,hallusionbench,image,0,1,0,4,,1,1.000113248827119,-0.0,-14.811039218100996
hallusionbench-image-VS-chart-9-2-2,hallusionbench-image-VS-chart-9,llava,hallusionbench,image,0,1,1,1,vision_hallucination|reasoning_hallucination,1,1.0002958774476038,0.3922406257089626,27.83364628586819
hallusionbench-image-VS-chart-9-2-3,hallusionbench-image-VS-chart-9,llava,hallusionbench,image,1,0,0,5,,1,1.0003900527979186,-0.0,77.77731752719367
hallusionbench-image-VS-chart-10-2-0,hallusionbench-image-VS-chart-10,llava,hallusionbench,image,0,1,1,1,vision_hallucination|reasoning_hallucination,1,1.0006641149464195,0.5010023949981454,-11.100908931436244
hallusionbench-image-VS-chart-10-2-1,hallusionbench-image-VS-chart-10,llava,hallusionbench,image,0,1,1,1,vision_hallucination|reasoning_hallucination,1,1.0003269910674288,0.49881412626583593,-10.486211004740827
hallusionbench-image-VS-chart-10-2-2,hallusionbench-image-VS-chart-10,llava,hallusionbench,image,0,1,1,1,vision_hallucination|reasoning_hallucination,1,1.0010670423140944,-0.0,-16.010500990264184
hallusionbench-image-VS-chart-10-2-3,hallusionbench-image-VS-chart-10,llava,hallusionbench,image,1,0,1,2,vision_hallucination|reasoning_hallucination,1,1.0005140304517568,0.6477552810693931,29.498475727598624
hallusionbench-image-VS-chart-12-2-0,hallusionbench-image-VS-chart-12,llava,hallusionbench,image,0,1,1,1,vision_hallucination|reasoning_hallucination,1,1.0004022121290153,-0.0,-14.075124010105862
hallusionbench-image-VS-chart-12-2-1,hallusionbench-image-VS-chart-12,llava,hallusionbench,image,0,1,1,1,vision_hallucination|reasoning_hallucination,1,1.0008807182311248,-0.0,-15.54490087472955
hallusionbench-image-VS-chart-12-2-2,hallusionbench-image-VS-chart-12,llava,hallusionbench,image,0,1,1,1,reasoning_hallucination,1,1.0006476640499813,-0.0,-7.544463228126734
hallusionbench-image-VS-chart-13-2-1,hallusionbench-image-VS-chart-13,llava,hallusionbench,image,0,1,1,1,reasoning_hallucination,1,1.059211373367018,0.19097595387354482,70.13778830499957
hallusionbench-image-VS-chart-13-2-0,hallusionbench-image-VS-chart-13,llava,hallusionbench,image,0,1,1,1,reasoning_hallucination,1,1.0064065457080036,-0.0,1.3335739607238644
hallusionbench-image-VS-chart-14-2-0,hallusionbench-image-VS-chart-14,llava,hallusionbench,image,0,1,1,1,vision_hallucination|reasoning_hallucination,1,1.000170350074435,-0.0,-4.775069806932917
hallusionbench-image-VS-chart-14-2-1,hallusionbench-image-VS-chart-14,llava,hallusionbench,image,1,0,1,1,vision_hallucination|reasoning_hallucination,1,1.0002690553793623,-0.0,-10.656159072420447
hallusionbench-image-VS-chart-14-2-2,hallusionbench-image-VS-chart-14,llava,hallusionbench,image,0,1,1,1,vision_hallucination|reasoning_hallucination,1,1.0000579357158221,-0.0,-13.963870338587427
hallusionbench-image-VS-chart-15-2-0,hallusionbench-image-VS-chart-15,llava,hallusionbench,image,0,1,1,1,vision_hallucination|reasoning_hallucination,1,1.009885906946115,-0.0,-9.6601565888203
hallusionbench-image-VS-chart-15-2-1,hallusionbench-image-VS-chart-15,llava,hallusionbench,image,0,1,1,1,vision_hallucination|reasoning_hallucination,1,1.0034987927348014,0.5072181058093567,0.39956621565952233
hallusionbench-image-VS-chart-16-2-0,hallusionbench-image-VS-chart-16,llava,hallusionbench,image,0,1,1,1,vision_hallucination|reasoning_hallucination,1,1.0001223087304976,0.5003719952013456,-11.850818132623035
hallusionbench-image-VS-chart-16-2-1,hallusionbench-image-VS-chart-16,llava,hallusionbench,image,0,1,0,3,,1,1.0010418892015363,0.5028997563528712,-6.548305280561033
hallusionbench-image-VS-chart-17-2-0,hallusionbench-image-VS-chart-17,llava,hallusionbench,image,1,0,0,5,,1,1.3857104555339967,-0.0,45.81374496386009
hallusionbench-image-VS-chart-17-2-1,hallusionbench-image-VS-chart-17,llava,hallusionbench,image,1,0,1,1,vision_hallucination|reasoning_hallucination,1,1.0000972747817858,0.6852713468748455,77.39546866534032
hallusionbench-image-VS-chart-18-2-0,hallusionbench-image-VS-chart-18,llava,hallusionbench,image,0,1,1,1,vision_hallucination,1,1.000352621068907,0.5067518462717495,-0.6088587229490567
hallusionbench-image-VS-chart-17-2-2,hallusionbench-image-VS-chart-17,llava,hallusionbench,image,0,1,1,1,vision_hallucination|reasoning_hallucination,1,1.0013419390267455,0.6870047434455437,39.430449563635435
hallusionbench-image-VS-chart-19-2-0,hallusionbench-image-VS-chart-19,llava,hallusionbench,image,0,1,1,1,vision_hallucination|reasoning_hallucination,1,1.000144720071075,-0.0,-16.29224221128495
hallusionbench-image-VS-chart-18-2-1,hallusionbench-image-VS-chart-18,llava,hallusionbench,image,0,1,1,2,vision_hallucination|reasoning_hallucination,1,1.0013451575722505,0.4733810837690726,16.862148547816332
hallusionbench-image-VS-chart-19-2-1,hallusionbench-image-VS-chart-19,llava,hallusionbench,image,1,0,0,5,,1,1.0001488923974624,-0.0,-14.103371323387574
hallusionbench-image-VS-chart-20-2-1,hallusionbench-image-VS-chart-20,llava,hallusionbench,image,1,0,0,3,,1,1.2821972344246588,0.23008539117215474,107.42213191029549
hallusionbench-image-VS-chart-20-2-0,hallusionbench-image-VS-chart-20,llava,hallusionbench,image,1,0,1,1,reasoning_hallucination,1,1.011107802781085,0.5572484119722285,141.18798219967127
hallusionbench-image-VS-chart-21-2-1,hallusionbench-image-VS-chart-21,llava,hallusionbench,image,1,0,0,4,,1,1.0000878572493634,-0.0,-17.46672994423932
hallusionbench-image-VS-chart-21-2-0,hallusionbench-image-VS-chart-21,llava,hallusionbench,image,0,1,1,1,vision_hallucination|reasoning_hallucination,1,1.000082015992846,-0.0,-18.03494806888738
hallusionbench-image-VS-table-0-2-1,hallusionbench-image-VS-table-0,llava,hallusionbench,image,1,0,0,5,,1,1.0008832216202825,-0.0,-12.189298009507617
hallusionbench-image-VS-table-0-2-0,hallusionbench-image-VS-table-0,llava,hallusionbench,image,0,1,0,3,,1,1.0198055514764652,-0.0,-14.269385806762857
hallusionbench-image-VS-table-1-2-0,hallusionbench-image-VS-table-1,llava,hallusionbench,image,0,1,1,1,reasoning_hallucination,2,1.2731552322915471,1.0470817269982113,158.63318608334654
hallusionbench-image-VS-table-0-2-2,hallusionbench-image-VS-table-0,llava,hallusionbench,image,0,1,1,1,reasoning_hallucination,1,1.0012110471806301,0.5007064094043716,-12.162194738728907
hallusionbench-image-VS-table-1-2-2,hallusionbench-image-VS-table-1,llava,hallusionbench,image,1,0,0,6,,1,1.0031268596231337,0.6252721349405101,54.2241269367291
hallusionbench-image-VS-table-1-2-1,hallusionbench-image-VS-table-1,llava,hallusionbench,image,1,0,0,6,,1,1.012227893091661,-0.0,-8.391961431464113
hallusionbench-image-VS-table-2-2-1,hallusionbench-image-VS-table-2,llava,hallusionbench,image,0,1,1,1,reasoning_hallucination,1,1.0017454624185929,0.46969932643344525,75.21978825422308
hallusionbench-image-VS-table-2-2-0,hallusionbench-image-VS-table-2,llava,hallusionbench,image,0,1,1,1,reasoning_hallucination,1,1.0072549890662907,1.174350465400119,318.32228783844084
hallusionbench-image-VS-table-2-2-2,hallusionbench-image-VS-table-2,llava,hallusionbench,image,0,1,1,1,vision_hallucination|reasoning_hallucination,1,1.0008323192843016,0.6302230065697044,60.37106779577131
hallusionbench-image-VS-table-2-3-0,hallusionbench-image-VS-table-2,llava,hallusionbench,image,0,1,0,3,,1,1.0071834310098393,0.6683814119114542,8.174247435276149
hallusionbench-image-VS-table-2-3-2,hallusionbench-image-VS-table-2,llava,hallusionbench,image,0,1,1,1,vision_hallucination|reasoning_hallucination,1,1.0008339882066828,-0.0,118.88738466252167
hallusionbench-image-VS-table-2-3-1,hallusionbench-image-VS-table-2,llava,hallusionbench,image,0,1,1,1,reasoning_hallucination,1,1.0017198324446799,0.6731719214033811,-9.726776324967146
hallusionbench-image-VS-table-3-2-1,hallusionbench-image-VS-table-3,llava,hallusionbench,image,0,1,1,1,vision_hallucination|reasoning_hallucination,1,1.0002367496428333,0.500436941593407,-12.05606392466969
hallusionbench-image-VS-table-3-2-0,hallusionbench-image-VS-table-3,llava,hallusionbench,image,0,1,1,1,vision_hallucination|reasoning_hallucination,1,1.0001816749563,-0.0,-14.92824964810174
hallusionbench-image-VS-table-4-2-0,hallusionbench-image-VS-table-4,llava,hallusionbench,image,0,1,1,1,reasoning_hallucination,1,1.1106462792773402,1.358474673907446,104.91453440491088
hallusionbench-image-VS-table-3-2-2,hallusionbench-image-VS-table-3,llava,hallusionbench,image,0,1,1,1,vision_hallucination|reasoning_hallucination,1,1.0003163814630445,0.4376856200110951,10.586431855183655
hallusionbench-image-VS-table-4-2-1,hallusionbench-image-VS-table-4,llava,hallusionbench,image,0,1,1,1,reasoning_hallucination,1,1.0001099109656886,-0.0,-15.138731978763465
hallusionbench-image-VS-table-4-2-2,hallusionbench-image-VS-table-4,llava,hallusionbench,image,1,0,0,6,,1,1.0006769895622747,0.0879217580832409,99.5137357118979
hallusionbench-image-VS-table-4-3-0,hallusionbench-image-VS-table-4,llava,hallusionbench,image,0,1,1,1,reasoning_hallucination,1,1.1091674768941486,1.086674006699539,104.80011330232935
hallusionbench-image-VS-table-4-3-1,hallusionbench-image-VS-table-4,llava,hallusionbench,image,0,1,1,1,reasoning_hallucination,1,1.0001093149193974,-0.0,-9.707106907140302
hallusionbench-image-VS-table-5-2-0,hallusionbench-image-VS-table-5,llava,hallusionbench,image,0,1,1,1,vision_hallucination|reasoning_hallucination,1,1.036998522254388,0.960066989564746,113.60625422694264
hallusionbench-image-VS-table-4-3-2,hallusionbench-image-VS-table-4,llava,hallusionbench,image,0,1,0,3,,1,1.0054903031694462,-0.0,-12.325770243907193
hallusionbench-image-VS-table-5-2-1,hallusionbench-image-VS-table-5,llava,hallusionbench,image,0,1,1,1,vision_hallucination|reasoning_hallucination,2,1.0250101565839613,1.0386667659194817,189.81174325313964
hallusionbench-image-VS-table-5-2-2,hallusionbench-image-VS-table-5,llava,hallusionbench,image,0,1,0,4,,1,1.000378966321932,0.5414837479429716,56.38267057406019
hallusionbench-image-VS-table-5-2-3,hallusionbench-image-VS-table-5,llava,hallusionbench,image,1,0,1,1,reasoning_hallucination,1,1.0364379864051558,0.36071794887887726,46.246841171989075
hallusionbench-image-VS-table-5-3-0,hallusionbench-image-VS-table-5,llava,hallusionbench,image,0,1,1,1,vision_hallucination|reasoning_hallucination,1,1.035986762835305,0.9314488280843063,117.0363209173942
hallusionbench-image-VS-table-5-3-2,hallusionbench-image-VS-table-5,llava,hallusionbench,image,1,0,0,5,,1,1.0003790855472903,0.677136793915047,18.891200406287883
hallusionbench-image-VS-table-5-3-1,hallusionbench-image-VS-table-5,llava,hallusionbench,image,0,1,1,1,vision_hallucination|reasoning_hallucination,2,1.024682358579011,0.49897478724896926,174.7434724213105
hallusionbench-image-VS-table-6-1-0,hallusionbench-image-VS-table-6,llava,hallusionbench,image,1,0,1,1,vision_hallucination|reasoning_hallucination,1,1.0025308131011776,0.672608542746281,-15.041028638425445
hallusionbench-image-VS-table-5-3-3,hallusionbench-image-VS-table-5,llava,hallusionbench,image,1,0,1,2,reasoning_hallucination,1,1.0353168243464872,0.4824951019598808,27.02946821309363
hallusionbench-image-VS-table-6-1-3,hallusionbench-image-VS-table-6,llava,hallusionbench,image,0,1,1,1,vision_hallucination|reasoning_hallucination,1,1.003885746037314,0.4993395018010701,-0.302505888786591
hallusionbench-image-VS-table-6-2-1,hallusionbench-image-VS-table-6,llava,hallusionbench,image,0,1,0,3,,1,1.191143031248,-0.0,92.4878307769236
hallusionbench-image-VS-table-6-2-2,hallusionbench-image-VS-table-6,llava,hallusionbench,image,1,0,1,1,reasoning_hallucination,1,1.0002523660653473,-0.0,-11.310907683795527
hallusionbench-image-VS-table-6-2-3,hallusionbench-image-VS-table-6,llava,hallusionbench,image,0,1,0,3,,1,1.6560729867307662,0.6699961042534713,80.94660394834493
hallusionbench-image-VS-table-6-3-1,hallusionbench-image-VS-table-6,llava,hallusionbench,image,0,1,0,3,,1,1.1911429247515188,0.6734782078427128,-8.185096627193179
hallusionbench-image-VS-table-6-3-2,hallusionbench-image-VS-table-6,llava,hallusionbench,image,1,0,0,5,,1,1.0002534389582876,-0.0,2.0499274113615336
hallusionbench-image-VS-table-7-1-0,hallusionbench-image-VS-table-7,llava,hallusionbench,image,1,0,0,5,,1,1.0078052280718457,0.6188962278791765,163.28650585598996
hallusionbench-image-VS-table-6-3-3,hallusionbench-image-VS-table-6,llava,hallusionbench,image,0,1,0,3,,1,1.6560716047963533,0.5123188679754067,10.780568637241469
hallusionbench-image-VS-table-7-1-1,hallusionbench-image-VS-table-7,llava,hallusionbench,image,0,1,1,1,reasoning_hallucination,1,1.009618997367009,0.6803495855298118,16.81068865023496
hallusionbench-image-VS-table-7-1-2,hallusionbench-image-VS-table-7,llava,hallusionbench,image,0,1,1,1,reasoning_hallucination,1,1.6380698869261154,0.6627613285076204,8.870548729041083
hallusionbench-image-VS-table-7-1-4,hallusionbench-image-VS-table-7,llava,hallusionbench,image,1,0,0,5,,1,1.0101339813856702,0.5186964548872066,33.49285786253509
hallusionbench-image-VS-table-7-1-3,hallusionbench-image-VS-table-7,llava,hallusionbench,image,0,1,1,1,reasoning_hallucination,1,1.0104167458507485,0.5013901838490873,-7.996038634734927
hallusionbench-image-VS-table-7-2-0,hallusionbench-image-VS-table-7,llava,hallusionbench,image,1,0,0,5,,1,1.0002464055990798,-0.0,-15.280792105301495
hallusionbench-image-VS-table-7-1-5,hallusionbench-image-VS-table-7,llava,hallusionbench,image,0,1,1,0,vision_hallucination|reasoning_hallucination,1,1.0089889763467965,0.5975691313356521,138.4088389433858
hallusionbench-image-VS-table-7-2-1,hallusionbench-image-VS-table-7,llava,hallusionbench,image,0,1,1,1,reasoning_hallucination,1,1.0001983642552106,-0.0,-16.944802522380133
hallusionbench-image-VS-table-7-2-2,hallusionbench-image-VS-table-7,llava,hallusionbench,image,0,1,1,1,reasoning_hallucination,1,1.0002065897023977,-0.0,-13.234488975051454
hallusionbench-image-VS-table-7-2-4,hallusionbench-image-VS-table-7,llava,hallusionbench,image,1,0,0,5,,1,1.0007017850633755,-0.0,-11.752627397345728
hallusionbench-image-VS-table-7-2-3,hallusionbench-image-VS-table-7,llava,hallusionbench,image,1,0,0,4,,1,1.0009428262699156,0.498003848062617,-13.007215716538298
hallusionbench-image-VS-table-7-2-5,hallusionbench-image-VS-table-7,llava,hallusionbench,image,0,1,1,1,reasoning_hallucination,1,1.0002366304344388,-0.0,-13.51243315989507
hallusionbench-image-VS-table-7-3-0,hallusionbench-image-VS-table-7,llava,hallusionbench,image,0,1,1,1,reasoning_hallucination,1,1.0002486705831397,-0.0,-17.49506526124284
hallusionbench-image-VS-table-7-3-1,hallusionbench-image-VS-table-7,llava,hallusionbench,image,1,0,0,5,,1,1.0002038478791526,0.49446975926906056,-10.483201479018652
hallusionbench-image-VS-table-7-3-2,hallusionbench-image-VS-table-7,llava,hallusionbench,image,1,0,0,5,,1,1.0002059936494299,0.5029925807951217,-6.334251055826119
hallusionbench-image-VS-table-7-3-3,hallusionbench-image-VS-table-7,llava,hallusionbench,image,0,1,1,1,reasoning_hallucination,1,1.0009548664128745,-0.0,-16.54133479494111
hallusionbench-image-VS-table-7-3-4,hallusionbench-image-VS-table-7,llava,hallusionbench,image,0,1,1,1,reasoning_hallucination,1,1.0007113218461476,-0.0,-7.189085189946088
hallusionbench-image-VS-table-8-1-0,hallusionbench-image-VS-table-8,llava,hallusionbench,image,1,0,1,1,vision_hallucination|reasoning_hallucination,1,1.0011209250055886,0.6733257504237746,-15.598732329914945
hallusionbench-image-VS-table-7-3-5,hallusionbench-image-VS-table-7,llava,hallusionbench,image,1,0,0,4,,1,1.0002367496428333,-0.0,-15.290960075851139
hallusionbench-image-VS-table-8-1-1,hallusionbench-image-VS-table-8,llava,hallusionbench,image,0,1,1,1,vision_hallucination|reasoning_hallucination,1,1.0070936678232658,0.49683818369942157,-6.870007901360816
hallusionbench-image-VS-table-8-1-2,hallusionbench-image-VS-table-8,llava,hallusionbench,image,1,0,1,2,vision_hallucination|reasoning_hallucination,1,1.001161217685819,0.6727965848603916,-11.787340686599904
hallusionbench-image-VS-table-8-1-3,hallusionbench-image-VS-table-8,llava,hallusionbench,image,0,1,1,1,vision_hallucination|reasoning_hallucination,1,1.0069679022025328,0.5032387629552875,-6.993366126570309
hallusionbench-image-VS-table-8-1-4,hallusionbench-image-VS-table-8,llava,hallusionbench,image,1,0,1,1,vision_hallucination|reasoning_hallucination,1,1.0013284683428625,0.6793334758362601,22.108676556999573
hallusionbench-image-VS-table-8-2-0,hallusionbench-image-VS-table-8,llava,hallusionbench,image,1,0,0,4,,1,1.0002079009998004,0.5002092003315943,-11.484812034099281
hallusionbench-image-VS-table-8-1-5,hallusionbench-image-VS-table-8,llava,hallusionbench,image,1,0,1,1,vision_hallucination|reasoning_hallucination,1,1.0008666515376452,0.6739026400250879,11.571706951418843
hallusionbench-image-VS-table-8-2-2,hallusionbench-image-VS-table-8,llava,hallusionbench,image,1,0,0,5,,1,1.0001929998354036,0.5003568986511294,-13.206710798481607
hallusionbench-image-VS-table-8-2-1,hallusionbench-image-VS-table-8,llava,hallusionbench,image,0,1,1,2,vision_hallucination|reasoning_hallucination,1,1.0000892877565632,0.4433565160344095,11.746937368783303
hallusionbench-image-VS-table-8-2-3,hallusionbench-image-VS-table-8,llava,hallusionbench,image,0,1,1,1,vision_hallucination,1,1.0001815557544693,-0.0,-14.615136466375667
hallusionbench-image-VS-table-8-2-4,hallusionbench-image-VS-table-8,llava,hallusionbench,image,1,0,0,5,,1,1.0002719163901619,0.5001959495778284,-12.284431048537709
hallusionbench-image-VS-table-8-3-0,hallusionbench-image-VS-table-8,llava,hallusionbench,image,0,1,1,1,vision_hallucination|reasoning_hallucination,1,1.0002079009998004,-0.0,-12.746771092885057
hallusionbench-image-VS-table-8-2-5,hallusionbench-image-VS-table-8,llava,hallusionbench,image,0,1,1,1,vision_hallucination|reasoning_hallucination,1,1.00020015240154,0.6761253767595639,-0.8093449896965783
hallusionbench-image-VS-table-8-3-1,hallusionbench-image-VS-table-8,llava,hallusionbench,image,1,0,0,5,,1,1.0000892877565632,-0.0,36.42765229886039
hallusionbench-image-VS-table-8-3-2,hallusionbench-image-VS-table-8,llava,hallusionbench,image,0,1,1,1,vision_hallucination|reasoning_hallucination,1,1.0001929998354036,0.672896045758959,-8.663543288850214
hallusionbench-image-VS-table-8-3-3,hallusionbench-image-VS-table-8,llava,hallusionbench,image,1,0,0,5,,1,1.0001815557544693,0.3552054482716981,35.109759650549705
hallusionbench-image-VS-table-8-3-4,hallusionbench-image-VS-table-8,llava,hallusionbench,image,0,1,1,1,vision_hallucination|reasoning_hallucination,1,1.0002719163901619,-0.0,-16.224705288667174
hallusionbench-image-VS-table-8-3-5,hallusionbench-image-VS-table-8,llava,hallusionbench,image,1,0,0,5,,1,1.00020015240154,-0.0,-12.889938292801398
hallusionbench-image-VS-table-9-1-0,hallusionbench-image-VS-table-9,llava,hallusionbench,image,1,0,1,2,vision_hallucination,1,1.0006316900380536,0.6870665450996937,38.4731481218874
hallusionbench-image-VS-table-9-1-1,hallusionbench-image-VS-table-9,llava,hallusionbench,image,0,1,1,1,vision_hallucination,1,1.0052174328386903,0.6752331191322154,-5.916478053852402
hallusionbench-image-VS-table-9-1-2,hallusionbench-image-VS-table-9,llava,hallusionbench,image,1,0,1,1,vision_hallucination|reasoning_hallucination,1,1.0011731386590292,0.6771733028104284,2.605750081812115
hallusionbench-image-VS-table-9-1-3,hallusionbench-image-VS-table-9,llava,hallusionbench,image,0,1,1,1,vision_hallucination|reasoning_hallucination,1,1.0385262958986885,0.6781967660903649,2.2710826686314043
hallusionbench-image-VS-table-9-2-0,hallusionbench-image-VS-table-9,llava,hallusionbench,image,0,1,1,1,reasoning_hallucination,1,1.0002117156968982,-0.0,-14.892799957042177
hallusionbench-image-VS-table-9-2-1,hallusionbench-image-VS-table-9,llava,hallusionbench,image,1,0,0,5,,1,1.000285744680719,-0.0,-14.818500507116802
hallusionbench-image-VS-table-9-2-2,hallusionbench-image-VS-table-9,llava,hallusionbench,image,1,0,1,1,vision_hallucination|reasoning_hallucination,1,1.0004650354423819,0.5192691481111258,22.56766014121051
hallusionbench-image-VS-table-9-2-3,hallusionbench-image-VS-table-9,llava,hallusionbench,image,1,0,1,2,vision_hallucination|reasoning_hallucination,1,1.000164031988228,0.6309855567328431,47.702036710176856
hallusionbench-image-VS-table-10-1-0,hallusionbench-image-VS-table-10,llava,hallusionbench,image,1,0,1,2,vision_hallucination,1,1.0014590024672398,0.5087769548959598,0.8020786424274249
hallusionbench-image-VD-illusion-5-0-1,hallusionbench-image-VD-illusion-5,llava,hallusionbench,image,0,1,1,1,vision_hallucination|reasoning_hallucination,1,1.1613420332825837,0.49276484363047446,160.3262016636846
hallusionbench-image-VS-table-10-1-1,hallusionbench-image-VS-table-10,llava,hallusionbench,image,1,0,1,2,vision_hallucination,1,1.0138388870872406,-0.0,-7.410170963484008
hallusionbench-image-VD-illusion-5-1-0,hallusionbench-image-VD-illusion-5,llava,hallusionbench,image,0,1,0,3,,1,1.0013422965517351,-0.0,-7.078676314322264
hallusionbench-image-VD-illusion-5-0-2,hallusionbench-image-VD-illusion-5,llava,hallusionbench,image,0,1,1,1,vision_hallucination|reasoning_hallucination,1,1.3005593807811,0.6755276496692529,165.893742467681
hallusionbench-image-VD-illusion-5-1-1,hallusionbench-image-VD-illusion-5,llava,hallusionbench,image,0,1,0,4,,1,1.9214368225502902,0.17318796017187546,100.9913309427417
hallusionbench-image-VD-illusion-5-1-2,hallusionbench-image-VD-illusion-5,llava,hallusionbench,image,1,0,1,1,vision_hallucination|reasoning_hallucination,1,1.510884031785111,0.643074763464337,90.55457768836777
hallusionbench-image-VD-illusion-6-0-0,hallusionbench-image-VD-illusion-6,llava,hallusionbench,image,1,0,0,4,,1,1.0261353251769978,-0.0,88.06046227362461
hallusionbench-image-VD-illusion-6-1-0,hallusionbench-image-VD-illusion-6,llava,hallusionbench,image,0,1,1,1,vision_hallucination|reasoning_hallucination,1,1.000523567192354,-0.0,5.633489343314142
hallusionbench-image-VD-illusion-7-0-0,hallusionbench-image-VD-illusion-7,llava,hallusionbench,image,0,1,1,1,vision_hallucination|reasoning_hallucination,1,1.000927567485095,0.5000315692349894,-13.74019896265612
hallusionbench-image-VD-illusion-7-0-1,hallusionbench-image-VD-illusion-7,llava,hallusionbench,image,1,0,1,1,vision_hallucination,1,1.0105687382914315,0.6919629275653684,167.22659610600053
hallusionbench-image-VD-illusion-7-1-0,hallusionbench-image-VD-illusion-7,llava,hallusionbench,image,0,1,1,1,vision_hallucination|reasoning_hallucination,1,1.0041400194358872,0.5000412877808709,-11.671478621683098
hallusionbench-image-VD-illusion-7-1-1,hallusionbench-image-VD-illusion-7,llava,hallusionbench,image,1,0,0,4,,1,1.0308107130072202,0.6919481904254039,76.62200230608494
hallusionbench-image-VD-illusion-8-0-0,hallusionbench-image-VD-illusion-8,llava,hallusionbench,image,0,1,1,1,vision_hallucination|reasoning_hallucination,1,1.0009406805211067,0.6228630852650704,46.42715335375888
hallusionbench-image-VD-illusion-8-0-1,hallusionbench-image-VD-illusion-8,llava,hallusionbench,image,0,1,1,1,vision_hallucination|reasoning_hallucination,1,1.1150230207826493,0.6785643902358333,197.37533979594002
hallusionbench-image-VD-illusion-8-0-2,hallusionbench-image-VD-illusion-8,llava,hallusionbench,image,1,0,0,6,,1,1.0435515635374493,-0.0,139.54113578970268
hallusionbench-image-VD-illusion-8-1-0,hallusionbench-image-VD-illusion-8,llava,hallusionbench,image,1,0,0,5,,1,1.000096797942017,0.6728051250606312,-9.342821921374375
hallusionbench-image-VD-illusion-8-1-2,hallusionbench-image-VD-illusion-8,llava,hallusionbench,image,0,1,0,4,,1,1.0354120737797499,-0.0,70.81055205179082
hallusionbench-image-VD-illusion-8-1-1,hallusionbench-image-VD-illusion-8,llava,hallusionbench,image,1,0,1,2,vision_hallucination|reasoning_hallucination,1,1.0736325979088093,0.4841769795712847,39.955341456421834
hallusionbench-image-VD-math-8-1-1,hallusionbench-image-VD-math-8,llava,hallusionbench,image,0,1,1,2,vision_hallucination|reasoning_hallucination,1,1.2777410741884796,-0.0,34.78452397684395
hallusionbench-image-VD-math-8-1-2,hallusionbench-image-VD-math-8,llava,hallusionbench,image,0,1,1,1,vision_hallucination|reasoning_hallucination,1,1.0004129409705427,0.22777396369997527,124.6260598447902
hallusionbench-image-VD-math-9-0-0,hallusionbench-image-VD-math-9,llava,hallusionbench,image,1,0,1,1,vision_hallucination|reasoning_hallucination,1,1.0247207883153406,0.6089709750572956,158.3466907719547
hallusionbench-image-VD-math-9-0-1,hallusionbench-image-VD-math-9,llava,hallusionbench,image,1,0,1,1,vision_hallucination,1,1.0005468130398767,0.583235457805288,100.6514517462588
hallusionbench-image-VD-math-9-0-2,hallusionbench-image-VD-math-9,llava,hallusionbench,image,1,0,1,1,vision_hallucination|reasoning_hallucination,1,1.3148549743874556,0.633980546991586,184.78170812801278
hallusionbench-image-VD-math-9-1-0,hallusionbench-image-VD-math-9,llava,hallusionbench,image,0,1,1,1,vision_hallucination|reasoning_hallucination,1,1.014565348444903,0.6717657961020487,16.600875519096675
hallusionbench-image-VD-math-10-0-0,hallusionbench-image-VD-math-10,llava,hallusionbench,image,1,0,0,5,,1,1.0010898113694886,-0.0,2.379022332109148
hallusionbench-image-VD-math-9-1-1,hallusionbench-image-VD-math-9,llava,hallusionbench,image,0,1,1,1,vision_hallucination|reasoning_hallucination,1,1.003556609221364,0.6554303345889692,31.80321685038183
hallusionbench-image-VD-math-10-0-1,hallusionbench-image-VD-math-10,llava,hallusionbench,image,0,1,1,1,vision_hallucination|reasoning_hallucination,1,1.0006060600213185,-0.0,-21.84622478784992
mmvet-v1_0,mmvet-v1_0,llava,mmvet,test,0,1,1,0,vision_hallucination|reasoning_hallucination,1,1.5041200941679291,0.6221912249410375,-5.68738414258674
mmvet-v1_1,mmvet-v1_1,llava,mmvet,test,0,1,1,0,vision_hallucination|reasoning_hallucination,1,1.0072634219655556,1.3268217574452668,-5.292909726699939
mmvet-v1_2,mmvet-v1_2,llava,mmvet,test,0,1,1,0,vision_hallucination|reasoning_hallucination,1,1.050582169523832,1.1189967041432196,-0.9830567919990356
mmvet-v1_3,mmvet-v1_3,llava,mmvet,test,1,0,1,2,vision_hallucination,1,1.0015597879290112,1.4705818613189001,-2.134282100771604
mmvet-v1_4,mmvet-v1_4,llava,mmvet,test,0,1,1,0,vision_hallucination,1,1.0194649702927177,1.6073270493790537,-7.219512135588415
mmvet-v1_5,mmvet-v1_5,llava,mmvet,test,0,1,1,0,vision_hallucination|reasoning_hallucination,1,1.0015536487418364,1.525975526287045,-5.214805823854597
mmvet-v1_6,mmvet-v1_6,llava,mmvet,test,0,1,1,0,vision_hallucination,1,1.0011169910093438,1.5153935855765333,-0.5742139616570512
mmvet-v1_8,mmvet-v1_8,llava,mmvet,test,0,1,1,1,vision_hallucination,1,2.006059033541726,1.383074753486406,-2.4917023613609546
mmvet-v1_9,mmvet-v1_9,llava,mmvet,test,0,1,1,1,vision_hallucination,1,1.0003689527527342,1.3482023699508434,8.283015899202116
mmvet-v1_10,mmvet-v1_10,llava,mmvet,test,0,1,1,1,vision_hallucination|reasoning_hallucination,1,1.0886808658424798,1.6024567967072703,3.9112264503771232
mmvet-v1_11,mmvet-v1_11,llava,mmvet,test,0,1,1,1,vision_hallucination,1,1.0101715105554994,1.605768503955705,-3.6143106851080598
mmvet-v1_12,mmvet-v1_12,llava,mmvet,test,0,1,1,1,reasoning_hallucination,1,1.0406955721733109,1.5247796117958674,-2.9309284672990303
mmvet-v1_13,mmvet-v1_13,llava,mmvet,test,0,1,1,1,vision_hallucination,1,1.013754126787017,1.5691083066530407,-2.983661683113244
mmvet-v1_14,mmvet-v1_14,llava,mmvet,test,0,1,1,1,vision_hallucination|reasoning_hallucination,1,1.0015491119302176,1.386367605215288,4.056093061249323
mmvet-v1_15,mmvet-v1_15,llava,mmvet,test,0,1,0,4,,1,1.2175613927370514,1.3434899650483956,-0.17592248507631503
mmvet-v1_16,mmvet-v1_16,llava,mmvet,test,0,1,1,0,vision_hallucination|reasoning_hallucination,4,1.1462893956129907,1.597399088300892,0.34973415640232286
mmvet-v1_17,mmvet-v1_17,llava,mmvet,test,1,0,0,6,,1,1.002298832007451,0.5005207297622081,-14.640864176950629
mmvet-v1_18,mmvet-v1_18,llava,mmvet,test,0,1,1,1,vision_hallucination|reasoning_hallucination,2,1.056527685152288,1.2860486982886932,8.263316106957431
mmvet-v1_19,mmvet-v1_19,llava,mmvet,test,0,1,1,1,vision_hallucination,1,1.4925198644473405,1.1017183532519061,10.726205843180523
mmvet-v1_20,mmvet-v1_20,llava,mmvet,test,0,1,1,1,vision_hallucination,1,1.7496007591224605,0.7955250573446219,8.219584120739936
mmvet-v1_21,mmvet-v1_21,llava,mmvet,test,0,1,1,1,vision_hallucination|reasoning_hallucination,1,1.6714566277474612,0.856770632389374,6.456510678620198
mmvet-v1_22,mmvet-v1_22,llava,mmvet,test,0,1,0,4,,1,3.8127309092604555,0.6797007378621313,4.448893285946191
mmvet-v1_23,mmvet-v1_23,llava,mmvet,test,0,1,0,4,,1,1.5309378016255641,1.1687829902335474,2.025209831245185
mmvet-v1_24,mmvet-v1_24,llava,mmvet,test,0,1,1,1,vision_hallucination|reasoning_hallucination,1,1.026882207735071,0.6653820455415963,-0.6179325435729179
mmvet-v1_25,mmvet-v1_25,llava,mmvet,test,0,1,1,1,vision_hallucination,1,1.6777465013551414,1.3420623641773277,7.851824507634231
mmvet-v1_26,mmvet-v1_26,llava,mmvet,test,0,1,1,0,vision_hallucination|reasoning_hallucination,2,1.3542163908973088,0.5685344342024059,-1.597977810858513
mmvet-v1_27,mmvet-v1_27,llava,mmvet,test,0,1,1,1,vision_hallucination|reasoning_hallucination,1,1.1996257371685757,1.3240288359606551,2.5801420699643813
mmvet-v1_28,mmvet-v1_28,llava,mmvet,test,0,1,1,1,vision_hallucination|reasoning_hallucination,1,1.0020795787579815,1.3312885514115038,-13.372875930063485
mmvet-v1_29,mmvet-v1_29,llava,mmvet,test,0,1,1,1,vision_hallucination|reasoning_hallucination,1,1.0015814584269798,1.332619961176253,-12.06766346110661
mmvet-v1_30,mmvet-v1_30,llava,mmvet,test,0,1,0,4,,1,1.0635546458815812,1.104807463064403,1.595971725478444
mmvet-v1_31,mmvet-v1_31,llava,mmvet,test,0,1,1,1,reasoning_hallucination,1,1.0042197703971238,0.5128800363053165,-15.357949626354682
mmvet-v1_32,mmvet-v1_32,llava,mmvet,test,0,1,1,0,vision_hallucination|reasoning_hallucination,1,1.0177989001863574,1.5120669800359694,3.88398209858795
mmvet-v1_33,mmvet-v1_33,llava,mmvet,test,1,0,0,4,,1,1.0015518665123546,0.6712987113943092,-15.060818330474785
mmvet-v1_34,mmvet-v1_34,llava,mmvet,test,0,1,0,4,,2,1.331402568320378,1.4554907774233827,3.1572867634136657
mmvet-v1_35,mmvet-v1_35,llava,mmvet,test,1,0,1,2,vision_hallucination,1,1.3300307815279644,1.3473465526435793,-5.729576543789127
mmvet-v1_36,mmvet-v1_36,llava,mmvet,test,0,1,1,1,vision_hallucination|reasoning_hallucination,1,1.037945691470501,1.5225056320020611,-1.1791039291555645
mmvet-v1_37,mmvet-v1_37,llava,mmvet,test,0,1,1,1,reasoning_hallucination,1,2.397747986239425,1.5957760463297734,1.2378059257509424
mmvet-v1_38,mmvet-v1_38,llava,mmvet,test,1,0,1,1,vision_hallucination|reasoning_hallucination,1,1.0082087737399499,1.3331783543034432,-9.88590894613539
mmvet-v1_39,mmvet-v1_39,llava,mmvet,test,0,1,1,1,vision_hallucination,1,1.0235747915361961,1.2069585120827289,6.514112639341794
mmvet-v1_40,mmvet-v1_40,llava,mmvet,test,1,0,0,6,,2,1.0513687005325498,1.1957678536440137,5.636285728553309
mmvet-v1_41,mmvet-v1_41,llava,mmvet,test,0,1,0,5,,1,1.6266022810230858,1.311135581590133,4.21468901607226
mmvet-v1_42,mmvet-v1_42,llava,mmvet,test,0,1,1,1,vision_hallucination|reasoning_hallucination,1,1.1916836545564975,1.6040472169071047,5.3942312586660774
mmvet-v1_43,mmvet-v1_43,llava,mmvet,test,0,1,1,0,vision_hallucination|reasoning_hallucination,1,1.441599151537852,1.4898344430710468,1.9998593503787863
mmvet-v1_44,mmvet-v1_44,llava,mmvet,test,0,1,1,0,vision_hallucination,2,2.0939530535076405,1.4955636760211228,12.648589432225773
mmvet-v1_45,mmvet-v1_45,llava,mmvet,test,0,1,0,3,,1,2.134052820389891,0.9774476321231085,13.360452695279404
mmvet-v1_46,mmvet-v1_46,llava,mmvet,test,0,1,1,1,vision_hallucination|reasoning_hallucination,1,1.0275105844247847,1.4655898700365793,10.235513896743488
mmvet-v1_47,mmvet-v1_47,llava,mmvet,test,0,1,0,3,,1,1.010337060195412,1.3109163284284966,15.960073876221234
mmvet-v1_48,mmvet-v1_48,llava,mmvet,test,0,1,1,1,reasoning_hallucination,1,1.0082643030308187,1.02727864535799,-4.238604045483133
mmvet-v1_49,mmvet-v1_49,llava,mmvet,test,0,1,1,0,vision_hallucination|reasoning_hallucination,1,1.156560504942798,1.6006098635478119,12.464484651025945
mmvet-v1_50,mmvet-v1_50,llava,mmvet,test,0,1,1,1,vision_hallucination,2,1.0025688034583102,0.6843074531116785,-8.82176851758307
mmvet-v1_51,mmvet-v1_51,llava,mmvet,test,1,0,0,6,,2,1.0420500554763634,-0.0,-13.432668814867466
mmvet-v1_52,mmvet-v1_52,llava,mmvet,test,1,0,0,6,,2,1.1010769820331194,-0.0,-3.1720316938422854
mmvet-v1_53,mmvet-v1_53,llava,mmvet,test,0,1,1,1,vision_hallucination|reasoning_hallucination,1,1.0119469166389445,1.206487440988739,6.442736451391667
mmvet-v1_54,mmvet-v1_54,llava,mmvet,test,0,1,1,1,vision_hallucination|reasoning_hallucination,2,1.3068635130495745,1.0262526379068106,5.2630056662572215
mmvet-v1_55,mmvet-v1_55,llava,mmvet,test,0,1,1,0,vision_hallucination|reasoning_hallucination,1,1.0018932282919835,1.5894648960517723,-5.6222640338322165
mmvet-v1_56,mmvet-v1_56,llava,mmvet,test,0,1,1,1,vision_hallucination|reasoning_hallucination,1,1.0078517145433763,0.8299401517629647,6.902293757450595
mmvet-v1_57,mmvet-v1_57,llava,mmvet,test,0,1,1,0,vision_hallucination|reasoning_hallucination,1,1.000234141070252,1.3858778512963106,1.4857624572861798
mmvet-v1_58,mmvet-v1_58,llava,mmvet,test,1,0,1,1,vision_hallucination|reasoning_hallucination,1,1.2554819578931056,0.7302498703803376,-4.063368647682683
mmvet-v1_59,mmvet-v1_59,llava,mmvet,test,0,1,1,1,vision_hallucination|reasoning_hallucination,1,1.0832039133753226,1.6057054547100353,-3.4158707506299333
mmvet-v1_60,mmvet-v1_60,llava,mmvet,test,1,0,1,2,vision_hallucination|reasoning_hallucination,1,2.665550795376193,1.388025418519199,6.938706447617146
mmvet-v1_61,mmvet-v1_61,llava,mmvet,test,0,1,1,1,vision_hallucination|reasoning_hallucination,2,1.2451072447995741,1.3821859102511556,2.978595908990868
mmvet-v1_62,mmvet-v1_62,llava,mmvet,test,0,1,1,1,vision_hallucination|reasoning_hallucination,1,1.0140949975204467,0.9959243988272776,6.491970016733436
mmvet-v1_63,mmvet-v1_63,llava,mmvet,test,0,1,1,2,vision_hallucination|reasoning_hallucination,1,1.0605305496827475,1.4775129914439487,2.4241204609676066
mmvet-v1_64,mmvet-v1_64,llava,mmvet,test,0,1,0,3,,1,2.3557403101687133,1.4160238275300256,8.875927127783182
mmvet-v1_65,mmvet-v1_65,llava,mmvet,test,0,1,0,3,,1,1.0172290307340182,1.4020581429560603,6.130013567357873
mmvet-v1_66,mmvet-v1_66,llava,mmvet,test,0,1,1,0,vision_hallucination|reasoning_hallucination,1,1.0091515649201903,-0.0,-13.922589009301909
mmvet-v1_67,mmvet-v1_67,llava,mmvet,test,0,1,1,2,vision_hallucination|reasoning_hallucination,1,1.8319916737266015,1.3317657498964948,-3.4786999295818566
mmvet-v1_68,mmvet-v1_68,llava,mmvet,test,0,1,1,1,vision_hallucination|reasoning_hallucination,1,1.0003818273559542,0.6728130604986189,-14.143334919053164
mmvet-v1_69,mmvet-v1_69,llava,mmvet,test,0,1,1,2,vision_hallucination|reasoning_hallucination,1,2.233173400044022,1.0310339373361597,10.116180235311539
mmvet-v1_70,mmvet-v1_70,llava,mmvet,test,0,1,1,1,vision_hallucination,4,1.1453138981944222,1.2506070857662281,3.8217287979733037
mmvet-v1_71,mmvet-v1_71,llava,mmvet,test,1,0,0,6,,2,1.1144584624471154,1.3255825270036539,-9.559981454046971
mmvet-v1_72,mmvet-v1_72,llava,mmvet,test,0,1,0,3,,1,1.0047321011906032,1.6094302482210379,-12.017142785989023
mmvet-v1_73,mmvet-v1_73,llava,mmvet,test,1,0,0,5,,1,1.0263687713583354,1.305100643234897,-6.284301077861855
mmvet-v1_74,mmvet-v1_74,llava,mmvet,test,1,0,1,1,vision_hallucination,1,1.0345485346263306,0.6099329632944297,-0.8369195077602107
mmvet-v1_75,mmvet-v1_75,llava,mmvet,test,1,0,1,2,vision_hallucination,1,1.0004696542314266,1.3175309238099628,-4.406069247829464
mmvet-v1_76,mmvet-v1_76,llava,mmvet,test,0,1,1,1,reasoning_hallucination,1,1.003481915882514,0.9534496289415962,-2.739170066115518
mmvet-v1_77,mmvet-v1_77,llava,mmvet,test,0,1,1,1,vision_hallucination,1,1.0007928024812591,0.893970787216219,-7.242117288803554
mmvet-v1_78,mmvet-v1_78,llava,mmvet,test,0,1,1,1,vision_hallucination|reasoning_hallucination,1,1.0258495205108678,1.3099621291370713,-6.771190582225923
mmvet-v1_79,mmvet-v1_79,llava,mmvet,test,0,1,1,1,reasoning_hallucination,4,1.3334482251516664,0.964286077057406,-8.635306249697974
mmvet-v1_80,mmvet-v1_80,llava,mmvet,test,0,1,0,4,,2,1.5684116013298248,0.9576553856938559,1.6576944107459006
mmvet-v1_81,mmvet-v1_81,llava,mmvet,test,0,1,1,1,reasoning_hallucination,1,1.031014860435542,0.049910094908474936,6.393227841816293
mmvet-v1_82,mmvet-v1_82,llava,mmvet,test,0,1,1,0,vision_hallucination|reasoning_hallucination,2,1.0610911670596224,1.3565832288971693,-5.650914709369087
mmvet-v1_83,mmvet-v1_83,llava,mmvet,test,0,1,1,0,vision_hallucination|reasoning_hallucination,2,1.0743941691588927,1.5939051988298343,8.685911455944515
mmvet-v1_84,mmvet-v1_84,llava,mmvet,test,0,1,1,1,vision_hallucination|reasoning_hallucination,2,1.1972460121254649,1.0832288439836062,1.4761612120157395
mmvet-v1_85,mmvet-v1_85,llava,mmvet,test,1,0,0,6,,1,1.0011171102352507,1.032968042567496,-15.458263024464669
mmvet-v1_86,mmvet-v1_86,llava,mmvet,test,0,1,1,1,vision_hallucination|reasoning_hallucination,1,1.0010800362077277,1.331908492705383,-12.121942645481267
mmvet-v1_87,mmvet-v1_87,llava,mmvet,test,0,1,0,3,,1,1.135373236772743,1.3492090995550665,-8.597988070943883
mmvet-v1_88,mmvet-v1_88,llava,mmvet,test,0,1,1,1,vision_hallucination|reasoning_hallucination,3,1.5950064578631822,0.012511895961904402,4.844589607739763
mmvet-v1_89,mmvet-v1_89,llava,mmvet,test,0,1,0,4,,2,1.214779143832681,1.2161925830934968,8.445515503057344
mmvet-v1_90,mmvet-v1_90,llava,mmvet,test,0,1,1,1,vision_hallucination|reasoning_hallucination,2,1.1739714319751509,0.9242222708090333,4.051649319030892
mmvet-v1_91,mmvet-v1_91,llava,mmvet,test,0,1,1,1,vision_hallucination|reasoning_hallucination,1,1.1623736144602044,1.450667017242461,3.250271844013416
mmvet-v1_92,mmvet-v1_92,llava,mmvet,test,0,1,1,1,vision_hallucination,2,1.1445919907716438,1.2154883288622926,3.2774609914327453
mmvet-v1_93,mmvet-v1_93,llava,mmvet,test,0,1,1,1,vision_hallucination|reasoning_hallucination,4,1.1573904942949236,1.5851433299089455,8.828783936325866
mmvet-v1_94,mmvet-v1_94,llava,mmvet,test,1,0,0,4,,1,1.001429784303687,-0.0,-16.644096852872277
mmvet-v1_95,mmvet-v1_95,llava,mmvet,test,0,1,1,1,vision_hallucination,1,1.0297488082298087,1.552750355234792,6.353696529722402
mmvet-v1_96,mmvet-v1_96,llava,mmvet,test,0,1,0,3,,1,3.492600928585387,0.9544833742836534,8.251426606787224
mmvet-v1_97,mmvet-v1_97,llava,mmvet,test,0,1,0,3,,1,1.0144692436528808,-0.0,-3.5842108467926375
mmvet-v1_98,mmvet-v1_98,llava,mmvet,test,1,0,1,2,vision_hallucination,1,1.031624794871806,1.0168923107728016,-1.6619810059831153
mmvet-v1_99,mmvet-v1_99,llava,mmvet,test,0,1,1,1,vision_hallucination|reasoning_hallucination,1,1.2024513673782093,1.0220245681376472,4.713473620419368
mmvet-v1_100,mmvet-v1_100,llava,mmvet,test,0,1,0,3,,1,2.541645579143565,0.5953256747865767,5.876550110872403
mmvet-v1_101,mmvet-v1_101,llava,mmvet,test,1,0,1,1,vision_hallucination,1,1.035814964490472,1.542314456744001,-1.0066121805687294
mmvet-v1_102,mmvet-v1_102,llava,mmvet,test,0,1,0,4,,1,1.0657340261009391,1.1874676134608702,-5.834155821931219
mmvet-v1_103,mmvet-v1_103,llava,mmvet,test,0,1,1,1,vision_hallucination,1,1.0153545143546103,0.8933460198083609,2.498123173583691
mmvet-v1_104,mmvet-v1_104,llava,mmvet,test,0,1,0,4,,2,1.1078428331555665,1.27280910570704,9.179082520882323
mmvet-v1_105,mmvet-v1_105,llava,mmvet,test,1,0,1,1,vision_hallucination|reasoning_hallucination,1,1.00476297850879,1.4403566779672792,5.024461586104404
mmvet-v1_106,mmvet-v1_106,llava,mmvet,test,0,1,1,1,vision_hallucination|reasoning_hallucination,1,1.038431645859299,0.6779743338875365,-9.421673149948752
mmvet-v1_107,mmvet-v1_107,llava,mmvet,test,1,0,0,5,,2,1.0674549843320045,0.516443349497936,-12.304589244583049
mmvet-v1_108,mmvet-v1_108,llava,mmvet,test,1,0,0,6,,1,1.0002764463333857,0.6780598793308108,-14.866373740918043
mmvet-v1_109,mmvet-v1_109,llava,mmvet,test,1,0,0,6,,1,1.0028855800287162,0.5017063879094303,-16.381616007773943
mmvet-v1_110,mmvet-v1_110,llava,mmvet,test,1,0,0,5,,1,1.0006089210350213,-0.0,-19.7604956869399
mmvet-v1_111,mmvet-v1_111,llava,mmvet,test,0,1,1,1,vision_hallucination,1,1.003705024799467,0.5006253775335854,-14.874697065011471
mmvet-v1_112,mmvet-v1_112,llava,mmvet,test,1,0,1,1,vision_hallucination,1,1.0002787113272467,-0.0,-24.420208620472668
mmvet-v1_113,mmvet-v1_113,llava,mmvet,test,1,0,1,1,vision_hallucination,1,1.0002521276448502,-0.0,-15.156796767069759
mmvet-v1_114,mmvet-v1_114,llava,mmvet,test,1,0,0,6,,1,1.0003681183004374,-0.0,-17.278332456641532
mmvet-v1_115,mmvet-v1_115,llava,mmvet,test,1,0,1,1,vision_hallucination|reasoning_hallucination,1,1.0005739927305315,-0.0,-20.463138371156926
mmvet-v1_116,mmvet-v1_116,llava,mmvet,test,1,0,0,5,,1,1.0003436966256527,0.4960024551877273,-14.620372108393184
mmvet-v1_117,mmvet-v1_117,llava,mmvet,test,1,0,1,1,vision_hallucination|reasoning_hallucination,1,1.0006585121323328,-0.0,-19.249543041350556
mmvet-v1_118,mmvet-v1_118,llava,mmvet,test,1,0,0,6,,1,1.0108193471232374,0.5328276154593792,-5.616493293752476
mmvet-v1_119,mmvet-v1_119,llava,mmvet,test,1,0,0,5,,1,1.000666856779079,1.609423524815395,-9.041582264887372
mmvet-v1_120,mmvet-v1_120,llava,mmvet,test,0,1,1,0,vision_hallucination|reasoning_hallucination,1,1.0117013451714822,0.6787014866551513,-7.424294101219999
mmvet-v1_121,mmvet-v1_121,llava,mmvet,test,1,0,0,5,,1,1.0031995772479607,-0.0,-16.584525585794772
mmvet-v1_122,mmvet-v1_122,llava,mmvet,test,1,0,0,6,,1,1.0002068281120404,0.49715746231014,-19.41459682073783
mmvet-v1_123,mmvet-v1_123,llava,mmvet,test,1,0,0,6,,1,1.0003669262061392,-0.0,-16.490022361540237
mmvet-v1_124,mmvet-v1_124,llava,mmvet,test,1,0,0,5,,1,1.0003513097710144,-0.0,-19.635246310054715
mmvet-v1_125,mmvet-v1_125,llava,mmvet,test,1,0,0,6,,1,1.0006328821275148,-0.0,-18.122484626635377
mmvet-v1_126,mmvet-v1_126,llava,mmvet,test,0,1,1,1,vision_hallucination,1,1.0035333632507417,0.4966548984449505,-16.733222263625148
mmvet-v1_127,mmvet-v1_127,llava,mmvet,test,1,0,0,6,,1,1.0007941050627418,1.0577803410977167,-9.706239831979833
mmvet-v1_128,mmvet-v1_128,llava,mmvet,test,1,0,0,6,,1,1.0355135195294032,-0.0,-18.22076190857731
mmvet-v1_129,mmvet-v1_129,llava,mmvet,test,0,1,1,1,reasoning_hallucination,1,1.0765303023977602,1.5884161585922523,-0.07852002883849796
mmvet-v1_130,mmvet-v1_130,llava,mmvet,test,1,0,0,6,,1,1.000171422952175,-0.0,-19.160800034307684
mmvet-v1_131,mmvet-v1_131,llava,mmvet,test,0,1,0,4,,1,1.0003457069324062,0.5665384985814352,-11.719450835519279
mmvet-v1_132,mmvet-v1_132,llava,mmvet,test,1,0,0,6,,2,1.0028846697196523,0.5558729311813235,-7.266133223763233
mmvet-v1_133,mmvet-v1_133,llava,mmvet,test,0,1,0,5,,1,1.8023376306473977,1.0508334281975773,1.3034409505155242
mmvet-v1_134,mmvet-v1_134,llava,mmvet,test,1,0,0,6,,1,1.001449346580084,0.49732324627231295,-18.520184582759946
mmvet-v1_135,mmvet-v1_135,llava,mmvet,test,0,1,0,4,,1,1.7323284547131081,0.6553975586485552,-5.806436065817577
mmvet-v1_136,mmvet-v1_136,llava,mmvet,test,1,0,0,6,,1,1.0005497932172385,-0.0,-14.739091011443907
mmvet-v1_137,mmvet-v1_137,llava,mmvet,test,1,0,0,6,,1,1.0053982735326883,-0.0,-18.18811192587318
mmvet-v1_138,mmvet-v1_138,llava,mmvet,test,0,1,1,2,vision_hallucination,1,1.199816701838156,1.140583051713146,3.696846379823281
mmvet-v1_139,mmvet-v1_139,llava,mmvet,test,1,0,0,6,,1,1.1109914597478652,1.569030557065055,8.116920404823006
mmvet-v1_140,mmvet-v1_140,llava,mmvet,test,0,1,0,3,,2,1.5242101741545606,0.5949385373032647,11.857113291929295
mmvet-v1_141,mmvet-v1_141,llava,mmvet,test,0,1,1,1,vision_hallucination,1,1.0123797719507042,1.4396305091196024,2.265792771324403
mmvet-v1_142,mmvet-v1_142,llava,mmvet,test,1,0,0,5,,1,1.0048115251140712,-0.0,-17.946261171084977
mmvet-v1_143,mmvet-v1_143,llava,mmvet,test,1,0,0,6,,1,1.0086905952060503,0.6896836022178052,-9.278971603974323
mmvet-v1_144,mmvet-v1_144,llava,mmvet,test,0,1,1,1,reasoning_hallucination,1,1.6171417999799444,0.6897658345151375,13.216059419417432
mmvet-v1_145,mmvet-v1_145,llava,mmvet,test,0,1,1,1,vision_hallucination|reasoning_hallucination,2,1.1772733640242818,0.6661227862867618,0.504854832918916
mmvet-v1_146,mmvet-v1_146,llava,mmvet,test,0,1,0,4,,1,1.0004044771165002,-0.0,-19.064392383172354
mmvet-v1_147,mmvet-v1_147,llava,mmvet,test,1,0,0,6,,1,1.5685000935886884,0.27144340230599917,4.634259603142253
mmvet-v1_148,mmvet-v1_148,llava,mmvet,test,0,1,0,3,,1,1.5323764818018004,1.1675162391702676,9.255362211631628
mmvet-v1_149,mmvet-v1_149,llava,mmvet,test,0,1,1,0,vision_hallucination|reasoning_hallucination,1,1.1504566680278205,1.360407838958032,5.644792106669694
mmvet-v1_150,mmvet-v1_150,llava,mmvet,test,0,1,1,1,reasoning_hallucination,1,1.0536159278048312,1.0706150136912886,1.5543988861123115
mmvet-v1_151,mmvet-v1_151,llava,mmvet,test,0,1,1,1,reasoning_hallucination,1,1.9550316705173572,1.0174228648826311,5.688462025537903
mmvet-v1_152,mmvet-v1_152,llava,mmvet,test,0,1,1,0,vision_hallucination,1,1.0541629788592215,0.9886241759338836,-1.1263039607936722
mmvet-v1_153,mmvet-v1_153,llava,mmvet,test,0,1,1,1,vision_hallucination,1,1.3114545918822083,0.8527766867083872,15.534936941014596
mmvet-v1_154,mmvet-v1_154,llava,mmvet,test,0,1,1,1,vision_hallucination|reasoning_hallucination,1,1.8575326653385555,1.458522625113953,11.853926977389797
mmvet-v1_155,mmvet-v1_155,llava,mmvet,test,0,1,1,0,vision_hallucination|reasoning_hallucination,1,1.468156236120525,1.258875797140331,9.258969901743267
mmvet-v1_156,mmvet-v1_156,llava,mmvet,test,1,0,0,3,,1,1.9598230578398987,0.8806021982254266,16.193954722908188
mmvet-v1_157,mmvet-v1_157,llava,mmvet,test,0,1,1,1,vision_hallucination,1,1.389656559839932,1.2565456819211251,16.741410531341067
mmvet-v1_158,mmvet-v1_158,llava,mmvet,test,0,1,1,0,vision_hallucination|reasoning_hallucination,1,1.0449965635447827,1.3695185568034443,14.172972784731304
mmvet-v1_159,mmvet-v1_159,llava,mmvet,test,0,1,1,0,vision_hallucination|reasoning_hallucination,2,1.209234569906082,1.2301163805016886,2.487349165432544
mmvet-v1_160,mmvet-v1_160,llava,mmvet,test,0,1,1,1,reasoning_hallucination,1,1.0090877834050487,1.040777657718039,0.41438909756294606
mmvet-v1_161,mmvet-v1_161,llava,mmvet,test,1,0,1,1,vision_hallucination,1,1.0106616533599233,-0.0,-5.447318310571647
mmvet-v1_162,mmvet-v1_162,llava,mmvet,test,0,1,1,0,vision_hallucination|reasoning_hallucination,1,1.0339405131944561,0.5744853038000654,0.6396533560713085
mmvet-v1_163,mmvet-v1_163,llava,mmvet,test,0,1,1,0,vision_hallucination,1,1.445325096930068,-0.0,-2.562303139601199
mmvet-v1_164,mmvet-v1_164,llava,mmvet,test,0,1,1,1,reasoning_hallucination,1,2.5404772239584,1.0401870160967284,-2.8922747807908937
mmvet-v1_165,mmvet-v1_165,llava,mmvet,test,0,1,1,1,reasoning_hallucination,1,1.0216329104171606,1.0225923670415344,11.918384557306865
mmvet-v1_166,mmvet-v1_166,llava,mmvet,test,0,1,1,1,vision_hallucination,1,1.2507359652390266,1.3454716660724482,6.582522525189462
mmvet-v1_167,mmvet-v1_167,llava,mmvet,test,0,1,1,1,vision_hallucination|reasoning_hallucination,1,1.0841472151303213,1.5265775959446064,6.593397860171957
mmvet-v1_168,mmvet-v1_168,llava,mmvet,test,0,1,1,1,vision_hallucination|reasoning_hallucination,1,1.157635928324342,1.5395854913674771,7.326568373654134
mmvet-v1_169,mmvet-v1_169,llava,mmvet,test,0,1,1,0,vision_hallucination,1,1.5525561861555048,0.006147959588644357,-0.9784550034436759
mmvet-v1_170,mmvet-v1_170,llava,mmvet,test,0,1,0,4,,1,1.1062586279069277,0.9907931476103998,2.149607889014435
mmvet-v1_171,mmvet-v1_171,llava,mmvet,test,0,1,0,3,,1,1.0210917562596105,1.0136487953993916,7.884034874237113
mmvet-v1_172,mmvet-v1_172,llava,mmvet,test,0,1,1,1,vision_hallucination,1,2.4218285530539743,1.3285648262590737,1.780109457468086
mmvet-v1_173,mmvet-v1_173,llava,mmvet,test,0,1,0,3,,1,1.625463142402264,0.973083337851564,1.485062134064595
mmvet-v1_174,mmvet-v1_174,llava,mmvet,test,0,1,1,1,reasoning_hallucination,1,1.7388551689163507,0.8907792116498015,6.846091760473671
mmvet-v1_175,mmvet-v1_175,llava,mmvet,test,0,1,1,1,vision_hallucination,1,1.040268779474982,0.4789829915076263,-8.820736003007692
mmvet-v1_176,mmvet-v1_176,llava,mmvet,test,0,1,1,0,vision_hallucination|reasoning_hallucination,1,1.5428061890559484,-0.0,-7.192858445704819
mmvet-v1_177,mmvet-v1_177,llava,mmvet,test,0,1,0,4,,1,1.8288923898898182,0.6895130445982953,7.327784770917402
mmvet-v1_178,mmvet-v1_178,llava,mmvet,test,0,1,0,3,,1,1.3046397216933876,0.9722557042544993,-6.004624278541298
mmvet-v1_179,mmvet-v1_179,llava,mmvet,test,0,1,0,4,,1,1.8018707029539556,1.3298663423415205,-4.2540813685852115
mmvet-v1_180,mmvet-v1_180,llava,mmvet,test,0,1,0,3,,1,1.468564758657165,0.4870604430426615,-8.69817290394576
mmvet-v1_181,mmvet-v1_181,llava,mmvet,test,0,1,0,3,,1,1.807996979143262,1.1643469509851716,3.6352202926371184
mmvet-v1_182,mmvet-v1_182,llava,mmvet,test,0,1,1,0,vision_hallucination,1,1.4140137154006924,0.9891393920038647,2.9689442395029957
mmvet-v1_183,mmvet-v1_183,llava,mmvet,test,0,1,1,1,vision_hallucination,1,1.0939475996217256,0.9768880944515875,8.886808402440089
mmvet-v1_184,mmvet-v1_184,llava,mmvet,test,0,1,1,1,reasoning_hallucination,1,1.0397363909661883,1.280505051944479,10.194646322454371
mmvet-v1_185,mmvet-v1_185,llava,mmvet,test,0,1,0,3,,1,1.2251453372279009,0.4412434532159779,1.7552781498328862
mmvet-v1_186,mmvet-v1_186,llava,mmvet,test,0,1,0,3,,1,1.1119878269475072,1.0144795247269054,-3.717905338840275
mmvet-v1_187,mmvet-v1_187,llava,mmvet,test,0,1,1,1,vision_hallucination,1,1.0223962075886832,1.2505373856447362,4.8299035447195084
mmvet-v1_188,mmvet-v1_188,llava,mmvet,test,0,1,1,1,vision_hallucination|reasoning_hallucination,2,1.0022450884938408,1.604289010810898,-5.34868893737304
mmvet-v1_189,mmvet-v1_189,llava,mmvet,test,0,1,1,1,reasoning_hallucination,3,1.0103813630406981,1.3202158421793548,-4.6653300858484394
mmvet-v1_190,mmvet-v1_190,llava,mmvet,test,0,1,0,4,,2,1.0014353713519044,1.5902481759890155,0.4052504905995544
mmvet-v1_191,mmvet-v1_191,llava,mmvet,test,0,1,1,1,reasoning_hallucination,3,1.0149461689817092,1.6087032951154132,-7.117808727594901
mmvet-v1_192,mmvet-v1_192,llava,mmvet,test,0,1,1,1,vision_hallucination,2,1.4335299970040822,1.514669383730694,6.333788810583514
mmvet-v1_193,mmvet-v1_193,llava,mmvet,test,0,1,1,0,reasoning_hallucination,3,1.0129301074591324,1.5845033905927577,0.9093145000011909
mmvet-v1_194,mmvet-v1_194,llava,mmvet,test,0,1,1,1,vision_hallucination|reasoning_hallucination,2,1.0002571007458465,1.554683497713301,-4.417839354040577
mmvet-v1_195,mmvet-v1_195,llava,mmvet,test,0,1,1,1,vision_hallucination|reasoning_hallucination,2,1.1912601770689575,1.6034571288546522,-0.09712650666343414
mmvet-v1_196,mmvet-v1_196,llava,mmvet,test,0,1,1,1,vision_hallucination|reasoning_hallucination,1,1.0010320964007284,1.4803295014822686,-1.705316437131108
mmvet-v1_197,mmvet-v1_197,llava,mmvet,test,0,1,1,1,reasoning_hallucination,2,1.000736764076223,1.3088013907645408,-2.8931277651390657
mmvet-v1_198,mmvet-v1_198,llava,mmvet,test,0,1,1,0,vision_hallucination|reasoning_hallucination,1,1.9343683903609787,-0.0,-7.349349057463149
mmvet-v1_199,mmvet-v1_199,llava,mmvet,test,0,1,0,4,,1,1.0766637837129145,0.6188816352127857,1.285589450394113
mmvet-v1_200,mmvet-v1_200,llava,mmvet,test,0,1,1,1,vision_hallucination|reasoning_hallucination,1,3.6632136090461405,-0.0,6.862691968861427
mmvet-v1_201,mmvet-v1_201,llava,mmvet,test,0,1,1,1,vision_hallucination|reasoning_hallucination,1,1.334320889374775,1.1147422117392156,5.698511973110087
mmvet-v1_202,mmvet-v1_202,llava,mmvet,test,0,1,1,1,vision_hallucination,1,1.1331936050653957,-0.0,-12.40402544552586
mmvet-v1_203,mmvet-v1_203,llava,mmvet,test,0,1,0,3,,1,2.386982001453073,0.9149955955051572,0.049367934017929826
mmvet-v1_204,mmvet-v1_204,llava,mmvet,test,0,1,1,1,reasoning_hallucination,1,1.309810109783872,0.5370807436941182,0.20932855582843324
mmvet-v1_205,mmvet-v1_205,llava,mmvet,test,0,1,1,1,reasoning_hallucination,1,1.508550151438691,0.5331986976350006,-4.474247404484686
mmvet-v1_206,mmvet-v1_206,llava,mmvet,test,0,1,1,1,vision_hallucination|reasoning_hallucination,1,1.703378200919539,0.6329238217504544,-1.5135994496648557
mmvet-v1_207,mmvet-v1_207,llava,mmvet,test,0,1,1,1,vision_hallucination|reasoning_hallucination,1,1.1690506409116779,0.5610148000420816,-5.571684098149219
mmvet-v1_208,mmvet-v1_208,llava,mmvet,test,0,1,1,0,vision_hallucination|reasoning_hallucination,1,2.3294900049189518,1.0424580349251036,6.471072822723865
mmvet-v1_209,mmvet-v1_209,llava,mmvet,test,0,1,1,0,vision_hallucination|reasoning_hallucination,1,2.432440122871615,1.2926193904514458,14.929314568367149
mmvet-v1_210,mmvet-v1_210,llava,mmvet,test,0,1,1,0,vision_hallucination|reasoning_hallucination,1,1.5239520107131381,0.6491959553511035,15.095910535097161
mmvet-v1_211,mmvet-v1_211,llava,mmvet,test,0,1,1,0,vision_hallucination|reasoning_hallucination,5,1.9504615564946672,1.3074806954259035,2.654226004391832
mmvet-v1_212,mmvet-v1_212,llava,mmvet,test,0,1,1,0,vision_hallucination|reasoning_hallucination,1,1.677706288740213,0.8547394338600995,13.867260960269679
mmvet-v1_213,mmvet-v1_213,llava,mmvet,test,0,1,1,0,vision_hallucination|reasoning_hallucination,1,1.5680184141567923,1.2123793669654068,7.30657248675654
mmvet-v1_214,mmvet-v1_214,llava,mmvet,test,0,1,1,0,vision_hallucination|reasoning_hallucination,2,1.1104394634838495,1.3714218720515214,7.4872692668547325
mmvet-v1_215,mmvet-v1_215,llava,mmvet,test,0,1,1,1,vision_hallucination|reasoning_hallucination,1,1.6798851168358524,1.315438771391611,13.529706920318615
mmvet-v1_216,mmvet-v1_216,llava,mmvet,test,0,1,1,0,vision_hallucination|reasoning_hallucination,1,1.0270820014209812,1.345439951749682,7.288276028685163
mmvet-v1_217,mmvet-v1_217,llava,mmvet,test,0,1,1,1,reasoning_hallucination,1,1.024744315113216,0.8652672939564761,5.980890501266289
vilp-0-case1,vilp-0,qwen,vilp,test,1,0,0,6,,1,1.153596631298426,0.46931788953496145,-6.349392067175673
vilp-0-case2,vilp-0,qwen,vilp,test,1,0,0,6,,1,1.000507116335268,0.6851448823326668,-6.921984051024955
vilp-0-case3,vilp-0,qwen,vilp,test,1,0,0,6,,1,1.0569659486102445,0.5123353639689294,-10.43953760972481
vilp-1-case1,vilp-1,qwen,vilp,test,0,1,1,2,reasoning_hallucination,1,1.002861375490474,0.5625990103567625,21.68459928908589
vilp-1-case2,vilp-1,qwen,vilp,test,0,1,1,2,reasoning_hallucination,1,1.005528194037222,1.171119573742311,29.065089031446043
vilp-1-case3,vilp-1,qwen,vilp,test,0,1,0,4,,1,1.0237356106409972,0.5128516743734258,-12.030213574607911
vilp-2-case1,vilp-2,qwen,vilp,test,1,0,0,6,,1,1.0028330133399472,-0.0,-17.626686501417158
vilp-2-case2,vilp-2,qwen,vilp,test,0,1,0,6,,1,1.005825947692167,0.8115944568142521,15.781996369304462
vilp-2-case3,vilp-2,qwen,vilp,test,0,1,1,1,reasoning_hallucination,1,1.0057947325579595,-0.0,-18.795934794788877
vilp-3-case1,vilp-3,qwen,vilp,test,1,0,0,6,,1,1.0362060019706882,-0.0,-4.329708807015173
vilp-3-case2,vilp-3,qwen,vilp,test,1,0,0,6,,1,1.503742816347871,0.730068043420206,42.24532054716888
vilp-3-case3,vilp-3,qwen,vilp,test,1,0,0,6,,1,1.019151688300528,0.7416849459781543,15.554393069789516
vilp-4-case1,vilp-4,qwen,vilp,test,1,0,1,2,vision_hallucination,1,1.1154353518013216,-0.0,15.900234251494423
vilp-4-case2,vilp-4,qwen,vilp,test,1,0,0,6,,2,1.4351600104964268,0.925638276329162,39.27673190537641
vilp-4-case3,vilp-4,qwen,vilp,test,1,0,0,6,,1,1.050797677330264,0.5522071610123861,13.240804511680118
vilp-5-case1,vilp-5,qwen,vilp,test,1,0,0,6,,1,1.002566337670891,-0.0,-16.87170834865416
vilp-5-case2,vilp-5,qwen,vilp,test,0,1,1,1,vision_hallucination|reasoning_hallucination,1,1.0032942295838587,-0.0,-19.45182254940895
vilp-5-case3,vilp-5,qwen,vilp,test,0,1,1,1,reasoning_hallucination,1,1.0016113519347838,0.47526462962680766,-13.874448133167263
vilp-6-case1,vilp-6,qwen,vilp,test,1,0,0,6,,1,1.000370732968242,-0.0,-16.938505938202166
vilp-6-case2,vilp-6,qwen,vilp,test,1,0,1,2,vision_hallucination|reasoning_hallucination,1,1.0002705709699717,-0.0,-16.178379010196686
vilp-6-case3,vilp-6,qwen,vilp,test,1,0,0,6,,1,1.0130198006362547,-0.0,-15.642822657481936
vilp-7-case1,vilp-7,qwen,vilp,test,1,0,0,6,,1,1.0825911716016627,-0.0,4.000127003206092
vilp-7-case2,vilp-7,qwen,vilp,test,0,1,1,1,vision_hallucination|reasoning_hallucination,1,1.0727662997669387,-0.0,-14.163797204636161
vilp-7-case3,vilp-7,qwen,vilp,test,0,1,1,0,vision_hallucination|reasoning_hallucination,1,1.0077557565837634,-0.0,10.78387220747891
vilp-8-case1,vilp-8,qwen,vilp,test,1,0,0,6,,1,1.0137003696077527,-0.0,-16.982141644980473
vilp-8-case2,vilp-8,qwen,vilp,test,1,0,0,6,,1,1.0010215519044512,-0.0,0.33755627720501735
vilp-8-case3,vilp-8,qwen,vilp,test,1,0,0,6,,1,1.0085118667390567,0.6748079778167919,-8.517199651254824
vilp-9-case1,vilp-9,qwen,vilp,test,1,0,0,6,,1,1.009364667053373,0.49552032370296684,-14.739087026700767
vilp-9-case2,vilp-9,qwen,vilp,test,0,1,0,4,,1,1.0175904550631742,0.507224487176277,-13.854652732047336
vilp-9-case3,vilp-9,qwen,vilp,test,0,1,0,4,,1,1.0221908686396584,0.5062926393741378,-8.019640616142581
vilp-10-case1,vilp-10,qwen,vilp,test,1,0,0,6,,1,1.004731653557176,-0.0,-16.06759807199995
vilp-10-case2,vilp-10,qwen,vilp,test,0,1,0,4,,1,1.0270880172376033,0.5042614275188525,-16.389441820387365
vilp-10-case3,vilp-10,qwen,vilp,test,0,1,1,1,reasoning_hallucination,1,1.0206386234445854,-0.0,-16.141044444337716
vilp-11-case1,vilp-11,qwen,vilp,test,1,0,0,6,,1,1.0002581929023844,-0.0,-17.83691850404379
vilp-11-case2,vilp-11,qwen,vilp,test,1,0,0,6,,1,1.5169766056434326,0.4996544105876611,-8.939342019272404
vilp-11-case3,vilp-11,qwen,vilp,test,1,0,0,6,,1,1.0403948330206294,0.5140782690703867,-10.14506135464906
vilp-12-case1,vilp-12,qwen,vilp,test,1,0,0,6,,1,1.344032186261167,0.552540041554969,5.5965587831701455
vilp-12-case2,vilp-12,qwen,vilp,test,0,1,1,1,reasoning_hallucination,1,1.7705184779355998,0.7292342445089585,46.56052818466986
vilp-12-case3,vilp-12,qwen,vilp,test,1,0,0,6,,1,1.0111504791121244,0.3680809189255775,18.094455485267396
vilp-13-case1,vilp-13,qwen,vilp,test,1,0,0,6,,1,1.0301744150033794,-0.0,-14.80927750368515
vilp-13-case2,vilp-13,qwen,vilp,test,1,0,0,6,,1,1.817927730464134,0.020590235131330265,21.917430223024567
vilp-13-case3,vilp-13,qwen,vilp,test,1,0,0,6,,1,1.019678625978385,0.8513687214657671,27.391320518354597
vilp-14-case1,vilp-14,qwen,vilp,test,1,0,0,6,,1,1.00012266635851,-0.0,-21.221765704861742
vilp-14-case2,vilp-14,qwen,vilp,test,0,1,1,1,reasoning_hallucination,1,1.000224471092725,-0.0,-20.010630375612916
vilp-14-case3,vilp-14,qwen,vilp,test,0,1,1,1,reasoning_hallucination,1,1.0001143217090978,-0.0,-20.382496678165428
vilp-15-case1,vilp-15,qwen,vilp,test,1,0,0,6,,1,1.066296936374182,-0.0,-16.228504995514438
vilp-15-case2,vilp-15,qwen,vilp,test,0,1,1,1,reasoning_hallucination,1,1.0363458726082846,0.9637515403880048,22.567803051775556
vilp-15-case3,vilp-15,qwen,vilp,test,0,1,0,4,,1,1.0517589557451432,0.5119615891006053,-7.399492668814381
vilp-16-case1,vilp-16,qwen,vilp,test,1,0,0,6,,1,1.110523341045134,-0.0,8.360550854401374
vilp-16-case2,vilp-16,qwen,vilp,test,0,1,1,2,vision_hallucination|reasoning_hallucination,1,1.0004945282152757,1.1312167597770875,27.53025781788255
vilp-16-case3,vilp-16,qwen,vilp,test,1,0,0,6,,1,1.0183704958513693,1.3159904112945908,47.233050638661716
vilp-17-case1,vilp-17,qwen,vilp,test,1,0,0,6,,1,1.0088198183189894,-0.0,3.936835000013435
vilp-17-case2,vilp-17,qwen,vilp,test,0,1,1,1,vision_hallucination|reasoning_hallucination,1,1.0004142496305282,0.5019691313449984,-18.254195917331714
vilp-17-case3,vilp-17,qwen,vilp,test,0,1,1,1,vision_hallucination|reasoning_hallucination,1,1.0603594777751293,-0.0,1.9349301499606604
vilp-18-case1,vilp-18,qwen,vilp,test,1,0,0,6,,1,1.0188573605432087,-0.0,2.319045454112228
vilp-18-case2,vilp-18,qwen,vilp,test,0,1,1,1,vision_hallucination|reasoning_hallucination,1,1.0042222736036723,-0.0,-20.622305015931957
vilp-18-case3,vilp-18,qwen,vilp,test,0,1,1,1,reasoning_hallucination,1,1.0001541286623814,1.6094355994389968,-13.731053193246382
vilp-19-case1,vilp-19,qwen,vilp,test,1,0,0,6,,1,1.0000626723365993,-0.0,-19.872268416704635
vilp-19-case2,vilp-19,qwen,vilp,test,1,0,0,5,,1,1.0001014380240347,1.0607613068640185,1.2460704862416243
vilp-19-case3,vilp-19,qwen,vilp,test,0,1,0,4,,1,1.0006335839407623,-0.0,-0.8991164361857429
vilp-20-case1,vilp-20,qwen,vilp,test,1,0,0,6,,1,1.0028571206006207,-0.0,23.624925422311172
vilp-20-case2,vilp-20,qwen,vilp,test,1,0,0,5,,1,1.000339273936402,-0.0,-19.75976025046696
vilp-20-case3,vilp-20,qwen,vilp,test,1,0,0,6,,1,1.0005170322395973,0.6908331408499189,1.1619541146277719
vilp-21-case1,vilp-21,qwen,vilp,test,1,0,0,6,,1,1.0020227431265785,-0.0,2.4389776181573026
vilp-21-case2,vilp-21,qwen,vilp,test,1,0,0,5,,1,1.0001368431737256,-0.0,6.810161003077406
vilp-21-case3,vilp-21,qwen,vilp,test,1,0,1,2,reasoning_hallucination,1,1.00838101096947,0.5047907675820582,-15.249703336387318
vilp-22-case1,vilp-22,qwen,vilp,test,1,0,0,6,,1,1.0001333878427066,-0.0,-19.744482328006313
vilp-22-case2,vilp-22,qwen,vilp,test,0,1,1,1,reasoning_hallucination,1,1.0004263882419908,0.48798780058619806,-15.99473079073378
vilp-22-case3,vilp-22,qwen,vilp,test,0,1,0,4,,1,1.000423233277622,0.666778785705369,-6.633204384221459
vilp-23-case1,vilp-23,qwen,vilp,test,1,0,0,5,,1,1.0005249976967243,-0.0,-11.435534960680405
vilp-23-case2,vilp-23,qwen,vilp,test,0,1,1,1,vision_hallucination|reasoning_hallucination,1,1.0009561776862457,0.18238077753078932,21.953201357107808
vilp-23-case3,vilp-23,qwen,vilp,test,1,0,0,6,,1,1.1521361135884143,1.0766583068496054,21.037968570132406
vilp-24-case1,vilp-24,qwen,vilp,test,1,0,0,6,,1,1.0010305643540138,-0.0,-21.32861669812037
vilp-24-case2,vilp-24,qwen,vilp,test,0,1,1,1,vision_hallucination|reasoning_hallucination,1,1.002695441328912,0.49088252119196363,-14.774253223695581
vilp-24-case3,vilp-24,qwen,vilp,test,0,1,0,5,,1,1.0003538131752727,0.40358243724892273,27.655174890933186
vilp-25-case1,vilp-25,qwen,vilp,test,1,0,0,5,,1,1.6879382833026046,0.650606432501048,20.341220564440967
vilp-25-case2,vilp-25,qwen,vilp,test,1,0,0,6,,1,1.5709059599981312,0.6605878515324295,-5.291290317677655
vilp-25-case3,vilp-25,qwen,vilp,test,1,0,0,5,,1,1.4148866761671832,-0.0,-5.877424749653166
vilp-26-case1,vilp-26,qwen,vilp,test,1,0,0,6,,1,1.0136174941430025,-0.0,-18.979825052187426
vilp-26-case2,vilp-26,qwen,vilp,test,0,1,1,1,reasoning_hallucination,1,1.0260370494265094,0.6943689520930626,26.156504331714928
vilp-26-case3,vilp-26,qwen,vilp,test,0,1,1,1,reasoning_hallucination,1,1.0112767172594614,0.568499555115958,13.07345681870417
vilp-27-case1,vilp-27,qwen,vilp,test,1,0,0,5,,1,1.3275639809007955,0.43418728126147543,20.39844903465212
vilp-27-case2,vilp-27,qwen,vilp,test,1,0,0,6,,1,1.0011377116524751,-0.0,-18.308752075893658
vilp-27-case3,vilp-27,qwen,vilp,test,0,1,0,4,,1,1.0504797442993463,0.43431046671285467,17.870155927911966
vilp-28-case1,vilp-28,qwen,vilp,test,1,0,0,6,,1,1.0014489889002889,-0.0,-20.670724995935412
vilp-28-case2,vilp-28,qwen,vilp,test,0,1,0,4,,1,1.1128882190745024,1.065561261791474,16.722767226190676
vilp-28-case3,vilp-28,qwen,vilp,test,0,1,1,1,vision_hallucination|reasoning_hallucination,1,1.00129928634982,0.9337856337453303,-12.044097223229386
vilp-29-case1,vilp-29,qwen,vilp,test,0,1,0,4,,1,1.3438480185004655,0.33753033681057143,3.7610746363909247
vilp-29-case2,vilp-29,qwen,vilp,test,1,0,0,6,,1,1.0023777484872116,0.4785289682215146,-6.882316459875857
vilp-29-case3,vilp-29,qwen,vilp,test,0,1,0,4,,1,1.001855222196989,-0.0,-16.108754519023464
vilp-30-case1,vilp-30,qwen,vilp,test,0,1,0,4,,1,1.7334758923775309,0.6653534939472145,25.973653598423148
vilp-30-case2,vilp-30,qwen,vilp,test,0,1,0,4,,1,1.3254512583483087,-0.0,-12.691217005756158
vilp-30-case3,vilp-30,qwen,vilp,test,0,1,0,4,,1,1.001481016219364,-0.0,19.406076559460345
vilp-31-case1,vilp-31,qwen,vilp,test,1,0,0,6,,1,1.0009814556341465,-0.0,-17.327863275145308
vilp-31-case2,vilp-31,qwen,vilp,test,0,1,0,4,,1,1.002668353101974,0.7311010421306726,8.01087054901188
vilp-31-case3,vilp-31,qwen,vilp,test,0,1,0,6,,1,1.0014198070207214,0.30148605089718905,3.774683085423135
vilp-32-case1,vilp-32,qwen,vilp,test,0,1,0,4,,1,1.368845814219842,0.49359305793571384,23.312340970906416
vilp-32-case2,vilp-32,qwen,vilp,test,1,0,0,6,,1,1.0013411622052057,0.5216102176095685,3.9852305359495013
vilp-32-case3,vilp-32,qwen,vilp,test,1,0,0,6,,1,1.1244377639696101,0.6725058447305673,16.948110927891072
vilp-33-case1,vilp-33,qwen,vilp,test,1,0,0,5,,1,1.2908564926820172,0.4634516597732935,32.093295694026764
vilp-33-case2,vilp-33,qwen,vilp,test,1,0,0,6,,1,1.0012670808024824,-0.0,-19.50727338776108
vilp-33-case3,vilp-33,qwen,vilp,test,0,1,0,4,,1,1.0020674517560937,0.4354122309406071,-2.580282402653328
vilp-34-case1,vilp-34,qwen,vilp,test,0,1,0,5,,1,1.0055726470827635,-0.0,-12.445747243611386
vilp-34-case2,vilp-34,qwen,vilp,test,1,0,0,6,,1,1.0731352597436778,0.6367977458540282,25.658554043205413
vilp-34-case3,vilp-34,qwen,vilp,test,1,0,0,6,,1,1.002329328639193,0.4592763856993054,-6.534023359843363
vilp-35-case1,vilp-35,qwen,vilp,test,1,0,0,6,,1,1.197537070211202,-0.0,-7.245839679471233
vilp-35-case2,vilp-35,qwen,vilp,test,1,0,0,6,,1,1.0087653398166454,0.5506194086072169,5.073151309010262
vilp-35-case3,vilp-35,qwen,vilp,test,0,1,0,3,,1,1.1978631014346288,1.0520987700127258,10.534532424099414
vilp-36-case1,vilp-36,qwen,vilp,test,1,0,0,6,,3,1.0102222354257546,-0.0,10.117463978900643
vilp-36-case2,vilp-36,qwen,vilp,test,0,1,1,1,reasoning_hallucination,3,1.0182380162671276,0.6838783300462765,29.2757982657664
vilp-36-case3,vilp-36,qwen,vilp,test,1,0,0,6,,1,1.3045190786178082,-0.0,14.608630632983841
vilp-37-case1,vilp-37,qwen,vilp,test,1,0,0,6,,1,1.0001871585906248,-0.0,-17.316834068460626
vilp-37-case2,vilp-37,qwen,vilp,test,1,0,0,6,,1,1.0000951290118933,0.5001085246617233,-14.02695035180768
vilp-37-case3,vilp-37,qwen,vilp,test,1,0,0,5,,1,1.0000946521731477,-0.0,-13.962529264327669
vilp-38-case1,vilp-38,qwen,vilp,test,1,0,0,6,,1,1.0002701282610922,-0.0,-13.986310998437903
vilp-38-case2,vilp-38,qwen,vilp,test,0,1,1,1,reasoning_hallucination,1,1.0015623569410639,0.673546951776093,-11.705734264830738
vilp-38-case3,vilp-38,qwen,vilp,test,1,0,0,5,,1,1.0002212524377958,-0.0,-15.82891815479773
vilp-39-case1,vilp-39,qwen,vilp,test,1,0,0,6,,1,1.0849959654211903,-0.0,3.045625132139257
vilp-39-case2,vilp-39,qwen,vilp,test,0,1,0,4,,1,1.0363592010524456,0.24440038767378036,23.80849876761941
vilp-39-case3,vilp-39,qwen,vilp,test,0,1,0,4,,1,1.0369680457596429,0.5051490337152957,-15.89584851979545
vilp-40-case1,vilp-40,qwen,vilp,test,1,0,0,6,,1,1.0035522446317915,-0.0,-3.9378879102054185
vilp-40-case2,vilp-40,qwen,vilp,test,1,0,0,6,,1,1.705165138644879,0.6097807972990276,60.826845969112725
vilp-40-case3,vilp-40,qwen,vilp,test,0,1,1,1,reasoning_hallucination,1,1.002612292282715,-0.0,1.2022706616251
vilp-41-case1,vilp-41,qwen,vilp,test,1,0,0,6,,1,1.1364761568207387,0.5164964574647888,-0.2752296381761834
vilp-41-case2,vilp-41,qwen,vilp,test,1,0,0,6,,1,1.0007824897644437,0.4943303664278355,-7.294292006471972
vilp-41-case3,vilp-41,qwen,vilp,test,1,0,0,6,,1,2.096066400116998,0.4163055382570681,-1.0430029596052126
vilp-42-case1,vilp-42,qwen,vilp,test,1,0,0,6,,1,1.0270809035200403,0.6129825870827885,42.700762912452674
vilp-42-case2,vilp-42,qwen,vilp,test,1,0,1,2,vision_hallucination|reasoning_hallucination,1,1.028952479322159,1.003825142908554,23.38217724438506
vilp-42-case3,vilp-42,qwen,vilp,test,1,0,0,6,,2,1.2310615193418892,-0.0,8.319300591560438
vilp-43-case1,vilp-43,qwen,vilp,test,1,0,0,6,,1,1.001084089280729,-0.0,-14.671882867535002
vilp-43-case2,vilp-43,qwen,vilp,test,1,0,0,6,,1,1.0000480413443982,-0.0,-17.690617025197994
vilp-43-case3,vilp-43,qwen,vilp,test,1,0,0,6,,1,1.000448107710587,1.0047615756750248,11.320708517394262
vilp-44-case1,vilp-44,qwen,vilp,test,1,0,0,6,,1,1.004820776950271,-0.0,-18.813275264579783
vilp-44-case2,vilp-44,qwen,vilp,test,0,1,1,1,vision_hallucination|reasoning_hallucination,1,1.003794530127274,-0.0,-15.374927142722525
vilp-44-case3,vilp-44,qwen,vilp,test,1,0,0,6,,1,1.0031335074548486,0.6681550217722985,-14.043830578578019
vilp-45-case1,vilp-45,qwen,vilp,test,1,0,0,6,,1,1.017289196537932,0.6038929620584159,12.84237154155932
vilp-45-case2,vilp-45,qwen,vilp,test,0,1,0,5,,1,1.0174186172573876,0.7845976646455755,37.78051054416203
vilp-45-case3,vilp-45,qwen,vilp,test,0,1,0,4,,1,1.0013009309298349,-0.0,9.354173833847552
vilp-46-case1,vilp-46,qwen,vilp,test,1,0,0,6,,1,1.0013833045941218,-0.0,-5.387173496747181
vilp-46-case2,vilp-46,qwen,vilp,test,0,1,0,4,,1,1.0016747713489986,-0.0,-10.224400699798156
vilp-46-case3,vilp-46,qwen,vilp,test,1,0,0,6,,1,1.417908549689943,0.6849141382296737,-1.5116158693901607
vilp-47-case1,vilp-47,qwen,vilp,test,0,1,0,4,,1,1.1474325692034926,0.5268750987345725,7.206881485151737
vilp-47-case2,vilp-47,qwen,vilp,test,1,0,0,6,,1,1.0154349806864738,-0.0,-16.337294584705308
vilp-47-case3,vilp-47,qwen,vilp,test,0,1,0,5,,1,1.0786321805151686,1.3144374479644418,28.308302320732295
vilp-48-case1,vilp-48,qwen,vilp,test,1,0,0,6,,1,1.0088324542268057,-0.0,-19.729116473939406
vilp-48-case2,vilp-48,qwen,vilp,test,0,1,1,1,vision_hallucination|reasoning_hallucination,1,1.0047699210806311,0.2361405869984274,-0.47691517753464296
vilp-48-case3,vilp-48,qwen,vilp,test,0,1,1,1,vision_hallucination|reasoning_hallucination,1,1.0047870873666584,0.5012207582500359,-15.290033542503089
vilp-49-case1,vilp-49,qwen,vilp,test,1,0,0,6,,1,1.001690838145763,-0.0,11.509272900095858
vilp-49-case2,vilp-49,qwen,vilp,test,0,1,1,1,reasoning_hallucination,1,1.0012509005709367,-0.0,7.12605697135975
vilp-50-case1,vilp-50,qwen,vilp,test,1,0,0,6,,1,1.0017846331296576,-0.0,16.607985943522287
vilp-50-case2,vilp-50,qwen,vilp,test,1,0,0,6,,1,1.1704326922177335,0.6870731640170485,48.50616073841122
vilp-50-case3,vilp-50,qwen,vilp,test,0,1,1,1,reasoning_hallucination,1,1.0020315943513385,0.6294848179132873,30.48394340687763
vilp-51-case1,vilp-51,qwen,vilp,test,1,0,0,6,,1,1.0033953288452688,-0.0,16.91130271626886
vilp-51-case2,vilp-51,qwen,vilp,test,0,1,1,2,reasoning_hallucination,1,1.0026308263035546,0.3849983163658126,-2.837584479352694
vilp-51-case3,vilp-51,qwen,vilp,test,0,1,0,4,,1,1.0024168441173766,0.5838731682896843,19.072846539234533
vilp-52-case1,vilp-52,qwen,vilp,test,1,0,0,6,,1,1.2805602932567766,-0.0,14.276700393926362
vilp-52-case2,vilp-52,qwen,vilp,test,0,1,1,1,reasoning_hallucination,1,1.31316494600587,0.5337736784420517,7.2426475285919345
vilp-52-case3,vilp-52,qwen,vilp,test,0,1,0,5,,1,1.180625826711099,-0.0,6.469511143106104
vilp-53-case1,vilp-53,qwen,vilp,test,1,0,0,6,,1,1.2865944128997187,-0.0,29.957704073753266
vilp-53-case2,vilp-53,qwen,vilp,test,1,0,1,2,vision_hallucination|reasoning_hallucination,1,1.0032593740048943,0.6521073616332624,30.48191264341112
vilp-53-case3,vilp-53,qwen,vilp,test,0,1,0,4,,1,1.4134107299144685,0.0736124044235828,33.139390593708015
vilp-54-case1,vilp-54,qwen,vilp,test,0,1,0,4,,1,1.0293916465531765,0.5867860860925335,4.894897919218664
vilp-54-case2,vilp-54,qwen,vilp,test,0,1,0,4,,1,1.5803299812805924,1.056760464910478,70.59629221733567
vilp-54-case3,vilp-54,qwen,vilp,test,1,0,0,6,,1,1.4355587921585597,0.8941080600324258,41.77071478721228
vilp-55-case1,vilp-55,qwen,vilp,test,1,0,0,6,,1,1.0095178523763217,-0.0,-15.707167898982867
vilp-55-case2,vilp-55,qwen,vilp,test,1,0,0,6,,1,1.0003803599275047,-0.0,-19.401579066435744
vilp-55-case3,vilp-55,qwen,vilp,test,0,1,1,1,vision_hallucination,1,1.0087335049646982,1.0539204122131836,-14.014224125551825
vilp-56-case1,vilp-56,qwen,vilp,test,1,0,0,6,,1,1.006057793180848,-0.0,-16.53398632543304
vilp-56-case2,vilp-56,qwen,vilp,test,1,0,0,6,,1,1.002675331439074,-0.0,-16.009714387008756
vilp-56-case3,vilp-56,qwen,vilp,test,0,1,1,2,reasoning_hallucination,1,1.0384385378849967,0.8881909152978817,22.248214530634144
vilp-57-case1,vilp-57,qwen,vilp,test,1,0,0,6,,1,1.0101349765859098,-0.0,-8.288158750814045
vilp-57-case2,vilp-57,qwen,vilp,test,1,0,0,6,,1,1.065681097127173,0.6658381572657099,22.08126758980983
vilp-57-case3,vilp-57,qwen,vilp,test,1,0,0,6,,1,1.0165401696323357,-0.0,-11.216638687256909
vilp-58-case1,vilp-58,qwen,vilp,test,1,0,0,6,,1,1.027623416295514,0.02251965602728228,9.230018734600138
vilp-58-case2,vilp-58,qwen,vilp,test,1,0,0,6,,1,1.0886906404835968,0.9713311126900502,32.95276229537771
vilp-58-case3,vilp-58,qwen,vilp,test,1,0,0,6,,1,1.0026067378610335,0.9471465509409158,-9.38023313495883
vilp-59-case1,vilp-59,qwen,vilp,test,1,0,0,6,,1,1.164300561826677,-0.0,14.207514247645463
vilp-60-case1,vilp-60,qwen,vilp,test,1,0,0,6,,1,1.1709357582682638,0.009593940270905888,36.67919489243689
vilp-60-case2,vilp-60,qwen,vilp,test,0,1,0,4,,1,1.1777632331456513,-0.0,27.3476102676819
vilp-60-case3,vilp-60,qwen,vilp,test,0,1,1,2,reasoning_hallucination,1,1.2984442808348406,-0.0,32.290592980302804
vilp-61-case1,vilp-61,qwen,vilp,test,1,0,0,6,,1,1.0036394596154996,-0.0,-21.86195012673813
vilp-61-case2,vilp-61,qwen,vilp,test,0,1,1,1,reasoning_hallucination,1,1.09830438656778,0.36099430448641556,2.0286927230245517
vilp-61-case3,vilp-61,qwen,vilp,test,0,1,0,4,,1,1.0075221059771462,-0.0,-20.02035657969674
vilp-62-case1,vilp-62,qwen,vilp,test,1,0,0,6,,1,1.0193755625383378,-0.0,-17.706624522444677
vilp-62-case2,vilp-62,qwen,vilp,test,0,1,0,4,,1,1.0369510630938228,0.012996092733480498,22.553876652789015
vilp-62-case3,vilp-62,qwen,vilp,test,0,1,0,4,,1,1.0255305764209446,-0.0,-17.392375704588428
vilp-63-case1,vilp-63,qwen,vilp,test,0,1,0,6,,1,1.069247106018958,0.5541132805981863,6.008378016709168
vilp-63-case2,vilp-63,qwen,vilp,test,1,0,0,6,,3,2.7424773684076973,1.0832949684753794,64.85096215136211
vilp-63-case3,vilp-63,qwen,vilp,test,1,0,0,6,,1,1.2429697465363343,-0.0,10.594001151138567
vilp-64-case1,vilp-64,qwen,vilp,test,0,1,0,4,,1,2.016390847329574,0.5410779978890181,38.466822528272544
vilp-64-case2,vilp-64,qwen,vilp,test,0,1,1,2,reasoning_hallucination,1,2.0258217341344724,0.9369451624048701,23.598200411790167
vilp-64-case3,vilp-64,qwen,vilp,test,1,0,0,6,,1,3.718588795223483,1.2769382536364458,50.774316981157305
vilp-65-case1,vilp-65,qwen,vilp,test,1,0,0,6,,1,1.0572201017964202,0.2645743179452129,5.003320738144465
vilp-65-case2,vilp-65,qwen,vilp,test,0,1,1,1,reasoning_hallucination,1,1.8475919410240305,1.0760826762655387,60.59846242807684
vilp-65-case3,vilp-65,qwen,vilp,test,1,0,0,6,,1,1.5121974794703148,0.9141002702456764,72.95321264737906
vilp-66-case1,vilp-66,qwen,vilp,test,1,0,0,6,,1,1.5884789505704837,-0.0,-1.6403214523038177
vilp-66-case2,vilp-66,qwen,vilp,test,1,0,0,6,,3,1.6805898167842548,1.2283320460614835,67.67619265833035
vilp-66-case3,vilp-66,qwen,vilp,test,0,1,0,6,,1,5.403037488081521,0.09723026976139455,35.054843247005216
vilp-67-case1,vilp-67,qwen,vilp,test,1,0,0,6,,1,1.2302283065385122,-0.0,-11.401751716747983
vilp-67-case2,vilp-67,qwen,vilp,test,0,1,0,4,,1,1.8019721986830786,1.1148684433953366,69.57515973456161
vilp-67-case3,vilp-67,qwen,vilp,test,0,1,0,4,,1,1.6495958236206028,-0.0,17.871066933300433
vilp-68-case1,vilp-68,qwen,vilp,test,1,0,0,5,,1,1.6386284236641646,-0.0,4.387570447231912
vilp-68-case2,vilp-68,qwen,vilp,test,0,1,0,4,,1,2.0293066162170184,-0.0,15.946244493757645
vilp-68-case3,vilp-68,qwen,vilp,test,0,1,1,1,reasoning_hallucination,1,1.2084111087913247,-0.0,19.889365983295335
vilp-69-case1,vilp-69,qwen,vilp,test,1,0,0,6,,1,1.0153949751594906,-0.0,1.3582904558361175
vilp-69-case2,vilp-69,qwen,vilp,test,0,1,0,4,,1,1.0310934048529357,0.6032489509325236,60.94197916625099
vilp-69-case3,vilp-69,qwen,vilp,test,0,1,0,4,,1,1.0336825849987146,0.39308272470326905,5.322309648119315
vilp-70-case1,vilp-70,qwen,vilp,test,1,0,0,6,,1,1.1247155672216458,-0.0,-11.386691334347407
vilp-70-case2,vilp-70,qwen,vilp,test,1,0,0,6,,1,1.1799883784723837,0.7390823726674639,11.97624752168613
vilp-70-case3,vilp-70,qwen,vilp,test,1,0,0,6,,1,1.0031378140517986,0.44887208797748857,18.663443322166184
vilp-71-case1,vilp-71,qwen,vilp,test,1,0,0,6,,1,1.0306339256250479,-0.0,-16.286404580362046
vilp-71-case2,vilp-71,qwen,vilp,test,1,0,0,5,,1,1.1083675655935732,0.3144674385546182,-4.009614348738667
vilp-71-case3,vilp-71,qwen,vilp,test,1,0,0,6,,1,1.3933604350300035,0.6088043606213888,30.51485354050494
vilp-72-case1,vilp-72,qwen,vilp,test,1,0,1,1,vision_hallucination,1,1.060228007015574,-0.0,3.80631766687506
vilp-72-case2,vilp-72,qwen,vilp,test,0,1,0,5,,1,1.0691712803992353,0.6230373140330614,6.68419135817722
vilp-72-case3,vilp-72,qwen,vilp,test,0,1,0,4,,1,1.396633090431315,0.5220733247405243,20.804966043276583
vilp-73-case1,vilp-73,qwen,vilp,test,1,0,0,6,,1,1.0736647303706923,-0.0,-9.024665556443432
vilp-73-case2,vilp-73,qwen,vilp,test,1,0,0,6,,1,1.3977556387029435,0.5939335266137994,19.127904806492957
vilp-73-case3,vilp-73,qwen,vilp,test,1,0,0,6,,1,1.2741438124262772,0.3785606213925593,21.144793138156253
vilp-74-case2,vilp-74,qwen,vilp,test,0,1,0,4,,1,1.0377802538489604,0.6619009120341415,38.852273309313986
vilp-74-case3,vilp-74,qwen,vilp,test,1,0,1,2,reasoning_hallucination,1,1.1143618845370327,0.8671996866278424,38.21066892286066
vilp-75-case1,vilp-75,qwen,vilp,test,1,0,0,6,,1,1.2025011779923191,-0.0,-6.778112015250924
vilp-75-case2,vilp-75,qwen,vilp,test,1,0,0,5,,1,1.1618915733490622,0.6697102019192004,-6.565633244856054
vilp-75-case3,vilp-75,qwen,vilp,test,0,1,0,4,,1,1.1865706525645092,0.01277804524042766,15.098581535946074
vilp-76-case1,vilp-76,qwen,vilp,test,1,0,0,6,,1,1.314997657378228,-0.0,-2.127067285238873
vilp-76-case2,vilp-76,qwen,vilp,test,0,1,1,1,reasoning_hallucination,1,1.0916173480715656,-0.0,10.264151869242085
vilp-76-case3,vilp-76,qwen,vilp,test,0,1,0,5,,1,1.0800067182640318,-0.0,-11.080417986574165
vilp-77-case1,vilp-77,qwen,vilp,test,1,0,0,6,,1,1.4702508290001401,-0.0,10.167842649490261
vilp-77-case2,vilp-77,qwen,vilp,test,0,1,0,4,,1,1.2389855359110336,-0.0,9.96146215060655
vilp-77-case3,vilp-77,qwen,vilp,test,0,1,0,4,,1,1.1521806726475956,-0.0,19.040636659315748
vilp-78-case1,vilp-78,qwen,vilp,test,1,0,0,6,,1,1.4153397773975758,-0.0,25.058058830285535
vilp-78-case2,vilp-78,qwen,vilp,test,0,1,1,1,vision_hallucination|reasoning_hallucination,1,1.5440453961280236,-0.0,39.29312797113799
vilp-78-case3,vilp-78,qwen,vilp,test,1,0,0,6,,1,1.2216237700717272,-0.0,9.642770164087267
vilp-79-case1,vilp-79,qwen,vilp,test,1,0,0,6,,1,1.0020997420943518,-0.0,-17.864522783139567
vilp-79-case2,vilp-79,qwen,vilp,test,1,0,0,6,,1,1.0053952570633928,-0.0,-12.949946674114184
vilp-79-case3,vilp-79,qwen,vilp,test,0,1,0,5,,1,1.5678097348295512,0.5034223401046749,-12.280507350873174
vilp-80-case1,vilp-80,qwen,vilp,test,1,0,0,6,,1,1.0045292087364328,-0.0,-10.347496566303139
vilp-80-case2,vilp-80,qwen,vilp,test,1,0,1,2,vision_hallucination|reasoning_hallucination,1,1.1560331193602473,-0.0,23.564730791702605
vilp-80-case3,vilp-80,qwen,vilp,test,1,0,0,6,,1,1.003986451061411,0.2828503941422787,24.40586691276401
vilp-81-case1,vilp-81,qwen,vilp,test,1,0,0,6,,1,1.0131397247187544,-0.0,-12.847759270590224
vilp-81-case2,vilp-81,qwen,vilp,test,1,0,0,6,,1,1.136414277316806,0.4953598465071414,-6.553180916581706
vilp-81-case3,vilp-81,qwen,vilp,test,1,0,0,6,,1,1.0313603948601744,0.9495549340362415,0.5996702168273629
vilp-82-case1,vilp-82,qwen,vilp,test,1,0,0,6,,1,1.1909255488392043,-0.0,-15.229488674889437
vilp-82-case2,vilp-82,qwen,vilp,test,1,0,0,6,,1,1.045110823109363,1.0781915064784928,10.80310173630388
vilp-82-case3,vilp-82,qwen,vilp,test,1,0,1,2,vision_hallucination,1,1.0004471540461293,-0.0,-18.777373617397263
vilp-83-case1,vilp-83,qwen,vilp,test,1,0,0,6,,4,1.1559703446748646,-0.0,28.14561774245916
vilp-83-case2,vilp-83,qwen,vilp,test,1,0,1,2,reasoning_hallucination,1,1.1393794950629192,0.43000026954047177,15.76644754014591
vilp-83-case3,vilp-83,qwen,vilp,test,1,0,0,6,,2,1.0419204462525216,0.4977702587580487,25.279904315595658
vilp-84-case1,vilp-84,qwen,vilp,test,1,0,0,6,,1,1.0000617490364263,-0.0,-19.510804242086845
vilp-84-case2,vilp-84,qwen,vilp,test,1,0,0,6,,1,1.000873043637028,0.5003961289183291,-21.67581204499029
vilp-84-case3,vilp-84,qwen,vilp,test,1,0,0,6,,1,1.0000292452244255,-0.0,-22.706852069186063
vilp-85-case1,vilp-85,qwen,vilp,test,1,0,0,6,,1,1.0029528141887403,0.6727544515447627,-14.548746375043539
vilp-85-case2,vilp-85,qwen,vilp,test,0,1,1,1,reasoning_hallucination,1,1.0137903690195795,0.6726394420857902,-16.006298101926543
vilp-85-case3,vilp-85,qwen,vilp,test,1,0,0,6,,1,1.0057990550586415,-0.0,-18.787900539358752
vilp-86-case1,vilp-86,qwen,vilp,test,1,0,0,6,,1,1.0015326311290518,-0.0,-16.260824164184005
vilp-86-case2,vilp-86,qwen,vilp,test,0,1,1,1,reasoning_hallucination,1,1.0031142053918976,-0.0,-9.336994320689065
vilp-86-case3,vilp-86,qwen,vilp,test,0,1,1,0,vision_hallucination|reasoning_hallucination,1,1.000663550780028,-0.0,-12.770039469277586
vilp-87-case1,vilp-87,qwen,vilp,test,1,0,0,6,,1,1.0067806245083686,1.0233167816912476,-2.226155210931635
vilp-87-case2,vilp-87,qwen,vilp,test,0,1,1,1,vision_hallucination|reasoning_hallucination,1,1.0075354575358868,0.9694867937156075,-5.47289870190626
vilp-87-case3,vilp-87,qwen,vilp,test,1,0,0,6,,1,1.0083712517163763,0.7021118722531203,7.124893616911988
vilp-88-case1,vilp-88,qwen,vilp,test,1,0,0,6,,2,1.0626102824274017,-0.0,-7.060336739185505
vilp-88-case2,vilp-88,qwen,vilp,test,1,0,0,6,,1,1.0088436757859922,0.5381470352128713,13.838872202724584
vilp-88-case3,vilp-88,qwen,vilp,test,1,0,0,6,,1,1.0013051037229121,-0.0,4.2041861757759715
vilp-89-case1,vilp-89,qwen,vilp,test,1,0,0,5,,1,1.0022025749600532,0.6328126128981598,15.745237215963428
vilp-89-case2,vilp-89,qwen,vilp,test,0,1,1,1,reasoning_hallucination,1,1.0006330422364238,0.7562630315324421,38.30785234083581
vilp-89-case3,vilp-89,qwen,vilp,test,0,1,0,4,,1,1.8698162791986643,0.7382303094665448,38.52938906252129
vilp-90-case1,vilp-90,qwen,vilp,test,1,0,0,6,,1,1.0001662969604106,-0.0,-21.30274590969568
vilp-90-case2,vilp-90,qwen,vilp,test,0,1,0,6,,1,2.7140366001435354,1.0324845113987942,47.11856212445481
vilp-90-case3,vilp-90,qwen,vilp,test,1,0,0,6,,1,1.0000797510150592,-0.0,-12.917199146897048
vilp-91-case1,vilp-91,qwen,vilp,test,1,0,0,6,,1,1.0000995397556005,-0.0,0.5240272893663551
vilp-91-case2,vilp-91,qwen,vilp,test,1,0,0,6,,1,1.0085775775420323,0.6429366703079696,-5.943056951634944
vilp-91-case3,vilp-91,qwen,vilp,test,0,1,0,4,,1,1.0001825094277306,-0.0,5.620960939091203
vilp-92-case1,vilp-92,qwen,vilp,test,1,0,0,6,,1,1.0077521802617735,-0.0,-14.271036037896815
vilp-92-case2,vilp-92,qwen,vilp,test,0,1,1,1,vision_hallucination,1,1.3323708855400282,0.6048048218779347,23.965466572145733
vilp-92-case3,vilp-92,qwen,vilp,test,1,0,0,6,,1,1.0091612767663243,0.6733794103576707,-9.590178576827252
vilp-93-case1,vilp-93,qwen,vilp,test,1,0,0,6,,1,1.0002485513733246,-0.0,-19.42281979527521
vilp-93-case2,vilp-93,qwen,vilp,test,1,0,0,6,,1,1.0133070949302008,-0.0,-18.226292780534276
vilp-93-case3,vilp-93,qwen,vilp,test,1,0,0,6,,1,1.00210368357618,0.49677645678556237,-13.181595731377035
vilp-94-case1,vilp-94,qwen,vilp,test,1,0,0,6,,1,1.0004488214163314,-0.0,-17.563811014304996
vilp-94-case2,vilp-94,qwen,vilp,test,0,1,1,1,vision_hallucination,1,1.0032419161720083,-0.0,-1.8111402893869482
vilp-95-case1,vilp-95,qwen,vilp,test,1,0,0,6,,1,1.06631135759588,-0.0,-13.183699615268988
vilp-95-case2,vilp-95,qwen,vilp,test,0,1,0,3,,1,1.0595108282937016,-0.0,7.6557687757204285
vilp-94-case3,vilp-94,qwen,vilp,test,0,1,0,4,,1,1.0987428607294933,0.6818053210672461,-4.438192926727727
vilp-95-case3,vilp-95,qwen,vilp,test,0,1,1,1,reasoning_hallucination,1,1.0745997429087608,0.6361515583704418,3.1757532792745202
vilp-96-case1,vilp-96,qwen,vilp,test,1,0,0,6,,1,1.0064299115649027,-0.0,-10.031351413727991
vilp-96-case2,vilp-96,qwen,vilp,test,0,1,0,4,,1,1.02005192512289,-0.0,5.9627196932513
vilp-96-case3,vilp-96,qwen,vilp,test,1,0,0,6,,1,1.0011727069217722,0.5020055088209284,-11.627241899298678
vilp-97-case1,vilp-97,qwen,vilp,test,1,0,0,6,,1,1.0009954363306104,-0.0,-20.621488502320634
vilp-97-case2,vilp-97,qwen,vilp,test,0,1,1,1,vision_hallucination,1,1.0043671993660965,0.8051014851721898,12.142591520000739
vilp-98-case1,vilp-98,qwen,vilp,test,1,0,0,6,,1,1.0005190372656345,-0.0,-19.507451413577694
vilp-98-case2,vilp-98,qwen,vilp,test,0,1,0,6,,1,1.0113641025423543,0.5474605195971406,1.2007238153449613
vilp-97-case3,vilp-97,qwen,vilp,test,0,1,1,2,reasoning_hallucination,1,1.0218723362365567,0.9475758767394278,-12.731114678602454
vilp-99-case1,vilp-99,qwen,vilp,test,1,0,0,6,,1,1.0004315376397124,-0.0,-17.180041453007718
vilp-98-case3,vilp-98,qwen,vilp,test,0,1,0,5,,1,1.00090205672218,-0.0,-15.586148540279398
vilp-99-case2,vilp-99,qwen,vilp,test,0,1,0,4,,1,1.3583414456770975,0.5650020069278052,7.4472145287766445
vilp-100-case1,vilp-100,qwen,vilp,test,1,0,0,6,,1,1.0116040403122863,-0.0,-15.55048982185754
vilp-99-case3,vilp-99,qwen,vilp,test,1,0,0,6,,1,1.4269532923210149,0.5028809974819421,-7.460833945147719
vilp-100-case2,vilp-100,qwen,vilp,test,0,1,0,4,,1,1.587097282730971,0.6725366881337297,-9.986071448340766
vilp-101-case1,vilp-101,qwen,vilp,test,1,0,0,6,,1,1.0001358381334056,-0.0,-18.9977525915784
vilp-101-case2,vilp-101,qwen,vilp,test,0,1,1,1,reasoning_hallucination,1,1.0004889188855788,0.0451280430439321,4.59080538738686
vilp-100-case3,vilp-100,qwen,vilp,test,1,0,0,6,,1,1.000586984505134,1.0364482731906883,10.09535062675997
vilp-101-case3,vilp-101,qwen,vilp,test,1,0,0,6,,1,1.1375011774438208,0.6860103039478977,16.468632784728488
vilp-102-case1,vilp-102,qwen,vilp,test,1,0,0,6,,1,1.106156440032843,-0.0,-16.805677378793998
vilp-102-case2,vilp-102,qwen,vilp,test,1,0,0,6,,1,1.0015641450773825,-0.0,-17.77675289935751
vilp-102-case3,vilp-102,qwen,vilp,test,0,1,0,3,,1,1.065998313289184,1.3531544970073042,41.23574022102329
vilp-103-case1,vilp-103,qwen,vilp,test,1,0,1,1,vision_hallucination,1,1.1345172357436613,-0.0,-8.784441342452855
vilp-103-case3,vilp-103,qwen,vilp,test,0,1,0,6,,1,1.333896893420716,0.6929797977528046,8.035443920681153
vilp-103-case2,vilp-103,qwen,vilp,test,0,1,0,4,,1,1.2433595018852897,-0.0,12.761611371766396
vilp-104-case1,vilp-104,qwen,vilp,test,1,0,0,6,,1,1.0152018605619684,-0.0,-19.35653081480833
vilp-104-case2,vilp-104,qwen,vilp,test,1,0,0,6,,1,1.0848028858278962,-0.0,-13.918712554581182
vilp-104-case3,vilp-104,qwen,vilp,test,1,0,0,5,,1,1.4185523403966676,0.633773038092516,-9.802589090781467
vilp-105-case1,vilp-105,qwen,vilp,test,1,0,0,6,,1,1.00059551326864,-0.0,-17.607854718683583
vilp-105-case2,vilp-105,qwen,vilp,test,1,0,0,6,,1,1.031967101080992,-0.0,-5.971302273885535
vilp-105-case3,vilp-105,qwen,vilp,test,0,1,0,4,,1,1.0016805164775562,0.510489235021534,-9.341937380333011
vilp-106-case1,vilp-106,qwen,vilp,test,1,0,0,6,,1,1.0008133649651196,-0.0,-21.68403817236706
vilp-106-case3,vilp-106,qwen,vilp,test,1,0,0,6,,1,1.0049786968546683,0.2285163243016741,1.4472634175131152
vilp-106-case2,vilp-106,qwen,vilp,test,1,0,0,6,,1,1.0325844291879407,0.5276814306894122,-5.896265159415329
vilp-107-case2,vilp-107,qwen,vilp,test,0,1,1,1,vision_hallucination|reasoning_hallucination,1,1.0056327822573865,0.6733863579019848,-6.434861472624993
vilp-107-case3,vilp-107,qwen,vilp,test,0,1,1,1,reasoning_hallucination,1,1.0103333218777326,0.8730012380549593,61.02583167241766
vilp-107-case1,vilp-107,qwen,vilp,test,0,1,1,2,vision_hallucination,1,1.400529534426062,-0.0,-12.383874457874953
vilp-108-case1,vilp-108,qwen,vilp,test,1,0,0,6,,1,1.0106244412054597,-0.0,-16.98318797535199
vilp-108-case3,vilp-108,qwen,vilp,test,1,0,0,6,,1,1.0285495593955698,0.16235984187904284,15.628237763836617
vilp-108-case2,vilp-108,qwen,vilp,test,1,0,0,6,,1,1.0456513336653113,0.6926180944651805,11.139434656578379
vilp-109-case1,vilp-109,qwen,vilp,test,1,0,0,6,,1,1.0021113575568317,-0.0,-17.048655020554296
vilp-109-case3,vilp-109,qwen,vilp,test,0,1,0,4,,1,1.2423730467871532,0.6702016205354622,-1.9792629545323717
vilp-110-case1,vilp-110,qwen,vilp,test,1,0,0,6,,1,1.0034120082512517,-0.0,-14.562716944378126
vilp-109-case2,vilp-109,qwen,vilp,test,1,0,0,6,,1,1.0535717015491832,-0.0,-13.867827116210323
vilp-110-case2,vilp-110,qwen,vilp,test,0,1,1,1,reasoning_hallucination,1,1.0540162307986434,0.7706292047855339,29.292009978430464
vilp-110-case3,vilp-110,qwen,vilp,test,0,1,1,1,reasoning_hallucination,1,1.0010237693205424,0.9407700103843595,26.01529596018991
vilp-111-case3,vilp-111,qwen,vilp,test,0,1,0,5,,1,1.0989378396810496,-0.0,-10.831368570860738
vilp-111-case1,vilp-111,qwen,vilp,test,1,0,0,6,,1,1.011851787480392,0.5830279835982743,5.783430521860893
vilp-111-case2,vilp-111,qwen,vilp,test,1,0,0,6,,1,1.0119763610592065,-0.0,-13.020268314715015
vilp-112-case2,vilp-112,qwen,vilp,test,1,0,0,6,,2,1.229740185513154,0.9676926151669276,15.753897577689184
vilp-112-case1,vilp-112,qwen,vilp,test,1,0,1,2,vision_hallucination|reasoning_hallucination,1,1.1984633871731407,-0.0,28.390574914444088
vilp-112-case3,vilp-112,qwen,vilp,test,1,0,0,6,,1,1.0120934710320242,-0.0,-0.8142598243771229
vilp-113-case1,vilp-113,qwen,vilp,test,1,0,0,6,,1,1.0113395454615322,-0.0,-14.127040667074017
vilp-113-case2,vilp-113,qwen,vilp,test,0,1,1,1,reasoning_hallucination,1,1.015609383230204,-0.0,-13.182076403984766
vilp-113-case3,vilp-113,qwen,vilp,test,0,1,1,1,reasoning_hallucination,1,1.063555957320875,0.21314418420068978,22.859150349760426
vilp-114-case1,vilp-114,qwen,vilp,test,1,0,0,5,,1,1.0002832412721305,0.5000311758085867,-16.353038838195143
vilp-114-case2,vilp-114,qwen,vilp,test,0,1,1,1,reasoning_hallucination,1,1.004422426399583,0.6820319110562056,-5.337500398811684
vilp-114-case3,vilp-114,qwen,vilp,test,1,0,0,6,,1,1.0000116229037004,-0.0,12.351678604179192
vilp-115-case2,vilp-115,qwen,vilp,test,1,0,0,6,,1,1.0772607299293373,0.5406277900954152,21.67542450169091
vilp-115-case3,vilp-115,qwen,vilp,test,0,1,0,5,,1,2.3167938906701737,0.6874963647383374,-0.013274006739955269
vilp-115-case1,vilp-115,qwen,vilp,test,1,0,0,6,,1,1.0003684759144467,-0.0,-21.586832364775336
vilp-116-case1,vilp-116,qwen,vilp,test,1,0,0,5,,1,1.0004467332495832,-0.0,-17.573872833871704
vilp-116-case2,vilp-116,qwen,vilp,test,0,1,0,5,,1,1.0836740722994012,0.2902699828953238,11.853757939667403
vilp-116-case3,vilp-116,qwen,vilp,test,0,1,0,4,,1,1.3219110090456903,1.3029799362673933,50.009567504567336
vilp-117-case1,vilp-117,qwen,vilp,test,1,0,0,6,,1,1.0284912400488329,-0.0,18.108330324091384
vilp-117-case3,vilp-117,qwen,vilp,test,1,0,0,6,,1,1.1415621451340174,0.6017263298386928,29.634594837748807
vilp-117-case2,vilp-117,qwen,vilp,test,0,1,0,5,,1,1.2316056507909443,0.9499086172214083,1.1961775262588592
vilp-118-case1,vilp-118,qwen,vilp,test,1,0,0,6,,1,1.0002013870610564,-0.0,-21.340078636106977
vilp-118-case2,vilp-118,qwen,vilp,test,1,0,0,6,,1,1.020073056400788,-0.0,3.199878762935718
vilp-118-case3,vilp-118,qwen,vilp,test,0,1,1,1,vision_hallucination,1,1.3870334704268603,0.5773617188402012,24.31816638407392
vilp-119-case3,vilp-119,qwen,vilp,test,0,1,0,4,,1,1.1041920817046305,-0.0,-2.9344606910236877
vilp-119-case1,vilp-119,qwen,vilp,test,1,0,0,6,,1,1.1760462492573465,-0.0,13.464527825408268
vilp-119-case2,vilp-119,qwen,vilp,test,0,1,1,2,vision_hallucination|reasoning_hallucination,1,1.0005112886301804,0.8853735438230086,29.051200443892668
vilp-120-case1,vilp-120,qwen,vilp,test,0,1,1,1,reasoning_hallucination,1,1.3737321841332746,1.3647180292636694,18.135800837346842
vilp-120-case2,vilp-120,qwen,vilp,test,1,0,0,6,,1,1.0013993978567388,0.08069906979316058,7.698920722828555
vilp-121-case1,vilp-121,qwen,vilp,test,1,0,0,6,,1,1.0075925590510237,-0.0,-18.389534439012184
vilp-120-case3,vilp-120,qwen,vilp,test,1,0,0,6,,1,1.0023059844638944,0.4277175313375833,-5.140193796635041
vilp-121-case2,vilp-121,qwen,vilp,test,1,0,0,6,,1,1.000185478173485,-0.0,-16.56246624042345
vilp-121-case3,vilp-121,qwen,vilp,test,1,0,0,6,,1,1.2088225954003657,0.8731982576723603,50.89716039928616
vilp-122-case1,vilp-122,qwen,vilp,test,1,0,0,6,,1,1.0133662849343354,0.9611016808443551,3.248223890545134
vilp-122-case2,vilp-122,qwen,vilp,test,1,0,0,6,,1,1.0051212311993085,0.4797716106210056,-16.383489060825106
vilp-122-case3,vilp-122,qwen,vilp,test,1,0,0,6,,1,1.0013625621441222,-0.0,-15.234212192732985
vilp-123-case3,vilp-123,qwen,vilp,test,1,0,0,6,,1,1.0017869530278163,0.695474208574168,8.84245513195587
vilp-123-case1,vilp-123,qwen,vilp,test,1,0,0,5,,1,1.0009751319717177,-0.0,-20.122105412145615
vilp-123-case2,vilp-123,qwen,vilp,test,0,1,1,2,vision_hallucination|reasoning_hallucination,1,1.4124743344532202,0.894435604126246,37.47654652082416
vilp-124-case1,vilp-124,qwen,vilp,test,1,0,0,6,,1,1.0051187276241242,-0.0,-11.093868918234193
vilp-124-case2,vilp-124,qwen,vilp,test,1,0,0,6,,1,1.565780889057524,0.8739160165294125,28.22940011182272
vilp-124-case3,vilp-124,qwen,vilp,test,1,0,0,6,,1,1.7067851686966933,0.5597928763196762,9.988926244619165
vilp-125-case1,vilp-125,qwen,vilp,test,1,0,0,4,,1,1.0099159479065196,0.47905916205155374,22.567919343203798
vilp-125-case3,vilp-125,qwen,vilp,test,1,0,0,6,,1,1.0008841753217321,-0.0,-14.261634797509046
vilp-125-case2,vilp-125,qwen,vilp,test,0,1,1,1,reasoning_hallucination,1,1.1082364283417692,1.0625092608587101,29.53922072234967
vilp-126-case1,vilp-126,qwen,vilp,test,1,0,0,6,,1,1.00001448392807,-0.0,-3.2865041709870884
vilp-126-case2,vilp-126,qwen,vilp,test,1,0,0,6,,1,1.0035604239410607,-0.0,-11.352549521852561
vilp-126-case3,vilp-126,qwen,vilp,test,0,1,0,4,,1,1.0142062904507156,0.8118321004503066,7.124025537241286
vilp-127-case2,vilp-127,qwen,vilp,test,1,0,0,6,,1,1.0135301823664342,1.0565870388926617,-6.034010668116541
vilp-127-case3,vilp-127,qwen,vilp,test,1,0,0,6,,1,1.0288164610922128,-0.0,-8.03427294341255
vilp-127-case1,vilp-127,qwen,vilp,test,1,0,0,5,,1,1.2273837263915854,-0.0,4.940703678499279
vilp-128-case1,vilp-128,qwen,vilp,test,1,0,0,6,,1,1.001163959540212,-0.0,-18.730674685140823
vilp-128-case2,vilp-128,qwen,vilp,test,1,0,0,6,,1,1.0005151033632946,-0.0,-18.899434665251206
vilp-128-case3,vilp-128,qwen,vilp,test,1,0,0,6,,1,1.00821447332464,0.3766258287732843,1.8044818271999095
vilp-129-case1,vilp-129,qwen,vilp,test,1,0,0,6,,1,1.6951232283503406,0.6692757287894997,34.48430067435466
vilp-129-case2,vilp-129,qwen,vilp,test,0,1,0,4,,1,1.0201889270624658,1.0582459222753011,-1.0883215439092861
vilp-130-case1,vilp-130,qwen,vilp,test,1,0,0,6,,1,1.0154694855195903,-0.0,-16.2054427268546
vilp-129-case3,vilp-129,qwen,vilp,test,1,0,0,6,,1,1.0085224293232171,0.6689716687603708,-6.806746224718914
vilp-130-case3,vilp-130,qwen,vilp,test,1,0,0,6,,1,1.0040075716892611,0.3504239938777213,0.9562182551752656
vilp-130-case2,vilp-130,qwen,vilp,test,1,0,0,6,,1,1.0004633960705742,0.4563756202404908,-13.785181914495277
vilp-131-case1,vilp-131,qwen,vilp,test,1,0,0,6,,1,1.0008297625434874,-0.0,-18.76853171288116
vilp-131-case2,vilp-131,qwen,vilp,test,1,0,0,6,,1,1.0343987556510477,-0.0,-12.106169983940582
vilp-131-case3,vilp-131,qwen,vilp,test,0,1,1,2,reasoning_hallucination,1,1.000676418610126,-0.0,-16.043730598921492
vilp-132-case1,vilp-132,qwen,vilp,test,1,0,0,6,,1,1.0218158722979072,0.6770679784138387,-10.005671234928224
vilp-132-case2,vilp-132,qwen,vilp,test,0,1,0,4,,1,1.0225682049368192,0.6407869104778698,-0.8246162189814061
vilp-132-case3,vilp-132,qwen,vilp,test,0,1,0,4,,1,1.7008113452688487,0.8998916096073855,32.963231152897734
vilp-133-case1,vilp-133,qwen,vilp,test,1,0,0,6,,1,1.025208235070739,-0.0,-15.076367298348554
vilp-133-case2,vilp-133,qwen,vilp,test,1,0,0,6,,1,1.055313175401225,0.7719041963697256,35.39171522926141
vilp-133-case3,vilp-133,qwen,vilp,test,1,0,0,6,,1,1.0540558108274773,-0.0,-12.883433590177173
vilp-134-case1,vilp-134,qwen,vilp,test,1,0,0,6,,1,1.0016383824204116,-0.0,-19.508030363494754
vilp-134-case2,vilp-134,qwen,vilp,test,1,0,0,6,,1,1.0041039154627358,0.5010882034259595,-11.689446551943714
vilp-134-case3,vilp-134,qwen,vilp,test,0,1,1,1,reasoning_hallucination,1,1.0152368792193538,0.6251939728712042,18.722715609220256
vilp-135-case1,vilp-135,qwen,vilp,test,1,0,0,6,,1,1.0189393786327026,-0.0,-14.625296659604668
vilp-135-case2,vilp-135,qwen,vilp,test,0,1,0,4,,1,1.0147033413277062,-0.0,-15.375274834086289
vilp-135-case3,vilp-135,qwen,vilp,test,1,0,0,5,,1,1.0070481300517835,1.0364429102480286,40.96321925790495
vilp-136-case1,vilp-136,qwen,vilp,test,1,0,0,6,,1,1.0021051387093611,-0.0,-18.23575567165179
vilp-136-case2,vilp-136,qwen,vilp,test,1,0,0,4,,1,1.0008259740199752,0.6742314083938936,-9.182050881066026
vilp-136-case3,vilp-136,qwen,vilp,test,0,1,0,4,,1,1.0016775216720781,-0.0,-13.381867614025616
vilp-137-case1,vilp-137,qwen,vilp,test,1,0,0,6,,1,1.1035691736328996,-0.0,-20.165886655963547
vilp-137-case2,vilp-137,qwen,vilp,test,0,1,1,1,reasoning_hallucination,1,1.0061307791240413,0.5006276079073897,-13.771859319442937
vilp-137-case3,vilp-137,qwen,vilp,test,1,0,1,2,reasoning_hallucination,1,1.0182813524742251,0.7422897115963547,8.231418395395421
vilp-138-case1,vilp-138,qwen,vilp,test,1,0,0,6,,1,1.2053270295310488,-0.0,32.137000178521475
vilp-138-case2,vilp-138,qwen,vilp,test,1,0,0,6,,1,1.2789373348819455,0.9569907164616724,28.95530849374414
vilp-138-case3,vilp-138,qwen,vilp,test,1,0,0,6,,1,1.0006614821580861,-0.0,-18.50139526958624
vilp-139-case1,vilp-139,qwen,vilp,test,1,0,0,6,,1,1.0521104061976096,-0.0,3.5476797077225974
vilp-139-case3,vilp-139,qwen,vilp,test,1,0,0,6,,1,1.0091433526632267,-0.0,-13.2429898763024
vilp-139-case2,vilp-139,qwen,vilp,test,1,0,1,2,reasoning_hallucination,1,1.0021041306328362,0.498000500060723,-15.613577601192686
vilp-140-case1,vilp-140,qwen,vilp,test,1,0,0,6,,1,1.0033240497003058,-0.0,-17.30316639502653
vilp-140-case2,vilp-140,qwen,vilp,test,1,0,0,6,,1,1.003060936817818,-0.0,-15.126364176746382
vilp-140-case3,vilp-140,qwen,vilp,test,1,0,0,6,,1,1.000623816864536,0.6246352663625552,21.32390208711992
vilp-141-case3,vilp-141,qwen,vilp,test,0,1,1,2,reasoning_hallucination,1,1.0021675825610221,0.8693297392916344,8.829178293733225
vilp-142-case1,vilp-142,qwen,vilp,test,1,0,0,6,,1,1.0380243827771678,-0.0,-13.492751500359672
vilp-141-case1,vilp-141,qwen,vilp,test,1,0,0,6,,1,1.00157356257805,-0.0,-18.07398543635648
vilp-141-case2,vilp-141,qwen,vilp,test,0,1,1,1,reasoning_hallucination,1,1.021537065749333,0.5824895732768018,27.736174733494423
vilp-142-case2,vilp-142,qwen,vilp,test,1,0,0,6,,1,1.1641081551945092,0.5413412771872204,4.792613199760201
vilp-142-case3,vilp-142,qwen,vilp,test,1,0,0,6,,1,1.1115533584517576,0.6887341597861136,9.867445027542995
vilp-143-case2,vilp-143,qwen,vilp,test,1,0,0,6,,1,1.006811976313564,-0.0,-13.9716861118538
vilp-143-case1,vilp-143,qwen,vilp,test,1,0,0,6,,1,1.1168159971238352,-0.0,27.63269911422848
vilp-143-case3,vilp-143,qwen,vilp,test,1,0,0,6,,1,1.0906873977357276,0.9554988889619318,-1.402444717386917
vilp-144-case1,vilp-144,qwen,vilp,test,1,0,0,6,,1,1.00013971328201,-0.0,0.3167950164858446
vilp-144-case2,vilp-144,qwen,vilp,test,0,1,0,5,,1,1.674303697586534,0.6653921841061688,28.93997489787633
vilp-144-case3,vilp-144,qwen,vilp,test,1,0,1,2,reasoning_hallucination,1,1.002827635606791,-0.0,-9.188471997300198
vilp-145-case1,vilp-145,qwen,vilp,test,1,0,0,6,,1,1.0000574582317503,-0.0,-17.546097124698683
vilp-145-case2,vilp-145,qwen,vilp,test,0,1,0,4,,1,1.0000638548261427,0.5022541305706163,-15.086621181414436
vilp-145-case3,vilp-145,qwen,vilp,test,1,0,1,1,vision_hallucination|reasoning_hallucination,1,1.0046205522886806,0.501364164786327,-12.978161711469117
vilp-146-case1,vilp-146,qwen,vilp,test,1,0,0,6,,1,1.0464090759954134,-0.0,12.800044406572773
vilp-146-case3,vilp-146,qwen,vilp,test,1,0,0,6,,1,1.6863850175390016,0.474825413516481,32.18419116569741
vilp-146-case2,vilp-146,qwen,vilp,test,0,1,0,5,,1,1.030882870191919,-0.0,5.505970023449446
vilp-147-case1,vilp-147,qwen,vilp,test,1,0,0,6,,1,1.001021197290803,-0.0,-19.658395815460164
vilp-147-case3,vilp-147,qwen,vilp,test,1,0,0,6,,2,1.8764246532899698,0.7557108514160976,49.18492089545033
vilp-147-case2,vilp-147,qwen,vilp,test,0,1,0,6,,1,1.0010808041844368,-0.0,-17.63203529711144
vilp-148-case1,vilp-148,qwen,vilp,test,1,0,0,6,,1,1.0015195513493784,-0.0,-19.381275845129593
vilp-148-case2,vilp-148,qwen,vilp,test,1,0,1,2,reasoning_hallucination,1,1.0047100982412036,0.6643393681052108,-6.602325297272565
vilp-148-case3,vilp-148,qwen,vilp,test,1,0,0,5,,1,1.0005953880499254,0.6740598910871225,-5.737969897096456
vilp-149-case1,vilp-149,qwen,vilp,test,1,0,0,6,,1,1.0012937784183664,0.082778382538577,5.709140983334482
vilp-149-case2,vilp-149,qwen,vilp,test,1,0,0,6,,1,1.0030901432368846,-0.0,-11.540859042756297
vilp-149-case3,vilp-149,qwen,vilp,test,1,0,0,6,,1,1.136157386718997,1.0515956097511427,41.04643610484696
vilp-150-case1,vilp-150,qwen,vilp,test,1,0,0,6,,1,1.0042777224989874,0.49666355237628507,-1.0517596342140276
vilp-150-case3,vilp-150,qwen,vilp,test,0,1,1,0,vision_hallucination|reasoning_hallucination,1,1.0023938557088716,-0.0,-15.55430061343421
vilp-150-case2,vilp-150,qwen,vilp,test,1,0,0,6,,1,1.0008530412839174,0.6802504762489944,-7.535022220859984
vilp-151-case3,vilp-151,qwen,vilp,test,1,0,0,6,,1,1.1029878481322233,-0.0,-6.6284239418231925
vilp-151-case1,vilp-151,qwen,vilp,test,1,0,0,6,,1,1.0002907514584667,-0.0,-15.883957630331302
vilp-151-case2,vilp-151,qwen,vilp,test,0,1,0,4,,2,1.0512344739991821,0.6930663161489174,25.752694667858705
vilp-152-case1,vilp-152,qwen,vilp,test,1,0,0,6,,2,1.0400416979329323,0.3428209069132369,7.2329975142676375
vilp-152-case2,vilp-152,qwen,vilp,test,1,0,0,6,,1,1.0028338432814057,0.07155402335958955,4.833076897236046
vilp-152-case3,vilp-152,qwen,vilp,test,0,1,0,5,,2,1.2366046347994208,0.623013939672415,27.46917633502254
vilp-153-case1,vilp-153,qwen,vilp,test,1,0,0,6,,1,1.001566290821859,-0.0,-17.024110594056527
vilp-153-case2,vilp-153,qwen,vilp,test,1,0,0,6,,1,1.0001638483093123,-0.0,-15.098453831892574
vilp-153-case3,vilp-153,qwen,vilp,test,0,1,1,1,reasoning_hallucination,1,1.6294162882855399,0.560960080630083,57.072908794448544
vilp-154-case1,vilp-154,qwen,vilp,test,1,0,0,6,,1,1.0174482195541361,-0.0,-10.567566687859966
vilp-154-case2,vilp-154,qwen,vilp,test,1,0,0,6,,1,1.004206899504896,-0.0,-8.561447546178638
vilp-154-case3,vilp-154,qwen,vilp,test,1,0,0,6,,1,1.088515308361,0.1497765196448845,8.36164111665366
vilp-155-case1,vilp-155,qwen,vilp,test,1,0,0,6,,1,1.0278377312939309,-0.0,2.618765021639895
vilp-155-case3,vilp-155,qwen,vilp,test,1,0,0,6,,1,1.013555799981355,0.668569087679883,40.95753127980811
vilp-155-case2,vilp-155,qwen,vilp,test,0,1,0,5,,2,1.128141909064736,0.48515038907531693,10.551355623942868
vilp-156-case2,vilp-156,qwen,vilp,test,1,0,0,6,,1,1.0333386646980598,0.03178294423569088,3.580363711152021
vilp-156-case1,vilp-156,qwen,vilp,test,0,1,1,1,reasoning_hallucination,1,2.3152967358645706,0.9740728274964388,43.88458766161019
vilp-156-case3,vilp-156,qwen,vilp,test,1,0,0,6,,1,1.003672719092005,0.33359693721966055,1.4509457928976044
vilp-157-case1,vilp-157,qwen,vilp,test,1,0,0,6,,1,1.0018624067161808,-0.0,-18.55237408699652
vilp-157-case3,vilp-157,qwen,vilp,test,0,1,1,1,reasoning_hallucination,1,1.0136823650315847,1.3796358147137426,16.97111662662928
vilp-157-case2,vilp-157,qwen,vilp,test,0,1,0,4,,1,1.0016049146587345,-0.0,-8.501469197371911
vilp-158-case1,vilp-158,qwen,vilp,test,1,0,0,6,,1,1.0142545696036471,-0.0,-17.61529576041096
vilp-158-case2,vilp-158,qwen,vilp,test,1,0,0,6,,1,1.3542606838800795,0.3598709888073641,37.53311505586346
vilp-158-case3,vilp-158,qwen,vilp,test,1,0,0,6,,1,1.0180841686806166,0.5114902231311189,-10.597943337303382
vilp-159-case1,vilp-159,qwen,vilp,test,0,1,0,5,,1,1.3964921061197528,0.3099274143659312,37.633622981080336
vilp-159-case3,vilp-159,qwen,vilp,test,0,1,0,6,,1,1.1501635405359458,0.45585080541008255,-4.4272812072796
vilp-159-case2,vilp-159,qwen,vilp,test,1,0,0,6,,1,1.5050007318808871,0.5468869976388364,7.776176172044053
vilp-160-case2,vilp-160,qwen,vilp,test,1,0,0,6,,1,1.0031820536249507,-0.0,-19.690733304424036
vilp-160-case1,vilp-160,qwen,vilp,test,1,0,0,6,,1,1.0003463029812918,-0.0,-18.662167982350777
vilp-160-case3,vilp-160,qwen,vilp,test,0,1,1,2,reasoning_hallucination,1,1.0035733832758456,1.0525985871803867,-3.3052175001022324
vilp-161-case1,vilp-161,qwen,vilp,test,1,0,0,6,,1,1.0001354784413081,-0.0,-20.28746468668541
vilp-161-case3,vilp-161,qwen,vilp,test,1,0,0,6,,1,1.0022557974622734,-0.0,-16.703841989251814
vilp-161-case2,vilp-161,qwen,vilp,test,1,0,0,5,,1,1.121566612164402,1.0431581374381844,13.37544251799829
vilp-162-case1,vilp-162,qwen,vilp,test,1,0,0,6,,1,1.000966185014601,0.3470514410375783,-4.314063463357247
vilp-162-case3,vilp-162,qwen,vilp,test,1,0,0,6,,1,1.2384928579477459,0.7386593057582909,45.831932015953456
vilp-162-case2,vilp-162,qwen,vilp,test,0,1,0,4,,1,2.7929345223375783,0.984312370478094,-1.1675980358340832
vilp-163-case1,vilp-163,qwen,vilp,test,1,0,0,6,,1,1.0012443213391062,-0.0,-18.350343594653978
vilp-163-case3,vilp-163,qwen,vilp,test,1,0,0,6,,1,1.0334763235492643,0.6851186850852237,16.822401822176175
vilp-163-case2,vilp-163,qwen,vilp,test,0,1,1,1,reasoning_hallucination,2,1.01423334169385,0.7859145686254312,16.00418802010628
vilp-164-case1,vilp-164,qwen,vilp,test,1,0,0,5,,1,1.0192086821447073,1.4212971091264957,32.27023087480128
vilp-164-case2,vilp-164,qwen,vilp,test,1,0,0,6,,1,1.094796962670659,1.2869874624176696,35.71348670042676
vilp-164-case3,vilp-164,qwen,vilp,test,1,0,0,6,,1,1.1484877861017266,-0.0,10.164722101788296
vilp-165-case1,vilp-165,qwen,vilp,test,1,0,0,6,,1,1.0000525116228185,-0.0,-0.5176002789122478
vilp-165-case2,vilp-165,qwen,vilp,test,1,0,0,6,,1,1.0014963181594847,0.599173651951118,2.7574718718043236
vilp-165-case3,vilp-165,qwen,vilp,test,1,0,0,6,,1,1.0083831551357882,-0.0,-10.178882652298581
vilp-166-case1,vilp-166,qwen,vilp,test,1,0,1,2,reasoning_hallucination,1,1.00574260379933,-0.0,15.06382861350022
vilp-166-case3,vilp-166,qwen,vilp,test,0,1,1,1,vision_hallucination|reasoning_hallucination,1,1.0019732952754115,-0.0,12.131733917912166
vilp-166-case2,vilp-166,qwen,vilp,test,0,1,1,2,vision_hallucination,1,1.951060093229863,-0.0,2.3406861910574683
vilp-167-case1,vilp-167,qwen,vilp,test,1,0,0,6,,1,1.000659585024069,0.14391114722114529,3.195819828289462
vilp-167-case2,vilp-167,qwen,vilp,test,1,0,0,6,,1,1.0028918981591308,0.6593780444615864,-1.4470052705325998
vilp-167-case3,vilp-167,qwen,vilp,test,1,0,1,2,vision_hallucination,1,1.0010339021635069,-0.0,-17.07870910603514
vilp-168-case1,vilp-168,qwen,vilp,test,1,0,0,6,,1,1.1100804784454172,-0.0,-9.495677624356407
vilp-168-case2,vilp-168,qwen,vilp,test,0,1,1,1,vision_hallucination|reasoning_hallucination,1,1.0646836721646493,0.6930524546546737,14.98584858585286
vilp-168-case3,vilp-168,qwen,vilp,test,0,1,1,2,vision_hallucination|reasoning_hallucination,1,1.953540800828389,0.2633108872366692,38.2942860654092
vilp-169-case1,vilp-169,qwen,vilp,test,0,1,0,5,,1,1.0118601299811947,0.21917818674347594,9.702863773111183
vilp-169-case2,vilp-169,qwen,vilp,test,1,0,0,6,,1,1.001636505130282,1.0121772213065732,21.94380615595028
vilp-169-case3,vilp-169,qwen,vilp,test,1,0,0,6,,1,1.7767572644100529,0.5291909673987515,17.04936164095063
vilp-170-case2,vilp-170,qwen,vilp,test,1,0,0,6,,1,1.0196407737283255,0.48002163563881073,-5.892709685094112
vilp-170-case1,vilp-170,qwen,vilp,test,1,0,0,6,,1,1.259819392033934,0.6724836724996499,-11.138751453918172
vilp-170-case3,vilp-170,qwen,vilp,test,1,0,0,6,,1,1.0100212308202525,-0.0,-11.598013067217922
vilp-171-case2,vilp-171,qwen,vilp,test,1,0,0,6,,1,1.0444276186377055,0.537261171668791,18.516586860843873
vilp-171-case1,vilp-171,qwen,vilp,test,1,0,0,6,,1,1.0491352910988596,-0.0,14.028652256711187
vilp-171-case3,vilp-171,qwen,vilp,test,1,0,0,6,,1,1.1971581200569255,0.49050185270597657,26.587692926927062
vilp-172-case1,vilp-172,qwen,vilp,test,1,0,0,6,,1,2.030412368236925,-0.0,12.250806959757906
vilp-172-case2,vilp-172,qwen,vilp,test,1,0,0,6,,1,1.3102444504250002,0.035307788956809326,48.85205292608241
vilp-172-case3,vilp-172,qwen,vilp,test,1,0,0,6,,1,1.0052484458275284,-0.0,-5.12781283151315
vilp-173-case1,vilp-173,qwen,vilp,test,1,0,0,6,,1,1.0014296770624294,-0.0,-5.202391735398143
vilp-173-case3,vilp-173,qwen,vilp,test,1,0,0,6,,1,1.0322889479667503,1.0313526305894183,28.187093114945785
vilp-173-case2,vilp-173,qwen,vilp,test,1,0,0,6,,1,1.0103509595836007,-0.0,-11.1432507230582
vilp-174-case1,vilp-174,qwen,vilp,test,1,0,0,6,,1,1.0943023849852196,-0.0,2.1625205822317
vilp-174-case2,vilp-174,qwen,vilp,test,1,0,0,6,,1,1.0225510591259224,0.4649134553132994,-9.210626462738475
vilp-174-case3,vilp-174,qwen,vilp,test,0,1,0,4,,1,1.3650094306278855,0.6659211629896464,30.89988175970762
vilp-175-case1,vilp-175,qwen,vilp,test,1,0,0,6,,1,1.0011453549089198,-0.0,-20.242185611974037
vilp-175-case2,vilp-175,qwen,vilp,test,1,0,0,6,,1,1.2081465333824009,0.7768465273392731,69.31317032812011
vilp-175-case3,vilp-175,qwen,vilp,test,0,1,0,4,,1,1.024270429280848,0.9797230058677355,20.279771943669854
vilp-176-case1,vilp-176,qwen,vilp,test,1,0,0,6,,1,1.0065503125280844,-0.0,-14.020544089092303
vilp-176-case3,vilp-176,qwen,vilp,test,1,0,0,6,,1,1.0013019608997746,1.0129273734500137,27.996177397697057
vilp-176-case2,vilp-176,qwen,vilp,test,0,1,1,1,vision_hallucination|reasoning_hallucination,1,1.0060277263244897,0.6344284339074784,2.5058547997440535
vilp-177-case1,vilp-177,qwen,vilp,test,1,0,0,6,,1,1.0011395774046192,-0.0,5.831495733556409
vilp-177-case2,vilp-177,qwen,vilp,test,1,0,0,5,,1,1.0147889934670458,0.6729818867884519,-13.57570245922049
vilp-177-case3,vilp-177,qwen,vilp,test,0,1,0,4,,2,1.5278198886154961,1.5287978415335113,45.74770266600971
vilp-178-case1,vilp-178,qwen,vilp,test,1,0,0,5,,1,1.1006589663473798,0.15387029787148393,36.63893882737802
vilp-178-case2,vilp-178,qwen,vilp,test,1,0,0,6,,1,1.0004834842728874,-0.0,-14.185065997183749
vilp-178-case3,vilp-178,qwen,vilp,test,1,0,0,6,,1,1.002183651358481,0.024543448508634328,5.768768826724582
vilp-179-case2,vilp-179,qwen,vilp,test,1,0,0,6,,1,1.0065292119943425,0.49679476481291984,-8.828729608064432
vilp-179-case1,vilp-179,qwen,vilp,test,1,0,0,6,,1,1.0526843073654513,0.2784796831628451,24.903242501988466
vilp-179-case3,vilp-179,qwen,vilp,test,1,0,1,2,reasoning_hallucination,1,1.0123562814600409,0.8106478002798099,12.563455158608996
vilp-180-case1,vilp-180,qwen,vilp,test,1,0,1,2,vision_hallucination|reasoning_hallucination,1,1.0239261367268313,0.3500649751749486,20.23268591595033
vilp-180-case2,vilp-180,qwen,vilp,test,1,0,0,5,,1,1.0187395803759771,1.0595173278620118,19.401774605569088
vilp-180-case3,vilp-180,qwen,vilp,test,1,0,0,6,,1,1.1410374656537265,0.6704325598022777,-10.555944569844138
vilp-181-case1,vilp-181,qwen,vilp,test,1,0,0,6,,1,1.0806621403752579,1.0345126320931695,-1.505789967821876
vilp-181-case2,vilp-181,qwen,vilp,test,1,0,0,6,,1,1.1342520230116304,0.9045030712928737,-3.1004501593658365
vilp-181-case3,vilp-181,qwen,vilp,test,1,0,0,6,,1,1.2285721400840324,0.6747768597820853,11.11943061824427
vilp-182-case1,vilp-182,qwen,vilp,test,1,0,0,6,,1,1.006056427903959,-0.0,-11.786767449473412
vilp-182-case2,vilp-182,qwen,vilp,test,1,0,0,6,,1,1.002379727762698,0.4882841565092035,-11.480947505739328
vilp-182-case3,vilp-182,qwen,vilp,test,0,1,0,4,,1,1.0395073906565824,0.3275595448513978,12.529905874811506
vilp-183-case1,vilp-183,qwen,vilp,test,1,0,0,6,,1,1.0603422155269124,0.5429863317778764,7.061056847995223
vilp-183-case2,vilp-183,qwen,vilp,test,1,0,0,6,,1,1.0412842884209386,-0.0,24.6702950312611
vilp-183-case3,vilp-183,qwen,vilp,test,1,0,0,6,,1,1.3933568986728375,1.0020136203380843,37.037280814072446
vilp-184-case1,vilp-184,qwen,vilp,test,1,0,0,6,,1,1.0292596455583471,-0.0,-13.018985258196071
vilp-184-case2,vilp-184,qwen,vilp,test,1,0,0,6,,1,1.0238283834764537,-0.0,0.4734592824821391
vilp-184-case3,vilp-184,qwen,vilp,test,0,1,0,4,,1,2.506424751795869,0.5719886081949193,46.53660316592175
vilp-185-case1,vilp-185,qwen,vilp,test,1,0,0,6,,1,1.0052950382747474,0.12435765863698783,35.64842255546514
vilp-185-case2,vilp-185,qwen,vilp,test,1,0,0,6,,1,1.0032689743175496,-0.0,-16.220663112697814
vilp-185-case3,vilp-185,qwen,vilp,test,0,1,0,4,,1,1.0043099785625151,1.0110874047120428,23.714174160402525
vilp-186-case1,vilp-186,qwen,vilp,test,1,0,0,6,,1,1.0026437043522691,0.6769885729487958,25.4985232467369
vilp-186-case2,vilp-186,qwen,vilp,test,1,0,0,6,,1,1.0147951550716854,0.4978693529634235,-11.816621451544137
vilp-186-case3,vilp-186,qwen,vilp,test,1,0,0,6,,1,1.044619918031676,1.2549878291951329,20.355959039320695
vilp-187-case2,vilp-187,qwen,vilp,test,1,0,0,6,,1,1.0017337030258735,-0.0,-5.469823813917802
vilp-187-case1,vilp-187,qwen,vilp,test,1,0,0,6,,1,1.0006614341850901,-0.0,-16.80221256902302
vilp-187-case3,vilp-187,qwen,vilp,test,1,0,0,6,,1,1.0047327242805848,0.9609349541662036,8.346120846531033
vilp-188-case1,vilp-188,qwen,vilp,test,1,0,0,6,,1,1.00811851016673,0.1932764631225521,3.2961702296582196
vilp-188-case3,vilp-188,qwen,vilp,test,1,0,0,6,,1,1.0218935017461825,-0.0,8.410218371843566
vilp-188-case2,vilp-188,qwen,vilp,test,0,1,0,4,,1,1.2869278336688081,0.8086753168658279,25.75431314087723
vilp-189-case1,vilp-189,qwen,vilp,test,1,0,0,6,,1,1.3350226550788808,0.04353724425262547,32.047222147472
vilp-189-case2,vilp-189,qwen,vilp,test,1,0,0,6,,1,1.0117332935396819,0.503776824604734,-6.750474349692268
vilp-189-case3,vilp-189,qwen,vilp,test,1,0,0,6,,1,1.0835603398156586,-0.0,-7.597977458825257
vilp-190-case1,vilp-190,qwen,vilp,test,1,0,0,6,,1,1.0404965835944053,-0.0,-8.314674927223862
vilp-190-case2,vilp-190,qwen,vilp,test,1,0,0,6,,1,1.1220709283733024,0.26302000793774755,37.64873065355542
vilp-190-case3,vilp-190,qwen,vilp,test,1,0,0,6,,1,1.0179027755582915,-0.0,14.851395988853062
vilp-191-case1,vilp-191,qwen,vilp,test,1,0,0,6,,1,1.034829117152591,-0.0,-14.039165317410008
vilp-191-case2,vilp-191,qwen,vilp,test,0,1,1,1,vision_hallucination|reasoning_hallucination,1,1.0133495842938545,0.7166198713413989,8.044580202643445
vilp-191-case3,vilp-191,qwen,vilp,test,0,1,1,1,vision_hallucination|reasoning_hallucination,1,1.0593415926099141,0.4809394334725986,-1.4586036515687244
vilp-192-case1,vilp-192,qwen,vilp,test,1,0,0,6,,1,1.0607410387565899,0.9100560792107045,64.0699585287769
vilp-192-case2,vilp-192,qwen,vilp,test,0,1,0,4,,1,1.6479747241905947,1.3686078814418776,38.32366475137587
vilp-192-case3,vilp-192,qwen,vilp,test,1,0,1,2,reasoning_hallucination,1,1.384039208952431,1.3460632259064322,68.69969587667153
vilp-193-case2,vilp-193,qwen,vilp,test,1,0,0,6,,1,1.0267733329194915,-0.0,-12.648181809092964
vilp-193-case1,vilp-193,qwen,vilp,test,0,1,0,4,,1,1.1617851346199652,1.038871806270682,32.18419794843068
vilp-193-case3,vilp-193,qwen,vilp,test,1,0,0,6,,1,1.1114203943662067,-0.0,-2.8369347555180404
vilp-194-case1,vilp-194,qwen,vilp,test,1,0,0,6,,1,1.007137523293047,-0.0,-14.654070031056524
vilp-194-case2,vilp-194,qwen,vilp,test,0,1,0,4,,1,1.251661810336917,0.20565405613242144,3.938601815111495
vilp-194-case3,vilp-194,qwen,vilp,test,0,1,1,1,reasoning_hallucination,1,1.381672390823882,0.5376408848146613,3.687693934442837
vilp-195-case2,vilp-195,qwen,vilp,test,1,0,1,2,reasoning_hallucination,1,1.0125976861189299,-0.0,-14.218742280279585
vilp-195-case3,vilp-195,qwen,vilp,test,1,0,0,6,,1,1.2135825703673084,-0.0,-1.8741030027993801
vilp-195-case1,vilp-195,qwen,vilp,test,1,0,1,2,reasoning_hallucination,1,1.0234750289019892,0.7760640146754209,8.221734403467607
vilp-196-case1,vilp-196,qwen,vilp,test,1,0,0,6,,1,1.0026576519246921,0.3069088747596813,-1.0642407250068207
vilp-196-case2,vilp-196,qwen,vilp,test,1,0,0,6,,1,1.0030605491907125,0.06934425790789997,2.4041246616459873
vilp-196-case3,vilp-196,qwen,vilp,test,1,0,0,6,,1,1.0035692453314442,-0.0,-8.642724991471123
vilp-197-case2,vilp-197,qwen,vilp,test,1,0,0,6,,1,1.1061953900357249,-0.0,-6.284360194297543
vilp-197-case1,vilp-197,qwen,vilp,test,1,0,0,6,,1,1.0006227424230933,-0.0,-14.39138415911241
vilp-197-case3,vilp-197,qwen,vilp,test,1,0,1,2,vision_hallucination|reasoning_hallucination,1,1.0051268337260983,-0.0,-14.933824466754228
vilp-198-case1,vilp-198,qwen,vilp,test,1,0,0,6,,1,1.0036193132670908,-0.0,-15.632490752409486
vilp-198-case2,vilp-198,qwen,vilp,test,1,0,0,6,,1,1.0520114443252573,0.7474619185779843,9.158553844357586
vilp-198-case3,vilp-198,qwen,vilp,test,0,1,0,3,,1,1.0713932655231913,0.40341205303236,26.824741590103468
vilp-199-case1,vilp-199,qwen,vilp,test,1,0,0,6,,1,1.0137491230290363,-0.0,-16.255814525196428
vilp-199-case2,vilp-199,qwen,vilp,test,1,0,0,6,,1,1.2144873679304045,0.6849442757285356,-2.781671117114385
vilp-199-case3,vilp-199,qwen,vilp,test,1,0,0,6,,1,1.0256395365292048,-0.0,-7.671005382775414
vilp-200-case2,vilp-200,qwen,vilp,test,1,0,0,6,,1,1.0527538074508969,-0.0,-7.469477364680245
vilp-200-case1,vilp-200,qwen,vilp,test,1,0,0,6,,1,1.028258671222868,0.8655373670598125,51.45205545143778
vilp-200-case3,vilp-200,qwen,vilp,test,1,0,0,6,,1,1.3827929384672693,0.6079751884937508,30.07647240334731
vilp-201-case3,vilp-201,qwen,vilp,test,1,0,0,6,,1,1.2083052338648343,-0.0,-2.6921199327751086
vilp-201-case1,vilp-201,qwen,vilp,test,1,0,0,6,,1,1.3520422023155154,0.9336404905897049,15.650812980430409
vilp-201-case2,vilp-201,qwen,vilp,test,0,1,0,4,,1,1.0463454723394827,-0.0,0.0917186586344112
vilp-202-case1,vilp-202,qwen,vilp,test,1,0,0,6,,1,1.0063246713260168,-0.0,-15.623060141237444
vilp-202-case2,vilp-202,qwen,vilp,test,0,1,1,1,reasoning_hallucination,1,1.943452580274182,0.5472513877389347,3.975587155808979
vilp-202-case3,vilp-202,qwen,vilp,test,1,0,1,1,reasoning_hallucination,1,1.0577955243568369,0.6826901214311324,2.5755355087955607
vilp-203-case1,vilp-203,qwen,vilp,test,1,0,0,6,,1,1.1176354921825624,0.05574878943215122,9.424304222282462
vilp-203-case2,vilp-203,qwen,vilp,test,1,0,0,6,,1,1.000404227406568,-0.0,-16.26109218051405
vilp-204-case1,vilp-204,qwen,vilp,test,1,0,0,6,,1,1.0527392615449476,-0.0,-15.610107084147355
vilp-204-case2,vilp-204,qwen,vilp,test,1,0,0,6,,1,1.0008236835452988,0.6723577652291095,-15.413353471955782
vilp-203-case3,vilp-203,qwen,vilp,test,0,1,1,2,vision_hallucination,1,1.0054373739326457,1.0256520484875833,44.930771673770664
vilp-204-case3,vilp-204,qwen,vilp,test,1,0,0,6,,1,1.009475588378194,-0.0,-5.464060651703746
vilp-205-case1,vilp-205,qwen,vilp,test,1,0,0,6,,1,1.044302446106081,-0.0,5.403463434114958
vilp-205-case3,vilp-205,qwen,vilp,test,1,0,1,2,reasoning_hallucination,1,1.1372470257578748,-0.0,13.867929559716549
vilp-206-case1,vilp-206,qwen,vilp,test,1,0,0,6,,1,1.0063545886090788,-0.0,-15.605898114499013
vilp-206-case2,vilp-206,qwen,vilp,test,0,1,1,1,vision_hallucination|reasoning_hallucination,1,1.0088485069689983,0.5182360985252766,-4.048169533177649
vilp-205-case2,vilp-205,qwen,vilp,test,0,1,1,2,reasoning_hallucination,1,1.1997282414770525,0.4839464763485477,-11.176308750444278
vilp-206-case3,vilp-206,qwen,vilp,test,0,1,1,1,vision_hallucination|reasoning_hallucination,1,1.0032880537040199,-0.0,-16.051551343894094
vilp-207-case2,vilp-207,qwen,vilp,test,1,0,0,6,,1,1.015078825354315,0.35882437988927096,28.1872955499856
vilp-207-case1,vilp-207,qwen,vilp,test,1,0,0,6,,1,1.0284461072908773,-0.0,-5.4795267590763395
vilp-207-case3,vilp-207,qwen,vilp,test,1,0,0,6,,1,1.1091401542325257,1.0921631700386651,31.76504184188691
vilp-208-case1,vilp-208,qwen,vilp,test,1,0,0,6,,1,1.4892472756186481,-0.0,24.2533609459083
vilp-208-case2,vilp-208,qwen,vilp,test,1,0,0,5,,1,1.0348812340125946,0.9966616782547104,43.881401096439276
vilp-208-case3,vilp-208,qwen,vilp,test,0,1,0,4,,1,1.3432231629759295,0.6922674673608272,30.84015793430236
vilp-209-case1,vilp-209,qwen,vilp,test,1,0,0,6,,1,1.0089491604092926,-0.0,-10.400946604815877
vilp-209-case2,vilp-209,qwen,vilp,test,1,0,1,1,reasoning_hallucination,1,1.0303226713060822,0.18017102895494833,24.10890265239547
vilp-209-case3,vilp-209,qwen,vilp,test,1,0,1,2,vision_hallucination|reasoning_hallucination,1,1.002471817976967,0.043040661176766866,11.612101943694283
vilp-210-case1,vilp-210,qwen,vilp,test,1,0,0,6,,1,1.0009533281770873,-0.0,-19.83915962877742
vilp-210-case3,vilp-210,qwen,vilp,test,0,1,0,4,,1,1.0005609814757896,0.49662640451155704,-14.11923647729803
vilp-210-case2,vilp-210,qwen,vilp,test,0,1,1,2,reasoning_hallucination,1,1.0031546355056709,0.4428179321433408,22.425101740055503
vilp-211-case1,vilp-211,qwen,vilp,test,1,0,0,6,,1,1.4622963359020804,-0.0,-0.3785939966901637
vilp-211-case2,vilp-211,qwen,vilp,test,0,1,1,1,reasoning_hallucination,1,1.3007645396982148,0.9460118861549168,6.835803107432776
vilp-211-case3,vilp-211,qwen,vilp,test,0,1,1,1,reasoning_hallucination,1,1.39285270093907,0.40079269381318544,37.79263537064462
vilp-212-case1,vilp-212,qwen,vilp,test,1,0,0,6,,1,1.0304519127544587,-0.0,-17.297465226250136
vilp-212-case3,vilp-212,qwen,vilp,test,1,0,0,6,,1,1.2425608039168634,0.9471308468791407,14.706896413387245
vilp-212-case2,vilp-212,qwen,vilp,test,0,1,0,4,,1,1.4145506469655575,-0.0,35.85243831573731
vilp-213-case1,vilp-213,qwen,vilp,test,0,1,0,4,,1,1.0022497176270744,-0.0,-10.37517204227727
vilp-213-case3,vilp-213,qwen,vilp,test,0,1,0,4,,1,1.0021855405620461,0.9133224975883175,34.32841176803219
vilp-213-case2,vilp-213,qwen,vilp,test,1,0,0,6,,1,1.1791285219141179,0.3911728714091458,6.891568276466124
vilp-214-case2,vilp-214,qwen,vilp,test,1,0,0,6,,1,1.001842021959098,-0.0,-17.895279839751183
vilp-214-case3,vilp-214,qwen,vilp,test,1,0,0,6,,1,1.038985966029863,0.8094149517967848,41.44529531443055
vilp-214-case1,vilp-214,qwen,vilp,test,0,1,1,1,reasoning_hallucination,1,1.012793779437458,0.9365912588519913,-8.088052476094187
vilp-215-case1,vilp-215,qwen,vilp,test,1,0,0,6,,1,1.0236473075430819,-0.0,1.8814617756799237
vilp-215-case3,vilp-215,qwen,vilp,test,0,1,0,4,,3,1.263843423052791,1.4583305272283549,26.885097682774113
vilp-215-case2,vilp-215,qwen,vilp,test,0,1,1,1,vision_hallucination|reasoning_hallucination,1,1.030344367248579,-0.0,-12.440038661001198
vilp-216-case1,vilp-216,qwen,vilp,test,1,0,0,6,,1,1.0011463751642573,-0.0,0.36289826625175436
vilp-217-case1,vilp-217,qwen,vilp,test,1,0,0,6,,1,1.0007167953742437,-0.0,-17.983664451341532
vilp-216-case2,vilp-216,qwen,vilp,test,0,1,1,1,reasoning_hallucination,1,1.3290457796496575,0.6837563617558389,2.9273564677477797
vilp-216-case3,vilp-216,qwen,vilp,test,0,1,1,1,reasoning_hallucination,1,1.3290614324307959,-0.0,6.269477589669908
vilp-217-case3,vilp-217,qwen,vilp,test,0,1,1,1,reasoning_hallucination,1,1.0015602770959602,0.9269026080365801,9.805712152823052
vilp-218-case1,vilp-218,qwen,vilp,test,1,0,0,6,,1,1.0011130623119269,-0.0,-19.946922020437803
vilp-217-case2,vilp-217,qwen,vilp,test,0,1,1,1,reasoning_hallucination,1,1.002078582183331,-0.0,-7.125241185425034
vilp-218-case2,vilp-218,qwen,vilp,test,0,1,0,4,,1,1.0005311408771358,0.6628787314723673,-6.505031627268239
vilp-218-case3,vilp-218,qwen,vilp,test,0,1,0,6,,1,1.003427747773114,-0.0,-17.56415071220204
vilp-219-case1,vilp-219,qwen,vilp,test,1,0,0,6,,1,1.0931038851990413,0.975469758342928,-4.998477046808596
vilp-219-case2,vilp-219,qwen,vilp,test,0,1,1,1,vision_hallucination|reasoning_hallucination,1,1.0001749992390263,0.6068343223743955,34.995478255575364
vilp-219-case3,vilp-219,qwen,vilp,test,0,1,0,4,,1,1.9981104164850652,1.0307257330028023,25.349672223433306
vilp-220-case3,vilp-220,qwen,vilp,test,1,0,0,6,,1,1.0002927760748932,0.3370007204796539,-7.3837090471884235
vilp-220-case2,vilp-220,qwen,vilp,test,1,0,0,6,,1,1.2391318399522808,0.663146689673358,0.6713050172189092
vilp-220-case1,vilp-220,qwen,vilp,test,1,0,1,2,reasoning_hallucination,1,1.2680196858486152,-0.0,-6.40428707267025
vilp-221-case2,vilp-221,qwen,vilp,test,1,0,0,6,,1,1.0001244468160666,0.3070098212640018,9.6523061732202
vilp-221-case3,vilp-221,qwen,vilp,test,1,0,0,6,,1,1.0669975173360693,0.5501323870351068,9.170901457178362
vilp-221-case1,vilp-221,qwen,vilp,test,1,0,0,6,,1,1.0004535913352561,-0.0,-19.59588257885841
vilp-222-case3,vilp-222,qwen,vilp,test,0,1,0,4,,1,1.0116120954059067,0.006388357971521194,19.470152752089
vilp-222-case1,vilp-222,qwen,vilp,test,0,1,0,4,,1,1.5776220325458363,0.9634732292353941,21.279156463823522
vilp-222-case2,vilp-222,qwen,vilp,test,0,1,0,6,,1,1.5900525272563995,0.462199583434615,54.80674851799154
vilp-223-case1,vilp-223,qwen,vilp,test,0,1,0,4,,1,1.0169499221839635,0.6792668510904185,-9.02953877776174
vilp-223-case2,vilp-223,qwen,vilp,test,0,1,1,0,vision_hallucination|reasoning_hallucination,1,1.000284075740964,0.8110435687684209,31.137403120413474
vilp-223-case3,vilp-223,qwen,vilp,test,0,1,0,4,,1,1.1782421497801339,0.38868685094525834,27.666992847811223
vilp-224-case2,vilp-224,qwen,vilp,test,1,0,0,6,,1,1.0700320592377095,0.5094386071527753,4.833001533037482
vilp-224-case1,vilp-224,qwen,vilp,test,1,0,1,2,vision_hallucination,1,1.0209586627122313,-0.0,-13.398752306632097
vilp-224-case3,vilp-224,qwen,vilp,test,1,0,0,6,,1,1.017656507889227,-0.0,-12.642615522307633
vilp-225-case1,vilp-225,qwen,vilp,test,1,0,0,6,,1,1.0013786115808927,-0.0,-16.4279816877655
vilp-225-case2,vilp-225,qwen,vilp,test,0,1,0,4,,1,1.0018171072361237,-0.0,-16.2685947497725
vilp-226-case1,vilp-226,qwen,vilp,test,1,0,0,6,,1,1.0473443293079776,-0.0,-15.23251093660602
vilp-225-case3,vilp-225,qwen,vilp,test,0,1,1,1,vision_hallucination,1,1.6069218675498096,0.9008162845515131,0.27819577303629295
vilp-226-case2,vilp-226,qwen,vilp,test,0,1,0,6,,1,1.6942323142917266,1.0840161311423886,37.86986859327556
vilp-226-case3,vilp-226,qwen,vilp,test,1,0,0,6,,1,1.0274038318696401,0.4927704622690774,-11.608192961989385
vilp-227-case1,vilp-227,qwen,vilp,test,1,0,0,6,,1,1.1987550309665358,-0.0,37.881828218339365
vilp-227-case2,vilp-227,qwen,vilp,test,0,1,0,4,,1,1.2280927888833315,-0.0,20.788114246087503
vilp-227-case3,vilp-227,qwen,vilp,test,0,1,0,4,,1,1.5561617905467615,-0.0,45.79944606393393
vilp-228-case3,vilp-228,qwen,vilp,test,1,0,0,6,,1,1.0160815659847944,0.45250341969172003,-3.45408308449338
vilp-228-case1,vilp-228,qwen,vilp,test,1,0,0,6,,1,1.0039120422481134,-0.0,-8.742704989217753
vilp-228-case2,vilp-228,qwen,vilp,test,1,0,0,6,,1,1.175151594464755,-0.0,26.352304358924908
vilp-229-case1,vilp-229,qwen,vilp,test,1,0,0,6,,1,1.0053445393209297,-0.0,-17.876483472216243
vilp-229-case2,vilp-229,qwen,vilp,test,1,0,0,6,,1,1.0003141873876977,0.39286302875083245,25.966030098752718
vilp-229-case3,vilp-229,qwen,vilp,test,1,0,0,6,,1,1.0197189313534627,0.6651148622541041,-0.918472923144547
vilp-230-case1,vilp-230,qwen,vilp,test,1,0,0,6,,1,1.0031267769433672,-0.0,-15.91624729426677
vilp-230-case2,vilp-230,qwen,vilp,test,0,1,1,1,reasoning_hallucination,1,1.0101138972877073,0.5362215532705573,11.54632865995975
vilp-230-case3,vilp-230,qwen,vilp,test,0,1,0,4,,1,1.0163721787954798,0.6645246396513874,9.441022671430373
vilp-231-case1,vilp-231,qwen,vilp,test,1,0,0,6,,1,1.004725315823115,-0.0,-18.073840752204884
vilp-231-case2,vilp-231,qwen,vilp,test,0,1,1,1,vision_hallucination,1,1.0455765638220846,0.09348872465230182,9.252770318647913
vilp-232-case1,vilp-232,qwen,vilp,test,1,0,1,2,vision_hallucination,1,1.0049316880842958,-0.0,-14.027498246918737
vilp-231-case3,vilp-231,qwen,vilp,test,0,1,1,1,reasoning_hallucination,1,1.0107325340019773,-0.0,-14.029278543761727
vilp-232-case2,vilp-232,qwen,vilp,test,1,0,0,6,,1,1.0004122668942905,0.5601247050233203,10.578264009245789
vilp-233-case1,vilp-233,qwen,vilp,test,1,0,0,6,,1,1.0008356010892856,-0.0,-14.114488592821594
vilp-232-case3,vilp-232,qwen,vilp,test,1,0,0,5,,1,1.0095742020338059,0.433096130393822,-7.74872026009791
vilp-233-case2,vilp-233,qwen,vilp,test,0,1,1,1,reasoning_hallucination,1,1.1851084846781388,0.4896455555629222,20.32550709469117
vilp-233-case3,vilp-233,qwen,vilp,test,0,1,1,1,reasoning_hallucination,1,1.0079390149675742,0.6029039534921556,10.874176212637764
vilp-234-case1,vilp-234,qwen,vilp,test,1,0,1,2,vision_hallucination,1,1.0022429422400732,-0.0,-14.698059852727168
vilp-234-case3,vilp-234,qwen,vilp,test,0,1,0,5,,1,1.0005846020240767,-0.0,-14.810798064450339
vilp-234-case2,vilp-234,qwen,vilp,test,1,0,0,4,,1,1.010970554280369,1.0026111117269492,13.545749873268813
vilp-235-case1,vilp-235,qwen,vilp,test,1,0,0,6,,1,1.1907189311481947,-0.0,-6.764513203612271
vilp-235-case2,vilp-235,qwen,vilp,test,0,1,0,4,,1,1.0624836112270466,0.6862920427473347,2.4197459574588205
vilp-235-case3,vilp-235,qwen,vilp,test,0,1,0,4,,1,1.1264598897829228,0.42946487302919545,4.918534110878689
vilp-236-case1,vilp-236,qwen,vilp,test,0,1,0,4,,1,1.546496610931678,0.6847803983781021,38.40394076050498
vilp-236-case2,vilp-236,qwen,vilp,test,0,1,0,4,,1,1.2499397229944371,0.8710882562649214,28.99053881967852
vilp-236-case3,vilp-236,qwen,vilp,test,0,1,1,2,reasoning_hallucination,1,1.720028114365922,0.7237830307031017,38.12848041327723
vilp-237-case1,vilp-237,qwen,vilp,test,1,0,0,6,,1,1.0024071931442202,-0.0,-17.831298773218744
vilp-238-case1,vilp-238,qwen,vilp,test,1,0,0,6,,1,1.013408776956872,-0.0,-14.684106395375112
vilp-237-case2,vilp-237,qwen,vilp,test,0,1,0,4,,1,1.3580038295341113,0.22668351774289552,2.3419465299510414
vilp-237-case3,vilp-237,qwen,vilp,test,0,1,0,4,,1,1.0105364323615835,0.33203776385339134,38.30373387493117
vilp-238-case2,vilp-238,qwen,vilp,test,1,0,0,6,,1,1.1580152995788318,0.5230281154484205,-0.7547790543781581
vilp-238-case3,vilp-238,qwen,vilp,test,0,1,1,1,vision_hallucination|reasoning_hallucination,1,1.1148423312631353,0.6812978457565564,-2.1299385585810215
vilp-239-case3,vilp-239,qwen,vilp,test,1,0,0,6,,1,1.0183342307613001,0.11071485846761467,9.775809025213913
vilp-239-case1,vilp-239,qwen,vilp,test,1,0,0,6,,1,1.0010545201992125,-0.0,-17.858169523705804
vilp-239-case2,vilp-239,qwen,vilp,test,0,1,0,5,,1,1.001198636699009,0.16743641086420566,11.63128479306037
vilp-240-case1,vilp-240,qwen,vilp,test,1,0,0,6,,1,1.0005911767267146,0.018721691158216553,4.877603328387568
vilp-240-case2,vilp-240,qwen,vilp,test,0,1,0,4,,1,1.000653527218611,-0.0,-18.107524659668503
vilp-240-case3,vilp-240,qwen,vilp,test,1,0,1,2,reasoning_hallucination,1,1.1493657461356412,0.3779607739516443,45.228179560453974
vilp-241-case1,vilp-241,qwen,vilp,test,1,0,0,6,,1,1.0004712202081558,0.49931091484935763,-13.379585641611907
vilp-241-case3,vilp-241,qwen,vilp,test,0,1,1,1,reasoning_hallucination,1,1.5743639386005406,0.10505504098579604,17.407438190301367
vilp-242-case1,vilp-242,qwen,vilp,test,1,0,0,6,,1,1.002013475729968,-0.0,-12.570888217862068
vilp-242-case2,vilp-242,qwen,vilp,test,0,1,1,2,vision_hallucination|reasoning_hallucination,1,1.0079639512738174,-0.0,-11.938790197415665
vilp-241-case2,vilp-241,qwen,vilp,test,0,1,1,2,reasoning_hallucination,1,1.0012944571237674,0.7421025498536736,23.16430774525822
vilp-242-case3,vilp-242,qwen,vilp,test,0,1,1,1,reasoning_hallucination,1,1.0021630845077556,-0.0,-8.885135821944347
vilp-243-case1,vilp-243,qwen,vilp,test,1,0,0,6,,1,1.002386273007408,-0.0,-18.791973839705616
vilp-243-case3,vilp-243,qwen,vilp,test,0,1,1,1,reasoning_hallucination,1,1.0973547667809984,0.6845941803948357,51.99003996256072
vilp-243-case2,vilp-243,qwen,vilp,test,0,1,1,1,vision_hallucination,1,1.0018948331399122,0.21495097310007938,3.545785676905485
vilp-244-case3,vilp-244,qwen,vilp,test,0,1,1,1,reasoning_hallucination,1,1.0153736698937104,0.09735279176007011,9.265166905344772
vilp-244-case2,vilp-244,qwen,vilp,test,0,1,1,1,vision_hallucination|reasoning_hallucination,1,1.0017661999280394,0.6725460343468466,11.83956655216998
vilp-244-case1,vilp-244,qwen,vilp,test,1,0,0,6,,1,1.0010970330199052,-0.0,-16.183610542652726
vilp-245-case1,vilp-245,qwen,vilp,test,1,0,0,6,,1,1.0049369334367808,-0.0,-16.143945268864453
vilp-246-case1,vilp-246,qwen,vilp,test,1,0,0,6,,1,1.0038604953744321,-0.0,-13.847928830064387
vilp-245-case3,vilp-245,qwen,vilp,test,0,1,0,5,,1,1.0249066734146473,0.21208132674399693,6.702340892724514
vilp-245-case2,vilp-245,qwen,vilp,test,0,1,1,2,reasoning_hallucination,1,1.1213294264429179,0.6679979474034556,-6.402736879249838
vilp-246-case2,vilp-246,qwen,vilp,test,1,0,0,6,,1,1.5875410925448736,-0.0,-3.5611175750140003
vilp-246-case3,vilp-246,qwen,vilp,test,0,1,1,1,vision_hallucination|reasoning_hallucination,1,1.020970377967862,0.5178580299720622,4.550079513659126
vilp-247-case1,vilp-247,qwen,vilp,test,1,0,0,6,,1,1.0069225656946583,-0.0,-15.172615477663271
vilp-247-case3,vilp-247,qwen,vilp,test,0,1,0,4,,1,1.007413114538012,-0.0,-9.753462786806132
vilp-248-case1,vilp-248,qwen,vilp,test,1,0,0,6,,1,1.000562073120097,-0.0,-16.382349123806115
vilp-248-case2,vilp-248,qwen,vilp,test,0,1,1,1,vision_hallucination|reasoning_hallucination,1,1.0010991526959128,-0.0,-14.760676299470404
vilp-247-case2,vilp-247,qwen,vilp,test,0,1,0,4,,1,1.0016264915375557,0.6645049323600472,39.23289621546704
vilp-248-case3,vilp-248,qwen,vilp,test,0,1,1,1,reasoning_hallucination,1,1.0006080588877388,-0.0,-15.240204787147237
vilp-249-case2,vilp-249,qwen,vilp,test,1,0,0,6,,1,1.0025879713920625,0.39027109375075575,40.79428158470884
vilp-250-case1,vilp-250,qwen,vilp,test,1,0,0,6,,1,1.0147888663848816,0.7026604194500654,27.89316431006756
vilp-249-case1,vilp-249,qwen,vilp,test,1,0,1,2,vision_hallucination,1,1.0006727974616965,-0.0,-17.095444057638183
vilp-249-case3,vilp-249,qwen,vilp,test,0,1,0,4,,1,1.001619534003966,1.2711494511221268,35.57251956513031
vilp-250-case3,vilp-250,qwen,vilp,test,0,1,0,4,,1,1.0575449479351315,0.6790397811499873,38.38458785432943
vilp-250-case2,vilp-250,qwen,vilp,test,0,1,0,5,,1,1.9629622591978508,0.5430027534498538,35.019467175961836
vilp-251-case1,vilp-251,qwen,vilp,test,1,0,0,6,,1,1.0002317179106521,-0.0,-21.186192198679105
vilp-251-case3,vilp-251,qwen,vilp,test,1,0,0,6,,1,1.0086302895340655,0.49923913185748026,-13.349673077580475
vilp-252-case1,vilp-252,qwen,vilp,test,1,0,0,6,,1,1.0001447045255611,-0.0,-16.225332150606153
vilp-251-case2,vilp-251,qwen,vilp,test,0,1,0,4,,1,1.0169675238113633,1.312792588053399,2.1662296061392796
vilp-252-case2,vilp-252,qwen,vilp,test,1,0,0,5,,1,1.8833352822028173,0.16651363338617164,12.53810422642005
vilp-252-case3,vilp-252,qwen,vilp,test,1,0,0,6,,1,1.0049202716755725,-0.0,-7.2213626382494205
vilp-253-case1,vilp-253,qwen,vilp,test,1,0,0,6,,1,1.0007075779017605,-0.0,-15.567653227439921
vilp-254-case1,vilp-254,qwen,vilp,test,1,0,0,6,,1,1.0099945210232641,-0.0,-16.403351742615584
vilp-253-case3,vilp-253,qwen,vilp,test,1,0,0,6,,1,3.7974787272945982,0.888857111607807,23.772527564142717
vilp-253-case2,vilp-253,qwen,vilp,test,1,0,0,5,,1,1.0054935217045036,-0.0,-3.485656243412521
vilp-254-case2,vilp-254,qwen,vilp,test,1,0,0,6,,1,1.017019911405733,-0.0,-11.042265359992005
vilp-254-case3,vilp-254,qwen,vilp,test,1,0,0,6,,1,1.0035743714143255,-0.0,3.208883242961793
vilp-255-case1,vilp-255,qwen,vilp,test,1,0,0,6,,1,1.0036944151803133,-0.0,-19.311548530692022
vilp-255-case3,vilp-255,qwen,vilp,test,1,0,0,6,,1,1.0178446553560685,1.1917005350618082,17.658700216604977
vilp-255-case2,vilp-255,qwen,vilp,test,0,1,1,2,vision_hallucination|reasoning_hallucination,1,1.0120086738493361,0.3680817660424466,2.358735031097863
vilp-256-case1,vilp-256,qwen,vilp,test,1,0,0,6,,1,1.0003049645987971,-0.0,-18.991068538999357
vilp-256-case2,vilp-256,qwen,vilp,test,0,1,1,1,reasoning_hallucination,1,1.0003726352407862,0.4986264216607589,-16.58259363509411
vilp-256-case3,vilp-256,qwen,vilp,test,1,0,0,6,,1,1.0004270866363472,0.6730328141995513,-15.910231577493256
vilp-257-case1,vilp-257,qwen,vilp,test,1,0,0,6,,1,1.0000110268564142,-0.0,10.687647855769058
vilp-257-case2,vilp-257,qwen,vilp,test,1,0,0,6,,1,1.0065637826184604,0.9313935200964066,-1.7216491231036493
vilp-257-case3,vilp-257,qwen,vilp,test,0,1,1,1,reasoning_hallucination,1,1.0000150799728693,1.2852639104800434,2.1198637909227855
vilp-258-case1,vilp-258,qwen,vilp,test,1,0,0,6,,1,1.0009748549408208,-0.0,-16.589354396433297
vilp-258-case3,vilp-258,qwen,vilp,test,1,0,0,6,,1,1.0024203063096173,0.48825401072880636,-12.902087779140617
vilp-258-case2,vilp-258,qwen,vilp,test,1,0,0,5,,1,1.016281365580028,0.5693779618878074,17.42348638021326
vilp-259-case1,vilp-259,qwen,vilp,test,1,0,0,6,,1,1.0997906886466533,0.008435128824723437,15.299889833933923
vilp-259-case3,vilp-259,qwen,vilp,test,1,0,0,6,,1,1.0007597208251324,0.7482345500892413,30.43205216055631
vilp-259-case2,vilp-259,qwen,vilp,test,1,0,0,6,,1,1.001946738855853,0.31874567196075976,7.6168426130426
vilp-260-case1,vilp-260,qwen,vilp,test,1,0,0,6,,1,1.0007984637953076,-0.0,-15.259002487632333
vilp-260-case3,vilp-260,qwen,vilp,test,1,0,0,6,,1,1.0002213716443575,-0.0,-19.74649535892326
vilp-261-case1,vilp-261,qwen,vilp,test,1,0,0,6,,1,1.0147323876939354,-0.0,-12.755853088283603
vilp-260-case2,vilp-260,qwen,vilp,test,1,0,0,6,,1,1.000634431840113,-0.0,-19.72559260573814
vilp-261-case3,vilp-261,qwen,vilp,test,1,0,0,6,,2,1.0334718241280156,-0.0,21.08515498106686
vilp-262-case1,vilp-262,qwen,vilp,test,1,0,0,6,,1,1.0006024837365721,-0.0,-18.305505238108484
vilp-261-case2,vilp-261,qwen,vilp,test,1,0,0,6,,1,1.0089429615102505,-0.0,-14.823305012915673
vilp-262-case2,vilp-262,qwen,vilp,test,1,0,0,6,,1,1.018688393605956,-0.0,-11.614997723521427
vilp-262-case3,vilp-262,qwen,vilp,test,1,0,0,6,,1,1.002228637351856,-0.0,-13.761182065458858
vilp-263-case1,vilp-263,qwen,vilp,test,1,0,0,6,,1,1.0024034375600575,0.41051581261153813,-0.47941247209189797
vilp-263-case2,vilp-263,qwen,vilp,test,0,1,1,1,vision_hallucination|reasoning_hallucination,2,1.032899524888975,0.994714790333723,9.484283256774678
vilp-263-case3,vilp-263,qwen,vilp,test,1,0,0,6,,1,1.003574145980798,1.0052435299857438,20.4827882837041
vilp-264-case1,vilp-264,qwen,vilp,test,1,0,0,6,,1,1.0014668987222062,-0.0,-18.357119406500157
vilp-264-case2,vilp-264,qwen,vilp,test,1,0,0,6,,1,1.002263654707107,1.3671019455138282,26.128213926051995
vilp-264-case3,vilp-264,qwen,vilp,test,1,0,0,6,,1,1.0084100811886791,-0.0,-12.939658286886829
vilp-265-case1,vilp-265,qwen,vilp,test,1,0,0,6,,1,1.0002951483995501,-0.0,-17.27565573669622
vilp-265-case2,vilp-265,qwen,vilp,test,1,0,1,1,vision_hallucination|reasoning_hallucination,1,1.0010688948229036,-0.0,-9.668481679994017
vilp-266-case1,vilp-266,qwen,vilp,test,1,0,0,6,,1,1.0041386325857384,0.500930754813896,-15.37128273567782
vilp-265-case3,vilp-265,qwen,vilp,test,0,1,0,6,,1,1.4767884383901817,0.2271408955190099,37.96085817193977
vilp-266-case2,vilp-266,qwen,vilp,test,0,1,1,2,reasoning_hallucination,1,1.002069075691325,0.32472083635750915,20.567811571148898
vilp-266-case3,vilp-266,qwen,vilp,test,0,1,1,2,reasoning_hallucination,1,2.1851592084790403,0.6778507670323712,-6.10648258258533
vilp-267-case3,vilp-267,qwen,vilp,test,1,0,0,5,,2,1.6213839184726158,0.9794673914178778,21.66100769173233
vilp-267-case1,vilp-267,qwen,vilp,test,1,0,0,6,,1,1.0005262912994584,-0.0,-17.922381062127926
vilp-267-case2,vilp-267,qwen,vilp,test,1,0,0,6,,1,1.0041917370026407,0.6404108541198504,5.751630620028131
vilp-268-case2,vilp-268,qwen,vilp,test,1,0,0,6,,1,1.457195512324645,0.5131598958927908,38.240987396955305
vilp-268-case1,vilp-268,qwen,vilp,test,1,0,0,6,,1,1.0243539763349645,-0.0,9.931945219147014
vilp-268-case3,vilp-268,qwen,vilp,test,0,1,0,4,,1,1.1654079933856905,0.19339215036925228,62.05682817693574
vilp-269-case1,vilp-269,qwen,vilp,test,1,0,1,1,vision_hallucination,1,1.0004012281020112,-0.0,5.435440474887159
vilp-270-case1,vilp-270,qwen,vilp,test,1,0,0,6,,2,1.0879835147462142,-0.0,32.204095531968214
vilp-269-case3,vilp-269,qwen,vilp,test,0,1,0,5,,1,1.0031353379068912,0.32299374156256366,30.19515596913066
vilp-269-case2,vilp-269,qwen,vilp,test,0,1,1,2,reasoning_hallucination,1,1.7683710655203257,0.3436248449066829,0.5254359008063805
vilp-270-case2,vilp-270,qwen,vilp,test,0,1,1,1,vision_hallucination,1,1.0008317808814937,0.45259385164123106,-11.414117896848122
vilp-270-case3,vilp-270,qwen,vilp,test,0,1,0,4,,2,1.1046228706973973,-0.0,26.595423466157825
vilp-271-case1,vilp-271,qwen,vilp,test,1,0,0,6,,1,1.0021470254194627,-0.0,-18.427046166473836
vilp-271-case3,vilp-271,qwen,vilp,test,0,1,0,5,,1,1.0047374357666328,-0.0,-12.949712036797978
vilp-271-case2,vilp-271,qwen,vilp,test,0,1,1,1,reasoning_hallucination,1,1.002180940776472,-0.0,-8.86371124238735
vilp-272-case1,vilp-272,qwen,vilp,test,1,0,0,6,,1,1.0027850126863493,0.6127644925118229,5.031854727082203
vilp-272-case2,vilp-272,qwen,vilp,test,0,1,0,4,,1,1.0014900523342214,-0.0,-13.79205062430906
vilp-272-case3,vilp-272,qwen,vilp,test,0,1,0,4,,1,1.0038134749762528,0.7295735159594976,12.056524881302867
vilp-273-case1,vilp-273,qwen,vilp,test,1,0,0,6,,1,1.000420358840522,-0.0,-20.817954650257622
vilp-273-case2,vilp-273,qwen,vilp,test,1,0,0,6,,1,1.7226140549984537,-0.0,-12.088292281595969
vilp-273-case3,vilp-273,qwen,vilp,test,1,0,0,6,,1,1.0353863556656393,0.5091976827861273,13.733857029244684
vilp-274-case1,vilp-274,qwen,vilp,test,1,0,0,6,,1,1.0010183236791845,0.07315620669152108,5.752122988964992
vilp-274-case2,vilp-274,qwen,vilp,test,0,1,0,4,,1,1.0505231736321965,-0.0,22.6121613212573
vilp-274-case3,vilp-274,qwen,vilp,test,0,1,0,5,,1,1.2014976427673714,0.985229989606372,29.339986574151677
vilp-275-case2,vilp-275,qwen,vilp,test,1,0,0,6,,1,1.1929447063533913,0.7610042058100788,21.102295732011857
vilp-275-case1,vilp-275,qwen,vilp,test,0,1,0,4,,1,1.0277119877060095,0.2562673619169238,-0.1417414497296008
vilp-275-case3,vilp-275,qwen,vilp,test,0,1,0,4,,2,1.4020578242858872,0.8096391932016503,32.285265288096284
vilp-276-case1,vilp-276,qwen,vilp,test,1,0,0,6,,1,1.0001776743654183,-0.0,-19.4192022249071
vilp-276-case2,vilp-276,qwen,vilp,test,1,0,0,6,,1,1.0005865110392265,0.47817718644646234,-5.967004660011666
vilp-276-case3,vilp-276,qwen,vilp,test,0,1,0,4,,1,1.3412085542993504,0.7154171811369489,14.118982174929798
vilp-277-case1,vilp-277,qwen,vilp,test,1,0,0,6,,1,1.0527374732241994,0.9910169968332805,30.27477248306898
vilp-277-case3,vilp-277,qwen,vilp,test,1,0,0,6,,1,1.0026602210115643,0.7430256255017813,31.862971791556657
vilp-277-case2,vilp-277,qwen,vilp,test,1,0,0,5,,1,1.003486663741841,0.2650079946643879,5.456269203312086
vilp-278-case1,vilp-278,qwen,vilp,test,1,0,0,6,,1,2.02278014431155,0.6840605855086225,37.15162888448817
vilp-278-case2,vilp-278,qwen,vilp,test,1,0,0,6,,1,1.071205344387064,0.46943204771238733,20.895792231593365
vilp-278-case3,vilp-278,qwen,vilp,test,1,0,1,2,reasoning_hallucination,1,1.014890909460204,-0.0,-13.515089931822748
vilp-279-case2,vilp-279,qwen,vilp,test,0,1,0,5,,1,1.007973931797118,-0.0,12.04660514615637
vilp-279-case1,vilp-279,qwen,vilp,test,1,0,0,6,,1,1.0036897707223966,-0.0,-12.552541827427572
vilp-279-case3,vilp-279,qwen,vilp,test,0,1,0,4,,1,1.0086484066077526,-0.0,-12.982009883606233
vilp-280-case1,vilp-280,qwen,vilp,test,1,0,0,6,,1,1.0008523899964823,-0.0,-16.489714013265537
vilp-280-case2,vilp-280,qwen,vilp,test,1,0,0,6,,1,1.0078991125078904,0.6884877973201158,11.006519316853716
vilp-280-case3,vilp-280,qwen,vilp,test,1,0,1,2,reasoning_hallucination,1,1.0016918764172555,1.042935994812906,7.054426307839114
vilp-281-case1,vilp-281,qwen,vilp,test,0,1,0,4,,1,1.0130088331101974,1.0647705639407008,11.669581083420269
vilp-281-case2,vilp-281,qwen,vilp,test,1,0,0,6,,1,1.0077781896004707,0.991244374124678,3.6005184584395673
vilp-282-case1,vilp-282,qwen,vilp,test,1,0,0,6,,1,1.0185263161460847,-0.0,-7.5198690853561345
vilp-281-case3,vilp-281,qwen,vilp,test,0,1,0,5,,1,1.033685923619707,0.27458208435130377,29.926777962626826
vilp-282-case2,vilp-282,qwen,vilp,test,1,0,0,6,,1,1.0024356076895171,0.6237271699677035,1.943092941446313
vilp-282-case3,vilp-282,qwen,vilp,test,1,0,0,6,,1,1.014988086903809,1.4791636116289961,21.074239699395875
vilp-283-case1,vilp-283,qwen,vilp,test,1,0,0,6,,1,1.0060794352950349,-0.0,-14.375221466646815
vilp-283-case3,vilp-283,qwen,vilp,test,1,0,0,6,,1,1.0220294967388863,1.3189038510109552,36.882761402455564
vilp-283-case2,vilp-283,qwen,vilp,test,1,0,0,6,,1,1.0013942272474778,0.896564522609218,10.320310526120593
vilp-284-case1,vilp-284,qwen,vilp,test,1,0,0,6,,1,1.0006276369328595,-0.0,-17.738740948077655
vilp-284-case2,vilp-284,qwen,vilp,test,1,0,0,6,,1,1.000289520932204,-0.0,-16.11183135394577
vilp-284-case3,vilp-284,qwen,vilp,test,1,0,0,6,,1,1.0836040646870864,0.0434460966204429,13.273155644209464
vilp-285-case2,vilp-285,qwen,vilp,test,1,0,0,6,,1,1.0001069307305075,0.569379344029909,6.805592521896385
vilp-285-case1,vilp-285,qwen,vilp,test,1,0,0,6,,1,1.0000395774851334,-0.0,-19.91265700252608
vilp-285-case3,vilp-285,qwen,vilp,test,1,0,0,6,,1,1.0002493858423294,-0.0,-15.529683354856004
vilp-286-case2,vilp-286,qwen,vilp,test,1,0,0,6,,1,1.0341006510985669,-0.0,-10.708657567177518
vilp-286-case1,vilp-286,qwen,vilp,test,1,0,0,6,,1,1.0011092424047456,-0.0,-17.985586654594265
vilp-286-case3,vilp-286,qwen,vilp,test,1,0,0,6,,1,1.039199739358506,-0.0,-8.208262364535425
vilp-287-case1,vilp-287,qwen,vilp,test,1,0,0,6,,1,1.0138826371056282,-0.0,-11.683403742987222
vilp-288-case1,vilp-288,qwen,vilp,test,1,0,0,6,,1,1.002903304801533,-0.0,-15.855207041027272
vilp-287-case2,vilp-287,qwen,vilp,test,1,0,1,2,vision_hallucination,1,1.03569615920654,-0.0,-6.42880251622289
vilp-287-case3,vilp-287,qwen,vilp,test,1,0,1,2,vision_hallucination,1,1.0089752607660902,-0.0,-1.8088580838065518
vilp-288-case2,vilp-288,qwen,vilp,test,1,0,0,6,,1,1.0859572606573797,0.5653285205003513,16.413574564721976
vilp-288-case3,vilp-288,qwen,vilp,test,1,0,0,6,,1,1.2720153152992528,0.11498018068587328,24.413100607991996
vilp-289-case1,vilp-289,qwen,vilp,test,1,0,0,6,,1,1.0001704692894844,-0.0,-15.219862867348093
vilp-289-case2,vilp-289,qwen,vilp,test,1,0,0,6,,1,1.2049303439477643,1.3354629867755476,27.995515903288442
vilp-289-case3,vilp-289,qwen,vilp,test,0,1,1,1,vision_hallucination,1,1.2368259437335711,0.8731838243850065,28.13515365645449
vilp-290-case1,vilp-290,qwen,vilp,test,1,0,0,6,,1,1.0091317494038936,-0.0,-17.31531972239268
vilp-290-case3,vilp-290,qwen,vilp,test,0,1,1,1,reasoning_hallucination,1,1.010336491864396,0.6757728212607015,-6.291369922172194
vilp-290-case2,vilp-290,qwen,vilp,test,1,0,0,6,,1,1.0013949871290002,-0.0,-18.08746001563662
vilp-291-case1,vilp-291,qwen,vilp,test,1,0,0,6,,1,1.003369342899689,-0.0,-15.951529203570374
vilp-291-case3,vilp-291,qwen,vilp,test,1,0,1,2,vision_hallucination|reasoning_hallucination,1,1.4434013370469982,0.48308593273514466,30.64842364754153
vilp-292-case1,vilp-292,qwen,vilp,test,1,0,0,6,,1,1.0026250825043488,-0.0,-15.560226958849888
vilp-291-case2,vilp-291,qwen,vilp,test,1,0,0,6,,1,1.0103130343397457,0.035498432602981494,6.987048373337242
vilp-292-case2,vilp-292,qwen,vilp,test,1,0,0,6,,1,1.0317891151450589,0.890254535334297,47.82428103560417
vilp-292-case3,vilp-292,qwen,vilp,test,1,0,0,6,,1,1.5170082162410852,0.6345846362392277,10.856013468327344
vilp-293-case1,vilp-293,qwen,vilp,test,1,0,1,1,reasoning_hallucination,2,1.231519107283035,0.1812281547153376,36.950889347848914
vilp-293-case3,vilp-293,qwen,vilp,test,1,0,1,2,vision_hallucination,1,1.0273736864512295,-0.0,43.59568063552972
vilp-293-case2,vilp-293,qwen,vilp,test,0,1,0,4,,2,1.3897905101473564,0.39455119301547004,44.73395075534654
vilp-294-case1,vilp-294,qwen,vilp,test,1,0,0,6,,1,1.0049813985972726,-0.0,-13.769327929583856
vilp-294-case2,vilp-294,qwen,vilp,test,0,1,0,5,,1,1.0189937358104173,0.17491678760867915,7.671513160147965
vilp-294-case3,vilp-294,qwen,vilp,test,1,0,1,1,reasoning_hallucination,1,1.6944506793676017,0.6819584050094372,-7.030939199869154
vilp-295-case1,vilp-295,qwen,vilp,test,1,0,0,5,,1,1.0008909702232611,0.509019466878226,-8.7293191967705
vilp-295-case2,vilp-295,qwen,vilp,test,1,0,0,6,,1,1.0014141798526492,0.5296432083893347,18.754964798157992
vilp-295-case3,vilp-295,qwen,vilp,test,0,1,1,1,reasoning_hallucination,1,1.4442388491463771,0.6080821828823041,21.976795603076738
vilp-296-case3,vilp-296,qwen,vilp,test,1,0,0,6,,1,1.074799933957262,1.0441216084267493,20.492981514848847
vilp-296-case2,vilp-296,qwen,vilp,test,1,0,0,6,,1,1.0003239605647747,-0.0,-13.874679096188862
vilp-296-case1,vilp-296,qwen,vilp,test,1,0,0,6,,1,1.0004333257661604,-0.0,-14.465570363485327
vilp-297-case1,vilp-297,qwen,vilp,test,1,0,0,6,,1,1.0032323598859312,-0.0,-12.883500819886939
vilp-297-case3,vilp-297,qwen,vilp,test,1,0,0,5,,1,1.0064307728587893,0.5405898085709342,-3.339809086634448
vilp-297-case2,vilp-297,qwen,vilp,test,1,0,0,6,,1,1.039713860179746,-0.0,-11.64630253057684
vilp-298-case1,vilp-298,qwen,vilp,test,1,0,0,6,,1,1.0016618967227442,0.07553998496644285,4.724968529919941
vilp-298-case3,vilp-298,qwen,vilp,test,1,0,0,6,,1,1.1815070894180515,-0.0,-0.8421452761121699
vilp-298-case2,vilp-298,qwen,vilp,test,0,1,0,5,,1,1.4066005757416185,0.6416841872013817,7.116486393028964
vilp-299-case1,vilp-299,qwen,vilp,test,1,0,0,6,,1,1.0004532843253209,-0.0,-21.037890216978948
vilp-299-case2,vilp-299,qwen,vilp,test,1,0,0,6,,1,1.0764734957495268,0.9628277007762907,-2.112442745913442
vilp-299-case3,vilp-299,qwen,vilp,test,0,1,1,2,vision_hallucination|reasoning_hallucination,1,1.2160458497912667,0.4446158067021705,3.5870075289502843
hallusionbench-image-VS-chart-0-1-0,hallusionbench-image-VS-chart-0,qwen,hallusionbench,image,0,1,1,1,vision_hallucination,1,1.0050079821377067,-0.0,-9.112787449016349
hallusionbench-image-VS-chart-0-1-1,hallusionbench-image-VS-chart-0,qwen,hallusionbench,image,1,0,0,6,,1,1.0059524772228756,-0.0,-16.21653874084513
hallusionbench-image-VS-chart-0-1-2,hallusionbench-image-VS-chart-0,qwen,hallusionbench,image,1,0,1,1,vision_hallucination,1,1.0004515647919021,-0.0,-18.97645746492222
hallusionbench-image-VS-chart-0-1-3,hallusionbench-image-VS-chart-0,qwen,hallusionbench,image,1,0,0,6,,1,1.0076594354278667,0.6771939591853451,-1.347127689807376
hallusionbench-image-VS-chart-1-1-0,hallusionbench-image-VS-chart-1,qwen,hallusionbench,image,1,0,1,2,vision_hallucination,1,1.0002321004823103,-0.0,106.56970298060398
hallusionbench-image-VS-chart-1-1-1,hallusionbench-image-VS-chart-1,qwen,hallusionbench,image,1,0,1,2,vision_hallucination,1,1.0062963963619993,0.5029774551675507,-12.464120493192883
hallusionbench-image-VS-chart-1-1-2,hallusionbench-image-VS-chart-1,qwen,hallusionbench,image,0,1,1,1,vision_hallucination,1,1.0006291866373345,-0.0,2.827013944327355
hallusionbench-image-VS-chart-1-1-3,hallusionbench-image-VS-chart-1,qwen,hallusionbench,image,1,0,1,1,vision_hallucination,1,1.0003967285239241,0.47278540947847886,-0.9809028694489292
hallusionbench-image-VS-chart-1-1-4,hallusionbench-image-VS-chart-1,qwen,hallusionbench,image,1,0,1,1,reasoning_hallucination,1,1.0016407967006675,-0.0,20.13711800091147
hallusionbench-image-VS-chart-1-1-5,hallusionbench-image-VS-chart-1,qwen,hallusionbench,image,1,0,0,6,,1,1.0050294398600697,-0.0,-8.344118262867042
hallusionbench-image-VS-chart-1-1-6,hallusionbench-image-VS-chart-1,qwen,hallusionbench,image,0,1,1,1,vision_hallucination|reasoning_hallucination,1,1.785823904611811,0.6569141275562033,231.2290444386875
hallusionbench-image-VS-chart-1-1-7,hallusionbench-image-VS-chart-1,qwen,hallusionbench,image,1,0,1,1,vision_hallucination|reasoning_hallucination,1,1.0509836690230365,0.6867342163604442,117.26797164827789
hallusionbench-image-VS-chart-2-1-0,hallusionbench-image-VS-chart-2,qwen,hallusionbench,image,1,0,0,5,,1,1.000659585024069,0.5564369308175378,105.65542342725365
hallusionbench-image-VS-chart-2-1-1,hallusionbench-image-VS-chart-2,qwen,hallusionbench,image,1,0,0,4,,1,1.0018651485081504,-0.0,-21.450608697018726
hallusionbench-image-VS-chart-2-1-2,hallusionbench-image-VS-chart-2,qwen,hallusionbench,image,1,0,1,1,vision_hallucination,1,1.000134468081896,-0.0,-18.620439923108666
hallusionbench-image-VS-chart-2-1-3,hallusionbench-image-VS-chart-2,qwen,hallusionbench,image,1,0,0,6,,1,1.0000901222236798,-0.0,-18.014488850652356
hallusionbench-image-VS-chart-2-1-4,hallusionbench-image-VS-chart-2,qwen,hallusionbench,image,1,0,1,1,vision_hallucination,1,1.001214146650724,-0.0,-16.163776930423385
hallusionbench-image-VS-chart-2-1-5,hallusionbench-image-VS-chart-2,qwen,hallusionbench,image,1,0,0,5,,1,1.0004429817275013,-0.0,-18.109823746575763
hallusionbench-image-VS-chart-2-1-6,hallusionbench-image-VS-chart-2,qwen,hallusionbench,image,1,0,1,1,vision_hallucination,1,1.0002634525356666,0.6204198417585092,217.62690479545842
hallusionbench-image-VS-chart-2-1-7,hallusionbench-image-VS-chart-2,qwen,hallusionbench,image,1,0,1,1,vision_hallucination,1,1.6097414291709315,0.02221127558574526,136.57285082256135
hallusionbench-image-VS-chart-5-1-1,hallusionbench-image-VS-chart-5,qwen,hallusionbench,image,1,0,0,5,,1,1.0028913020236825,-0.0,-12.465393086833505
hallusionbench-image-VS-chart-5-1-2,hallusionbench-image-VS-chart-5,qwen,hallusionbench,image,0,1,1,1,vision_hallucination|reasoning_hallucination,1,1.442911846865326,-0.0,104.05339297645777
hallusionbench-image-VS-chart-5-1-3,hallusionbench-image-VS-chart-5,qwen,hallusionbench,image,0,1,1,1,reasoning_hallucination,1,1.820382181237231,0.7241746585036334,296.24491215763044
hallusionbench-image-VS-chart-6-1-0,hallusionbench-image-VS-chart-6,qwen,hallusionbench,image,1,0,1,1,reasoning_hallucination,1,1.009926676903149,-0.0,-16.413679882102556
hallusionbench-image-VS-chart-6-1-1,hallusionbench-image-VS-chart-6,qwen,hallusionbench,image,1,0,0,4,,1,1.0011718273345382,-0.0,-17.9072278713594
hallusionbench-image-VS-chart-6-1-3,hallusionbench-image-VS-chart-6,qwen,hallusionbench,image,1,0,0,6,,1,1.001608967757964,-0.0,-19.536267048111572
hallusionbench-image-VS-chart-6-1-2,hallusionbench-image-VS-chart-6,qwen,hallusionbench,image,1,0,1,2,reasoning_hallucination,1,1.0004148483224882,-0.0,-14.98784479963392
hallusionbench-image-VS-chart-7-1-0,hallusionbench-image-VS-chart-7,qwen,hallusionbench,image,1,0,0,6,,1,1.006927371255142,0.5029570399530808,-11.000447134721316
hallusionbench-image-VS-chart-7-1-1,hallusionbench-image-VS-chart-7,qwen,hallusionbench,image,1,0,0,6,,1,1.3362839023299646,-0.0,148.04913401428342
hallusionbench-image-VS-chart-7-1-3,hallusionbench-image-VS-chart-7,qwen,hallusionbench,image,1,0,1,1,vision_hallucination|reasoning_hallucination,1,1.0001293420757764,-0.0,-17.769141085836647
hallusionbench-image-VS-chart-7-1-2,hallusionbench-image-VS-chart-7,qwen,hallusionbench,image,1,0,0,6,,1,1.6967842852207868,0.4361884106765208,55.47832086449805
hallusionbench-image-VS-chart-8-1-0,hallusionbench-image-VS-chart-8,qwen,hallusionbench,image,1,0,0,6,,1,1.004688620435829,-0.0,-19.881075534374997
hallusionbench-image-VS-chart-8-1-1,hallusionbench-image-VS-chart-8,qwen,hallusionbench,image,1,0,0,6,,1,1.000079512599324,-0.0,-20.42613880783156
hallusionbench-image-VS-chart-8-1-2,hallusionbench-image-VS-chart-8,qwen,hallusionbench,image,1,0,0,6,,1,1.000052809716309,-0.0,-20.71476822344098
hallusionbench-image-VS-chart-9-1-0,hallusionbench-image-VS-chart-9,qwen,hallusionbench,image,1,0,0,4,,1,1.0071631670134058,-0.0,-10.201279279419122
hallusionbench-image-VS-chart-9-1-1,hallusionbench-image-VS-chart-9,qwen,hallusionbench,image,0,1,0,6,,1,1.1830882991392524,0.6929699507230334,123.9549492471934
hallusionbench-image-VS-chart-9-1-2,hallusionbench-image-VS-chart-9,qwen,hallusionbench,image,1,0,1,2,reasoning_hallucination,1,1.2010769865330673,-0.0,1.0702670774771796
hallusionbench-image-VS-chart-9-1-3,hallusionbench-image-VS-chart-9,qwen,hallusionbench,image,1,0,0,6,,1,1.0005984306331945,0.6783778024112315,128.45084286485007
hallusionbench-image-VS-chart-10-1-0,hallusionbench-image-VS-chart-10,qwen,hallusionbench,image,1,0,0,6,,1,1.024940133768233,-0.0,-9.784171970039855
hallusionbench-image-VS-chart-10-1-1,hallusionbench-image-VS-chart-10,qwen,hallusionbench,image,1,0,0,6,,1,1.1098717444920985,-0.0,69.57368898874995
hallusionbench-image-VS-chart-10-1-3,hallusionbench-image-VS-chart-10,qwen,hallusionbench,image,1,0,0,6,,1,1.0002861022943932,-0.0,-18.161833666532015
hallusionbench-image-VS-chart-10-1-2,hallusionbench-image-VS-chart-10,qwen,hallusionbench,image,1,0,0,6,,1,1.1241583826089139,0.5203323000200103,86.07743233438802
hallusionbench-image-VS-chart-11-1-1,hallusionbench-image-VS-chart-11,qwen,hallusionbench,image,1,0,0,5,,1,1.000383257861476,0.3414121723824908,58.052997138288944
hallusionbench-image-VS-chart-11-1-0,hallusionbench-image-VS-chart-11,qwen,hallusionbench,image,1,0,0,6,,1,1.0002644061996822,-0.0,-19.84184164037845
hallusionbench-image-VS-chart-12-1-1,hallusionbench-image-VS-chart-12,qwen,hallusionbench,image,1,0,0,5,,1,1.0497193327386427,0.6896019658949448,163.3032068896906
hallusionbench-image-VS-chart-12-1-0,hallusionbench-image-VS-chart-12,qwen,hallusionbench,image,0,1,1,1,vision_hallucination|reasoning_hallucination,1,1.010562181212811,-0.0,-4.116921578067171
hallusionbench-image-VS-chart-12-1-2,hallusionbench-image-VS-chart-12,qwen,hallusionbench,image,1,0,1,1,reasoning_hallucination,1,1.009747266419875,0.8699479768614395,234.23845884921323
hallusionbench-image-VS-chart-13-1-0,hallusionbench-image-VS-chart-13,qwen,hallusionbench,image,0,1,1,1,vision_hallucination,1,1.0171495671348036,-0.0,21.46554566844734
hallusionbench-image-VS-chart-13-1-1,hallusionbench-image-VS-chart-13,qwen,hallusionbench,image,1,0,0,6,,1,1.0003402233167917,-0.0,-15.604992188091972
hallusionbench-image-VS-chart-14-1-1,hallusionbench-image-VS-chart-14,qwen,hallusionbench,image,1,0,1,1,vision_hallucination|reasoning_hallucination,1,1.693108330153027,0.4291154754740058,79.43374845685736
hallusionbench-image-VS-chart-14-1-0,hallusionbench-image-VS-chart-14,qwen,hallusionbench,image,1,0,0,4,,1,1.2006912333405335,0.3327357735672629,280.72827102639764
hallusionbench-image-VS-chart-14-1-2,hallusionbench-image-VS-chart-14,qwen,hallusionbench,image,0,1,1,1,vision_hallucination|reasoning_hallucination,1,1.0385262958986885,0.6930463188659082,143.31843324684667
hallusionbench-image-VS-chart-15-1-0,hallusionbench-image-VS-chart-15,qwen,hallusionbench,image,1,0,0,6,,1,1.0059981345619844,-0.0,-11.597835877528231
hallusionbench-image-VS-chart-15-1-1,hallusionbench-image-VS-chart-15,qwen,hallusionbench,image,1,0,0,6,,1,1.0033069847969438,-0.0,-19.689314672547724
hallusionbench-image-VS-chart-17-1-0,hallusionbench-image-VS-chart-17,qwen,hallusionbench,image,0,1,0,4,,1,1.3875769493553904,-0.0,-15.962703383844076
hallusionbench-image-VS-chart-17-1-1,hallusionbench-image-VS-chart-17,qwen,hallusionbench,image,1,0,0,6,,1,1.0001050233834878,0.6651778679125,70.437824769745
hallusionbench-image-VS-chart-17-1-2,hallusionbench-image-VS-chart-17,qwen,hallusionbench,image,1,0,1,2,reasoning_hallucination,1,1.0044412612186302,-0.0,-10.986502313354476
hallusionbench-image-VS-chart-18-1-0,hallusionbench-image-VS-chart-18,qwen,hallusionbench,image,1,0,0,6,,1,1.011062502996393,-0.0,-15.836642943610073
hallusionbench-image-VS-chart-18-1-1,hallusionbench-image-VS-chart-18,qwen,hallusionbench,image,1,0,0,6,,1,1.0068702699281782,-0.0,-14.697940943939106
hallusionbench-image-VS-chart-19-1-0,hallusionbench-image-VS-chart-19,qwen,hallusionbench,image,1,0,0,6,,1,1.0216786866543908,-0.0,44.61257109118812
hallusionbench-image-VS-chart-19-1-1,hallusionbench-image-VS-chart-19,qwen,hallusionbench,image,1,0,0,6,,1,1.0824272600597291,0.6825344284408241,54.78190578899817
hallusionbench-image-VS-chart-20-1-0,hallusionbench-image-VS-chart-20,qwen,hallusionbench,image,1,0,0,6,,1,1.0009462833419962,-0.0,-15.44370713142043
hallusionbench-image-VS-chart-20-1-1,hallusionbench-image-VS-chart-20,qwen,hallusionbench,image,1,0,0,5,,1,1.006954789332472,-0.0,117.01173173658314
hallusionbench-image-VS-chart-21-1-0,hallusionbench-image-VS-chart-21,qwen,hallusionbench,image,1,0,0,6,,1,1.0020576715512035,-0.0,-20.28193078562473
hallusionbench-image-VS-chart-21-1-1,hallusionbench-image-VS-chart-21,qwen,hallusionbench,image,0,1,1,1,vision_hallucination,1,1.0035511254995821,0.5760186148448596,116.03099888677399
hallusionbench-image-VS-table-0-1-0,hallusionbench-image-VS-table-0,qwen,hallusionbench,image,1,0,0,6,,1,1.007678270415408,-0.0,-15.820849539142248
hallusionbench-image-VS-table-0-1-2,hallusionbench-image-VS-table-0,qwen,hallusionbench,image,1,0,0,6,,1,1.0019856691552491,-0.0,14.784219141053548
hallusionbench-image-VS-table-0-1-1,hallusionbench-image-VS-table-0,qwen,hallusionbench,image,0,1,0,6,,1,1.0336951000695187,0.6133683185527589,77.31412177166763
hallusionbench-image-VS-table-1-1-1,hallusionbench-image-VS-table-1,qwen,hallusionbench,image,1,0,0,6,,1,1.0026698112117969,-0.0,-20.56408757705106
hallusionbench-image-VS-table-1-1-0,hallusionbench-image-VS-table-1,qwen,hallusionbench,image,1,0,0,6,,1,1.0001641378996062,-0.0,-19.67066667730544
hallusionbench-image-VS-table-1-1-2,hallusionbench-image-VS-table-1,qwen,hallusionbench,image,0,1,0,4,,1,1.7432272750617566,0.673774872032453,205.13465691208836
hallusionbench-image-VS-table-2-1-1,hallusionbench-image-VS-table-2,qwen,hallusionbench,image,1,0,0,6,,1,1.0019683836951565,-0.0,-19.931488224446447
hallusionbench-image-VS-table-2-1-0,hallusionbench-image-VS-table-2,qwen,hallusionbench,image,1,0,0,6,,1,1.0446165791193331,-0.0,120.71994897159695
hallusionbench-image-VS-table-2-1-2,hallusionbench-image-VS-table-2,qwen,hallusionbench,image,1,0,0,6,,1,1.0064188242705765,-0.0,-16.29241789561256
hallusionbench-image-VS-table-3-1-0,hallusionbench-image-VS-table-3,qwen,hallusionbench,image,0,1,1,1,reasoning_hallucination,1,1.471670066638273,-0.0,-6.136743565476255
hallusionbench-image-VS-table-3-1-1,hallusionbench-image-VS-table-3,qwen,hallusionbench,image,0,1,1,2,reasoning_hallucination,1,1.0102561709964528,0.6701895667838367,-8.271830351325253
hallusionbench-image-VS-table-3-1-2,hallusionbench-image-VS-table-3,qwen,hallusionbench,image,1,0,0,6,,1,1.000340938554108,-0.0,-10.785962980567303
hallusionbench-image-VS-table-4-1-0,hallusionbench-image-VS-table-4,qwen,hallusionbench,image,1,0,0,6,,1,1.432992099487042,-0.0,196.72927759446094
hallusionbench-image-VS-table-4-1-1,hallusionbench-image-VS-table-4,qwen,hallusionbench,image,1,0,0,6,,1,1.0025235413975766,-0.0,-17.94637992624528
hallusionbench-image-VS-table-4-1-2,hallusionbench-image-VS-table-4,qwen,hallusionbench,image,1,0,0,6,,1,1.0038142204218048,-0.0,-17.323128271229773
hallusionbench-image-VS-table-5-1-2,hallusionbench-image-VS-table-5,qwen,hallusionbench,image,1,0,0,6,,1,1.0131685735297635,-0.0,-15.269384169637938
hallusionbench-image-VS-table-5-1-3,hallusionbench-image-VS-table-5,qwen,hallusionbench,image,1,0,0,6,,1,1.0014452934272744,0.3475374424577161,44.55946280350874
hallusionbench-image-VS-table-10-1-1,hallusionbench-image-VS-table-10,qwen,hallusionbench,image,1,0,0,6,,1,1.0000441074384978,-0.0,26.41877804772615
hallusionbench-image-VS-table-10-1-0,hallusionbench-image-VS-table-10,qwen,hallusionbench,image,1,0,0,6,,1,1.0019629002535395,-0.0,-20.506266381917058
hallusionbench-image-VS-table-10-1-2,hallusionbench-image-VS-table-10,qwen,hallusionbench,image,1,0,0,6,,1,1.0004842281336397,-0.0,-13.274694382768516
hallusionbench-image-VS-table-10-1-3,hallusionbench-image-VS-table-10,qwen,hallusionbench,image,1,0,0,6,,1,1.000101685520403,-0.0,-19.525441894531472
hallusionbench-image-VS-table-10-2-1,hallusionbench-image-VS-table-10,qwen,hallusionbench,image,0,1,1,1,reasoning_hallucination,1,1.000448346148681,0.6746337743610592,-8.964868181592358
hallusionbench-image-VS-table-10-2-0,hallusionbench-image-VS-table-10,qwen,hallusionbench,image,0,1,1,1,vision_hallucination|reasoning_hallucination,1,1.0066121817058122,0.5019195519531091,-13.560433415608045
hallusionbench-image-VS-table-10-2-2,hallusionbench-image-VS-table-10,qwen,hallusionbench,image,0,1,1,1,vision_hallucination|reasoning_hallucination,1,1.00011348724362,0.1543302270592287,90.43915963581898
hallusionbench-image-VS-map-0-1-0,hallusionbench-image-VS-map-0,qwen,hallusionbench,image,1,0,0,6,,1,1.000167012218914,-0.0,-19.293569535243115
hallusionbench-image-VS-table-10-2-3,hallusionbench-image-VS-table-10,qwen,hallusionbench,image,0,1,1,1,reasoning_hallucination,1,1.0001873970101904,-0.0,-20.316839370109033
hallusionbench-image-VS-map-0-1-1,hallusionbench-image-VS-map-0,qwen,hallusionbench,image,1,0,0,5,,1,1.003031611444909,-0.0,-19.587465270146765
hallusionbench-image-VS-map-0-1-2,hallusionbench-image-VS-map-0,qwen,hallusionbench,image,1,0,0,4,,1,1.0001955032364658,0.4433854375059596,9.99595627330907
hallusionbench-image-VS-map-0-1-3,hallusionbench-image-VS-map-0,qwen,hallusionbench,image,1,0,0,4,,1,1.003475308388951,-0.0,96.22938704259583
hallusionbench-image-VS-map-0-2-0,hallusionbench-image-VS-map-0,qwen,hallusionbench,image,0,1,0,4,,1,1.0002673864383413,0.010043237063565025,107.995584322402
hallusionbench-image-VS-map-0-2-1,hallusionbench-image-VS-map-0,qwen,hallusionbench,image,0,1,1,1,vision_hallucination|reasoning_hallucination,1,1.025628923939981,-0.0,66.7410388360389
hallusionbench-image-VS-map-0-2-3,hallusionbench-image-VS-map-0,qwen,hallusionbench,image,0,1,0,3,,1,1.005405187565664,-0.0,-16.98811421543337
hallusionbench-image-VS-map-0-2-2,hallusionbench-image-VS-map-0,qwen,hallusionbench,image,0,1,1,1,vision_hallucination|reasoning_hallucination,1,1.0002665519834308,-0.0,5.131842814554023
hallusionbench-image-VS-map-1-1-0,hallusionbench-image-VS-map-1,qwen,hallusionbench,image,1,0,0,6,,1,1.0017710924651662,-0.0,111.51761707781138
hallusionbench-image-VS-map-1-1-1,hallusionbench-image-VS-map-1,qwen,hallusionbench,image,1,0,0,5,,1,1.000129222865629,0.3929415285838993,83.17450422763278
hallusionbench-image-VS-map-1-1-3,hallusionbench-image-VS-map-1,qwen,hallusionbench,image,1,0,0,6,,1,1.0114370586360666,0.677578560644042,64.17894676837453
hallusionbench-image-VS-map-1-1-2,hallusionbench-image-VS-map-1,qwen,hallusionbench,image,0,1,1,1,reasoning_hallucination,1,1.0510728340935345,0.5875704099959681,118.90192068217327
hallusionbench-image-VS-map-1-2-0,hallusionbench-image-VS-map-1,qwen,hallusionbench,image,0,1,1,1,reasoning_hallucination,1,1.076824424814908,-0.0,159.2098506217903
hallusionbench-image-VS-map-1-2-1,hallusionbench-image-VS-map-1,qwen,hallusionbench,image,1,0,1,1,reasoning_hallucination,1,1.0185123683719797,0.6711259913331329,-12.852593855613776
hallusionbench-image-VS-map-1-2-2,hallusionbench-image-VS-map-1,qwen,hallusionbench,image,0,1,1,1,reasoning_hallucination,1,1.0837970947613291,0.6760633425388511,-3.8958881377863523
hallusionbench-image-VS-map-1-2-3,hallusionbench-image-VS-map-1,qwen,hallusionbench,image,0,1,1,1,reasoning_hallucination,1,1.0033315421281126,-0.0,-17.01206750180515
hallusionbench-image-VS-map-2-1-0,hallusionbench-image-VS-map-2,qwen,hallusionbench,image,1,0,0,5,,1,1.0030127764363028,0.5492719215485017,120.57369978208533
hallusionbench-image-VS-map-2-1-1,hallusionbench-image-VS-map-2,qwen,hallusionbench,image,0,1,1,1,reasoning_hallucination,1,1.0101315975011729,0.6628232759440223,41.27881841628817
hallusionbench-image-VS-map-2-2-1,hallusionbench-image-VS-map-2,qwen,hallusionbench,image,1,0,1,1,vision_hallucination|reasoning_hallucination,1,1.0077878234458386,0.6235054334015602,67.0646804089491
hallusionbench-image-VS-map-2-2-0,hallusionbench-image-VS-map-2,qwen,hallusionbench,image,0,1,1,1,vision_hallucination|reasoning_hallucination,1,1.0071789024512132,0.677384924146208,7.535467976341749
hallusionbench-image-VS-map-3-1-1,hallusionbench-image-VS-map-3,qwen,hallusionbench,image,1,0,0,6,,1,1.004457712332184,-0.0,-16.88175795469846
hallusionbench-image-VS-map-3-2-0,hallusionbench-image-VS-map-3,qwen,hallusionbench,image,0,1,1,1,vision_hallucination|reasoning_hallucination,1,1.0000686645506733,0.6716058528074136,-12.441051722178276
hallusionbench-image-VS-map-3-1-0,hallusionbench-image-VS-map-3,qwen,hallusionbench,image,1,0,0,6,,1,1.000057697294373,-0.0,-20.422416328438597
hallusionbench-image-VS-map-3-2-1,hallusionbench-image-VS-map-3,qwen,hallusionbench,image,0,1,0,3,,1,1.0220136644154,0.6762544565573401,4.856302803537716
hallusionbench-image-VS-map-4-1-1,hallusionbench-image-VS-map-4,qwen,hallusionbench,image,1,0,0,6,,1,1.0000724792479199,-0.0,-18.917672432657294
hallusionbench-image-VS-map-4-1-0,hallusionbench-image-VS-map-4,qwen,hallusionbench,image,1,0,0,6,,1,1.0004727840399137,-0.0,-21.430368083991354
hallusionbench-image-VS-map-4-1-3,hallusionbench-image-VS-map-4,qwen,hallusionbench,image,1,0,0,5,,1,1.001550793596695,-0.0,-21.573092279220646
hallusionbench-image-VS-map-4-1-2,hallusionbench-image-VS-map-4,qwen,hallusionbench,image,1,0,0,6,,1,1.0000984668749258,-0.0,-19.614718192907056
hallusionbench-image-VS-map-4-2-1,hallusionbench-image-VS-map-4,qwen,hallusionbench,image,0,1,1,1,vision_hallucination|reasoning_hallucination,1,1.0001238584528087,-0.0,-22.10616368318805
hallusionbench-image-VS-map-4-2-0,hallusionbench-image-VS-map-4,qwen,hallusionbench,image,0,1,1,1,vision_hallucination|reasoning_hallucination,1,1.002544641457937,-0.0,-19.79132674450296
hallusionbench-image-VS-map-4-2-3,hallusionbench-image-VS-map-4,qwen,hallusionbench,image,0,1,1,1,vision_hallucination|reasoning_hallucination,1,1.0015504359972622,-0.0,-19.0426442290337
hallusionbench-image-VS-map-4-2-2,hallusionbench-image-VS-map-4,qwen,hallusionbench,image,0,1,1,1,vision_hallucination|reasoning_hallucination,1,1.0001133680353622,-0.0,-20.96193599542521
hallusionbench-image-VS-map-5-1-0,hallusionbench-image-VS-map-5,qwen,hallusionbench,image,0,1,0,3,,1,1.0002158880262266,-0.0,-14.730156796079005
hallusionbench-image-VS-map-5-1-1,hallusionbench-image-VS-map-5,qwen,hallusionbench,image,1,0,1,1,vision_hallucination|reasoning_hallucination,1,1.0001487731995387,-0.0,31.998983317617636
hallusionbench-image-VS-map-5-1-2,hallusionbench-image-VS-map-5,qwen,hallusionbench,image,0,1,1,1,reasoning_hallucination,1,1.0956432781721661,0.4976135277340238,-14.059921189353357
hallusionbench-image-VS-map-5-1-3,hallusionbench-image-VS-map-5,qwen,hallusionbench,image,0,1,1,1,reasoning_hallucination,1,1.000212311738721,0.6919910319212326,98.27075663411016
hallusionbench-image-VS-map-5-2-0,hallusionbench-image-VS-map-5,qwen,hallusionbench,image,1,0,1,1,vision_hallucination|reasoning_hallucination,1,1.0001354217539211,0.45889205249440707,4.999660557866633
hallusionbench-image-VS-map-5-2-1,hallusionbench-image-VS-map-5,qwen,hallusionbench,image,0,1,1,1,vision_hallucination|reasoning_hallucination,1,1.0001218318933465,0.3434021831732356,45.43792104304178
hallusionbench-image-VS-map-5-2-2,hallusionbench-image-VS-map-5,qwen,hallusionbench,image,0,1,1,1,vision_hallucination|reasoning_hallucination,1,1.0003987550726618,-0.0,102.14281296744775
hallusionbench-image-VS-map-5-2-3,hallusionbench-image-VS-map-5,qwen,hallusionbench,image,1,0,0,4,,1,1.0001045465473013,0.4869133975484342,-7.874436846625434
hallusionbench-image-VS-map-6-1-1,hallusionbench-image-VS-map-6,qwen,hallusionbench,image,0,1,1,1,reasoning_hallucination,1,1.011791586576402,0.5042810779569104,-7.853474454533975
hallusionbench-image-VS-map-6-1-0,hallusionbench-image-VS-map-6,qwen,hallusionbench,image,1,0,1,1,vision_hallucination|reasoning_hallucination,1,1.0042010547652824,-0.0,112.91567853812185
hallusionbench-image-VS-map-6-1-2,hallusionbench-image-VS-map-6,qwen,hallusionbench,image,1,0,0,4,,1,1.0070092675922468,-0.0,-13.219638182303658
hallusionbench-image-VS-map-6-2-0,hallusionbench-image-VS-map-6,qwen,hallusionbench,image,0,1,1,1,vision_hallucination|reasoning_hallucination,1,1.0077668427463822,-0.0,-13.339297635373814
hallusionbench-image-VS-map-6-2-2,hallusionbench-image-VS-map-6,qwen,hallusionbench,image,1,0,1,1,vision_hallucination|reasoning_hallucination,1,1.003315925666569,0.5028136870384883,-10.638669559210445
hallusionbench-image-VS-map-6-2-1,hallusionbench-image-VS-map-6,qwen,hallusionbench,image,1,0,1,1,vision_hallucination|reasoning_hallucination,1,1.0068928003341493,-0.0,-10.353129759051793
hallusionbench-image-VS-map-7-1-1,hallusionbench-image-VS-map-7,qwen,hallusionbench,image,0,1,1,1,vision_hallucination|reasoning_hallucination,1,1.0006083250335076,-0.0,-20.516508274612264
hallusionbench-image-VS-map-7-1-0,hallusionbench-image-VS-map-7,qwen,hallusionbench,image,1,0,0,5,,1,1.0008841753217321,-0.0,-20.76640904507758
hallusionbench-image-VS-map-7-2-1,hallusionbench-image-VS-map-7,qwen,hallusionbench,image,1,0,0,5,,1,1.0078655484763979,0.6892877997948772,101.03137623931133
hallusionbench-image-VS-map-7-2-0,hallusionbench-image-VS-map-7,qwen,hallusionbench,image,1,0,1,1,vision_hallucination|reasoning_hallucination,1,1.0143172739688509,-0.0,-3.847111651401086
hallusionbench-image-VS-map-8-1-0,hallusionbench-image-VS-map-8,qwen,hallusionbench,image,1,0,0,6,,1,1.0011655092011744,0.23273011967645146,113.80768652452537
hallusionbench-image-VS-map-8-1-1,hallusionbench-image-VS-map-8,qwen,hallusionbench,image,1,0,0,4,,1,1.0000457763671555,0.3729213175057664,40.50952288005645
hallusionbench-image-VS-map-8-2-0,hallusionbench-image-VS-map-8,qwen,hallusionbench,image,0,1,1,1,vision_hallucination|reasoning_hallucination,1,1.0054590702424886,0.011130245432924223,102.9050599083201
hallusionbench-image-VS-map-8-1-2,hallusionbench-image-VS-map-8,qwen,hallusionbench,image,1,0,1,1,vision_hallucination,1,1.0000451803190675,0.5010319141590585,-16.93332350363451
hallusionbench-image-VS-map-8-2-1,hallusionbench-image-VS-map-8,qwen,hallusionbench,image,0,1,1,1,vision_hallucination|reasoning_hallucination,1,1.0059577227506913,0.5029104376674607,-13.019868013029058
hallusionbench-image-VS-map-8-2-2,hallusionbench-image-VS-map-8,qwen,hallusionbench,image,1,0,0,6,,1,1.0033456085981955,0.5022062466029196,-15.87387896131352
hallusionbench-image-VS-map-9-1-0,hallusionbench-image-VS-map-9,qwen,hallusionbench,image,1,0,0,4,,1,1.0110399720364645,0.32107330069587664,55.031333919195795
hallusionbench-image-VS-map-9-1-1,hallusionbench-image-VS-map-9,qwen,hallusionbench,image,1,0,0,5,,1,1.0006732940839393,0.6713092900771598,-11.355162839991237
hallusionbench-image-VS-map-9-2-0,hallusionbench-image-VS-map-9,qwen,hallusionbench,image,0,1,1,1,reasoning_hallucination,1,1.0054510831930088,-0.0,-14.479159362885706
hallusionbench-image-VS-map-9-2-1,hallusionbench-image-VS-map-9,qwen,hallusionbench,image,1,0,0,4,,1,1.000306248663135,0.5035834127371465,-9.152094021534072
hallusionbench-image-VS-map-10-1-1,hallusionbench-image-VS-map-10,qwen,hallusionbench,image,1,0,0,5,,1,1.0001462697990051,-0.0,-19.9726621476088
hallusionbench-image-VS-map-10-1-0,hallusionbench-image-VS-map-10,qwen,hallusionbench,image,1,0,1,1,vision_hallucination|reasoning_hallucination,1,1.0238163478105968,0.364087658757946,100.1931304043786
hallusionbench-image-VS-map-10-2-0,hallusionbench-image-VS-map-10,qwen,hallusionbench,image,0,1,1,1,reasoning_hallucination,1,1.2035486752513402,0.4733212732631783,218.16686212103704
hallusionbench-image-VS-map-10-2-1,hallusionbench-image-VS-map-10,qwen,hallusionbench,image,0,1,1,1,reasoning_hallucination,1,1.0000517368311925,0.4993432374998339,-17.58189885756372
hallusionbench-image-VS-ocr-0-1-0,hallusionbench-image-VS-ocr-0,qwen,hallusionbench,image,1,0,0,6,,1,1.052936317019075,-0.0,170.4641719057149
hallusionbench-image-VS-ocr-0-2-0,hallusionbench-image-VS-ocr-0,qwen,hallusionbench,image,0,1,1,1,vision_hallucination|reasoning_hallucination,1,1.062358973586289,0.6918458388785056,255.97188828977386
hallusionbench-image-VS-ocr-0-2-1,hallusionbench-image-VS-ocr-0,qwen,hallusionbench,image,0,1,1,1,reasoning_hallucination,1,1.5371146019936046,-0.0,-18.112349434113106
hallusionbench-image-VS-ocr-1-1-0,hallusionbench-image-VS-ocr-1,qwen,hallusionbench,image,1,0,0,6,,1,1.0005265474169533,-0.0,-18.670319759224146
hallusionbench-image-VS-ocr-1-2-0,hallusionbench-image-VS-ocr-1,qwen,hallusionbench,image,0,1,1,1,vision_hallucination|reasoning_hallucination,1,1.014865517492452,-0.0,-14.372933470067874
hallusionbench-image-VS-ocr-2-1-0,hallusionbench-image-VS-ocr-2,qwen,hallusionbench,image,0,1,0,4,,1,1.0001237392433149,0.4235509655219053,402.55774342227903
hallusionbench-image-VS-ocr-2-1-1,hallusionbench-image-VS-ocr-2,qwen,hallusionbench,image,0,1,0,4,,1,1.6891621317423344,0.7026625491805562,126.35769799138929
hallusionbench-image-VS-ocr-2-2-0,hallusionbench-image-VS-ocr-2,qwen,hallusionbench,image,0,1,1,1,vision_hallucination|reasoning_hallucination,1,1.0045917036170031,0.2108316973872214,94.48573444757334
hallusionbench-image-VS-ocr-2-1-2,hallusionbench-image-VS-ocr-2,qwen,hallusionbench,image,1,0,1,2,reasoning_hallucination,1,1.000136733059898,0.6886791594193935,152.66671310380684
hallusionbench-image-VS-ocr-2-2-1,hallusionbench-image-VS-ocr-2,qwen,hallusionbench,image,1,0,1,1,vision_hallucination|reasoning_hallucination,1,1.0063874720548476,0.4368332266854991,116.8407530757577
hallusionbench-image-VS-ocr-2-2-2,hallusionbench-image-VS-ocr-2,qwen,hallusionbench,image,1,0,1,1,vision_hallucination|reasoning_hallucination,1,1.0062817337166456,0.6176702460432282,168.19237797331957
hallusionbench-image-VS-ocr-3-1-0,hallusionbench-image-VS-ocr-3,qwen,hallusionbench,image,0,1,0,3,,1,1.0021744965438366,0.5209015578392611,27.674967934002854
hallusionbench-image-VS-ocr-3-1-1,hallusionbench-image-VS-ocr-3,qwen,hallusionbench,image,1,0,0,4,,1,1.000875353821903,-0.0,-20.558207480811877
hallusionbench-image-VS-ocr-3-2-0,hallusionbench-image-VS-ocr-3,qwen,hallusionbench,image,0,1,1,1,vision_hallucination|reasoning_hallucination,1,1.0035915373699844,-0.0,-9.61928287976536
hallusionbench-image-VS-ocr-3-1-2,hallusionbench-image-VS-ocr-3,qwen,hallusionbench,image,0,1,1,1,reasoning_hallucination,1,1.0308238269267795,0.4325918909633022,85.31096055826406
hallusionbench-image-VS-ocr-3-2-1,hallusionbench-image-VS-ocr-3,qwen,hallusionbench,image,0,1,1,1,reasoning_hallucination,1,1.00882995127287,0.48824210738366697,10.072432527363784
hallusionbench-image-VS-ocr-3-2-2,hallusionbench-image-VS-ocr-3,qwen,hallusionbench,image,0,1,1,1,vision_hallucination|reasoning_hallucination,1,1.0186365846529384,0.5703526637788995,115.39396644079842
hallusionbench-image-VS-ocr-4-1-0,hallusionbench-image-VS-ocr-4,qwen,hallusionbench,image,1,0,0,6,,1,1.0017887353549122,-0.0,-18.857572086638708
hallusionbench-image-VS-ocr-4-1-1,hallusionbench-image-VS-ocr-4,qwen,hallusionbench,image,1,0,0,6,,1,1.0018770694655315,-0.0,-16.08660081848068
hallusionbench-image-VS-ocr-4-2-1,hallusionbench-image-VS-ocr-4,qwen,hallusionbench,image,1,0,0,6,,1,1.0021486282119523,-0.0,-18.4273615139266
hallusionbench-image-VS-ocr-4-2-0,hallusionbench-image-VS-ocr-4,qwen,hallusionbench,image,0,1,0,4,,1,1.0052986143031206,0.674868229097318,-6.945174254382746
hallusionbench-image-VS-ocr-5-1-0,hallusionbench-image-VS-ocr-5,qwen,hallusionbench,image,1,0,0,6,,1,1.003359198461714,-0.0,-18.905305536456297
hallusionbench-image-VS-ocr-5-1-1,hallusionbench-image-VS-ocr-5,qwen,hallusionbench,image,0,1,1,1,reasoning_hallucination,1,1.003551363830214,-0.0,-19.328134936930578
hallusionbench-image-VS-ocr-5-2-0,hallusionbench-image-VS-ocr-5,qwen,hallusionbench,image,0,1,1,1,reasoning_hallucination,1,1.0037535428016957,0.6732886050552495,-13.443787635559925
hallusionbench-image-VS-ocr-5-2-1,hallusionbench-image-VS-ocr-5,qwen,hallusionbench,image,1,0,1,1,vision_hallucination|reasoning_hallucination,1,1.0037128925821956,0.6311558952046661,70.8948443330891
hallusionbench-image-VS-ocr-6-1-0,hallusionbench-image-VS-ocr-6,qwen,hallusionbench,image,1,0,0,6,,1,1.0016703605744577,0.5013878923718849,-14.258523390094656
hallusionbench-image-VS-ocr-6-1-1,hallusionbench-image-VS-ocr-6,qwen,hallusionbench,image,0,1,1,1,reasoning_hallucination,1,1.0065897705429085,0.6741532187739484,-12.302918091725479
hallusionbench-image-VS-ocr-6-2-0,hallusionbench-image-VS-ocr-6,qwen,hallusionbench,image,0,1,1,1,reasoning_hallucination,1,1.005517363719407,0.6807800990683766,21.528410176456475
hallusionbench-image-VS-ocr-6-2-1,hallusionbench-image-VS-ocr-6,qwen,hallusionbench,image,0,1,0,4,,1,1.0061227085118432,0.5027257424879901,-9.028392813558472
hallusionbench-image-VS-ocr-7-1-0,hallusionbench-image-VS-ocr-7,qwen,hallusionbench,image,1,0,0,6,,1,1.000350594526283,-0.0,-19.613417874143934
hallusionbench-image-VS-ocr-7-1-1,hallusionbench-image-VS-ocr-7,qwen,hallusionbench,image,1,0,0,6,,1,1.000388860706597,-0.0,-18.120435463803325
hallusionbench-image-VS-ocr-7-2-0,hallusionbench-image-VS-ocr-7,qwen,hallusionbench,image,0,1,1,1,vision_hallucination|reasoning_hallucination,1,1.0021506546929557,-0.0,-17.783662237994264
hallusionbench-image-VS-ocr-7-2-1,hallusionbench-image-VS-ocr-7,qwen,hallusionbench,image,0,1,1,1,vision_hallucination,1,1.0040123462614707,-0.0,9.840325940414452
hallusionbench-image-VS-ocr-8-1-1,hallusionbench-image-VS-ocr-8,qwen,hallusionbench,image,1,0,0,4,,1,1.004550814565645,0.5019582957879094,-10.333933906343894
hallusionbench-image-VS-ocr-8-1-0,hallusionbench-image-VS-ocr-8,qwen,hallusionbench,image,0,1,1,1,reasoning_hallucination,1,1.0007420778252423,0.5948370265779157,182.78365531834544
hallusionbench-image-VS-ocr-8-2-0,hallusionbench-image-VS-ocr-8,qwen,hallusionbench,image,1,0,0,4,,1,1.0115082263459647,0.5239245043455173,40.32709611914379
hallusionbench-image-VS-ocr-9-1-0,hallusionbench-image-VS-ocr-9,qwen,hallusionbench,image,1,0,0,6,,1,1.00231289870144,-0.0,-17.135878854689878
hallusionbench-image-VS-ocr-8-2-1,hallusionbench-image-VS-ocr-8,qwen,hallusionbench,image,0,1,1,1,vision_hallucination|reasoning_hallucination,1,1.0107409956652469,0.4340568430674337,19.57540303002802
hallusionbench-image-VS-ocr-9-1-1,hallusionbench-image-VS-ocr-9,qwen,hallusionbench,image,1,0,0,5,,1,1.0085564855325881,-0.0,-11.634813487965072
hallusionbench-image-VS-ocr-9-2-0,hallusionbench-image-VS-ocr-9,qwen,hallusionbench,image,1,0,1,1,vision_hallucination|reasoning_hallucination,1,1.0001840591414426,-0.0,133.76679374706742
hallusionbench-image-VS-ocr-9-2-1,hallusionbench-image-VS-ocr-9,qwen,hallusionbench,image,0,1,1,1,vision_hallucination|reasoning_hallucination,1,1.0075240135999424,0.5078770270621615,1.6300831757082168
hallusionbench-image-VS-ocr-10-1-0,hallusionbench-image-VS-ocr-10,qwen,hallusionbench,image,1,0,0,6,,1,1.0038614273358843,-0.0,-16.81624322146688
hallusionbench-image-VS-ocr-10-1-1,hallusionbench-image-VS-ocr-10,qwen,hallusionbench,image,1,0,0,5,,1,1.005433797878871,-0.0,-22.16123172936612
hallusionbench-image-VS-ocr-10-2-1,hallusionbench-image-VS-ocr-10,qwen,hallusionbench,image,0,1,1,1,vision_hallucination|reasoning_hallucination,1,1.007547497924165,0.5017182415164293,-12.782272237678354
hallusionbench-image-VS-ocr-10-2-0,hallusionbench-image-VS-ocr-10,qwen,hallusionbench,image,0,1,1,1,reasoning_hallucination,1,1.0080494876906119,0.5044476661377795,-6.661072493583607
hallusionbench-image-VS-ocr-11-1-0,hallusionbench-image-VS-ocr-11,qwen,hallusionbench,image,1,0,1,2,reasoning_hallucination,1,1.0041421652047162,-0.0,-9.306972797645976
hallusionbench-image-VS-ocr-11-1-1,hallusionbench-image-VS-ocr-11,qwen,hallusionbench,image,1,0,1,1,reasoning_hallucination,1,1.0002081394243105,-0.0,-17.645550054044314
hallusionbench-image-VS-ocr-11-2-1,hallusionbench-image-VS-ocr-11,qwen,hallusionbench,image,1,0,0,4,,1,1.0073065758375495,0.6738403920465563,-9.176436600009309
hallusionbench-image-VS-ocr-11-2-0,hallusionbench-image-VS-ocr-11,qwen,hallusionbench,image,0,1,1,1,vision_hallucination|reasoning_hallucination,1,1.0107409956652469,0.5460520069108845,98.93339339306107
hallusionbench-image-VS-ocr-12-1-0,hallusionbench-image-VS-ocr-12,qwen,hallusionbench,image,1,0,0,5,,1,1.0033870936156493,-0.0,-18.734226423266012
hallusionbench-image-VS-ocr-12-1-1,hallusionbench-image-VS-ocr-12,qwen,hallusionbench,image,1,0,0,4,,1,1.002966642294794,-0.0,-18.432225856219752
hallusionbench-image-VS-ocr-12-2-1,hallusionbench-image-VS-ocr-12,qwen,hallusionbench,image,0,1,1,1,reasoning_hallucination,1,1.0050439836359362,0.5014482835048378,-13.959632150415505
hallusionbench-image-VS-ocr-12-2-0,hallusionbench-image-VS-ocr-12,qwen,hallusionbench,image,0,1,1,1,vision_hallucination|reasoning_hallucination,1,1.0030252933684531,0.6707785792413308,-8.053895537747142
hallusionbench-image-VD-illusion-0-0-0,hallusionbench-image-VD-illusion-0,qwen,hallusionbench,image,0,1,1,1,vision_hallucination|reasoning_hallucination,1,1.0002424716915872,0.4978425438637786,-15.9302683777078
hallusionbench-image-VD-illusion-0-0-1,hallusionbench-image-VD-illusion-0,qwen,hallusionbench,image,0,1,1,1,vision_hallucination|reasoning_hallucination,1,1.225046046388108,0.49326646636934923,-10.071490866546174
hallusionbench-image-VD-illusion-0-0-2,hallusionbench-image-VD-illusion-0,qwen,hallusionbench,image,0,1,1,1,vision_hallucination|reasoning_hallucination,1,1.1359921613059305,0.4579510636534573,75.63781742117344
hallusionbench-image-VD-illusion-0-1-1,hallusionbench-image-VD-illusion-0,qwen,hallusionbench,image,1,0,0,5,,1,1.002660751437518,0.5008012685373606,-19.453155802022003
hallusionbench-image-VD-illusion-0-1-0,hallusionbench-image-VD-illusion-0,qwen,hallusionbench,image,0,1,1,1,vision_hallucination,1,1.0019098520424168,-0.0,-21.249834023054337
hallusionbench-image-VD-illusion-0-1-2,hallusionbench-image-VD-illusion-0,qwen,hallusionbench,image,0,1,1,1,vision_hallucination,1,1.0079824920204556,0.6900971096137389,75.89080065635068
hallusionbench-image-VD-illusion-1-0-0,hallusionbench-image-VD-illusion-1,qwen,hallusionbench,image,0,1,1,1,reasoning_hallucination,1,1.0109332797694341,0.546486520509187,82.22487404998994
hallusionbench-image-VD-illusion-1-0-1,hallusionbench-image-VD-illusion-1,qwen,hallusionbench,image,1,0,1,1,vision_hallucination|reasoning_hallucination,1,1.0828193405515556,0.5029253940608674,-11.57866021980509
hallusionbench-image-VD-illusion-1-1-0,hallusionbench-image-VD-illusion-1,qwen,hallusionbench,image,0,1,1,1,reasoning_hallucination,1,1.002932429429059,0.672811973151689,-15.23156164715604
hallusionbench-image-VD-illusion-1-0-2,hallusionbench-image-VD-illusion-1,qwen,hallusionbench,image,1,0,0,5,,1,1.000312805165578,0.6729830415452596,-16.35492770597135
hallusionbench-image-VD-illusion-1-1-2,hallusionbench-image-VD-illusion-1,qwen,hallusionbench,image,0,1,1,1,vision_hallucination,1,1.0026038885625517,-0.0,-21.79451627688702
hallusionbench-image-VD-illusion-1-1-1,hallusionbench-image-VD-illusion-1,qwen,hallusionbench,image,1,0,0,4,,1,1.00501596941128,0.5177092573727655,27.891734692025768
hallusionbench-image-VD-illusion-2-0-1,hallusionbench-image-VD-illusion-2,qwen,hallusionbench,image,1,0,0,5,,1,1.0004271268948854,-0.0,-8.923208083028436
hallusionbench-image-VD-illusion-2-0-0,hallusionbench-image-VD-illusion-2,qwen,hallusionbench,image,1,0,0,5,,1,1.00298643109081,-0.0,-18.4687630344411
hallusionbench-image-VD-illusion-2-0-2,hallusionbench-image-VD-illusion-2,qwen,hallusionbench,image,1,0,0,5,,1,1.0004740953514515,-0.0,-20.14013682556948
hallusionbench-image-VD-illusion-2-1-0,hallusionbench-image-VD-illusion-2,qwen,hallusionbench,image,1,0,0,5,,1,1.001411795562268,0.5009762388106923,-16.420732730551837
hallusionbench-image-VD-illusion-2-1-1,hallusionbench-image-VD-illusion-2,qwen,hallusionbench,image,0,1,1,1,reasoning_hallucination,1,1.1768990704730105,0.5667800741057205,197.11629819234636
hallusionbench-image-VD-illusion-2-1-2,hallusionbench-image-VD-illusion-2,qwen,hallusionbench,image,0,1,0,3,,1,1.0011126994688726,0.5006499372996934,-18.006537220500157
hallusionbench-image-VD-illusion-3-0-0,hallusionbench-image-VD-illusion-3,qwen,hallusionbench,image,0,1,0,4,,1,1.0001264810507138,-0.0,-18.82381469483901
hallusionbench-image-VD-illusion-3-0-1,hallusionbench-image-VD-illusion-3,qwen,hallusionbench,image,1,0,0,4,,1,1.0033932924883175,0.16318263542497022,90.22834260021527
hallusionbench-image-VD-illusion-3-1-0,hallusionbench-image-VD-illusion-3,qwen,hallusionbench,image,0,1,1,1,reasoning_hallucination,1,1.0011820792781205,-0.0,-21.108257894069705
hallusionbench-image-VD-illusion-3-0-2,hallusionbench-image-VD-illusion-3,qwen,hallusionbench,image,1,0,0,4,,1,1.0047522783239182,-0.0,30.584541855925423
hallusionbench-image-VD-illusion-3-1-1,hallusionbench-image-VD-illusion-3,qwen,hallusionbench,image,0,1,1,1,reasoning_hallucination,1,1.002023696863974,0.5000501905802769,-15.625664467605928
hallusionbench-image-VD-illusion-3-1-2,hallusionbench-image-VD-illusion-3,qwen,hallusionbench,image,1,0,0,5,,1,1.0824106952689732,0.6892247245238263,123.28814524168087
hallusionbench-image-VD-illusion-4-1-0,hallusionbench-image-VD-illusion-4,qwen,hallusionbench,image,0,1,1,1,vision_hallucination,1,1.0004050731712877,0.573205405509208,266.91929284606863
hallusionbench-image-VD-illusion-4-0-0,hallusionbench-image-VD-illusion-4,qwen,hallusionbench,image,1,0,1,1,vision_hallucination,1,1.000911355029847,-0.0,-17.184663744625976
hallusionbench-image-VD-illusion-5-0-0,hallusionbench-image-VD-illusion-5,qwen,hallusionbench,image,1,0,0,5,,1,1.001327872320753,0.5008006569859048,-16.212242335250664
hallusionbench-image-VD-illusion-5-0-1,hallusionbench-image-VD-illusion-5,qwen,hallusionbench,image,1,0,1,1,vision_hallucination,1,1.0008916854756709,-0.0,-1.2455526987855006
hallusionbench-image-VD-illusion-5-0-2,hallusionbench-image-VD-illusion-5,qwen,hallusionbench,image,1,0,1,1,vision_hallucination|reasoning_hallucination,1,1.6406549000256179,-0.0,61.84085758695673
hallusionbench-image-VD-illusion-5-1-0,hallusionbench-image-VD-illusion-5,qwen,hallusionbench,image,0,1,1,1,vision_hallucination|reasoning_hallucination,1,1.0056926011453748,0.5021660387594716,-9.870461499836907
hallusionbench-image-VD-illusion-5-1-2,hallusionbench-image-VD-illusion-5,qwen,hallusionbench,image,1,0,0,5,,1,1.002802610450863,-0.0,-8.190867952803602
hallusionbench-image-VD-illusion-5-1-1,hallusionbench-image-VD-illusion-5,qwen,hallusionbench,image,0,1,1,1,vision_hallucination|reasoning_hallucination,1,1.0058211090469806,0.6703846380048967,-6.497017891856359
hallusionbench-image-VD-illusion-6-0-0,hallusionbench-image-VD-illusion-6,qwen,hallusionbench,image,1,0,0,4,,1,1.0041564702915586,-0.0,-16.68040726314493
hallusionbench-image-VD-illusion-6-1-0,hallusionbench-image-VD-illusion-6,qwen,hallusionbench,image,0,1,0,3,,1,1.0003594160010545,0.4921815249692061,-11.408870582423614
hallusionbench-image-VD-illusion-7-0-1,hallusionbench-image-VD-illusion-7,qwen,hallusionbench,image,1,0,1,1,reasoning_hallucination,1,1.0017863512223524,-0.0,2.2972759546892867
hallusionbench-image-VD-illusion-7-1-0,hallusionbench-image-VD-illusion-7,qwen,hallusionbench,image,0,1,1,2,vision_hallucination|reasoning_hallucination,1,1.0028866529732552,0.4986065664185902,-15.127816265901547
hallusionbench-image-VD-illusion-7-1-1,hallusionbench-image-VD-illusion-7,qwen,hallusionbench,image,0,1,1,1,vision_hallucination,1,1.000692367546812,0.5074085101216678,5.178084950013691
hallusionbench-image-VD-illusion-7-0-0,hallusionbench-image-VD-illusion-7,qwen,hallusionbench,image,1,0,1,1,reasoning_hallucination,1,1.000974178300128,0.49939893718123435,-15.440027272727527
hallusionbench-image-VD-illusion-8-0-1,hallusionbench-image-VD-illusion-8,qwen,hallusionbench,image,0,1,0,3,,1,1.0263226025168155,0.5099023763496926,3.4339490965299007
hallusionbench-image-VD-illusion-8-0-0,hallusionbench-image-VD-illusion-8,qwen,hallusionbench,image,0,1,0,4,,1,1.00006961822544,0.6332142705509509,50.554383809393144
hallusionbench-image-VD-illusion-8-0-2,hallusionbench-image-VD-illusion-8,qwen,hallusionbench,image,1,0,1,1,reasoning_hallucination,1,1.001343250224332,-0.0,-12.370830101527993
hallusionbench-image-VD-illusion-8-1-0,hallusionbench-image-VD-illusion-8,qwen,hallusionbench,image,1,0,0,5,,1,1.0000768899936054,0.5013180858417828,-15.669442497209936
hallusionbench-image-VD-illusion-8-1-2,hallusionbench-image-VD-illusion-8,qwen,hallusionbench,image,0,1,0,4,,1,1.8261001488972632,0.5181290790478074,132.74523717341583
hallusionbench-image-VD-illusion-8-1-1,hallusionbench-image-VD-illusion-8,qwen,hallusionbench,image,0,1,1,1,vision_hallucination,1,1.2011147686269106,0.4225280241744126,22.11728259837607
hallusionbench-image-VD-illusion-9-0-0,hallusionbench-image-VD-illusion-9,qwen,hallusionbench,image,1,0,1,1,reasoning_hallucination,1,1.0005818605478392,-0.0,-22.294424857280735
hallusionbench-image-VD-illusion-9-0-1,hallusionbench-image-VD-illusion-9,qwen,hallusionbench,image,1,0,1,1,reasoning_hallucination,1,1.0004364252162015,-0.0,-18.496703134001837
hallusionbench-image-VD-illusion-9-1-0,hallusionbench-image-VD-illusion-9,qwen,hallusionbench,image,0,1,1,1,reasoning_hallucination,1,1.0023009778090348,-0.0,-19.271660834841132
hallusionbench-image-VD-illusion-9-1-1,hallusionbench-image-VD-illusion-9,qwen,hallusionbench,image,0,1,1,1,vision_hallucination|reasoning_hallucination,1,1.001038670581977,-0.0,-21.50164713405171
hallusionbench-image-VD-illusion-10-0-1,hallusionbench-image-VD-illusion-10,qwen,hallusionbench,image,1,0,0,4,,1,1.0088547471389167,0.3026309257281278,83.00560831306845
hallusionbench-image-VD-illusion-10-0-0,hallusionbench-image-VD-illusion-10,qwen,hallusionbench,image,1,0,0,4,,1,1.0049859286629022,0.6725346364829956,-12.575452571390983
hallusionbench-image-VD-illusion-10-1-1,hallusionbench-image-VD-illusion-10,qwen,hallusionbench,image,1,0,0,5,,1,1.0028411149008287,0.5054465660800435,-4.630052108665691
hallusionbench-image-VD-illusion-10-1-0,hallusionbench-image-VD-illusion-10,qwen,hallusionbench,image,1,0,0,5,,1,1.0004867315211137,0.6732070107284237,-16.347005440512262
hallusionbench-image-VD-illusion-11-0-0,hallusionbench-image-VD-illusion-11,qwen,hallusionbench,image,0,1,1,1,vision_hallucination|reasoning_hallucination,1,1.0002974271914093,0.5003243949321239,-16.047052529058053
hallusionbench-image-VD-illusion-15-0-0,hallusionbench-image-VD-illusion-15,qwen,hallusionbench,image,1,0,0,5,,1,1.6875992651514393,0.6895876069720275,244.1292535475617
hallusionbench-image-VD-illusion-15-0-1,hallusionbench-image-VD-illusion-15,qwen,hallusionbench,image,1,0,0,5,,1,1.001814365342375,-0.0,30.71646720976036
hallusionbench-image-VD-illusion-15-1-0,hallusionbench-image-VD-illusion-15,qwen,hallusionbench,image,0,1,1,1,reasoning_hallucination,1,1.1739775040257365,0.17793010162218953,227.33350479634248
hallusionbench-image-VD-illusion-15-1-1,hallusionbench-image-VD-illusion-15,qwen,hallusionbench,image,0,1,1,1,vision_hallucination,1,1.4723929306389563,-0.0,35.26652253661172
hallusionbench-image-VD-illusion-16-0-0,hallusionbench-image-VD-illusion-16,qwen,hallusionbench,image,0,1,1,1,vision_hallucination,1,1.2231421478522622,0.6407645599081525,250.41060135813794
hallusionbench-image-VD-illusion-16-1-0,hallusionbench-image-VD-illusion-16,qwen,hallusionbench,image,0,1,1,1,vision_hallucination,1,1.2868573803314227,0.678849299573832,198.85019896078106
hallusionbench-image-VD-illusion-16-0-1,hallusionbench-image-VD-illusion-16,qwen,hallusionbench,image,0,1,1,1,reasoning_hallucination,1,1.6920837260270294,0.2400331279115533,137.18560398454332
hallusionbench-image-VD-illusion-16-1-1,hallusionbench-image-VD-illusion-16,qwen,hallusionbench,image,0,1,1,1,vision_hallucination,1,2.2840847670179785,-0.0,27.358010403437
hallusionbench-image-VD-illusion-17-0-0,hallusionbench-image-VD-illusion-17,qwen,hallusionbench,image,1,0,0,5,,1,1.779435025052944,0.05196862611420107,433.4725313272934
hallusionbench-image-VD-illusion-17-0-1,hallusionbench-image-VD-illusion-17,qwen,hallusionbench,image,1,0,0,5,,1,1.001418232879533,-0.0,60.22363014072013
hallusionbench-image-VD-illusion-17-1-0,hallusionbench-image-VD-illusion-17,qwen,hallusionbench,image,0,1,1,1,reasoning_hallucination,1,1.177562354972972,-0.0,225.66510528662155
hallusionbench-image-VD-illusion-17-1-1,hallusionbench-image-VD-illusion-17,qwen,hallusionbench,image,0,1,0,3,,1,1.778852942707434,0.6535224003743256,206.5872148447689
hallusionbench-image-VD-illusion-18-0-0,hallusionbench-image-VD-illusion-18,qwen,hallusionbench,image,1,0,0,5,,1,1.8925045817649702,0.5585728698692118,189.65108596143315
hallusionbench-image-VD-illusion-18-0-1,hallusionbench-image-VD-illusion-18,qwen,hallusionbench,image,1,0,0,5,,1,1.021718860298787,-0.0,128.8891461292518
hallusionbench-image-VD-illusion-18-1-0,hallusionbench-image-VD-illusion-18,qwen,hallusionbench,image,0,1,0,4,,1,1.177562354972972,0.3667624521338009,197.80185646558846
hallusionbench-image-VD-illusion-18-1-1,hallusionbench-image-VD-illusion-18,qwen,hallusionbench,image,0,1,0,3,,1,1.778852942707434,0.6557329747341105,162.0585132543534
hallusionbench-image-VD-illusion-19-0-0,hallusionbench-image-VD-illusion-19,qwen,hallusionbench,image,0,1,1,1,vision_hallucination|reasoning_hallucination,1,1.000036597252167,0.6728815921816014,-17.258391895514368
hallusionbench-image-VD-illusion-19-0-2,hallusionbench-image-VD-illusion-19,qwen,hallusionbench,image,0,1,1,1,vision_hallucination|reasoning_hallucination,1,1.003682970938882,-0.0,-19.8245243811872
hallusionbench-image-VD-illusion-19-0-3,hallusionbench-image-VD-illusion-19,qwen,hallusionbench,image,1,0,0,5,,1,1.0046502349878461,-0.0,-13.122934587020337
hallusionbench-image-VD-illusion-19-0-1,hallusionbench-image-VD-illusion-19,qwen,hallusionbench,image,0,1,0,3,,1,1.0000177621836368,0.6722010958894866,-15.842576716762178
hallusionbench-image-VD-illusion-19-1-0,hallusionbench-image-VD-illusion-19,qwen,hallusionbench,image,0,1,1,1,vision_hallucination,1,1.0013492107860695,-0.0,-23.548116749095847
hallusionbench-image-VD-illusion-19-1-2,hallusionbench-image-VD-illusion-19,qwen,hallusionbench,image,0,1,1,1,vision_hallucination,1,1.0046523809113106,0.5282512335583374,40.51249266944188
hallusionbench-image-VD-illusion-19-1-1,hallusionbench-image-VD-illusion-19,qwen,hallusionbench,image,1,0,0,4,,1,1.0001487731995387,0.6202212640947096,65.70566518370342
hallusionbench-image-VD-illusion-19-1-3,hallusionbench-image-VD-illusion-19,qwen,hallusionbench,image,1,0,0,4,,1,1.000953674289401,-0.0,29.50279690542878
hallusionbench-image-VD-illusion-20-1-0,hallusionbench-image-VD-illusion-20,qwen,hallusionbench,image,0,1,1,1,vision_hallucination|reasoning_hallucination,1,1.5356491652233764,0.6284907340760103,94.98889924021827
hallusionbench-image-VD-illusion-20-0-0,hallusionbench-image-VD-illusion-20,qwen,hallusionbench,image,1,0,1,1,vision_hallucination|reasoning_hallucination,1,1.535729074583867,0.4359035327779876,168.58835685464
hallusionbench-image-VD-illusion-21-0-0,hallusionbench-image-VD-illusion-21,qwen,hallusionbench,image,1,0,0,6,,1,1.4727587658349677,0.6713466348052908,96.08325288167102
hallusionbench-image-VD-illusion-21-0-1,hallusionbench-image-VD-illusion-21,qwen,hallusionbench,image,1,0,0,5,,1,1.3682133964312608,0.6868162481525851,218.66086277651712
hallusionbench-image-VD-illusion-21-0-3,hallusionbench-image-VD-illusion-21,qwen,hallusionbench,image,1,0,0,6,,1,4.490466982147651,-0.0,275.6491962488553
hallusionbench-image-VD-illusion-21-1-0,hallusionbench-image-VD-illusion-21,qwen,hallusionbench,image,0,1,1,1,vision_hallucination,1,1.174017425163635,0.60771768690143,101.05602189927374
hallusionbench-image-VD-illusion-21-0-2,hallusionbench-image-VD-illusion-21,qwen,hallusionbench,image,1,0,0,6,,1,1.0017831325416051,-0.0,87.44606568479426
hallusionbench-image-VD-illusion-21-1-1,hallusionbench-image-VD-illusion-21,qwen,hallusionbench,image,1,0,0,4,,1,1.1353486715512935,0.5425132772745929,133.88605612552337
hallusionbench-image-VD-illusion-21-1-2,hallusionbench-image-VD-illusion-21,qwen,hallusionbench,image,0,1,1,1,vision_hallucination,1,3.1170727656505623,-0.0,60.008090223325055
hallusionbench-image-VD-illusion-21-1-3,hallusionbench-image-VD-illusion-21,qwen,hallusionbench,image,1,0,0,4,,1,1.4729182766614655,0.494669584249637,71.9234648534428
hallusionbench-image-VD-illusion-22-1-0,hallusionbench-image-VD-illusion-22,qwen,hallusionbench,image,1,0,0,5,,1,1.536972782061527,0.6807668949179222,168.65707554940272
hallusionbench-image-VD-illusion-23-0-0,hallusionbench-image-VD-illusion-23,qwen,hallusionbench,image,1,0,0,5,,1,1.4170740934468355,0.6896842566416619,131.7912782273607
hallusionbench-image-VD-illusion-22-0-0,hallusionbench-image-VD-illusion-22,qwen,hallusionbench,image,0,1,1,1,vision_hallucination|reasoning_hallucination,1,1.890414386629594,0.5478264628985328,134.56417759713509
hallusionbench-image-VD-illusion-23-0-1,hallusionbench-image-VD-illusion-23,qwen,hallusionbench,image,1,0,0,6,,1,4.490383475285051,0.3886526248233391,123.53598940652458
hallusionbench-image-VD-illusion-23-1-0,hallusionbench-image-VD-illusion-23,qwen,hallusionbench,image,0,1,1,1,vision_hallucination,1,1.174017425163635,0.6650580394809279,51.31204040299424
hallusionbench-image-VD-illusion-23-1-1,hallusionbench-image-VD-illusion-23,qwen,hallusionbench,image,0,1,0,3,,1,3.1170727656505623,-0.0,47.41937887047777
hallusionbench-image-VD-illusion-24-0-1,hallusionbench-image-VD-illusion-24,qwen,hallusionbench,image,1,0,0,5,,1,5.4817615829280975,-0.0,201.50845452460342
hallusionbench-image-VD-illusion-24-1-0,hallusionbench-image-VD-illusion-24,qwen,hallusionbench,image,0,1,1,1,vision_hallucination,1,1.174017425163635,0.18308646753720256,314.4199275205687
hallusionbench-image-VD-illusion-24-1-1,hallusionbench-image-VD-illusion-24,qwen,hallusionbench,image,0,1,0,3,,1,3.1170727656505623,-0.0,19.442990939672388
hallusionbench-image-VD-illusion-25-0-0,hallusionbench-image-VD-illusion-25,qwen,hallusionbench,image,0,1,1,1,vision_hallucination|reasoning_hallucination,1,1.7788389470799877,-0.0,61.0767591733957
hallusionbench-image-VD-illusion-25-0-1,hallusionbench-image-VD-illusion-25,qwen,hallusionbench,image,0,1,1,1,reasoning_hallucination,1,1.607348058600177,-0.0,219.73720803112533
hallusionbench-image-VD-illusion-24-0-0,hallusionbench-image-VD-illusion-24,qwen,hallusionbench,image,1,0,0,6,,1,1.367995384868397,-0.0,197.72186755868614
hallusionbench-image-VD-illusion-25-0-2,hallusionbench-image-VD-illusion-25,qwen,hallusionbench,image,1,0,0,4,,1,1.1002801643339253,-0.0,125.92431449638902
hallusionbench-image-VD-illusion-25-1-0,hallusionbench-image-VD-illusion-25,qwen,hallusionbench,image,0,1,0,3,,1,1.2540260535605692,0.5394128915469282,104.79689396268208
hallusionbench-image-VD-illusion-25-1-1,hallusionbench-image-VD-illusion-25,qwen,hallusionbench,image,1,0,0,5,,1,1.417300940205458,0.5678014720052372,152.94054921059222
hallusionbench-image-VD-illusion-25-1-2,hallusionbench-image-VD-illusion-25,qwen,hallusionbench,image,0,1,0,4,,1,1.2606717388050381,0.5894342423676258,161.43214003643558
hallusionbench-image-VD-illusion-26-0-0,hallusionbench-image-VD-illusion-26,qwen,hallusionbench,image,1,0,1,1,vision_hallucination,1,1.3261033123630863,0.662175848543779,158.4314642014787
hallusionbench-image-VD-illusion-26-1-0,hallusionbench-image-VD-illusion-26,qwen,hallusionbench,image,0,1,1,1,vision_hallucination|reasoning_hallucination,1,1.53587782873992,0.6630015627298342,214.03297743109013
hallusionbench-image-VD-illusion-27-0-0,hallusionbench-image-VD-illusion-27,qwen,hallusionbench,image,1,0,0,5,,1,1.6877915012097802,0.6208193967330129,277.28911341577896
hallusionbench-image-VD-illusion-27-0-1,hallusionbench-image-VD-illusion-27,qwen,hallusionbench,image,1,0,0,4,,1,1.60654148368133,-0.0,179.53982462474693
hallusionbench-image-VD-illusion-27-0-2,hallusionbench-image-VD-illusion-27,qwen,hallusionbench,image,1,0,0,5,,1,2.2840474643978244,-0.0,96.11663867320767
hallusionbench-image-VD-illusion-27-1-0,hallusionbench-image-VD-illusion-27,qwen,hallusionbench,image,1,0,0,4,,1,1.063934444456383,0.5342250263424909,73.50696467974717
hallusionbench-image-VD-illusion-27-1-1,hallusionbench-image-VD-illusion-27,qwen,hallusionbench,image,0,1,0,3,,1,1.105403180514787,0.5811420746276834,164.19321377159338
hallusionbench-image-VD-illusion-27-1-2,hallusionbench-image-VD-illusion-27,qwen,hallusionbench,image,0,1,1,1,reasoning_hallucination,1,1.548882966651809,0.4783422542934868,93.43329610857973
hallusionbench-image-VD-illusion-28-0-1,hallusionbench-image-VD-illusion-28,qwen,hallusionbench,image,1,0,0,5,,1,2.0000443501567484,0.5191515612731079,196.38398551465838
hallusionbench-image-VD-illusion-28-0-0,hallusionbench-image-VD-illusion-28,qwen,hallusionbench,image,1,0,1,1,vision_hallucination|reasoning_hallucination,1,1.6878563895943994,-0.0,250.86728548234564
hallusionbench-image-VD-illusion-28-0-2,hallusionbench-image-VD-illusion-28,qwen,hallusionbench,image,1,0,0,5,,1,1.286510960975331,0.5475118650478941,193.43327414721043
hallusionbench-image-VD-illusion-28-1-0,hallusionbench-image-VD-illusion-28,qwen,hallusionbench,image,1,0,0,4,,1,1.063934920072249,0.6816702111665244,145.7918566477374
hallusionbench-image-VD-illusion-28-1-1,hallusionbench-image-VD-illusion-28,qwen,hallusionbench,image,1,0,0,5,,1,1.326493639261009,0.6462866932409365,76.09098524881415
hallusionbench-image-VD-illusion-28-1-2,hallusionbench-image-VD-illusion-28,qwen,hallusionbench,image,1,0,0,6,,1,1.10541081521627,0.6931275427882205,202.01655456928668
hallusionbench-image-VD-illusion-29-0-1,hallusionbench-image-VD-illusion-29,qwen,hallusionbench,image,0,1,1,1,reasoning_hallucination,1,1.0037384032992507,0.6730902357388069,-15.11204454709646
hallusionbench-image-VD-illusion-29-0-0,hallusionbench-image-VD-illusion-29,qwen,hallusionbench,image,0,1,1,1,vision_hallucination|reasoning_hallucination,1,1.0001083612431594,0.6868358575700961,46.97410771957583
hallusionbench-image-VD-illusion-29-1-0,hallusionbench-image-VD-illusion-29,qwen,hallusionbench,image,0,1,1,1,reasoning_hallucination,1,1.0041742325804934,-0.0,-19.74145962427122
hallusionbench-image-VD-illusion-29-0-2,hallusionbench-image-VD-illusion-29,qwen,hallusionbench,image,1,0,1,1,reasoning_hallucination,1,1.0006977319654995,0.491879619994449,8.800865452474454
hallusionbench-image-VD-illusion-29-1-1,hallusionbench-image-VD-illusion-29,qwen,hallusionbench,image,1,0,0,5,,1,1.2011147686269106,0.6752642883796167,-3.571865610961906
hallusionbench-image-VD-illusion-29-1-2,hallusionbench-image-VD-illusion-29,qwen,hallusionbench,image,1,0,1,1,reasoning_hallucination,1,1.8261001488972632,-0.0,42.878302005466104
hallusionbench-image-VD-illusion-30-0-0,hallusionbench-image-VD-illusion-30,qwen,hallusionbench,image,1,0,0,4,,1,1.5378996121879795,-0.0,186.84921119455944
hallusionbench-image-VD-illusion-30-0-1,hallusionbench-image-VD-illusion-30,qwen,hallusionbench,image,1,0,0,5,,1,1.0062327385733285,0.20719042614060967,148.1393329648332
hallusionbench-image-VD-illusion-30-1-0,hallusionbench-image-VD-illusion-30,qwen,hallusionbench,image,1,0,0,4,,1,1.0387792580195478,0.46853613918312936,15.685009173130364
hallusionbench-image-VD-illusion-30-1-1,hallusionbench-image-VD-illusion-30,qwen,hallusionbench,image,0,1,0,3,,1,2.648803846831682,0.10073743385088531,192.1125635038948
hallusionbench-image-VD-math-0-0-0,hallusionbench-image-VD-math-0,qwen,hallusionbench,image,1,0,0,5,,1,1.0037499666605303,-0.0,-17.84502021789928
hallusionbench-image-VD-math-0-0-1,hallusionbench-image-VD-math-0,qwen,hallusionbench,image,1,0,0,6,,1,1.0108124015227347,0.0001392859423147304,112.60347835540352
hallusionbench-image-VD-math-0-0-2,hallusionbench-image-VD-math-0,qwen,hallusionbench,image,1,0,0,6,,1,1.0696173900398491,-0.0,36.07564328396842
hallusionbench-image-VD-math-0-1-0,hallusionbench-image-VD-math-0,qwen,hallusionbench,image,0,1,1,1,reasoning_hallucination,1,1.0105812549286524,0.5247360576689789,35.942086083069654
hallusionbench-image-VD-math-0-1-1,hallusionbench-image-VD-math-0,qwen,hallusionbench,image,0,1,0,4,,1,1.007481932730433,0.006518726281321571,112.9998115512734
hallusionbench-image-VD-math-0-1-2,hallusionbench-image-VD-math-0,qwen,hallusionbench,image,1,0,1,1,reasoning_hallucination,1,1.028209446925539,0.0170062804313321,108.03524761261389
hallusionbench-image-VD-math-1-0-0,hallusionbench-image-VD-math-1,qwen,hallusionbench,image,1,0,0,6,,1,1.0396194465225845,-0.0,46.94445322290929
hallusionbench-image-VD-math-1-0-1,hallusionbench-image-VD-math-1,qwen,hallusionbench,image,1,0,0,6,,1,1.002170205020152,-0.0,-20.95541163150754
hallusionbench-image-VD-math-1-0-2,hallusionbench-image-VD-math-1,qwen,hallusionbench,image,1,0,0,6,,1,1.0023270846127945,0.12492313453791477,88.0647184517068
hallusionbench-image-VD-math-1-1-0,hallusionbench-image-VD-math-1,qwen,hallusionbench,image,0,1,0,5,,1,1.0216161018900811,0.6744387444086672,-11.605670899137092
hallusionbench-image-VD-math-1-1-1,hallusionbench-image-VD-math-1,qwen,hallusionbench,image,1,0,0,5,,1,1.0088505745207261,0.6737010327112296,-10.727802262461132
hallusionbench-image-VD-math-1-1-2,hallusionbench-image-VD-math-1,qwen,hallusionbench,image,0,1,1,1,vision_hallucination|reasoning_hallucination,1,1.005238294459797,0.5339482721171053,54.36234711730556
hallusionbench-image-VD-math-2-0-0,hallusionbench-image-VD-math-2,qwen,hallusionbench,image,1,0,0,5,,1,1.016775130826706,-0.0,99.90509567900035
hallusionbench-image-VD-math-2-0-1,hallusionbench-image-VD-math-2,qwen,hallusionbench,image,1,0,0,5,,1,1.0194129948863364,-0.0,5.994680337915057
hallusionbench-image-VD-math-2-0-2,hallusionbench-image-VD-math-2,qwen,hallusionbench,image,1,0,0,5,,1,1.0052572489662999,-0.0,103.85210701261957
hallusionbench-image-VD-math-2-1-0,hallusionbench-image-VD-math-2,qwen,hallusionbench,image,0,1,1,1,vision_hallucination|reasoning_hallucination,1,1.0640124086627623,-0.0,113.00777169285219
hallusionbench-image-VD-math-2-1-1,hallusionbench-image-VD-math-2,qwen,hallusionbench,image,1,0,0,4,,1,1.0016793013192113,-0.0,94.29642852937943
hallusionbench-image-VD-math-3-0-0,hallusionbench-image-VD-math-3,qwen,hallusionbench,image,1,0,0,6,,1,1.0001610517518678,-0.0,-18.651473121623383
hallusionbench-image-VD-math-2-1-2,hallusionbench-image-VD-math-2,qwen,hallusionbench,image,0,1,1,1,vision_hallucination|reasoning_hallucination,1,1.0008077621309333,-0.0,-3.328270299703453
hallusionbench-image-VD-math-3-0-1,hallusionbench-image-VD-math-3,qwen,hallusionbench,image,1,0,0,6,,1,1.0001530647267014,-0.0,-14.816807501364735
hallusionbench-image-VD-math-3-0-2,hallusionbench-image-VD-math-3,qwen,hallusionbench,image,1,0,0,6,,1,1.0009249448985076,-0.0,-19.685280784939565
hallusionbench-image-VD-math-3-1-0,hallusionbench-image-VD-math-3,qwen,hallusionbench,image,1,0,0,5,,1,1.0001269578900813,-0.0,4.715403629369632
hallusionbench-image-VD-math-3-1-2,hallusionbench-image-VD-math-3,qwen,hallusionbench,image,1,0,1,1,vision_hallucination|reasoning_hallucination,1,1.002209424891333,-0.0,44.1152567762999
hallusionbench-image-VD-math-3-1-1,hallusionbench-image-VD-math-3,qwen,hallusionbench,image,0,1,1,1,vision_hallucination|reasoning_hallucination,1,1.0005097389335855,0.500944515594979,-15.612163192695817
hallusionbench-image-VD-math-4-0-0,hallusionbench-image-VD-math-4,qwen,hallusionbench,image,0,1,0,4,,1,1.0036263466253161,0.5792409324232943,138.33234235988795
hallusionbench-image-VD-math-4-0-1,hallusionbench-image-VD-math-4,qwen,hallusionbench,image,1,0,1,1,reasoning_hallucination,1,1.0235571860075545,0.6745857419650703,0.7929517348187733
hallusionbench-image-VD-math-4-1-0,hallusionbench-image-VD-math-4,qwen,hallusionbench,image,0,1,1,1,vision_hallucination|reasoning_hallucination,1,1.0026332140362004,0.5107429026344044,7.959065033657007
hallusionbench-image-VD-math-4-0-2,hallusionbench-image-VD-math-4,qwen,hallusionbench,image,1,0,1,1,reasoning_hallucination,1,1.0007203817137784,0.658777225139939,31.422963201881064
hallusionbench-image-VD-math-4-1-1,hallusionbench-image-VD-math-4,qwen,hallusionbench,image,1,0,0,5,,1,1.0001059770565428,0.6425192998071697,37.44566106967024
hallusionbench-image-VD-math-4-1-2,hallusionbench-image-VD-math-4,qwen,hallusionbench,image,0,1,0,3,,1,1.4740839233086296,0.6730945837283617,-15.512666370538293
hallusionbench-image-VD-math-5-0-1,hallusionbench-image-VD-math-5,qwen,hallusionbench,image,1,0,0,4,,1,1.0028353929587144,0.6730489097342847,-18.288296223331308
hallusionbench-image-VD-math-5-0-0,hallusionbench-image-VD-math-5,qwen,hallusionbench,image,0,1,0,4,,1,1.0032168626922457,0.4983745265697168,-17.383491707295047
hallusionbench-image-VD-math-5-0-2,hallusionbench-image-VD-math-5,qwen,hallusionbench,image,1,0,0,4,,1,1.0028353929587144,-0.0,77.8635369533548
hallusionbench-image-VD-math-5-1-0,hallusionbench-image-VD-math-5,qwen,hallusionbench,image,1,0,1,1,reasoning_hallucination,1,1.0000941753419061,0.42267912434581945,19.768245867074143
hallusionbench-image-VD-math-5-1-2,hallusionbench-image-VD-math-5,qwen,hallusionbench,image,0,1,1,1,reasoning_hallucination,1,1.000881075882732,0.6929661283125954,153.94785283937492
hallusionbench-image-VD-math-5-1-1,hallusionbench-image-VD-math-5,qwen,hallusionbench,image,1,0,1,1,reasoning_hallucination,1,1.000044584274973,0.2584620441771806,94.94435636652463
hallusionbench-image-VD-math-6-0-1,hallusionbench-image-VD-math-6,qwen,hallusionbench,image,1,0,0,6,,1,1.0000245571132163,-0.0,90.85477733842015
hallusionbench-image-VD-math-6-0-0,hallusionbench-image-VD-math-6,qwen,hallusionbench,image,1,0,0,6,,1,1.0000600814823162,-0.0,-21.710618696737786
hallusionbench-image-VD-math-6-0-2,hallusionbench-image-VD-math-6,qwen,hallusionbench,image,1,0,0,5,,1,1.000048279763545,-0.0,-22.65105741210282
hallusionbench-image-VD-math-6-1-0,hallusionbench-image-VD-math-6,qwen,hallusionbench,image,0,1,1,1,vision_hallucination|reasoning_hallucination,1,1.0005234479788956,0.6730602114737299,-18.84675604804701
hallusionbench-image-VD-math-6-1-1,hallusionbench-image-VD-math-6,qwen,hallusionbench,image,0,1,1,1,reasoning_hallucination,1,1.0002884864664547,0.679687164534521,11.064910088816127
hallusionbench-image-VD-math-6-1-2,hallusionbench-image-VD-math-6,qwen,hallusionbench,image,1,0,0,5,,1,1.0006743669332774,0.6717446149141058,-12.653390209823149
hallusionbench-image-VD-math-7-0-1,hallusionbench-image-VD-math-7,qwen,hallusionbench,image,1,0,0,6,,1,1.0004475116592755,0.6731609810909546,-14.416009060832868
hallusionbench-image-VD-math-7-0-0,hallusionbench-image-VD-math-7,qwen,hallusionbench,image,1,0,0,5,,1,1.0000544786449368,0.5071290824151573,-3.521965903112344
hallusionbench-image-VD-math-7-1-0,hallusionbench-image-VD-math-7,qwen,hallusionbench,image,1,0,1,1,reasoning_hallucination,1,1.0008249283008797,0.673508368904356,-13.381823448127118
hallusionbench-image-VD-math-7-0-2,hallusionbench-image-VD-math-7,qwen,hallusionbench,image,1,0,0,5,,1,1.0041162965814003,0.5960224620860948,172.0913446371242
hallusionbench-image-VD-math-7-1-1,hallusionbench-image-VD-math-7,qwen,hallusionbench,image,1,0,1,1,reasoning_hallucination,1,1.0036034584231661,0.5048683769085454,17.832618721303646
hallusionbench-image-VD-math-7-1-2,hallusionbench-image-VD-math-7,qwen,hallusionbench,image,0,1,1,1,reasoning_hallucination,1,1.0052852628946445,0.633568105051082,48.15926764076369
hallusionbench-image-VD-math-8-0-1,hallusionbench-image-VD-math-8,qwen,hallusionbench,image,1,0,0,6,,1,1.0000097751613166,0.4904734343779389,-15.488640739639301
hallusionbench-image-VD-math-8-0-0,hallusionbench-image-VD-math-8,qwen,hallusionbench,image,1,0,0,6,,1,1.0000840425516713,-0.0,89.18030472213263
hallusionbench-image-VD-math-8-0-2,hallusionbench-image-VD-math-8,qwen,hallusionbench,image,1,0,0,6,,1,1.000305294988339,0.5980902737812633,294.94927267127275
hallusionbench-image-VD-math-8-1-1,hallusionbench-image-VD-math-8,qwen,hallusionbench,image,1,0,0,4,,1,1.0098348854478394,0.6299508551085649,58.818146110976855
hallusionbench-image-VD-math-8-1-0,hallusionbench-image-VD-math-8,qwen,hallusionbench,image,0,1,1,1,reasoning_hallucination,1,1.000450849533723,0.6735246307055036,-10.85566716577485
hallusionbench-image-VD-math-8-1-2,hallusionbench-image-VD-math-8,qwen,hallusionbench,image,1,0,0,3,,1,1.0345311147260665,-0.0,177.8905623517657
hallusionbench-image-VD-math-9-0-1,hallusionbench-image-VD-math-9,qwen,hallusionbench,image,1,0,0,6,,1,1.0000193119040237,-0.0,-19.92551549432854
hallusionbench-image-VD-math-9-0-0,hallusionbench-image-VD-math-9,qwen,hallusionbench,image,1,0,0,6,,1,1.0002530813271797,-0.0,-23.254087797737277
hallusionbench-image-VD-math-9-0-2,hallusionbench-image-VD-math-9,qwen,hallusionbench,image,1,0,0,6,,1,1.0000349283206376,-0.0,-11.497595825166826
hallusionbench-image-VD-math-9-1-0,hallusionbench-image-VD-math-9,qwen,hallusionbench,image,0,1,1,1,vision_hallucination|reasoning_hallucination,1,1.0011619329565258,0.6728947556691329,-17.21978084240189
hallusionbench-image-VD-math-11-1-1,hallusionbench-image-VD-math-11,qwen,hallusionbench,image,1,0,0,6,,1,1.0000890493385546,-0.0,-4.776214941705113
hallusionbench-image-VD-math-11-1-2,hallusionbench-image-VD-math-11,qwen,hallusionbench,image,0,1,1,1,reasoning_hallucination,1,1.0001213550564227,0.6921832987211134,84.30358902756134
hallusionbench-image-VD-math-12-0-1,hallusionbench-image-VD-math-12,qwen,hallusionbench,image,0,1,1,1,vision_hallucination|reasoning_hallucination,1,1.000284314169076,0.6730273965411351,-19.280894381444927
hallusionbench-image-VD-math-12-0-0,hallusionbench-image-VD-math-12,qwen,hallusionbench,image,1,0,1,1,vision_hallucination|reasoning_hallucination,1,1.0000522136676673,-0.0,-23.74947601975857
hallusionbench-image-VD-math-12-0-2,hallusionbench-image-VD-math-12,qwen,hallusionbench,image,1,0,0,6,,1,1.0010504722764675,0.5004528285809342,-15.710971249701418
hallusionbench-image-VD-math-12-1-0,hallusionbench-image-VD-math-12,qwen,hallusionbench,image,0,1,1,1,reasoning_hallucination,1,1.0001121759390141,-0.0,-21.417008646768714
hallusionbench-image-VD-math-12-1-1,hallusionbench-image-VD-math-12,qwen,hallusionbench,image,1,0,0,4,,1,1.0000300407410714,-0.0,-21.334862258140376
hallusionbench-image-VD-math-12-1-2,hallusionbench-image-VD-math-12,qwen,hallusionbench,image,0,1,1,1,vision_hallucination|reasoning_hallucination,1,1.000365257276508,0.6728577344581853,-15.97257896583753
hallusionbench-image-VD-math-13-0-0,hallusionbench-image-VD-math-13,qwen,hallusionbench,image,0,1,0,3,,1,1.0000114440917964,-0.0,-19.42401613298207
hallusionbench-image-VD-math-13-0-1,hallusionbench-image-VD-math-13,qwen,hallusionbench,image,1,0,0,4,,1,1.0000104904179348,-0.0,-17.906170071061798
hallusionbench-image-VD-math-13-1-0,hallusionbench-image-VD-math-13,qwen,hallusionbench,image,1,0,0,5,,1,1.0000160932544362,0.4989035857313222,-15.89920705367246
hallusionbench-image-VD-math-13-0-2,hallusionbench-image-VD-math-13,qwen,hallusionbench,image,1,0,1,1,reasoning_hallucination,1,1.0000166892997397,0.5003365484610831,-20.1663270515582
hallusionbench-image-VD-math-13-1-1,hallusionbench-image-VD-math-13,qwen,hallusionbench,image,1,0,0,5,,1,1.0000212192531106,-0.0,10.212513714062467
hallusionbench-image-VD-math-13-1-2,hallusionbench-image-VD-math-13,qwen,hallusionbench,image,1,0,0,5,,1,1.000023126602197,0.49192540825551945,-15.007368462731208
hallusionbench-image-VD-math-14-0-0,hallusionbench-image-VD-math-14,qwen,hallusionbench,image,1,0,1,2,vision_hallucination|reasoning_hallucination,1,1.0000919103656871,0.5001451016507954,-18.715236211602907
hallusionbench-image-VD-math-14-0-1,hallusionbench-image-VD-math-14,qwen,hallusionbench,image,1,0,1,2,vision_hallucination|reasoning_hallucination,1,1.0000387430201718,-0.0,-21.749032369570543
hallusionbench-image-VD-math-14-1-0,hallusionbench-image-VD-math-14,qwen,hallusionbench,image,0,1,0,4,,1,1.002100705988824,0.5630854121655586,110.75385229516466
hallusionbench-image-VD-math-14-0-2,hallusionbench-image-VD-math-14,qwen,hallusionbench,image,1,0,1,2,vision_hallucination|reasoning_hallucination,1,1.0000683069201417,0.6507997493712692,28.610748471424802
hallusionbench-image-VD-math-14-1-1,hallusionbench-image-VD-math-14,qwen,hallusionbench,image,1,0,0,4,,1,1.0000456571596923,-0.0,-10.28557626305305
hallusionbench-image-VD-math-14-1-2,hallusionbench-image-VD-math-14,qwen,hallusionbench,image,1,0,0,5,,1,1.0041537283076987,-0.0,-4.610040338820832
hallusionbench-image-VD-math-15-0-0,hallusionbench-image-VD-math-15,qwen,hallusionbench,image,0,1,1,1,vision_hallucination|reasoning_hallucination,1,1.0007715224931029,-0.0,-16.408745316052105
hallusionbench-image-VD-math-15-0-1,hallusionbench-image-VD-math-15,qwen,hallusionbench,image,0,1,1,1,vision_hallucination,1,1.0302855963871125,0.6715024407039554,9.64992205769007
hallusionbench-image-VD-math-15-1-0,hallusionbench-image-VD-math-15,qwen,hallusionbench,image,1,0,0,5,,1,1.000455379472005,-0.0,-18.078788284007246
hallusionbench-image-VD-math-15-0-2,hallusionbench-image-VD-math-15,qwen,hallusionbench,image,1,0,1,1,vision_hallucination|reasoning_hallucination,1,1.0086654426476311,-0.0,162.4720720142362
hallusionbench-image-VD-math-15-1-1,hallusionbench-image-VD-math-15,qwen,hallusionbench,image,1,0,0,4,,1,1.0151599646485148,-0.0,-10.927055390326075
hallusionbench-image-VD-math-15-1-2,hallusionbench-image-VD-math-15,qwen,hallusionbench,image,1,0,0,5,,1,1.0005348920697625,0.46189611557175,21.600510858108407
hallusionbench-image-VD-math-16-0-0,hallusionbench-image-VD-math-16,qwen,hallusionbench,image,1,0,1,2,vision_hallucination|reasoning_hallucination,1,1.0001761913229308,0.5793760858754149,139.57747049640687
hallusionbench-image-VD-math-16-0-1,hallusionbench-image-VD-math-16,qwen,hallusionbench,image,1,0,1,2,vision_hallucination|reasoning_hallucination,1,1.000087022784137,0.6621896613426366,38.66632608781089
hallusionbench-image-VD-math-16-0-2,hallusionbench-image-VD-math-16,qwen,hallusionbench,image,1,0,1,1,vision_hallucination|reasoning_hallucination,1,1.000350117696746,0.6815493644553953,243.7648586704085
hallusionbench-image-VD-math-16-1-0,hallusionbench-image-VD-math-16,qwen,hallusionbench,image,0,1,0,3,,1,1.0002790689384065,0.6132845288938751,76.0496729991333
hallusionbench-image-VD-math-16-1-1,hallusionbench-image-VD-math-16,qwen,hallusionbench,image,1,0,0,5,,1,1.0000630617161423,0.6649870832462139,9.182436688880646
hallusionbench-image-VD-math-16-1-2,hallusionbench-image-VD-math-16,qwen,hallusionbench,image,1,0,1,1,reasoning_hallucination,1,1.0001939535195767,0.6931150018134696,124.12109738529175
hallusionbench-image-VD-math-17-0-0,hallusionbench-image-VD-math-17,qwen,hallusionbench,image,1,0,1,1,reasoning_hallucination,1,1.0004494190188986,-0.0,-24.270295735677127
hallusionbench-image-VD-math-17-0-1,hallusionbench-image-VD-math-17,qwen,hallusionbench,image,1,0,1,1,reasoning_hallucination,1,1.0001223087304976,-0.0,-15.255635170461245
hallusionbench-image-VD-math-17-0-2,hallusionbench-image-VD-math-17,qwen,hallusionbench,image,1,0,1,1,vision_hallucination|reasoning_hallucination,1,1.0001977682071446,0.5316511175003193,53.09637249685558
hallusionbench-image-VD-math-17-1-0,hallusionbench-image-VD-math-17,qwen,hallusionbench,image,1,0,1,1,reasoning_hallucination,1,1.0004171133094666,-0.0,-10.9155551208612
hallusionbench-image-VD-math-17-1-1,hallusionbench-image-VD-math-17,qwen,hallusionbench,image,0,1,1,1,reasoning_hallucination,1,1.0027507542440848,0.6777316763964855,2.0551365149613297
hallusionbench-image-VD-math-17-1-2,hallusionbench-image-VD-math-17,qwen,hallusionbench,image,0,1,1,1,reasoning_hallucination,1,1.0004171133094666,0.6733697607905784,-16.52353748169218
hallusionbench-image-VD-ocr-0-0-0,hallusionbench-image-VD-ocr-0,qwen,hallusionbench,image,1,0,0,6,,1,1.0003527402911254,0.06355449550800385,101.23028807145187
hallusionbench-image-VD-ocr-0-0-1,hallusionbench-image-VD-ocr-0,qwen,hallusionbench,image,1,0,0,6,,1,1.0001174211531996,-0.0,-19.77626739784502
hallusionbench-image-VD-ocr-0-1-1,hallusionbench-image-VD-ocr-0,qwen,hallusionbench,image,1,0,0,5,,1,1.0036284924648438,0.20648429127376694,38.68276671770707
hallusionbench-image-VD-ocr-0-1-0,hallusionbench-image-VD-ocr-0,qwen,hallusionbench,image,1,0,1,1,vision_hallucination|reasoning_hallucination,1,1.000102639197552,0.4992498354731552,-12.760185608186823
hallusionbench-image-VD-ocr-1-0-0,hallusionbench-image-VD-ocr-1,qwen,hallusionbench,image,1,0,0,5,,1,1.000329971317876,-0.0,-19.989908605135643
hallusionbench-image-VD-ocr-1-0-1,hallusionbench-image-VD-ocr-1,qwen,hallusionbench,image,1,0,0,6,,1,1.000058889387634,-0.0,-21.185078252820265
hallusionbench-image-VD-ocr-1-1-0,hallusionbench-image-VD-ocr-1,qwen,hallusionbench,image,0,1,1,1,reasoning_hallucination,1,1.005890846427702,0.5018094724782736,-13.983009475615017
hallusionbench-image-VD-ocr-1-1-1,hallusionbench-image-VD-ocr-1,qwen,hallusionbench,image,1,0,0,5,,1,1.0040885209568726,0.6894035608832038,62.669965659152474
hallusionbench-image-VD-ocr-2-0-1,hallusionbench-image-VD-ocr-2,qwen,hallusionbench,image,1,0,0,6,,1,1.0001411438051677,-0.0,-19.168898781878145
hallusionbench-image-VD-ocr-2-0-0,hallusionbench-image-VD-ocr-2,qwen,hallusionbench,image,1,0,0,6,,1,1.0005605220690157,-0.0,-18.127636830716575
hallusionbench-image-VD-ocr-2-1-1,hallusionbench-image-VD-ocr-2,qwen,hallusionbench,image,1,0,1,1,vision_hallucination|reasoning_hallucination,1,1.0140203240300305,0.6732036164442732,-13.491072186500315
hallusionbench-image-VD-ocr-2-1-0,hallusionbench-image-VD-ocr-2,qwen,hallusionbench,image,0,1,1,1,vision_hallucination|reasoning_hallucination,1,1.003973960938281,-0.0,-18.44890575708965
hallusionbench-image-VD-ocr-3-0-0,hallusionbench-image-VD-ocr-3,qwen,hallusionbench,image,1,0,0,6,,1,1.0005186796269212,-0.0,-18.93320011195199
hallusionbench-image-VD-ocr-3-0-1,hallusionbench-image-VD-ocr-3,qwen,hallusionbench,image,1,0,0,6,,1,1.0000895261746288,-0.0,-18.086733515450717
hallusionbench-image-VD-ocr-3-0-2,hallusionbench-image-VD-ocr-3,qwen,hallusionbench,image,1,0,0,6,,1,1.0001180171970454,-0.0,-17.688118722895418
hallusionbench-image-VD-ocr-3-1-1,hallusionbench-image-VD-ocr-3,qwen,hallusionbench,image,0,1,1,1,vision_hallucination|reasoning_hallucination,1,1.0015336274522346,0.6727459451144533,-16.2255957409124
hallusionbench-image-VD-ocr-3-1-0,hallusionbench-image-VD-ocr-3,qwen,hallusionbench,image,1,0,0,6,,1,1.0009510516926727,-0.0,-22.018807539942756
hallusionbench-image-VD-ocr-3-1-2,hallusionbench-image-VD-ocr-3,qwen,hallusionbench,image,0,1,1,1,vision_hallucination|reasoning_hallucination,1,1.0033395289266747,-0.0,-15.565655992092314
hallusionbench-image-VD-ocr-3-2-0,hallusionbench-image-VD-ocr-3,qwen,hallusionbench,image,1,0,0,6,,1,1.0009510516926727,0.6720834650055895,-11.1955526175688
hallusionbench-image-VD-ocr-3-2-1,hallusionbench-image-VD-ocr-3,qwen,hallusionbench,image,0,1,1,1,vision_hallucination|reasoning_hallucination,1,1.0015110969916454,0.6727116723464026,-14.354332779906407
hallusionbench-image-VD-ocr-3-2-2,hallusionbench-image-VD-ocr-3,qwen,hallusionbench,image,0,1,1,1,vision_hallucination|reasoning_hallucination,1,1.003761529921317,-0.0,-14.668132817479998
hallusionbench-image-VD-ocr-4-0-0,hallusionbench-image-VD-ocr-4,qwen,hallusionbench,image,1,0,0,6,,1,1.000211358066153,-0.0,-19.911918773304194
hallusionbench-image-VD-ocr-4-0-1,hallusionbench-image-VD-ocr-4,qwen,hallusionbench,image,1,0,0,6,,1,1.0000947713864512,-0.0,-18.220339212162827
hallusionbench-image-VD-ocr-4-1-0,hallusionbench-image-VD-ocr-4,qwen,hallusionbench,image,0,1,1,1,reasoning_hallucination,1,1.002448797140231,0.5007139131605257,-13.563125633527665
hallusionbench-image-VD-ocr-5-0-0,hallusionbench-image-VD-ocr-5,qwen,hallusionbench,image,1,0,0,5,,1,1.000613570185175,-0.0,-19.46326002806405
hallusionbench-image-VD-ocr-4-1-1,hallusionbench-image-VD-ocr-4,qwen,hallusionbench,image,1,0,1,1,reasoning_hallucination,1,1.0028223990458287,0.507268938289406,1.6597435168061239
hallusionbench-image-VD-ocr-5-1-0,hallusionbench-image-VD-ocr-5,qwen,hallusionbench,image,0,1,1,1,reasoning_hallucination,1,1.0010844469467375,-0.0,-18.796028841613282
hallusionbench-image-VD-ocr-5-0-1,hallusionbench-image-VD-ocr-5,qwen,hallusionbench,image,1,0,0,6,,1,1.0001696348135447,-0.0,-18.58586594569931
hallusionbench-image-VD-ocr-5-1-1,hallusionbench-image-VD-ocr-5,qwen,hallusionbench,image,1,0,1,1,vision_hallucination|reasoning_hallucination,1,1.0030725003150494,0.5002100477343595,-16.524340094660417
hallusionbench-image-VD-ocr-6-0-0,hallusionbench-image-VD-ocr-6,qwen,hallusionbench,image,1,0,0,6,,1,1.0004434585430695,-0.0,-20.590614014848445
hallusionbench-image-VD-ocr-6-0-1,hallusionbench-image-VD-ocr-6,qwen,hallusionbench,image,1,0,0,6,,1,1.000162363047786,-0.0,-19.95560018228844
hallusionbench-image-VD-ocr-6-1-0,hallusionbench-image-VD-ocr-6,qwen,hallusionbench,image,1,0,0,4,,1,1.0000952482252536,0.673350963615906,-14.838528468778838
hallusionbench-image-VD-ocr-6-1-1,hallusionbench-image-VD-ocr-6,qwen,hallusionbench,image,1,0,1,1,vision_hallucination|reasoning_hallucination,1,1.0030725003150494,-0.0,-20.20772681370893
hallusionbench-image-VD-ocr-7-0-0,hallusionbench-image-VD-ocr-7,qwen,hallusionbench,image,1,0,1,1,vision_hallucination|reasoning_hallucination,1,1.000848889322857,-0.0,-17.305133568996965
hallusionbench-image-VD-ocr-7-0-1,hallusionbench-image-VD-ocr-7,qwen,hallusionbench,image,0,1,0,5,,1,1.0014412402908688,-0.0,-17.923225162738014
hallusionbench-image-VD-ocr-7-1-0,hallusionbench-image-VD-ocr-7,qwen,hallusionbench,image,0,1,1,1,vision_hallucination|reasoning_hallucination,1,1.0031523703935057,-0.0,-16.903174296594436
hallusionbench-image-VD-ocr-8-0-0,hallusionbench-image-VD-ocr-8,qwen,hallusionbench,image,1,0,0,6,,1,1.0010285378072799,-0.0,-23.054866929218868
hallusionbench-image-VD-ocr-7-1-1,hallusionbench-image-VD-ocr-7,qwen,hallusionbench,image,1,0,1,2,vision_hallucination,1,1.003502845787482,0.6732350544694299,-14.488365099317281
hallusionbench-image-VD-ocr-8-0-1,hallusionbench-image-VD-ocr-8,qwen,hallusionbench,image,1,0,0,5,,1,1.0002262592275073,-0.0,-19.59562392120542
hallusionbench-image-VD-ocr-8-1-0,hallusionbench-image-VD-ocr-8,qwen,hallusionbench,image,0,1,1,1,reasoning_hallucination,1,1.0026587248588301,0.41024696531981725,126.09685798248049
hallusionbench-image-VD-ocr-8-1-1,hallusionbench-image-VD-ocr-8,qwen,hallusionbench,image,1,0,1,1,vision_hallucination|reasoning_hallucination,1,1.0900136225241401,-0.0,-15.342395736972346
hallusionbench-image-VD-ocr-9-0-0,hallusionbench-image-VD-ocr-9,qwen,hallusionbench,image,1,0,0,6,,1,1.000498652470663,-0.0,-18.02041159393336
hallusionbench-image-VD-ocr-9-1-0,hallusionbench-image-VD-ocr-9,qwen,hallusionbench,image,0,1,1,1,vision_hallucination|reasoning_hallucination,1,1.0007402897003277,0.6734868715300253,-12.869593047149074
hallusionbench-image-VD-ocr-9-0-1,hallusionbench-image-VD-ocr-9,qwen,hallusionbench,image,1,0,0,6,,1,1.0001511573790225,-0.0,-18.042137852997207
hallusionbench-image-VD-ocr-9-1-1,hallusionbench-image-VD-ocr-9,qwen,hallusionbench,image,1,0,0,6,,1,1.0008944272910196,0.6727933960784276,-10.891686087358861
hallusionbench-image-VD-ocr-10-0-0,hallusionbench-image-VD-ocr-10,qwen,hallusionbench,image,1,0,0,5,,1,1.0008183717623018,-0.0,-18.311630332165727
hallusionbench-image-VD-ocr-10-0-1,hallusionbench-image-VD-ocr-10,qwen,hallusionbench,image,1,0,0,6,,1,1.0000900030109305,-0.0,-19.247749291669603
hallusionbench-image-VD-ocr-10-1-0,hallusionbench-image-VD-ocr-10,qwen,hallusionbench,image,0,1,1,1,vision_hallucination|reasoning_hallucination,1,1.0030499696833004,-0.0,-15.551365448881123
hallusionbench-image-VD-ocr-10-1-1,hallusionbench-image-VD-ocr-10,qwen,hallusionbench,image,1,0,0,5,,1,1.0025653838838597,0.5013656370661306,-15.670923948660771
hallusionbench-image-VD-ocr-11-0-0,hallusionbench-image-VD-ocr-11,qwen,hallusionbench,image,1,0,0,6,,1,1.0023897886199231,-0.0,-20.169972872713203
hallusionbench-image-VD-ocr-11-1-0,hallusionbench-image-VD-ocr-11,qwen,hallusionbench,image,0,1,1,1,vision_hallucination|reasoning_hallucination,1,1.0027347802784161,0.45482697317518334,9.711885444752127
hallusionbench-image-VD-ocr-11-1-1,hallusionbench-image-VD-ocr-11,qwen,hallusionbench,image,1,0,0,5,,1,1.0033190251118838,0.5018927938043185,-13.332573113401795
hallusionbench-image-VD-ocr-11-0-1,hallusionbench-image-VD-ocr-11,qwen,hallusionbench,image,1,0,0,6,,1,1.0001326799365655,-0.0,-20.354019059917476
hallusionbench-image-VD-ocr-12-0-1,hallusionbench-image-VD-ocr-12,qwen,hallusionbench,image,1,0,0,6,,1,1.005802035248444,-0.0,-17.96942990388601
hallusionbench-image-VD-ocr-12-0-0,hallusionbench-image-VD-ocr-12,qwen,hallusionbench,image,1,0,0,6,,1,1.0016855001362672,-0.0,-18.61699939722242
hallusionbench-image-VD-ocr-12-1-1,hallusionbench-image-VD-ocr-12,qwen,hallusionbench,image,1,0,0,4,,1,1.0019443035498163,0.6732818787578365,-13.877574632055936
hallusionbench-image-VD-ocr-12-1-0,hallusionbench-image-VD-ocr-12,qwen,hallusionbench,image,0,1,1,1,vision_hallucination|reasoning_hallucination,1,1.002233147731486,0.5188834671067256,24.346487336410767
hallusionbench-image-VD-ocr-13-0-0,hallusionbench-image-VD-ocr-13,qwen,hallusionbench,image,1,0,0,6,,1,1.000416398046802,-0.0,-22.364702397461908
hallusionbench-image-VD-ocr-13-1-0,hallusionbench-image-VD-ocr-13,qwen,hallusionbench,image,0,1,1,1,vision_hallucination|reasoning_hallucination,1,1.0037995577181198,-0.0,-0.4304403166863189
hallusionbench-image-VD-ocr-13-0-1,hallusionbench-image-VD-ocr-13,qwen,hallusionbench,image,1,0,0,6,,1,1.0001795291945306,-0.0,-19.988708468143525
hallusionbench-image-VD-ocr-13-1-1,hallusionbench-image-VD-ocr-13,qwen,hallusionbench,image,1,0,0,4,,1,1.0042583942641008,0.5135402088314971,12.918828250563005
hallusionbench-image-VD-ocr-14-0-0,hallusionbench-image-VD-ocr-14,qwen,hallusionbench,image,1,0,0,6,,1,1.0006456375212256,-0.0,-20.223470291513703
hallusionbench-image-VD-ocr-14-1-0,hallusionbench-image-VD-ocr-14,qwen,hallusionbench,image,0,1,1,1,vision_hallucination|reasoning_hallucination,1,1.0012764931212663,-0.0,-17.450806059783964
hallusionbench-image-VD-ocr-14-1-1,hallusionbench-image-VD-ocr-14,qwen,hallusionbench,image,1,0,0,4,,1,1.0017292500098438,0.5051005186842219,-4.5156904254212265
hallusionbench-image-VD-ocr-14-0-1,hallusionbench-image-VD-ocr-14,qwen,hallusionbench,image,1,0,0,5,,1,1.0005102157809707,-0.0,-14.846074790740506
hallusionbench-image-VD-ocr-15-0-0,hallusionbench-image-VD-ocr-15,qwen,hallusionbench,image,1,0,0,6,,1,1.0001156330092402,-0.0,-21.69717542297245
hallusionbench-image-VD-ocr-15-1-0,hallusionbench-image-VD-ocr-15,qwen,hallusionbench,image,1,0,1,1,vision_hallucination|reasoning_hallucination,1,1.0016117095559662,0.5007448385584722,-15.224302170755223
hallusionbench-image-VD-ocr-15-0-1,hallusionbench-image-VD-ocr-15,qwen,hallusionbench,image,1,0,0,6,,1,1.0003606080864031,-0.0,-21.071996571486928
hallusionbench-image-VD-ocr-15-1-1,hallusionbench-image-VD-ocr-15,qwen,hallusionbench,image,0,1,1,1,reasoning_hallucination,1,1.0049405095951915,0.6728975356060036,-13.400752259287248
hallusionbench-image-VD-ocr-16-0-0,hallusionbench-image-VD-ocr-16,qwen,hallusionbench,image,1,0,0,5,,1,1.0001956224399589,-0.0,-18.13044159609296
hallusionbench-image-VD-ocr-16-0-1,hallusionbench-image-VD-ocr-16,qwen,hallusionbench,image,0,1,0,4,,1,1.0004849433865646,0.6586884119832379,211.52030895863612
hallusionbench-image-VD-ocr-16-1-0,hallusionbench-image-VD-ocr-16,qwen,hallusionbench,image,1,0,1,1,reasoning_hallucination,1,1.0016109943137292,0.6732795041315861,-15.087209503013252
hallusionbench-image-VD-ocr-16-1-1,hallusionbench-image-VD-ocr-16,qwen,hallusionbench,image,0,1,1,1,vision_hallucination|reasoning_hallucination,1,1.0018774270649533,0.6731134074690328,-15.347572553987455
hallusionbench-image-VD-ocr-17-0-0,hallusionbench-image-VD-ocr-17,qwen,hallusionbench,image,1,0,0,5,,1,1.0011461973521165,-0.0,-20.371065348809957
hallusionbench-image-VD-ocr-17-1-0,hallusionbench-image-VD-ocr-17,qwen,hallusionbench,image,1,0,0,4,,1,1.0000629425066188,0.501631172216958,-13.909193976146423
hallusionbench-image-VD-ocr-17-0-1,hallusionbench-image-VD-ocr-17,qwen,hallusionbench,image,1,0,0,6,,1,1.0003191232745297,-0.0,-18.571156466256056
hallusionbench-image-VD-ocr-18-0-0,hallusionbench-image-VD-ocr-18,qwen,hallusionbench,image,1,0,0,6,,1,1.0004888773159095,-0.0,-20.093217119358297
hallusionbench-image-VD-ocr-17-1-1,hallusionbench-image-VD-ocr-17,qwen,hallusionbench,image,1,0,0,5,,1,1.001131773032246,0.499648893337052,-11.304212023751678
hallusionbench-image-VD-ocr-18-0-1,hallusionbench-image-VD-ocr-18,qwen,hallusionbench,image,0,1,1,1,vision_hallucination|reasoning_hallucination,1,1.0006657838795463,-0.0,-19.08034284441939
hallusionbench-image-VD-ocr-18-1-0,hallusionbench-image-VD-ocr-18,qwen,hallusionbench,image,0,1,1,1,vision_hallucination|reasoning_hallucination,1,1.0009441375857764,-0.0,-16.821454451382216
hallusionbench-image-VD-ocr-19-0-0,hallusionbench-image-VD-ocr-19,qwen,hallusionbench,image,1,0,1,1,vision_hallucination|reasoning_hallucination,1,1.0009788275159746,-0.0,-18.564652326344866
hallusionbench-image-VD-ocr-18-1-1,hallusionbench-image-VD-ocr-18,qwen,hallusionbench,image,1,0,0,5,,1,1.0013661384059913,0.6686889494323331,-5.469269860142303
hallusionbench-image-VD-ocr-19-1-0,hallusionbench-image-VD-ocr-19,qwen,hallusionbench,image,0,1,1,1,vision_hallucination|reasoning_hallucination,1,1.0022472142036951,0.6727283694131267,-13.014577934894119
hallusionbench-image-VD-ocr-19-0-1,hallusionbench-image-VD-ocr-19,qwen,hallusionbench,image,0,1,1,2,vision_hallucination|reasoning_hallucination,1,1.0010311603156914,-0.0,-19.12897097513546
hallusionbench-image-VD-ocr-19-1-1,hallusionbench-image-VD-ocr-19,qwen,hallusionbench,image,1,0,0,4,,1,1.0017225741963147,0.6727653187489948,-14.219218864069106
hallusionbench-image-VD-ocr-20-0-1,hallusionbench-image-VD-ocr-20,qwen,hallusionbench,image,0,1,0,4,,1,1.111061217907549,0.502980628083344,2.692293642008986
hallusionbench-image-VD-ocr-20-0-0,hallusionbench-image-VD-ocr-20,qwen,hallusionbench,image,1,0,0,5,,1,1.0290037393530405,0.6731613995131897,-13.659914261608526
hallusionbench-image-VD-ocr-20-1-1,hallusionbench-image-VD-ocr-20,qwen,hallusionbench,image,1,0,0,5,,1,1.0169267651732041,0.6744935312059055,-3.8576446635145043
hallusionbench-image-VD-ocr-20-1-0,hallusionbench-image-VD-ocr-20,qwen,hallusionbench,image,0,1,1,1,reasoning_hallucination,1,1.0071620939490773,0.674604017872679,-7.762297864249897
hallusionbench-image-VD-figure-0-0-0,hallusionbench-image-VD-figure-0,qwen,hallusionbench,image,1,0,0,5,,1,1.0002825260178436,-0.0,-19.75772050188125
hallusionbench-image-VD-figure-0-1-0,hallusionbench-image-VD-figure-0,qwen,hallusionbench,image,1,0,0,4,,1,1.0002446174573925,0.6270427418605853,60.24471152621831
hallusionbench-image-VD-figure-1-0-0,hallusionbench-image-VD-figure-1,qwen,hallusionbench,image,1,0,0,6,,1,1.0002945661658678,-0.0,-21.452645367670662
hallusionbench-image-VD-figure-1-0-1,hallusionbench-image-VD-figure-1,qwen,hallusionbench,image,1,0,1,1,vision_hallucination,1,1.0001069307305075,-0.0,-19.575826925742586
hallusionbench-image-VD-figure-1-1-1,hallusionbench-image-VD-figure-1,qwen,hallusionbench,image,1,0,0,4,,1,1.0104874370997359,-0.0,14.491880977886382
hallusionbench-image-VD-figure-2-0-0,hallusionbench-image-VD-figure-2,qwen,hallusionbench,image,1,0,0,5,,1,1.0001685619377227,-0.0,-21.24152050199101
hallusionbench-image-VD-figure-1-1-0,hallusionbench-image-VD-figure-1,qwen,hallusionbench,image,1,0,0,4,,1,1.0002547502443326,-0.0,-11.845942734734846
hallusionbench-image-VD-figure-2-1-0,hallusionbench-image-VD-figure-2,qwen,hallusionbench,image,0,1,1,1,vision_hallucination|reasoning_hallucination,1,1.004169463955355,0.5614912908743579,108.76370418068272
hallusionbench-image-VD-figure-2-0-1,hallusionbench-image-VD-figure-2,qwen,hallusionbench,image,1,0,0,5,,1,1.0000594854366165,-0.0,-20.021743044775747
hallusionbench-image-VD-figure-2-1-1,hallusionbench-image-VD-figure-2,qwen,hallusionbench,image,0,1,1,1,reasoning_hallucination,1,1.0001479387271466,0.5006765174538828,-16.857390586190526
hallusionbench-image-VD-figure-3-0-0,hallusionbench-image-VD-figure-3,qwen,hallusionbench,image,1,0,1,1,vision_hallucination|reasoning_hallucination,1,1.000305414204917,0.6731391502047629,-14.288525156967342
hallusionbench-image-VD-figure-3-0-1,hallusionbench-image-VD-figure-3,qwen,hallusionbench,image,0,1,1,1,vision_hallucination|reasoning_hallucination,1,1.0001999139789337,0.5003803155506977,-13.284643364947135
hallusionbench-image-VD-figure-3-1-0,hallusionbench-image-VD-figure-3,qwen,hallusionbench,image,0,1,1,1,reasoning_hallucination,1,1.0011993646936541,0.6720189727790109,-13.688154064474809
hallusionbench-image-VD-figure-3-1-1,hallusionbench-image-VD-figure-3,qwen,hallusionbench,image,0,1,1,1,vision_hallucination|reasoning_hallucination,1,1.0000455379486053,0.5018288575548188,-12.665728449946116
hallusionbench-image-VD-figure-4-0-1,hallusionbench-image-VD-figure-4,qwen,hallusionbench,image,0,1,1,1,vision_hallucination,1,1.0001436471928709,0.4929209904136749,-12.902496412861725
hallusionbench-image-VD-figure-4-1-0,hallusionbench-image-VD-figure-4,qwen,hallusionbench,image,0,1,1,1,reasoning_hallucination,1,1.003043889934859,0.6748440853632227,17.198175711020735
hallusionbench-image-VD-figure-4-0-0,hallusionbench-image-VD-figure-4,qwen,hallusionbench,image,1,0,0,6,,1,1.0005387067763938,0.6453636105373984,36.221269089993655
hallusionbench-image-VD-figure-4-1-1,hallusionbench-image-VD-figure-4,qwen,hallusionbench,image,0,1,1,1,reasoning_hallucination,1,1.0001479387271466,0.6728212649863479,-17.31247749787018
hallusionbench-image-VD-figure-5-0-0,hallusionbench-image-VD-figure-5,qwen,hallusionbench,image,1,0,1,1,vision_hallucination,1,1.002299070274045,0.6727468573699669,-13.882680355132578
hallusionbench-image-VD-figure-5-0-1,hallusionbench-image-VD-figure-5,qwen,hallusionbench,image,1,0,0,5,,1,1.0000917911527247,-0.0,-19.366140874749902
hallusionbench-image-VD-figure-5-1-0,hallusionbench-image-VD-figure-5,qwen,hallusionbench,image,0,1,1,1,vision_hallucination|reasoning_hallucination,1,1.027540564461123,0.5603522052142509,110.0771069574304
hallusionbench-image-VD-figure-5-2-0,hallusionbench-image-VD-figure-5,qwen,hallusionbench,image,0,1,1,1,vision_hallucination|reasoning_hallucination,1,1.0242960456042742,0.5406154936360843,111.4181851820122
hallusionbench-image-VD-figure-5-1-1,hallusionbench-image-VD-figure-5,qwen,hallusionbench,image,0,1,1,1,reasoning_hallucination,1,1.0002034902512207,0.6726449159547259,-15.500754769805573
hallusionbench-image-VD-figure-5-2-1,hallusionbench-image-VD-figure-5,qwen,hallusionbench,image,0,1,1,1,reasoning_hallucination,1,1.000194072722885,0.6725634700473817,-16.221955024352066
hallusionbench-image-VD-figure-6-0-0,hallusionbench-image-VD-figure-6,qwen,hallusionbench,image,1,0,0,5,,1,1.0004808902643003,-0.0,-21.582925068789752
hallusionbench-image-VD-figure-6-1-0,hallusionbench-image-VD-figure-6,qwen,hallusionbench,image,0,1,1,1,reasoning_hallucination,1,1.004184842127879,-0.0,-18.263957691534664
hallusionbench-image-VD-figure-6-0-1,hallusionbench-image-VD-figure-6,qwen,hallusionbench,image,1,0,0,6,,1,1.0003297329079943,-0.0,-21.091315934703374
hallusionbench-image-VD-figure-7-0-0,hallusionbench-image-VD-figure-7,qwen,hallusionbench,image,1,0,0,4,,1,1.0001726150463712,-0.0,-20.795392905140382
hallusionbench-image-VD-figure-6-1-1,hallusionbench-image-VD-figure-6,qwen,hallusionbench,image,0,1,1,1,reasoning_hallucination,1,1.006326913961795,0.5277930902968929,66.75209798199938
hallusionbench-image-VD-figure-7-0-1,hallusionbench-image-VD-figure-7,qwen,hallusionbench,image,1,0,0,6,,1,1.0000350475304598,-0.0,-19.418784770200737
hallusionbench-image-VD-figure-7-1-0,hallusionbench-image-VD-figure-7,qwen,hallusionbench,image,0,1,1,1,vision_hallucination|reasoning_hallucination,1,1.0023334027253241,-0.0,-18.45848141655461
hallusionbench-image-VD-figure-7-1-1,hallusionbench-image-VD-figure-7,qwen,hallusionbench,image,1,0,0,4,,1,1.0022350549076635,0.5010123805415039,-17.393362763285797
hallusionbench-image-VD-figure-8-0-0,hallusionbench-image-VD-figure-8,qwen,hallusionbench,image,1,0,0,6,,1,1.0003110170507525,0.009962592410229143,108.24239364046481
hallusionbench-image-VD-figure-8-0-1,hallusionbench-image-VD-figure-8,qwen,hallusionbench,image,1,0,0,5,,1,1.0001597404431144,-0.0,-19.719316906375475
hallusionbench-image-VD-figure-8-1-1,hallusionbench-image-VD-figure-8,qwen,hallusionbench,image,0,1,1,1,vision_hallucination|reasoning_hallucination,1,1.0001660585458747,0.5003018988925954,-16.098537699594097
hallusionbench-image-VD-figure-9-0-0,hallusionbench-image-VD-figure-9,qwen,hallusionbench,image,1,0,0,5,,1,1.0002458095514957,0.5005527199208366,-16.636775704751592
hallusionbench-image-VD-figure-9-0-1,hallusionbench-image-VD-figure-9,qwen,hallusionbench,image,1,0,0,5,,1,1.0001920461666942,-0.0,-19.602651281858396
hallusionbench-image-VD-figure-8-1-0,hallusionbench-image-VD-figure-8,qwen,hallusionbench,image,1,0,0,4,,1,1.0001376867340828,0.5014104531122853,-15.628211626981907
hallusionbench-image-VD-figure-9-1-1,hallusionbench-image-VD-figure-9,qwen,hallusionbench,image,1,0,0,4,,1,1.0032656191862976,0.6730850672141518,-13.341311546240803
hallusionbench-image-VD-figure-9-1-0,hallusionbench-image-VD-figure-9,qwen,hallusionbench,image,1,0,1,1,vision_hallucination|reasoning_hallucination,1,1.0001413822137648,0.6691166486428727,-8.205871062028578
hallusionbench-image-VD-figure-10-0-0,hallusionbench-image-VD-figure-10,qwen,hallusionbench,image,0,1,0,3,,1,1.0087931151611582,0.3252599589803435,61.35982236956161
hallusionbench-image-VD-figure-10-0-1,hallusionbench-image-VD-figure-10,qwen,hallusionbench,image,1,0,0,5,,1,1.0000892877565632,-0.0,-20.230189045271572
hallusionbench-image-VD-figure-10-1-1,hallusionbench-image-VD-figure-10,qwen,hallusionbench,image,1,0,1,1,vision_hallucination|reasoning_hallucination,1,1.003123998533477,0.5629164575634931,110.60914152681661
hallusionbench-image-VD-figure-11-0-0,hallusionbench-image-VD-figure-11,qwen,hallusionbench,image,1,0,0,5,,1,1.0000994205490055,-0.0,-20.53686752433025
hallusionbench-image-VD-figure-11-0-1,hallusionbench-image-VD-figure-11,qwen,hallusionbench,image,0,1,1,1,reasoning_hallucination,1,1.0002535581686853,-0.0,-16.93592517662946
hallusionbench-image-VD-figure-11-1-0,hallusionbench-image-VD-figure-11,qwen,hallusionbench,image,0,1,1,1,vision_hallucination|reasoning_hallucination,1,1.002449273978176,0.6727962772737365,-12.956347103845452
hallusionbench-image-VD-figure-11-1-1,hallusionbench-image-VD-figure-11,qwen,hallusionbench,image,1,0,0,4,,1,1.0015826225563436,-0.0,-18.84740520273014
hallusionbench-image-VD-figure-12-0-0,hallusionbench-image-VD-figure-12,qwen,hallusionbench,image,1,0,1,1,vision_hallucination,1,1.0004116296809278,-0.0,-20.760021981196545
hallusionbench-image-VD-figure-10-1-0,hallusionbench-image-VD-figure-10,qwen,hallusionbench,image,1,0,1,1,vision_hallucination,1,1.001081943520444,1.1151974012604486,261.92770487270906
hallusionbench-image-VD-figure-12-0-1,hallusionbench-image-VD-figure-12,qwen,hallusionbench,image,1,0,0,5,,1,1.00016415118797,-0.0,-19.976260777492403
hallusionbench-image-VD-figure-12-1-1,hallusionbench-image-VD-figure-12,qwen,hallusionbench,image,0,1,1,0,vision_hallucination|reasoning_hallucination,1,1.0001236200338355,-0.0,-18.561286904817443
hallusionbench-image-VD-figure-12-1-0,hallusionbench-image-VD-figure-12,qwen,hallusionbench,image,0,1,1,1,reasoning_hallucination,1,1.0651496663798223,0.6812939911190178,42.05075426476856
hallusionbench-image-VD-figure-13-0-0,hallusionbench-image-VD-figure-13,qwen,hallusionbench,image,0,1,1,1,vision_hallucination|reasoning_hallucination,1,1.000226020813233,0.6678587229053174,7.707265184365781
hallusionbench-image-VD-figure-13-0-1,hallusionbench-image-VD-figure-13,qwen,hallusionbench,image,0,1,1,1,reasoning_hallucination,1,1.0002927780254207,-0.0,-19.51307353240634
hallusionbench-image-VD-figure-13-1-1,hallusionbench-image-VD-figure-13,qwen,hallusionbench,image,1,0,0,5,,1,1.0047396420559225,0.6931471312417321,108.47067935422615
hallusionbench-image-VD-figure-13-1-0,hallusionbench-image-VD-figure-13,qwen,hallusionbench,image,0,1,1,2,vision_hallucination|reasoning_hallucination,1,1.004739522749499,0.5011624271658572,-14.633046802378901
hallusionbench-image-VD-figure-14-0-0,hallusionbench-image-VD-figure-14,qwen,hallusionbench,image,1,0,0,5,,1,1.0005987882421725,-0.0,-16.206712549776356
hallusionbench-image-VD-figure-14-1-0,hallusionbench-image-VD-figure-14,qwen,hallusionbench,image,0,1,1,1,reasoning_hallucination,1,1.007901549083693,0.6747612395123356,-8.772726791263056
hallusionbench-image-VD-figure-14-0-1,hallusionbench-image-VD-figure-14,qwen,hallusionbench,image,1,0,0,5,,1,1.0001726150463712,-0.0,2.682077141655295
hallusionbench-image-VD-figure-15-0-0,hallusionbench-image-VD-figure-15,qwen,hallusionbench,image,1,0,0,5,,1,1.001004099887885,-0.0,-20.474792064693975
hallusionbench-image-VD-figure-14-1-1,hallusionbench-image-VD-figure-14,qwen,hallusionbench,image,1,0,0,5,,1,1.0086095334107408,0.5010738786421051,-13.61376841025368
hallusionbench-image-VD-figure-15-1-0,hallusionbench-image-VD-figure-15,qwen,hallusionbench,image,0,1,1,1,reasoning_hallucination,1,1.0041102171495138,-0.0,-13.433112952479142
hallusionbench-image-VD-figure-15-1-1,hallusionbench-image-VD-figure-15,qwen,hallusionbench,image,1,0,0,5,,1,1.0042682887300256,0.5010731170251664,-16.027426781311075
hallusionbench-image-VD-figure-16-0-0,hallusionbench-image-VD-figure-16,qwen,hallusionbench,image,0,1,1,1,vision_hallucination|reasoning_hallucination,1,1.000064373014563,-0.0,-19.416619743232438
hallusionbench-image-VD-figure-15-0-1,hallusionbench-image-VD-figure-15,qwen,hallusionbench,image,1,0,0,5,,1,1.0001775026386983,-0.0,-20.66959739206853
hallusionbench-image-VD-figure-16-1-0,hallusionbench-image-VD-figure-16,qwen,hallusionbench,image,0,1,1,1,reasoning_hallucination,1,1.011952399822127,0.5099938396988036,12.85635110832645
hallusionbench-image-VD-figure-16-1-1,hallusionbench-image-VD-figure-16,qwen,hallusionbench,image,1,0,0,4,,1,1.0042165517306585,-0.0,-16.11627439619834
hallusionbench-image-VD-figure-17-0-0,hallusionbench-image-VD-figure-17,qwen,hallusionbench,image,1,0,0,5,,1,1.0010058879597803,-0.0,-22.04152517343557
hallusionbench-image-VD-figure-16-0-1,hallusionbench-image-VD-figure-16,qwen,hallusionbench,image,1,0,1,1,reasoning_hallucination,1,1.0002877712375293,0.5007672759372772,-13.387190191445333
hallusionbench-image-VD-figure-17-0-1,hallusionbench-image-VD-figure-17,qwen,hallusionbench,image,1,0,0,6,,1,1.0000553131121142,-0.0,-20.982565466456848
hallusionbench-image-VD-figure-17-1-0,hallusionbench-image-VD-figure-17,qwen,hallusionbench,image,0,1,1,1,reasoning_hallucination,1,1.0771657197519382,0.6913732079217383,39.59046487085763
hallusionbench-image-VD-figure-17-1-1,hallusionbench-image-VD-figure-17,qwen,hallusionbench,image,0,1,1,1,vision_hallucination|reasoning_hallucination,1,1.0000188350668657,0.5000139703485833,-15.879438916657682
hallusionbench-image-VD-figure-18-0-0,hallusionbench-image-VD-figure-18,qwen,hallusionbench,image,1,0,0,5,,1,1.0002698898363613,-0.0,-2.1948603452341313
hallusionbench-image-VD-figure-18-1-0,hallusionbench-image-VD-figure-18,qwen,hallusionbench,image,0,1,1,1,vision_hallucination,1,1.0003098249371607,-0.0,-12.63703249570548
hallusionbench-image-VD-figure-18-0-1,hallusionbench-image-VD-figure-18,qwen,hallusionbench,image,1,0,0,6,,1,1.0000542402279502,-0.0,-22.66024860078226
hallusionbench-image-VD-figure-18-1-1,hallusionbench-image-VD-figure-18,qwen,hallusionbench,image,0,1,1,1,reasoning_hallucination,1,1.000158905976126,0.6732292737576594,-16.306723614534626
hallusionbench-image-VD-figure-19-0-0,hallusionbench-image-VD-figure-19,qwen,hallusionbench,image,1,0,0,5,,1,1.0005725622143513,-0.0,-19.627434183190594
hallusionbench-image-VD-figure-19-0-1,hallusionbench-image-VD-figure-19,qwen,hallusionbench,image,1,0,0,5,,1,1.00016415118797,-0.0,-16.011929344182583
hallusionbench-image-VD-figure-19-1-0,hallusionbench-image-VD-figure-19,qwen,hallusionbench,image,0,1,1,1,vision_hallucination|reasoning_hallucination,1,1.0037822722835739,0.5011038643105097,-13.82693426290314
hallusionbench-image-VD-figure-19-1-1,hallusionbench-image-VD-figure-19,qwen,hallusionbench,image,1,0,0,4,,1,1.0053412912207889,0.6713874525630217,-10.556268490748915
hallusionbench-image-VD-video-0-0-0,hallusionbench-image-VD-video-0,qwen,hallusionbench,image,1,0,0,5,,1,1.0004881620310542,-0.0,-18.76515142834592
hallusionbench-image-VD-video-0-1-0,hallusionbench-image-VD-video-0,qwen,hallusionbench,image,0,1,0,3,,1,1.0136011843336021,-0.0,-18.935978671991737
hallusionbench-image-VD-video-1-0-0,hallusionbench-image-VD-video-1,qwen,hallusionbench,image,1,0,1,1,vision_hallucination,1,1.0053690673243199,-0.0,-18.725851577717336
hallusionbench-image-VD-video-1-0-1,hallusionbench-image-VD-video-1,qwen,hallusionbench,image,1,0,0,5,,1,2.004429354155862,0.32257860223126755,57.46496970911974
hallusionbench-image-VD-video-1-0-2,hallusionbench-image-VD-video-1,qwen,hallusionbench,image,1,0,0,5,,1,1.0026566982842384,-0.0,-16.365643811450443
hallusionbench-image-VD-video-1-1-0,hallusionbench-image-VD-video-1,qwen,hallusionbench,image,1,0,0,4,,1,1.000158905976126,0.6716771768792311,-12.664798239792372
hallusionbench-image-VD-video-1-0-3,hallusionbench-image-VD-video-1,qwen,hallusionbench,image,0,1,1,1,reasoning_hallucination,1,1.0019403695839844,-0.0,110.61792175677256
hallusionbench-image-VD-video-1-1-1,hallusionbench-image-VD-video-1,qwen,hallusionbench,image,1,0,0,4,,1,1.0062066314835447,0.5640879339528961,112.77667094765863
hallusionbench-image-VD-video-1-1-2,hallusionbench-image-VD-video-1,qwen,hallusionbench,image,0,1,0,3,,1,1.0047963857965672,0.5023085281679498,-7.617632232170619
hallusionbench-image-VD-video-1-1-3,hallusionbench-image-VD-video-1,qwen,hallusionbench,image,1,0,0,4,,1,1.005733013077688,-0.0,111.93677079866067
hallusionbench-image-VD-video-1-2-0,hallusionbench-image-VD-video-1,qwen,hallusionbench,image,1,0,0,4,,1,1.000158905976126,0.4664191708286567,0.5799726865922921
hallusionbench-image-VD-video-1-2-1,hallusionbench-image-VD-video-1,qwen,hallusionbench,image,0,1,1,1,vision_hallucination|reasoning_hallucination,1,1.0062066314835447,-0.0,55.948198595415455
hallusionbench-image-VD-video-1-2-2,hallusionbench-image-VD-video-1,qwen,hallusionbench,image,0,1,0,4,,1,1.0050697324760767,0.4952614283498571,-7.359811943432012
hallusionbench-image-VD-video-1-2-3,hallusionbench-image-VD-video-1,qwen,hallusionbench,image,0,1,0,4,,1,1.0052332876686947,-0.0,-15.79769289556956
hallusionbench-image-VD-video-2-0-0,hallusionbench-image-VD-video-2,qwen,hallusionbench,image,1,0,0,5,,1,1.0047186611864685,0.5901940861846395,91.93058139878825
hallusionbench-image-VD-video-2-0-1,hallusionbench-image-VD-video-2,qwen,hallusionbench,image,0,1,1,1,vision_hallucination|reasoning_hallucination,1,1.5381221932446507,0.6606549056718838,11.196724382946115
hallusionbench-image-VD-video-2-0-2,hallusionbench-image-VD-video-2,qwen,hallusionbench,image,1,0,1,1,reasoning_hallucination,1,1.0208165654838095,-0.0,-16.527058078751832
hallusionbench-image-VD-video-2-1-1,hallusionbench-image-VD-video-2,qwen,hallusionbench,image,0,1,1,1,vision_hallucination|reasoning_hallucination,1,1.007088661170348,0.5152884790147872,16.102503480470514
hallusionbench-image-VD-video-2-1-0,hallusionbench-image-VD-video-2,qwen,hallusionbench,image,0,1,1,1,reasoning_hallucination,1,1.0050456525612501,-0.0,-16.67373155040658
hallusionbench-image-VD-video-2-1-2,hallusionbench-image-VD-video-2,qwen,hallusionbench,image,0,1,1,1,reasoning_hallucination,1,1.004077911492032,-0.0,-17.338892581414644
hallusionbench-image-VD-video-3-0-0,hallusionbench-image-VD-video-3,qwen,hallusionbench,image,1,0,1,1,vision_hallucination|reasoning_hallucination,1,1.0012027024832137,-0.0,-19.1711073810486
hallusionbench-image-VD-video-3-0-1,hallusionbench-image-VD-video-3,qwen,hallusionbench,image,0,1,1,1,reasoning_hallucination,1,1.039409518665998,0.49763733978119656,-15.494507104623775
hallusionbench-image-VD-video-3-0-2,hallusionbench-image-VD-video-3,qwen,hallusionbench,image,1,0,0,6,,1,1.0039286614687013,-0.0,-14.423130026607453
hallusionbench-image-VD-video-3-0-3,hallusionbench-image-VD-video-3,qwen,hallusionbench,image,0,1,0,4,,1,1.003712773397692,-0.0,-12.228745800328387
hallusionbench-image-VD-video-3-1-0,hallusionbench-image-VD-video-3,qwen,hallusionbench,image,0,1,1,2,vision_hallucination|reasoning_hallucination,1,1.0033868550904101,0.5070707989252422,-3.2130753708860436
hallusionbench-image-VD-video-3-1-1,hallusionbench-image-VD-video-3,qwen,hallusionbench,image,1,0,0,5,,1,1.0043685436208591,0.49965951016645915,-12.497709589619507
hallusionbench-image-VD-video-3-1-2,hallusionbench-image-VD-video-3,qwen,hallusionbench,image,0,1,0,3,,1,1.0273783208014637,-0.0,42.73939887069857
hallusionbench-image-VD-video-3-1-3,hallusionbench-image-VD-video-3,qwen,hallusionbench,image,1,0,0,4,,1,1.006726384107621,0.5016304744080882,-11.777423527405507
hallusionbench-image-VD-video-3-2-0,hallusionbench-image-VD-video-3,qwen,hallusionbench,image,0,1,1,1,vision_hallucination|reasoning_hallucination,1,1.0033868550904101,0.5010568766637322,-16.549474264964086
hallusionbench-image-VD-video-3-2-2,hallusionbench-image-VD-video-3,qwen,hallusionbench,image,0,1,1,1,reasoning_hallucination,1,1.0273783208014637,-0.0,-12.29739019859963
hallusionbench-image-VD-video-3-2-1,hallusionbench-image-VD-video-3,qwen,hallusionbench,image,0,1,1,1,vision_hallucination|reasoning_hallucination,1,1.0043685436208591,-0.0,-16.524393110359394
hallusionbench-image-VD-video-3-2-3,hallusionbench-image-VD-video-3,qwen,hallusionbench,image,0,1,0,4,,1,1.006726384107621,-0.0,-10.163330977661488
hallusionbench-image-VD-video-4-0-0,hallusionbench-image-VD-video-4,qwen,hallusionbench,image,1,0,1,1,vision_hallucination|reasoning_hallucination,1,1.0012263059160695,-0.0,-3.3418739080836204
hallusionbench-image-VD-video-4-0-2,hallusionbench-image-VD-video-4,qwen,hallusionbench,image,1,0,0,5,,1,1.0021724700146217,-0.0,-9.51440074765916
hallusionbench-image-VD-video-4-0-1,hallusionbench-image-VD-video-4,qwen,hallusionbench,image,0,1,1,1,vision_hallucination|reasoning_hallucination,1,1.0005992650737563,0.6729933946608814,-14.751730969229097
hallusionbench-image-VD-video-4-0-3,hallusionbench-image-VD-video-4,qwen,hallusionbench,image,0,1,0,4,,1,1.008235574144433,-0.0,-6.076894261740376
hallusionbench-image-VD-video-4-1-0,hallusionbench-image-VD-video-4,qwen,hallusionbench,image,0,1,1,1,vision_hallucination|reasoning_hallucination,1,1.0031067132879194,0.668893801537676,-6.2117158409416255
hallusionbench-image-VD-video-4-1-2,hallusionbench-image-VD-video-4,qwen,hallusionbench,image,0,1,0,4,,1,1.0043156145071992,-0.0,-15.437790325160286
hallusionbench-image-VD-video-4-1-1,hallusionbench-image-VD-video-4,qwen,hallusionbench,image,1,0,0,5,,1,1.0026682615569091,-0.0,232.56579065795754
hallusionbench-image-VD-video-4-1-3,hallusionbench-image-VD-video-4,qwen,hallusionbench,image,1,0,0,4,,1,1.0071296689981297,0.5010431947920635,-10.886414376341541
hallusionbench-image-VD-video-4-2-0,hallusionbench-image-VD-video-4,qwen,hallusionbench,image,0,1,1,1,vision_hallucination|reasoning_hallucination,1,1.0030841828218866,0.49751803641645465,-12.02646320949268
hallusionbench-image-VD-video-4-2-2,hallusionbench-image-VD-video-4,qwen,hallusionbench,image,0,1,0,3,,1,1.0043156145071992,0.4999046464594773,-12.689857572595988
hallusionbench-image-VD-video-4-2-1,hallusionbench-image-VD-video-4,qwen,hallusionbench,image,0,1,1,1,vision_hallucination|reasoning_hallucination,1,1.0026707648647224,-0.0,-11.699423477636305
hallusionbench-image-VD-video-4-2-3,hallusionbench-image-VD-video-4,qwen,hallusionbench,image,0,1,0,4,,1,1.0071296689981297,0.5015717770387011,-13.619354297511938
hallusionbench-image-VD-video-5-0-0,hallusionbench-image-VD-video-5,qwen,hallusionbench,image,1,0,0,5,,1,1.0004787445157526,-0.0,-20.30137456857409
hallusionbench-image-VD-video-5-0-1,hallusionbench-image-VD-video-5,qwen,hallusionbench,image,1,0,0,6,,1,1.0007020235328046,0.692970826937743,117.93290967849302
hallusionbench-image-VD-video-5-0-2,hallusionbench-image-VD-video-5,qwen,hallusionbench,image,1,0,0,6,,1,1.0039633512813912,-0.0,-18.029634152426862
hallusionbench-image-VD-video-5-1-0,hallusionbench-image-VD-video-5,qwen,hallusionbench,image,0,1,1,1,reasoning_hallucination,1,1.0035712718811831,0.6740030166342312,-11.717056138343203
hallusionbench-image-VD-video-5-0-3,hallusionbench-image-VD-video-5,qwen,hallusionbench,image,0,1,1,1,reasoning_hallucination,1,1.0025670528950459,-0.0,-14.753817998500459
hallusionbench-image-VD-video-5-1-1,hallusionbench-image-VD-video-5,qwen,hallusionbench,image,1,0,0,5,,1,1.006144762100515,0.4759395639417069,5.14623337382535
hallusionbench-image-VD-video-5-1-2,hallusionbench-image-VD-video-5,qwen,hallusionbench,image,0,1,0,4,,1,1.0064375399937393,0.5620498182360548,114.55291294572166
hallusionbench-image-VD-video-5-1-3,hallusionbench-image-VD-video-5,qwen,hallusionbench,image,1,0,0,4,,1,1.0083475110867637,-0.0,-14.085805658045407
hallusionbench-image-VD-video-6-0-0,hallusionbench-image-VD-video-6,qwen,hallusionbench,image,1,0,0,6,,1,1.0008003711540994,-0.0,-17.561442722637466
hallusionbench-image-VD-video-6-0-1,hallusionbench-image-VD-video-6,qwen,hallusionbench,image,1,0,0,5,,1,1.000092983246605,-0.0,-17.401474817347793
hallusionbench-image-VD-video-6-0-2,hallusionbench-image-VD-video-6,qwen,hallusionbench,image,1,0,0,5,,1,1.0188921681322085,-0.0,-3.4650755113242617
hallusionbench-image-VD-video-6-0-3,hallusionbench-image-VD-video-6,qwen,hallusionbench,image,1,0,0,6,,1,1.0390377046168844,0.6484218225666837,248.8366391969304
hallusionbench-image-VD-video-6-1-0,hallusionbench-image-VD-video-6,qwen,hallusionbench,image,0,1,1,1,vision_hallucination|reasoning_hallucination,1,1.00248730177606,0.5016819492019967,-13.407952509597866
hallusionbench-image-VD-video-6-1-2,hallusionbench-image-VD-video-6,qwen,hallusionbench,image,0,1,0,4,,1,1.0111956594693385,-0.0,-14.368614930440433
hallusionbench-image-VD-video-6-1-1,hallusionbench-image-VD-video-6,qwen,hallusionbench,image,1,0,0,5,,1,1.0384531005564073,0.6760958218432753,38.56341798294024
hallusionbench-image-VD-video-6-1-3,hallusionbench-image-VD-video-6,qwen,hallusionbench,image,1,0,0,5,,1,1.0029555559290786,-0.0,-5.2931606379033855
hallusionbench-image-VD-video-7-0-0,hallusionbench-image-VD-video-7,qwen,hallusionbench,image,1,0,0,6,,1,1.0006806850542573,0.4105998117122473,39.295529076229215
hallusionbench-image-VD-video-7-0-2,hallusionbench-image-VD-video-7,qwen,hallusionbench,image,1,0,0,6,,1,1.0095248222778712,-0.0,-4.623361633315357
hallusionbench-image-VD-video-7-0-1,hallusionbench-image-VD-video-7,qwen,hallusionbench,image,0,1,1,1,vision_hallucination|reasoning_hallucination,1,1.0211191184718147,-0.0,3.759145991427939
hallusionbench-image-VD-video-7-0-3,hallusionbench-image-VD-video-7,qwen,hallusionbench,image,0,1,0,4,,1,1.0502105958868948,0.4979609935259929,-3.6964687406073136
hallusionbench-image-VD-video-7-1-0,hallusionbench-image-VD-video-7,qwen,hallusionbench,image,0,1,1,1,vision_hallucination,1,1.0062458514120205,0.5329619150709037,53.14644806642515
hallusionbench-image-VD-video-7-1-1,hallusionbench-image-VD-video-7,qwen,hallusionbench,image,1,0,0,5,,1,1.063169358798119,0.6800679052728407,25.714828634192088
hallusionbench-image-VD-video-7-1-2,hallusionbench-image-VD-video-7,qwen,hallusionbench,image,0,1,0,4,,1,1.008428454149467,-0.0,-13.743461284274735
hallusionbench-image-VD-video-7-1-3,hallusionbench-image-VD-video-7,qwen,hallusionbench,image,0,1,1,1,vision_hallucination|reasoning_hallucination,1,1.0040160416228747,0.6727047426875774,-11.936232055302035
hallusionbench-image-VD-video-8-0-0,hallusionbench-image-VD-video-8,qwen,hallusionbench,image,0,1,0,4,,1,1.6090307068923209,0.5112523383664231,13.850713650182401
hallusionbench-image-VD-video-8-0-1,hallusionbench-image-VD-video-8,qwen,hallusionbench,image,1,0,1,2,vision_hallucination|reasoning_hallucination,1,1.0001306533883358,-0.0,-13.360080432564047
hallusionbench-image-VD-video-8-0-2,hallusionbench-image-VD-video-8,qwen,hallusionbench,image,1,0,1,1,reasoning_hallucination,1,1.009172201402534,-0.0,-15.234381353257291
hallusionbench-image-VD-video-8-0-3,hallusionbench-image-VD-video-8,qwen,hallusionbench,image,0,1,0,3,,1,1.0083203311744,0.2785577533266703,107.99428034249621
hallusionbench-image-VD-video-8-1-0,hallusionbench-image-VD-video-8,qwen,hallusionbench,image,0,1,1,1,vision_hallucination|reasoning_hallucination,1,1.0014253854639443,-0.0,-20.161906331845703
hallusionbench-image-VD-video-8-1-1,hallusionbench-image-VD-video-8,qwen,hallusionbench,image,0,1,1,1,vision_hallucination|reasoning_hallucination,1,1.0001931190531528,-0.0,-19.920385759133705
hallusionbench-image-VD-video-8-1-3,hallusionbench-image-VD-video-8,qwen,hallusionbench,image,1,0,0,4,,1,1.0038864612677838,0.6593768859842093,16.51287474668876
hallusionbench-image-VD-video-8-1-2,hallusionbench-image-VD-video-8,qwen,hallusionbench,image,0,1,0,3,,1,1.0037773846916305,-0.0,-14.454607818641707
hallusionbench-image-VD-video-9-0-0,hallusionbench-image-VD-video-9,qwen,hallusionbench,image,1,0,1,1,reasoning_hallucination,1,1.9032044372623276,0.3440655814804374,101.42013413440681
hallusionbench-image-VD-video-9-0-1,hallusionbench-image-VD-video-9,qwen,hallusionbench,image,0,1,1,1,reasoning_hallucination,1,1.3792933330229078,-0.0,233.72684348319575
hallusionbench-image-VD-video-9-0-2,hallusionbench-image-VD-video-9,qwen,hallusionbench,image,1,0,1,1,reasoning_hallucination,1,1.182520152232729,0.5322379101893671,167.01466040809336
hallusionbench-image-VD-video-9-1-0,hallusionbench-image-VD-video-9,qwen,hallusionbench,image,0,1,1,1,vision_hallucination|reasoning_hallucination,1,1.1745461321216653,0.6857124836577096,94.64882426466622
hallusionbench-image-VD-video-9-1-1,hallusionbench-image-VD-video-9,qwen,hallusionbench,image,0,1,1,1,vision_hallucination|reasoning_hallucination,1,1.3764732964409765,0.6040185061295484,130.51076985363238
hallusionbench-image-VD-video-10-1-0,hallusionbench-image-VD-video-10,qwen,hallusionbench,image,1,0,0,4,,1,1.003358483373286,-0.0,254.14402493124587
hallusionbench-image-VD-video-10-1-1,hallusionbench-image-VD-video-10,qwen,hallusionbench,image,0,1,0,4,,1,1.003567695688423,0.6916887129426895,199.1496035241281
hallusionbench-image-VD-video-9-1-2,hallusionbench-image-VD-video-9,qwen,hallusionbench,image,0,1,1,1,vision_hallucination|reasoning_hallucination,1,1.0941082239107072,0.07296664814186174,453.1955243870234
hallusionbench-image-VD-video-10-1-2,hallusionbench-image-VD-video-10,qwen,hallusionbench,image,0,1,0,3,,1,1.0453225371921537,0.023916896418005432,155.10628893387462
hallusionbench-image-VD-video-10-2-0,hallusionbench-image-VD-video-10,qwen,hallusionbench,image,1,0,0,4,,1,1.003358483373286,-0.0,198.73838028953847
hallusionbench-image-VD-video-10-1-3,hallusionbench-image-VD-video-10,qwen,hallusionbench,image,0,1,0,3,,1,1.010850787527024,0.5470036907257299,82.75023067117492
hallusionbench-image-VD-video-10-2-1,hallusionbench-image-VD-video-10,qwen,hallusionbench,image,1,0,0,5,,1,1.003567695688423,0.39740138975252426,333.1382829651878
hallusionbench-image-VD-video-10-2-2,hallusionbench-image-VD-video-10,qwen,hallusionbench,image,0,1,0,3,,1,1.0453225371921537,-0.0,140.6123065242648
hallusionbench-image-VD-video-10-2-3,hallusionbench-image-VD-video-10,qwen,hallusionbench,image,1,0,0,4,,1,1.010850787527024,-0.0,54.75446803677107
hallusionbench-image-VD-video-11-1-0,hallusionbench-image-VD-video-11,qwen,hallusionbench,image,1,0,0,4,,1,1.0009212493783979,0.5550192423251822,113.38627804477966
hallusionbench-image-VD-video-11-1-1,hallusionbench-image-VD-video-11,qwen,hallusionbench,image,0,1,0,4,,1,1.0580500346807227,-0.0,111.75624304978054
hallusionbench-image-VD-video-11-2-0,hallusionbench-image-VD-video-11,qwen,hallusionbench,image,0,1,0,4,,1,1.0009212493783979,0.44328402180967597,13.313401120367477
hallusionbench-image-VD-video-11-1-3,hallusionbench-image-VD-video-11,qwen,hallusionbench,image,1,0,0,5,,1,1.0550339212130655,0.5696840340274161,129.0041187749332
hallusionbench-image-VD-video-11-2-1,hallusionbench-image-VD-video-11,qwen,hallusionbench,image,0,1,0,4,,1,1.0498958836133223,-0.0,-17.66441532922398
hallusionbench-image-VD-video-12-0-0,hallusionbench-image-VD-video-12,qwen,hallusionbench,image,0,1,1,1,reasoning_hallucination,1,1.153031942852982,-0.0,91.50154255057495
hallusionbench-image-VD-video-11-2-3,hallusionbench-image-VD-video-11,qwen,hallusionbench,image,0,1,0,4,,1,1.0550339212130655,0.6877053904455325,71.03032272381637
hallusionbench-image-VD-video-12-0-2,hallusionbench-image-VD-video-12,qwen,hallusionbench,image,0,1,1,1,reasoning_hallucination,1,1.1403770477124253,0.5799809774952485,183.605457390986
hallusionbench-image-VD-video-12-0-1,hallusionbench-image-VD-video-12,qwen,hallusionbench,image,0,1,1,1,vision_hallucination|reasoning_hallucination,1,1.0043525696064155,0.6341629933433863,234.23467050933778
hallusionbench-image-VD-video-12-1-0,hallusionbench-image-VD-video-12,qwen,hallusionbench,image,0,1,1,1,vision_hallucination|reasoning_hallucination,1,1.1776556914119718,-0.0,40.80182433005868
hallusionbench-image-VD-video-12-1-1,hallusionbench-image-VD-video-12,qwen,hallusionbench,image,0,1,1,1,vision_hallucination|reasoning_hallucination,1,1.000848889322857,0.48530247090301665,-7.741654008052061
hallusionbench-image-VD-video-12-1-2,hallusionbench-image-VD-video-12,qwen,hallusionbench,image,0,1,1,1,vision_hallucination|reasoning_hallucination,1,1.1518179180507042,0.6931116304507858,116.10338833635484
hallusionbench-image-VD-video-12-2-0,hallusionbench-image-VD-video-12,qwen,hallusionbench,image,0,1,1,0,vision_hallucination|reasoning_hallucination,1,1.1776556914119718,0.5288943534493198,42.30747250031908
hallusionbench-image-VD-video-12-2-1,hallusionbench-image-VD-video-12,qwen,hallusionbench,image,0,1,1,1,vision_hallucination|reasoning_hallucination,1,1.000848889322857,-0.0,-18.64081053564595
hallusionbench-image-VD-video-14-0-2,hallusionbench-image-VD-video-14,qwen,hallusionbench,image,0,1,1,1,vision_hallucination|reasoning_hallucination,1,1.0050265789599517,0.6806758096415342,18.163317113044165
hallusionbench-image-VD-video-12-2-2,hallusionbench-image-VD-video-12,qwen,hallusionbench,image,0,1,1,1,vision_hallucination|reasoning_hallucination,1,1.1518179180507042,0.5470787086577057,84.3534687761424
hallusionbench-image-VD-video-14-1-0,hallusionbench-image-VD-video-14,qwen,hallusionbench,image,0,1,1,1,vision_hallucination|reasoning_hallucination,1,1.0387833135299627,-0.0,8.88306021305501
hallusionbench-image-VD-video-14-0-3,hallusionbench-image-VD-video-14,qwen,hallusionbench,image,0,1,1,1,vision_hallucination|reasoning_hallucination,1,1.04221236778882,-0.0,7.034104589998261
hallusionbench-image-VD-video-14-1-1,hallusionbench-image-VD-video-14,qwen,hallusionbench,image,1,0,0,5,,1,1.041005370992391,-0.0,11.450042096081255
hallusionbench-image-VD-video-14-1-2,hallusionbench-image-VD-video-14,qwen,hallusionbench,image,0,1,1,1,vision_hallucination|reasoning_hallucination,1,1.0406212825097656,0.5115198160516672,9.948722731781022
hallusionbench-image-VD-video-14-1-3,hallusionbench-image-VD-video-14,qwen,hallusionbench,image,1,0,0,5,,1,1.0689680597846603,0.5085620823541441,5.3287243009496414
hallusionbench-image-VD-video-14-2-0,hallusionbench-image-VD-video-14,qwen,hallusionbench,image,1,0,0,5,,1,1.0388104912759797,0.6738509159259538,8.867878321764474
hallusionbench-image-VD-video-14-2-1,hallusionbench-image-VD-video-14,qwen,hallusionbench,image,1,0,0,5,,1,1.0322425354715123,0.2210722407610316,117.04130791550186
hallusionbench-image-VD-video-14-2-2,hallusionbench-image-VD-video-14,qwen,hallusionbench,image,0,1,1,1,reasoning_hallucination,1,1.0523806816563357,0.6712110581645816,17.943589783870152
hallusionbench-image-VD-video-14-2-3,hallusionbench-image-VD-video-14,qwen,hallusionbench,image,0,1,0,3,,1,1.0689680597846603,0.030059223650037454,157.0405332397478
hallusionbench-image-VD-video-15-0-0,hallusionbench-image-VD-video-15,qwen,hallusionbench,image,1,0,0,5,,1,1.0673122397764532,-0.0,24.881036212423794
hallusionbench-image-VD-video-15-0-1,hallusionbench-image-VD-video-15,qwen,hallusionbench,image,0,1,1,1,vision_hallucination|reasoning_hallucination,1,1.1224087442079098,0.6798376989138164,20.300871297550177
hallusionbench-image-VD-video-15-1-0,hallusionbench-image-VD-video-15,qwen,hallusionbench,image,0,1,1,0,vision_hallucination|reasoning_hallucination,1,1.033059237464001,0.5071415357482858,-3.666266335794395
hallusionbench-image-VD-video-15-1-1,hallusionbench-image-VD-video-15,qwen,hallusionbench,image,0,1,0,4,,1,1.1162068875472224,0.6931454209837318,110.43256958073422
hallusionbench-image-VD-video-16-0-0,hallusionbench-image-VD-video-16,qwen,hallusionbench,image,1,0,0,5,,1,1.1125702874981016,0.6777444111744109,62.071023950271766
hallusionbench-image-VD-video-16-0-1,hallusionbench-image-VD-video-16,qwen,hallusionbench,image,0,1,1,1,vision_hallucination|reasoning_hallucination,1,1.130161044792659,0.0527053865710973,177.15174641059093
hallusionbench-image-VD-video-16-1-0,hallusionbench-image-VD-video-16,qwen,hallusionbench,image,0,1,1,1,vision_hallucination|reasoning_hallucination,1,1.0314657680467578,-0.0,124.59454275011055
hallusionbench-image-VD-video-16-1-1,hallusionbench-image-VD-video-16,qwen,hallusionbench,image,1,0,0,5,,1,1.0298388006954218,0.6433390950546036,240.01841503627864
hallusionbench-image-VD-video-17-0-0,hallusionbench-image-VD-video-17,qwen,hallusionbench,image,0,1,1,1,vision_hallucination|reasoning_hallucination,1,1.0004917383439718,-0.0,-15.356288105840108
hallusionbench-image-VD-video-17-0-1,hallusionbench-image-VD-video-17,qwen,hallusionbench,image,1,0,1,1,vision_hallucination,1,1.0003323555071584,-0.0,-19.060025994244427
hallusionbench-image-VD-video-17-0-2,hallusionbench-image-VD-video-17,qwen,hallusionbench,image,0,1,1,1,vision_hallucination|reasoning_hallucination,1,1.0086642505587493,0.6767637175235428,2.7676647655967415
hallusionbench-image-VD-video-17-0-3,hallusionbench-image-VD-video-17,qwen,hallusionbench,image,1,0,0,5,,1,1.0052869322206144,0.5070757856086924,1.247137097293546
hallusionbench-image-VD-video-17-1-0,hallusionbench-image-VD-video-17,qwen,hallusionbench,image,1,0,1,1,reasoning_hallucination,1,1.095607638314291,0.682239492110242,21.934339342804126
hallusionbench-image-VD-video-17-1-2,hallusionbench-image-VD-video-17,qwen,hallusionbench,image,0,1,0,4,,1,1.0842183804717969,-0.0,29.766944422609868
hallusionbench-image-VD-video-17-1-1,hallusionbench-image-VD-video-17,qwen,hallusionbench,image,1,0,1,2,reasoning_hallucination,1,1.1061921147951568,0.5289628580495722,43.17115239167069
hallusionbench-image-VD-video-17-1-3,hallusionbench-image-VD-video-17,qwen,hallusionbench,image,0,1,1,1,reasoning_hallucination,1,1.0752441864143136,-0.0,52.68828789274023
hallusionbench-image-VD-video-18-0-0,hallusionbench-image-VD-video-18,qwen,hallusionbench,image,1,0,0,6,,1,1.0955404024629798,-0.0,55.335929904530246
hallusionbench-image-VD-video-18-0-1,hallusionbench-image-VD-video-18,qwen,hallusionbench,image,1,0,0,6,,1,1.000862479217258,-0.0,-16.92255432322095
hallusionbench-image-VD-video-18-0-2,hallusionbench-image-VD-video-18,qwen,hallusionbench,image,1,0,0,5,,1,1.0349553805101301,-0.0,1.063322319919159
hallusionbench-image-VD-video-18-0-3,hallusionbench-image-VD-video-18,qwen,hallusionbench,image,0,1,0,4,,1,1.0462137458300684,0.5140028482046177,24.900703319254312
hallusionbench-image-VD-video-18-1-0,hallusionbench-image-VD-video-18,qwen,hallusionbench,image,0,1,1,1,vision_hallucination|reasoning_hallucination,1,1.123660921501469,-0.0,297.7700872006597
hallusionbench-image-VD-video-18-1-1,hallusionbench-image-VD-video-18,qwen,hallusionbench,image,1,0,0,5,,1,1.0747562632573033,-0.0,21.605107465809215
hallusionbench-image-VD-video-18-1-2,hallusionbench-image-VD-video-18,qwen,hallusionbench,image,0,1,1,1,reasoning_hallucination,1,1.0409692514873137,-0.0,117.93350802124718
hallusionbench-image-VD-video-18-1-3,hallusionbench-image-VD-video-18,qwen,hallusionbench,image,1,0,0,5,,1,1.054187299441658,0.5719226606069686,129.0209711592995
hallusionbench-image-VD-video-18-2-0,hallusionbench-image-VD-video-18,qwen,hallusionbench,image,1,0,0,5,,1,1.123660921501469,0.0006793380821035649,155.3523166477845
hallusionbench-image-VD-video-18-2-1,hallusionbench-image-VD-video-18,qwen,hallusionbench,image,1,0,0,5,,1,1.0747562632573033,0.6659127904844558,0.8177605568926047
hallusionbench-image-VD-video-18-2-2,hallusionbench-image-VD-video-18,qwen,hallusionbench,image,0,1,1,1,reasoning_hallucination,1,1.0409692514873137,-0.0,28.874364679590805
hallusionbench-image-VD-video-18-2-3,hallusionbench-image-VD-video-18,qwen,hallusionbench,image,0,1,0,4,,1,1.054187299441658,0.5103916854828746,6.380001362821382
hallusionbench-image-VD-video-19-0-0,hallusionbench-image-VD-video-19,qwen,hallusionbench,image,1,0,0,4,,1,1.0265096425288116,0.6616975592500154,269.90533443027294
hallusionbench-image-VD-video-19-0-1,hallusionbench-image-VD-video-19,qwen,hallusionbench,image,1,0,0,4,,1,1.0010191201872911,0.5194771408346603,25.244463685349398
hallusionbench-image-VD-video-19-0-2,hallusionbench-image-VD-video-19,qwen,hallusionbench,image,0,1,1,1,reasoning_hallucination,1,1.0065069198514924,-0.0,11.653561290571655
hallusionbench-image-VD-video-19-1-0,hallusionbench-image-VD-video-19,qwen,hallusionbench,image,0,1,1,2,reasoning_hallucination,1,1.1030871890381886,0.531261332553929,47.857413203163624
hallusionbench-image-VD-video-19-0-3,hallusionbench-image-VD-video-19,qwen,hallusionbench,image,0,1,1,1,reasoning_hallucination,1,1.1006789165829989,0.6919417140747365,126.42094401263753
hallusionbench-image-VD-video-19-1-1,hallusionbench-image-VD-video-19,qwen,hallusionbench,image,0,1,1,1,vision_hallucination|reasoning_hallucination,1,1.0009125471029185,0.6378865282794064,126.23186134898545
hallusionbench-image-VD-video-19-1-2,hallusionbench-image-VD-video-19,qwen,hallusionbench,image,1,0,0,4,,1,1.0026425123767875,0.6785493833154902,10.438204296117672
hallusionbench-image-VD-video-19-1-3,hallusionbench-image-VD-video-19,qwen,hallusionbench,image,1,0,0,5,,1,1.1092535219853454,-0.0,25.911298322737558
hallusionbench-image-VD-video-19-2-0,hallusionbench-image-VD-video-19,qwen,hallusionbench,image,1,0,0,4,,1,1.1168024499557831,0.6223505747797451,230.03837468575068
hallusionbench-image-VD-video-19-2-2,hallusionbench-image-VD-video-19,qwen,hallusionbench,image,0,1,1,1,reasoning_hallucination,1,1.0593070966030156,0.6716769883572725,52.08416680982049
hallusionbench-image-VD-video-19-2-1,hallusionbench-image-VD-video-19,qwen,hallusionbench,image,0,1,1,2,vision_hallucination|reasoning_hallucination,1,1.000840425479827,0.46722347155076965,-1.867612733454358
hallusionbench-image-VD-video-19-2-3,hallusionbench-image-VD-video-19,qwen,hallusionbench,image,0,1,0,3,,1,1.0755482942593666,0.5683304947156869,123.80483264017545
hallusionbench-non_image-VS-chart-0-0-0,hallusionbench-non_image-VS-chart-0,qwen,hallusionbench,non_image,0,1,1,1,reasoning_hallucination,1,1.0167945623367625,0.5128821169287276,260.1373027160161
hallusionbench-non_image-VS-chart-0-0-1,hallusionbench-non_image-VS-chart-0,qwen,hallusionbench,non_image,1,0,1,1,reasoning_hallucination,1,1.0071841478081163,-0.0,111.75410384730935
hallusionbench-non_image-VS-chart-0-0-2,hallusionbench-non_image-VS-chart-0,qwen,hallusionbench,non_image,0,1,1,1,reasoning_hallucination,1,1.0089949368447837,0.4985942099845815,-0.6734953332156923
hallusionbench-non_image-VS-chart-0-0-3,hallusionbench-non_image-VS-chart-0,qwen,hallusionbench,non_image,0,1,1,1,reasoning_hallucination,1,1.0102236266759126,-0.0,108.85207702327719
hallusionbench-non_image-VS-chart-1-0-0,hallusionbench-non_image-VS-chart-1,qwen,hallusionbench,non_image,0,1,1,1,vision_hallucination|reasoning_hallucination,1,1.3496361749160877,0.39162333229205676,79.4598759204826
hallusionbench-non_image-VS-chart-1-0-1,hallusionbench-non_image-VS-chart-1,qwen,hallusionbench,non_image,1,0,0,5,,1,1.0508623120633038,0.5470011869350659,62.38753568332922
hallusionbench-non_image-VS-chart-1-0-2,hallusionbench-non_image-VS-chart-1,qwen,hallusionbench,non_image,1,0,0,5,,1,1.1430940691832463,0.52329928000509,33.336619633351596
hallusionbench-non_image-VS-chart-1-0-3,hallusionbench-non_image-VS-chart-1,qwen,hallusionbench,non_image,0,1,1,1,reasoning_hallucination,1,1.035393594048901,0.6873583680496823,97.98609592993189
hallusionbench-non_image-VS-chart-1-0-4,hallusionbench-non_image-VS-chart-1,qwen,hallusionbench,non_image,0,1,0,3,,1,1.184033753023142,0.5247855576509226,69.49992591962048
hallusionbench-non_image-VS-chart-1-0-5,hallusionbench-non_image-VS-chart-1,qwen,hallusionbench,non_image,0,1,1,1,reasoning_hallucination,1,1.0969689763798418,0.5824562772178525,238.73505380713945
hallusionbench-non_image-VS-chart-1-0-6,hallusionbench-non_image-VS-chart-1,qwen,hallusionbench,non_image,1,0,0,5,,1,1.2680097853173282,0.6594284215502075,271.35259577090267
hallusionbench-non_image-VS-chart-1-0-7,hallusionbench-non_image-VS-chart-1,qwen,hallusionbench,non_image,0,1,1,2,reasoning_hallucination,1,1.0194937347364494,1.3741751854870712,160.09555096790126
hallusionbench-non_image-VS-chart-2-0-1,hallusionbench-non_image-VS-chart-2,qwen,hallusionbench,non_image,1,0,0,5,,1,1.4770274319958316,0.6169176079023146,263.16426478783103
hallusionbench-non_image-VS-chart-2-0-0,hallusionbench-non_image-VS-chart-2,qwen,hallusionbench,non_image,0,1,1,1,reasoning_hallucination,1,1.3296790011149764,0.6896878896724297,65.2693388575274
hallusionbench-non_image-VS-chart-2-0-2,hallusionbench-non_image-VS-chart-2,qwen,hallusionbench,non_image,0,1,1,1,vision_hallucination,1,1.1401251551679454,0.689993422550895,137.30989711367894
hallusionbench-non_image-VS-chart-2-0-4,hallusionbench-non_image-VS-chart-2,qwen,hallusionbench,non_image,1,0,1,1,reasoning_hallucination,1,1.0005570649897568,0.6652120534582013,1.816477559171279
hallusionbench-non_image-VS-chart-2-0-3,hallusionbench-non_image-VS-chart-2,qwen,hallusionbench,non_image,1,0,1,2,vision_hallucination|reasoning_hallucination,1,1.5434963533460455,0.6879190779015594,113.4988570774443
hallusionbench-non_image-VS-chart-2-0-5,hallusionbench-non_image-VS-chart-2,qwen,hallusionbench,non_image,0,1,1,1,reasoning_hallucination,1,1.6912840257329071,-0.0,111.52123962761505
hallusionbench-non_image-VS-chart-2-0-6,hallusionbench-non_image-VS-chart-2,qwen,hallusionbench,non_image,0,1,1,1,reasoning_hallucination,1,1.3710199428218464,-0.0,57.13718055294309
hallusionbench-non_image-VS-chart-3-0-0,hallusionbench-non_image-VS-chart-3,qwen,hallusionbench,non_image,1,0,0,5,,1,1.011525154012373,-0.0,125.09126642884016
hallusionbench-non_image-VS-chart-2-0-7,hallusionbench-non_image-VS-chart-2,qwen,hallusionbench,non_image,0,1,0,4,,1,1.1559623423780436,0.5272621292979778,56.74854290123546
hallusionbench-non_image-VS-chart-3-0-1,hallusionbench-non_image-VS-chart-3,qwen,hallusionbench,non_image,0,1,0,4,,1,1.0021923780125541,0.676582617384019,1.763709787617639
hallusionbench-non_image-VS-chart-3-0-2,hallusionbench-non_image-VS-chart-3,qwen,hallusionbench,non_image,1,0,1,1,reasoning_hallucination,1,1.0019136666842792,-0.0,-17.757044133756693
hallusionbench-non_image-VS-chart-3-0-3,hallusionbench-non_image-VS-chart-3,qwen,hallusionbench,non_image,1,0,0,4,,1,1.0027425288573721,0.6755713916778359,-4.025993680999958
hallusionbench-non_image-VS-chart-4-0-0,hallusionbench-non_image-VS-chart-4,qwen,hallusionbench,non_image,1,0,0,4,,1,1.0160591606938258,0.5794524360104661,142.4766156055368
hallusionbench-non_image-VS-chart-4-0-1,hallusionbench-non_image-VS-chart-4,qwen,hallusionbench,non_image,1,0,0,5,,1,1.0013022423068576,0.04778148745491761,106.7735859778795
hallusionbench-non_image-VS-chart-4-0-2,hallusionbench-non_image-VS-chart-4,qwen,hallusionbench,non_image,1,0,0,5,,1,1.0003019571337137,-0.0,-17.392407619745544
hallusionbench-non_image-VS-chart-4-0-3,hallusionbench-non_image-VS-chart-4,qwen,hallusionbench,non_image,1,0,0,5,,1,1.0114648340676793,-0.0,114.8815244210327
hallusionbench-non_image-VS-chart-5-0-0,hallusionbench-non_image-VS-chart-5,qwen,hallusionbench,non_image,1,0,1,1,vision_hallucination,1,1.3199844522413708,-0.0,265.4455638524603
hallusionbench-non_image-VS-chart-5-0-1,hallusionbench-non_image-VS-chart-5,qwen,hallusionbench,non_image,1,0,1,1,reasoning_hallucination,1,1.3871426452613167,0.044714589191939214,140.1041679978005
hallusionbench-non_image-VS-chart-5-0-2,hallusionbench-non_image-VS-chart-5,qwen,hallusionbench,non_image,1,0,1,1,vision_hallucination|reasoning_hallucination,1,1.0597959771493122,0.6515057730448739,340.94902768537236
hallusionbench-non_image-VS-chart-5-0-3,hallusionbench-non_image-VS-chart-5,qwen,hallusionbench,non_image,1,0,1,1,vision_hallucination|reasoning_hallucination,1,1.4035264277194497,-0.0,276.163515198985
hallusionbench-non_image-VS-chart-6-0-0,hallusionbench-non_image-VS-chart-6,qwen,hallusionbench,non_image,1,0,0,4,,1,1.2348288273024997,0.5083135583879921,6.308933160536835
hallusionbench-non_image-VS-chart-6-0-1,hallusionbench-non_image-VS-chart-6,qwen,hallusionbench,non_image,1,0,0,4,,1,1.0006237030112286,0.5165215894972093,131.83788887296257
hallusionbench-non_image-VS-chart-6-0-2,hallusionbench-non_image-VS-chart-6,qwen,hallusionbench,non_image,1,0,1,1,reasoning_hallucination,1,1.4239938123085756,-0.0,24.120536695722297
hallusionbench-non_image-VS-chart-7-0-0,hallusionbench-non_image-VS-chart-7,qwen,hallusionbench,non_image,1,0,0,5,,1,1.017173408918515,0.49585502308357654,0.6228502180505053
hallusionbench-non_image-VS-chart-6-0-3,hallusionbench-non_image-VS-chart-6,qwen,hallusionbench,non_image,1,0,0,4,,1,1.0001269578900813,-0.0,-16.375064909277363
hallusionbench-non_image-VS-chart-7-0-2,hallusionbench-non_image-VS-chart-7,qwen,hallusionbench,non_image,1,0,0,5,,1,1.003901839313618,0.4786141986599185,26.61144016399883
hallusionbench-non_image-VS-chart-7-0-1,hallusionbench-non_image-VS-chart-7,qwen,hallusionbench,non_image,1,0,1,1,reasoning_hallucination,1,1.0038549899730647,0.5123766163901309,17.99940466441631
hallusionbench-non_image-VS-chart-8-0-0,hallusionbench-non_image-VS-chart-8,qwen,hallusionbench,non_image,1,0,0,5,,1,1.0130765440310363,0.5250141597479574,58.87807153652895
hallusionbench-non_image-VS-chart-7-0-3,hallusionbench-non_image-VS-chart-7,qwen,hallusionbench,non_image,1,0,0,4,,1,1.0043666363602213,-0.0,13.180909194831894
hallusionbench-non_image-VS-chart-8-0-1,hallusionbench-non_image-VS-chart-8,qwen,hallusionbench,non_image,1,0,1,1,vision_hallucination|reasoning_hallucination,1,1.0012799501801273,0.6441893613976153,189.08315713595206
hallusionbench-non_image-VS-chart-8-0-2,hallusionbench-non_image-VS-chart-8,qwen,hallusionbench,non_image,1,0,1,1,vision_hallucination|reasoning_hallucination,1,1.0003827810163697,0.538160367910068,66.60248369734722
hallusionbench-non_image-VS-chart-9-0-0,hallusionbench-non_image-VS-chart-9,qwen,hallusionbench,non_image,1,0,0,5,,1,1.013198614003337,-0.0,-9.944034044826546
hallusionbench-non_image-VS-chart-9-0-1,hallusionbench-non_image-VS-chart-9,qwen,hallusionbench,non_image,0,1,1,1,vision_hallucination|reasoning_hallucination,1,1.0221821074292172,0.03202793856527949,116.28697725460313
hallusionbench-non_image-VS-chart-9-0-2,hallusionbench-non_image-VS-chart-9,qwen,hallusionbench,non_image,0,1,1,1,reasoning_hallucination,1,1.0851361774253108,0.6617711824758892,156.1612638218935
hallusionbench-non_image-VS-chart-9-0-3,hallusionbench-non_image-VS-chart-9,qwen,hallusionbench,non_image,1,0,1,1,reasoning_hallucination,1,1.0035272836098001,0.615158041915904,162.36483463524118
hallusionbench-non_image-VS-chart-10-0-0,hallusionbench-non_image-VS-chart-10,qwen,hallusionbench,non_image,1,0,0,5,,1,1.0220150940566446,-0.0,33.59259546255825
hallusionbench-non_image-VS-chart-10-0-1,hallusionbench-non_image-VS-chart-10,qwen,hallusionbench,non_image,1,0,0,5,,1,1.0002908706733111,-0.0,-12.834818734739347
hallusionbench-non_image-VS-chart-10-0-2,hallusionbench-non_image-VS-chart-10,qwen,hallusionbench,non_image,0,1,1,1,vision_hallucination,1,1.242157224788114,-0.0,-2.4446702321267626
hallusionbench-non_image-VS-chart-10-0-3,hallusionbench-non_image-VS-chart-10,qwen,hallusionbench,non_image,1,0,1,1,vision_hallucination|reasoning_hallucination,1,1.007987499361929,0.6379956659167412,57.42477428464283
hallusionbench-non_image-VS-chart-11-0-1,hallusionbench-non_image-VS-chart-11,qwen,hallusionbench,non_image,1,0,0,6,,1,1.0006650686138303,0.5064467071682369,-2.4040237063160337
hallusionbench-non_image-VS-chart-11-0-0,hallusionbench-non_image-VS-chart-11,qwen,hallusionbench,non_image,0,1,1,1,vision_hallucination,1,1.1024014909896898,0.6889788151877165,55.6470366753279
hallusionbench-non_image-VS-chart-12-0-0,hallusionbench-non_image-VS-chart-12,qwen,hallusionbench,non_image,0,1,1,1,reasoning_hallucination,1,1.0495513663431058,0.48238052325733943,183.3947249596203
hallusionbench-non_image-VS-chart-12-0-1,hallusionbench-non_image-VS-chart-12,qwen,hallusionbench,non_image,1,0,0,5,,1,1.2176438580896272,0.6599196037943451,240.72622741269055
hallusionbench-non_image-VS-chart-12-0-2,hallusionbench-non_image-VS-chart-12,qwen,hallusionbench,non_image,0,1,1,1,reasoning_hallucination,1,1.096837998019205,0.5788159676570486,142.5511962243451
hallusionbench-non_image-VS-chart-13-0-0,hallusionbench-non_image-VS-chart-13,qwen,hallusionbench,non_image,0,1,0,3,,1,1.1443456377763084,0.5546369693941713,395.1561903892769
hallusionbench-non_image-VS-chart-14-0-0,hallusionbench-non_image-VS-chart-14,qwen,hallusionbench,non_image,1,0,0,5,,1,1.021574615526209,0.6923170807147067,148.37561723947834
hallusionbench-non_image-VS-chart-13-0-1,hallusionbench-non_image-VS-chart-13,qwen,hallusionbench,non_image,1,0,1,1,vision_hallucination|reasoning_hallucination,1,1.0013817548291954,-0.0,-15.9089817320729
hallusionbench-non_image-VS-chart-14-0-1,hallusionbench-non_image-VS-chart-14,qwen,hallusionbench,non_image,0,1,1,1,reasoning_hallucination,1,1.1551164477762879,0.39419625558279353,116.52755353304973
hallusionbench-non_image-VS-chart-14-0-2,hallusionbench-non_image-VS-chart-14,qwen,hallusionbench,non_image,1,0,1,1,vision_hallucination|reasoning_hallucination,1,1.2992700203318779,0.638483784209426,146.2146425029943
hallusionbench-non_image-VS-chart-15-0-1,hallusionbench-non_image-VS-chart-15,qwen,hallusionbench,non_image,1,0,0,5,,1,1.025843619937386,-0.0,48.47653737051579
hallusionbench-non_image-VS-chart-15-0-0,hallusionbench-non_image-VS-chart-15,qwen,hallusionbench,non_image,0,1,1,1,vision_hallucination|reasoning_hallucination,1,1.0000591278093673,0.6740129662001436,-11.191334290659597
hallusionbench-non_image-VS-chart-16-0-1,hallusionbench-non_image-VS-chart-16,qwen,hallusionbench,non_image,1,0,0,4,,1,1.0001450777071015,0.6728777728163609,118.18385904324583
hallusionbench-non_image-VS-chart-16-0-0,hallusionbench-non_image-VS-chart-16,qwen,hallusionbench,non_image,0,1,1,1,vision_hallucination|reasoning_hallucination,1,1.0000766515712758,0.6736649109219177,-14.640445082587897
hallusionbench-non_image-VS-chart-17-0-0,hallusionbench-non_image-VS-chart-17,qwen,hallusionbench,non_image,0,1,1,1,reasoning_hallucination,1,1.0115681889975634,-0.0,-3.9577977493362315
hallusionbench-non_image-VS-chart-17-0-1,hallusionbench-non_image-VS-chart-17,qwen,hallusionbench,non_image,0,1,1,1,reasoning_hallucination,1,1.0102635625326077,-0.0,66.61720702997658
hallusionbench-non_image-VS-chart-17-0-2,hallusionbench-non_image-VS-chart-17,qwen,hallusionbench,non_image,1,0,0,4,,1,1.011391639545568,0.6895948385767086,150.54232532783777
hallusionbench-non_image-VS-chart-18-0-0,hallusionbench-non_image-VS-chart-18,qwen,hallusionbench,non_image,1,0,0,4,,1,1.481261234593177,0.4769114718153066,181.62884840041718
hallusionbench-non_image-VS-chart-19-0-0,hallusionbench-non_image-VS-chart-19,qwen,hallusionbench,non_image,1,0,0,5,,1,1.0048449039132863,-0.0,-16.24725538045582
hallusionbench-non_image-VS-chart-18-0-1,hallusionbench-non_image-VS-chart-18,qwen,hallusionbench,non_image,1,0,0,4,,1,1.0164198875343171,0.6469091874159565,319.64925963264653
hallusionbench-non_image-VS-chart-20-0-0,hallusionbench-non_image-VS-chart-20,qwen,hallusionbench,non_image,0,1,1,1,reasoning_hallucination,1,1.3302183221558117,0.4888298651757571,-7.4177941501726465
hallusionbench-non_image-VS-chart-19-0-1,hallusionbench-non_image-VS-chart-19,qwen,hallusionbench,non_image,1,0,0,5,,1,1.154920223861441,0.4474366046677093,237.42404019365944
hallusionbench-non_image-VS-chart-20-0-1,hallusionbench-non_image-VS-chart-20,qwen,hallusionbench,non_image,1,0,0,5,,1,1.0113770962221258,0.2112012110300816,98.49007518717049
hallusionbench-non_image-VS-chart-21-0-0,hallusionbench-non_image-VS-chart-21,qwen,hallusionbench,non_image,0,1,1,1,reasoning_hallucination,1,1.0000854730606912,0.5027805652376265,-11.750906221447984
hallusionbench-non_image-VS-chart-21-0-1,hallusionbench-non_image-VS-chart-21,qwen,hallusionbench,non_image,0,1,1,1,vision_hallucination|reasoning_hallucination,1,1.0055451395368844,0.5043472412267815,-7.285907904778346
hallusionbench-non_image-VS-table-0-0-0,hallusionbench-non_image-VS-table-0,qwen,hallusionbench,non_image,1,0,0,6,,1,1.1982232345557315,-0.0,185.3669965275291
hallusionbench-non_image-VS-table-0-0-2,hallusionbench-non_image-VS-table-0,qwen,hallusionbench,non_image,1,0,0,6,,1,1.0107169149527744,0.041716105890949054,112.78962572326334
hallusionbench-non_image-VS-table-0-0-1,hallusionbench-non_image-VS-table-0,qwen,hallusionbench,non_image,0,1,1,1,vision_hallucination|reasoning_hallucination,1,1.0086897610047012,0.5349552287503325,148.2266545554971
hallusionbench-non_image-VS-table-1-0-1,hallusionbench-non_image-VS-table-1,qwen,hallusionbench,non_image,1,0,0,5,,1,1.002764701904811,0.6877069420165804,107.62163694083193
hallusionbench-non_image-VS-table-1-0-0,hallusionbench-non_image-VS-table-1,qwen,hallusionbench,non_image,0,1,1,1,reasoning_hallucination,1,1.015733225956594,0.7212157695468535,240.34717955601747
hallusionbench-non_image-VS-table-1-0-2,hallusionbench-non_image-VS-table-1,qwen,hallusionbench,non_image,1,0,0,5,,1,1.0056555269638348,0.5699294043463591,115.48691274887243
hallusionbench-non_image-VS-table-2-0-1,hallusionbench-non_image-VS-table-2,qwen,hallusionbench,non_image,1,0,0,5,,1,1.0119087698494738,0.5146049267773969,15.6371764586479
hallusionbench-non_image-VS-table-2-0-2,hallusionbench-non_image-VS-table-2,qwen,hallusionbench,non_image,1,0,0,4,,1,1.1018958095431866,-0.0,25.54066498706062
hallusionbench-non_image-VS-table-2-0-0,hallusionbench-non_image-VS-table-2,qwen,hallusionbench,non_image,1,0,0,5,,1,1.1555743241826495,-0.0,174.38304331938102
hallusionbench-non_image-VS-table-3-0-0,hallusionbench-non_image-VS-table-3,qwen,hallusionbench,non_image,1,0,0,4,,1,1.0000438690203457,0.5096774786915794,6.096567208782625
hallusionbench-non_image-VS-table-3-0-1,hallusionbench-non_image-VS-table-3,qwen,hallusionbench,non_image,0,1,1,1,reasoning_hallucination,1,1.0083049539960571,0.515911333767925,17.244328330658778
hallusionbench-non_image-VS-table-4-0-0,hallusionbench-non_image-VS-table-4,qwen,hallusionbench,non_image,0,1,1,1,reasoning_hallucination,1,2.02016906577035,0.9779908969219928,359.7143327548678
hallusionbench-non_image-VS-table-3-0-2,hallusionbench-non_image-VS-table-3,qwen,hallusionbench,non_image,1,0,1,1,vision_hallucination|reasoning_hallucination,1,1.0402234781670803,0.6207003280402164,92.85641937185295
hallusionbench-non_image-VS-table-4-0-2,hallusionbench-non_image-VS-table-4,qwen,hallusionbench,non_image,1,0,0,5,,1,1.0125309228283055,0.6739201226572076,-11.874869753099428
hallusionbench-non_image-VS-table-4-0-1,hallusionbench-non_image-VS-table-4,qwen,hallusionbench,non_image,0,1,1,1,reasoning_hallucination,1,1.0000422000875948,0.6640073955646819,141.48016706427592
hallusionbench-non_image-VS-table-5-0-0,hallusionbench-non_image-VS-table-5,qwen,hallusionbench,non_image,0,1,1,1,reasoning_hallucination,1,1.7067359309622527,0.9089827469648972,350.9999967355694
hallusionbench-non_image-VS-table-5-0-1,hallusionbench-non_image-VS-table-5,qwen,hallusionbench,non_image,0,1,1,1,reasoning_hallucination,1,1.3319256375735515,1.5850494294664033,111.2626249165622
hallusionbench-non_image-VS-table-5-0-2,hallusionbench-non_image-VS-table-5,qwen,hallusionbench,non_image,1,0,0,5,,1,1.693316837762039,0.6491887260290643,198.0549522485124
hallusionbench-non_image-VS-table-5-0-3,hallusionbench-non_image-VS-table-5,qwen,hallusionbench,non_image,0,1,0,4,,1,1.0562616574046484,0.6696204720388079,-4.3747099297702725
hallusionbench-non_image-VS-table-6-0-0,hallusionbench-non_image-VS-table-6,qwen,hallusionbench,non_image,1,0,0,5,,1,1.012914061649561,0.6663218940503443,31.86012279678085
hallusionbench-non_image-VS-table-6-0-1,hallusionbench-non_image-VS-table-6,qwen,hallusionbench,non_image,0,1,1,1,vision_hallucination|reasoning_hallucination,1,1.0014930963992017,-0.0,150.1623137622071
hallusionbench-non_image-VS-table-6-0-2,hallusionbench-non_image-VS-table-6,qwen,hallusionbench,non_image,1,0,0,4,,1,1.0000793933878394,0.6561043183397212,227.78869694285532
hallusionbench-non_image-VS-table-7-0-0,hallusionbench-non_image-VS-table-7,qwen,hallusionbench,non_image,1,0,0,5,,1,1.0038256645237258,1.192556703395727,162.00303145445386
hallusionbench-non_image-VS-table-6-0-3,hallusionbench-non_image-VS-table-6,qwen,hallusionbench,non_image,1,0,0,4,,1,1.0002202987712583,-0.0,-12.08559138212151
hallusionbench-non_image-VS-table-7-0-1,hallusionbench-non_image-VS-table-7,qwen,hallusionbench,non_image,1,0,1,1,vision_hallucination|reasoning_hallucination,1,1.0008003711540994,-0.0,-17.08761411953344
hallusionbench-non_image-VS-table-7-0-2,hallusionbench-non_image-VS-table-7,qwen,hallusionbench,non_image,1,0,0,5,,1,1.007296800597956,-0.0,-16.040724891948106
hallusionbench-non_image-VS-table-7-0-3,hallusionbench-non_image-VS-table-7,qwen,hallusionbench,non_image,1,0,1,1,vision_hallucination|reasoning_hallucination,1,1.0009449720233243,0.7207820859438105,51.68621004252013
hallusionbench-non_image-VS-table-7-0-4,hallusionbench-non_image-VS-table-7,qwen,hallusionbench,non_image,1,0,0,6,,1,1.021546722307355,-0.0,107.33228767114731
hallusionbench-non_image-VS-table-7-0-5,hallusionbench-non_image-VS-table-7,qwen,hallusionbench,non_image,1,0,1,1,vision_hallucination|reasoning_hallucination,1,1.0007555484844952,0.4979285716973907,-13.682006079966754
hallusionbench-non_image-VS-table-8-0-0,hallusionbench-non_image-VS-table-8,qwen,hallusionbench,non_image,1,0,0,4,,1,1.005318522607209,-0.0,-10.391695985022885
hallusionbench-non_image-VS-table-8-0-1,hallusionbench-non_image-VS-table-8,qwen,hallusionbench,non_image,0,1,1,1,vision_hallucination|reasoning_hallucination,1,1.0431410081471615,0.6783071475526536,15.94912013598492
hallusionbench-non_image-VS-table-8-0-2,hallusionbench-non_image-VS-table-8,qwen,hallusionbench,non_image,1,0,0,5,,1,1.0077532530162563,0.6665294815496418,2.1439881267670273
hallusionbench-non_image-VS-table-8-0-3,hallusionbench-non_image-VS-table-8,qwen,hallusionbench,non_image,1,0,1,1,vision_hallucination,1,1.0090919730285857,0.5001404113492274,-15.304860269540459
hallusionbench-non_image-VS-table-8-0-4,hallusionbench-non_image-VS-table-8,qwen,hallusionbench,non_image,1,0,0,5,,1,1.0081830022611715,0.4954833514268305,-8.390633971819433
hallusionbench-non_image-VS-table-8-0-5,hallusionbench-non_image-VS-table-8,qwen,hallusionbench,non_image,0,1,1,1,vision_hallucination|reasoning_hallucination,1,1.0082569120369462,-0.0,117.2562613376541
hallusionbench-non_image-VS-table-9-0-1,hallusionbench-non_image-VS-table-9,qwen,hallusionbench,non_image,1,0,1,1,vision_hallucination|reasoning_hallucination,1,1.0000845193853583,0.5286007908784291,53.00051865278216
hallusionbench-non_image-VS-table-9-0-0,hallusionbench-non_image-VS-table-9,qwen,hallusionbench,non_image,0,1,1,1,vision_hallucination|reasoning_hallucination,1,1.0000983476611818,1.02538145052573,95.35606578568904
hallusionbench-non_image-VS-table-9-0-3,hallusionbench-non_image-VS-table-9,qwen,hallusionbench,non_image,0,1,1,1,vision_hallucination|reasoning_hallucination,1,1.0071222783489697,0.49946447790763593,-3.3576285825657646
hallusionbench-non_image-VS-table-9-0-2,hallusionbench-non_image-VS-table-9,qwen,hallusionbench,non_image,0,1,0,3,,1,1.0002125501642825,0.3337952046284335,49.21956967072102
hallusionbench-non_image-VS-table-10-0-1,hallusionbench-non_image-VS-table-10,qwen,hallusionbench,non_image,1,0,0,6,,1,1.0009841918388716,0.687556991653187,48.95307989165071
hallusionbench-non_image-VS-table-10-0-0,hallusionbench-non_image-VS-table-10,qwen,hallusionbench,non_image,1,0,0,5,,1,1.0096540450676859,-0.0,-12.203173343589372
hallusionbench-non_image-VS-table-10-0-2,hallusionbench-non_image-VS-table-10,qwen,hallusionbench,non_image,1,0,0,5,,1,1.1994018634593542,-0.0,23.83802914000262
hallusionbench-non_image-VS-table-10-0-3,hallusionbench-non_image-VS-table-10,qwen,hallusionbench,non_image,1,0,0,5,,1,1.000482559212137,-0.0,108.35556408915384
hallusionbench-non_image-VS-map-0-0-0,hallusionbench-non_image-VS-map-0,qwen,hallusionbench,non_image,1,0,0,4,,1,1.0004094839062299,-0.0,-19.336958966683795
hallusionbench-non_image-VS-map-0-0-2,hallusionbench-non_image-VS-map-0,qwen,hallusionbench,non_image,1,0,0,5,,1,1.0003327131374966,-0.0,-18.72719159889326
hallusionbench-non_image-VS-map-0-0-1,hallusionbench-non_image-VS-map-0,qwen,hallusionbench,non_image,1,0,0,4,,1,1.0220230818093745,-0.0,3.6493900578086524
hallusionbench-non_image-VS-map-0-0-3,hallusionbench-non_image-VS-map-0,qwen,hallusionbench,non_image,1,0,0,5,,1,1.011488795064335,-0.0,-7.457230364694199
hallusionbench-non_image-VS-map-1-0-0,hallusionbench-non_image-VS-map-1,qwen,hallusionbench,non_image,1,0,0,4,,1,1.0662444817244248,0.6679636507163256,-3.609711460494932
hallusionbench-non_image-VS-map-1-0-1,hallusionbench-non_image-VS-map-1,qwen,hallusionbench,non_image,1,0,0,5,,1,1.0644575363139661,0.6703998336057118,7.371433820258556
hallusionbench-non_image-VS-map-1-0-3,hallusionbench-non_image-VS-map-1,qwen,hallusionbench,non_image,0,1,1,1,reasoning_hallucination,1,1.0016618967227442,-0.0,105.23449018178499
hallusionbench-non_image-VS-map-1-0-2,hallusionbench-non_image-VS-map-1,qwen,hallusionbench,non_image,1,0,1,1,reasoning_hallucination,1,1.6092681869380765,0.6581377718953068,15.469224498633558
hallusionbench-non_image-VS-map-2-0-0,hallusionbench-non_image-VS-map-2,qwen,hallusionbench,non_image,1,0,0,5,,1,1.0245987176059814,0.6726439674051685,117.45034323239607
hallusionbench-non_image-VS-map-2-0-1,hallusionbench-non_image-VS-map-2,qwen,hallusionbench,non_image,0,1,1,1,vision_hallucination|reasoning_hallucination,1,1.0133938789738492,-0.0,38.50608238269765
hallusionbench-non_image-VS-map-3-0-1,hallusionbench-non_image-VS-map-3,qwen,hallusionbench,non_image,0,1,1,1,vision_hallucination|reasoning_hallucination,1,1.0000959634766071,0.6929746863051602,124.0068599813003
hallusionbench-non_image-VS-map-4-0-0,hallusionbench-non_image-VS-map-4,qwen,hallusionbench,non_image,1,0,0,5,,1,1.0041791200005352,-0.0,-18.592659421786035
hallusionbench-non_image-VS-map-3-0-0,hallusionbench-non_image-VS-map-3,qwen,hallusionbench,non_image,0,1,1,1,vision_hallucination|reasoning_hallucination,1,1.0148094895294462,0.551779702774775,102.95710140498987
hallusionbench-non_image-VS-map-4-0-1,hallusionbench-non_image-VS-map-4,qwen,hallusionbench,non_image,1,0,0,5,,1,1.0000852346435918,-0.0,-21.30649125099732
hallusionbench-non_image-VS-map-4-0-2,hallusionbench-non_image-VS-map-4,qwen,hallusionbench,non_image,1,0,0,5,,1,1.000127911569499,-0.0,-20.92564083026353
hallusionbench-non_image-VS-map-4-0-3,hallusionbench-non_image-VS-map-4,qwen,hallusionbench,non_image,1,0,0,4,,1,1.0022357701288347,-0.0,-17.109871685700615
hallusionbench-non_image-VS-map-5-0-1,hallusionbench-non_image-VS-map-5,qwen,hallusionbench,non_image,1,0,1,2,vision_hallucination|reasoning_hallucination,1,1.0001099109656886,0.4573105683659924,5.102697228402484
hallusionbench-non_image-VS-map-5-0-0,hallusionbench-non_image-VS-map-5,qwen,hallusionbench,non_image,0,1,1,1,reasoning_hallucination,1,1.0002393722602172,0.5073846924540931,139.8406901760314
hallusionbench-non_image-VS-map-5-0-2,hallusionbench-non_image-VS-map-5,qwen,hallusionbench,non_image,1,0,0,5,,1,1.0001553297031562,-0.0,-16.560638485673895
hallusionbench-non_image-VS-map-6-0-0,hallusionbench-non_image-VS-map-6,qwen,hallusionbench,non_image,1,0,0,5,,1,1.0132002832591904,-0.0,-11.606334150774153
hallusionbench-non_image-VS-map-5-0-3,hallusionbench-non_image-VS-map-5,qwen,hallusionbench,non_image,0,1,1,1,vision_hallucination|reasoning_hallucination,1,1.0000888109206025,0.5771614072303997,167.32225813774122
hallusionbench-non_image-VS-map-6-0-1,hallusionbench-non_image-VS-map-6,qwen,hallusionbench,non_image,0,1,1,1,reasoning_hallucination,1,1.011651754505787,0.5020518478037818,-10.683173757977997
hallusionbench-non_image-VS-map-6-0-2,hallusionbench-non_image-VS-map-6,qwen,hallusionbench,non_image,1,0,0,5,,1,1.0166356571957595,0.5364511046024159,138.6692335381733
hallusionbench-non_image-VS-map-7-0-0,hallusionbench-non_image-VS-map-7,qwen,hallusionbench,non_image,1,0,0,4,,1,1.007598161746164,0.040342457824068256,116.54370543004606
hallusionbench-non_image-VS-map-8-0-0,hallusionbench-non_image-VS-map-8,qwen,hallusionbench,non_image,1,0,0,5,,1,1.0075902937711874,0.5649799325581979,111.90552685987369
hallusionbench-non_image-VS-map-7-0-1,hallusionbench-non_image-VS-map-7,qwen,hallusionbench,non_image,0,1,1,1,reasoning_hallucination,1,1.061809540246411,0.49055085429195766,-11.13942428673581
hallusionbench-non_image-VS-map-8-0-1,hallusionbench-non_image-VS-map-8,qwen,hallusionbench,non_image,0,1,1,1,reasoning_hallucination,1,1.0231980084767442,0.6486011524499133,39.53183958207116
hallusionbench-non_image-VS-map-9-0-0,hallusionbench-non_image-VS-map-9,qwen,hallusionbench,non_image,1,0,0,4,,1,1.0061346294118587,-0.0,-5.32403928853001
hallusionbench-non_image-VS-map-8-0-2,hallusionbench-non_image-VS-map-8,qwen,hallusionbench,non_image,0,1,1,1,vision_hallucination,1,1.0159946681605105,0.5021172678438921,-12.080175572480483
hallusionbench-non_image-VS-map-9-0-1,hallusionbench-non_image-VS-map-9,qwen,hallusionbench,non_image,1,0,0,5,,1,1.0001164674765086,0.49938696161341656,-12.346704512448287
hallusionbench-non_image-VS-map-10-0-0,hallusionbench-non_image-VS-map-10,qwen,hallusionbench,non_image,1,0,0,5,,1,1.141188732438905,0.5930272410014593,163.84012946750016
hallusionbench-non_image-VS-map-10-0-1,hallusionbench-non_image-VS-map-10,qwen,hallusionbench,non_image,1,0,0,5,,1,1.000051617623019,-0.0,-20.084396821388182
hallusionbench-non_image-VS-ocr-0-0-1,hallusionbench-non_image-VS-ocr-0,qwen,hallusionbench,non_image,1,0,0,6,,1,1.000366210950242,-0.0,-12.863551731157862
hallusionbench-non_image-VS-ocr-0-0-0,hallusionbench-non_image-VS-ocr-0,qwen,hallusionbench,non_image,0,1,1,1,vision_hallucination|reasoning_hallucination,1,1.0003256797740194,0.025857244520424184,102.44492075515562
hallusionbench-non_image-VS-ocr-1-0-0,hallusionbench-non_image-VS-ocr-1,qwen,hallusionbench,non_image,1,0,0,5,,1,1.0044207571060058,0.4757266446630342,-2.4596551596540284
hallusionbench-non_image-VS-ocr-2-0-0,hallusionbench-non_image-VS-ocr-2,qwen,hallusionbench,non_image,0,1,0,5,,1,1.0006927251893625,0.13292609493144564,80.81505407366059
hallusionbench-non_image-VS-ocr-2-0-2,hallusionbench-non_image-VS-ocr-2,qwen,hallusionbench,non_image,1,0,0,5,,1,1.0004864931029893,0.15608886948840162,206.69248945907995
hallusionbench-non_image-VS-ocr-3-0-0,hallusionbench-non_image-VS-ocr-3,qwen,hallusionbench,non_image,1,0,0,6,,1,1.0190892222662136,0.6538048047660256,36.98821041234541
hallusionbench-non_image-VS-ocr-2-0-1,hallusionbench-non_image-VS-ocr-2,qwen,hallusionbench,non_image,1,0,0,5,,1,1.0008498430498498,0.8594542988414196,36.76155511484289
hallusionbench-non_image-VS-ocr-3-0-1,hallusionbench-non_image-VS-ocr-3,qwen,hallusionbench,non_image,1,0,0,6,,1,1.1233465661629507,-0.0,94.09573075032192
hallusionbench-non_image-VS-ocr-4-0-0,hallusionbench-non_image-VS-ocr-4,qwen,hallusionbench,non_image,1,0,0,5,,1,1.0017571449802323,-0.0,-19.844147033728174
hallusionbench-non_image-VS-ocr-3-0-2,hallusionbench-non_image-VS-ocr-3,qwen,hallusionbench,non_image,1,0,0,5,,1,1.0072641372572717,0.6917743410573494,115.60639771578761
hallusionbench-non_image-VS-ocr-4-0-1,hallusionbench-non_image-VS-ocr-4,qwen,hallusionbench,non_image,1,0,1,1,reasoning_hallucination,1,1.0170778045408007,0.6822946528781877,52.46361176288334
hallusionbench-non_image-VS-ocr-5-0-0,hallusionbench-non_image-VS-ocr-5,qwen,hallusionbench,non_image,1,0,0,6,,1,1.0025886296082571,-0.0,-14.998506090931347
hallusionbench-non_image-VS-ocr-5-0-1,hallusionbench-non_image-VS-ocr-5,qwen,hallusionbench,non_image,0,1,1,1,reasoning_hallucination,1,1.0046261548315887,-0.0,-12.125326494525172
hallusionbench-non_image-VS-ocr-6-0-0,hallusionbench-non_image-VS-ocr-6,qwen,hallusionbench,non_image,1,0,0,5,,1,1.0108091829072152,0.19216364364602526,66.03139423899204
hallusionbench-non_image-VS-ocr-7-0-0,hallusionbench-non_image-VS-ocr-7,qwen,hallusionbench,non_image,1,0,0,6,,1,1.000237941742115,0.000992941251906991,115.28143329969771
hallusionbench-non_image-VS-ocr-6-0-1,hallusionbench-non_image-VS-ocr-6,qwen,hallusionbench,non_image,0,1,1,1,reasoning_hallucination,1,1.0113748309111004,0.13169704257022405,136.0445421972636
hallusionbench-non_image-VS-ocr-7-0-1,hallusionbench-non_image-VS-ocr-7,qwen,hallusionbench,non_image,1,0,0,5,,1,1.003683924620684,0.6801881740319143,7.765636033158859
hallusionbench-non_image-VS-ocr-8-0-0,hallusionbench-non_image-VS-ocr-8,qwen,hallusionbench,non_image,0,1,0,3,,1,1.0013568401283837,0.6631386717629856,9.943423558285492
hallusionbench-non_image-VS-ocr-8-0-1,hallusionbench-non_image-VS-ocr-8,qwen,hallusionbench,non_image,1,0,0,5,,1,1.0779463067357538,0.6670783160690443,47.32461464424047
hallusionbench-non_image-VS-ocr-9-0-0,hallusionbench-non_image-VS-ocr-9,qwen,hallusionbench,non_image,1,0,0,5,,1,1.0101619957426873,-0.0,-14.513630301645602
hallusionbench-non_image-VS-ocr-10-0-0,hallusionbench-non_image-VS-ocr-10,qwen,hallusionbench,non_image,1,0,0,4,,1,1.0263900753856268,0.45800254364325305,39.747316602408816
hallusionbench-non_image-VS-ocr-9-0-1,hallusionbench-non_image-VS-ocr-9,qwen,hallusionbench,non_image,1,0,0,5,,1,1.0116934776625555,-0.0,-1.5395323957209754
hallusionbench-non_image-VS-ocr-11-0-0,hallusionbench-non_image-VS-ocr-11,qwen,hallusionbench,non_image,1,0,0,5,,1,1.0130099057997652,-0.0,-4.180763031996351
hallusionbench-non_image-VS-ocr-10-0-1,hallusionbench-non_image-VS-ocr-10,qwen,hallusionbench,non_image,0,1,1,1,reasoning_hallucination,1,1.0005300045072463,0.64247979203696,39.62651605338064
hallusionbench-non_image-VS-ocr-12-0-0,hallusionbench-non_image-VS-ocr-12,qwen,hallusionbench,non_image,1,0,1,1,reasoning_hallucination,1,1.0146331785246065,-0.0,-8.137735459963944
hallusionbench-non_image-VS-ocr-11-0-1,hallusionbench-non_image-VS-ocr-11,qwen,hallusionbench,non_image,1,0,1,1,reasoning_hallucination,1,1.00029051302882,-0.0,-2.559780443061605
hallusionbench-non_image-VS-ocr-12-0-1,hallusionbench-non_image-VS-ocr-12,qwen,hallusionbench,non_image,1,0,0,4,,1,1.0332313773802455,0.5073569961956824,0.36792696492006627
hallusionbench-image-VS-chart-3-1-0,hallusionbench-image-VS-chart-3,qwen,hallusionbench,image,0,1,1,1,reasoning_hallucination,1,1.0135650632127142,-0.0,-12.20888886385104
hallusionbench-image-VS-chart-3-1-1,hallusionbench-image-VS-chart-3,qwen,hallusionbench,image,0,1,0,4,,1,1.0663552287933138,0.6756260434190485,107.17948875525897
hallusionbench-image-VS-chart-3-1-2,hallusionbench-image-VS-chart-3,qwen,hallusionbench,image,1,0,1,1,reasoning_hallucination,1,1.0104994774738774,-0.0,-8.470445355719379
hallusionbench-image-VS-chart-3-1-3,hallusionbench-image-VS-chart-3,qwen,hallusionbench,image,0,1,0,4,,1,1.001862645112292,0.6697392891408418,4.462378072206647
hallusionbench-image-VS-chart-3-2-0,hallusionbench-image-VS-chart-3,qwen,hallusionbench,image,0,1,1,1,reasoning_hallucination,1,1.0150653124146984,-0.0,2.2109796190651245
hallusionbench-image-VS-chart-3-2-1,hallusionbench-image-VS-chart-3,qwen,hallusionbench,image,1,0,1,1,reasoning_hallucination,1,1.0003973245740951,0.4930233006341706,25.344211859222465
hallusionbench-image-VS-chart-3-2-2,hallusionbench-image-VS-chart-3,qwen,hallusionbench,image,0,1,1,1,reasoning_hallucination,1,1.0104994774738774,-0.0,-13.745621539800103
hallusionbench-image-VS-chart-3-2-3,hallusionbench-image-VS-chart-3,qwen,hallusionbench,image,0,1,1,1,reasoning_hallucination,1,1.0018690824119043,0.6879206642903373,65.81781132441837
hallusionbench-image-VS-chart-4-1-0,hallusionbench-image-VS-chart-4,qwen,hallusionbench,image,1,0,1,1,reasoning_hallucination,1,1.0578925620287207,0.5028224803178122,-12.505329786011236
hallusionbench-image-VS-chart-4-1-1,hallusionbench-image-VS-chart-4,qwen,hallusionbench,image,0,1,1,1,vision_hallucination|reasoning_hallucination,1,1.0001960992831822,0.6735424741631126,-6.738196887976729
hallusionbench-image-VS-chart-4-1-2,hallusionbench-image-VS-chart-4,qwen,hallusionbench,image,1,0,0,5,,1,1.000138521197921,0.5059296059054517,25.146842802210607
hallusionbench-image-VS-chart-4-1-3,hallusionbench-image-VS-chart-4,qwen,hallusionbench,image,1,0,0,5,,1,1.014810681320144,-0.0,-16.53667163527783
hallusionbench-image-VS-chart-4-2-0,hallusionbench-image-VS-chart-4,qwen,hallusionbench,image,1,0,0,5,,1,1.0653961865485166,0.6687477338890107,15.15781704924946
hallusionbench-image-VS-chart-4-2-1,hallusionbench-image-VS-chart-4,qwen,hallusionbench,image,1,0,0,5,,1,1.0120987895552107,0.49866254118650455,-15.522325011035289
hallusionbench-image-VS-chart-4-2-2,hallusionbench-image-VS-chart-4,qwen,hallusionbench,image,1,0,0,4,,1,1.000124096871839,0.49675831743020465,-13.431039440264014
hallusionbench-image-VS-chart-4-2-3,hallusionbench-image-VS-chart-4,qwen,hallusionbench,image,1,0,0,4,,1,1.0192021126692545,-0.0,-19.500866447364707
hallusionbench-image-VS-chart-5-1-0,hallusionbench-image-VS-chart-5,qwen,hallusionbench,image,1,0,1,1,vision_hallucination,1,1.0072710514573504,-0.0,-17.493135885130116
hallusionbench-image-VS-chart-5-2-0,hallusionbench-image-VS-chart-5,qwen,hallusionbench,image,0,1,1,1,reasoning_hallucination,1,1.2182915280318627,0.24222705288786778,102.38914686211471
hallusionbench-image-VS-chart-5-2-1,hallusionbench-image-VS-chart-5,qwen,hallusionbench,image,1,0,0,4,,1,1.9020665223761244,0.6073530731408175,196.64480434265178
hallusionbench-image-VS-chart-5-2-2,hallusionbench-image-VS-chart-5,qwen,hallusionbench,image,1,0,0,4,,1,1.247326609912007,0.19984693973588055,158.8023679512441
hallusionbench-image-VS-chart-5-2-3,hallusionbench-image-VS-chart-5,qwen,hallusionbench,image,0,1,1,1,reasoning_hallucination,1,1.170092227445381,0.5523445720206032,135.53929237216968
hallusionbench-image-VS-chart-6-2-0,hallusionbench-image-VS-chart-6,qwen,hallusionbench,image,0,1,0,3,,1,1.2742607539357713,-0.0,135.70802182136708
hallusionbench-image-VS-chart-6-2-1,hallusionbench-image-VS-chart-6,qwen,hallusionbench,image,0,1,1,1,reasoning_hallucination,1,1.0007023811205575,0.5048531572764015,0.14407164567092146
hallusionbench-image-VS-chart-6-2-2,hallusionbench-image-VS-chart-6,qwen,hallusionbench,image,1,0,0,4,,1,1.000323653227747,0.6077752885808709,236.18720077642678
hallusionbench-image-VS-chart-6-2-3,hallusionbench-image-VS-chart-6,qwen,hallusionbench,image,1,0,0,4,,1,1.000102639197552,0.1309795738741687,62.64503699773984
hallusionbench-image-VS-chart-7-2-0,hallusionbench-image-VS-chart-7,qwen,hallusionbench,image,0,1,1,1,reasoning_hallucination,1,1.0324497235085257,0.6775800481775305,5.528987620985351
hallusionbench-image-VS-chart-7-2-1,hallusionbench-image-VS-chart-7,qwen,hallusionbench,image,1,0,1,1,reasoning_hallucination,1,1.0404586789115955,0.6724421559286766,-5.102628003706515
hallusionbench-image-VS-chart-7-2-2,hallusionbench-image-VS-chart-7,qwen,hallusionbench,image,0,1,1,1,reasoning_hallucination,1,1.0214241735630172,0.6768372628211778,43.54091342173945
hallusionbench-image-VS-chart-7-2-3,hallusionbench-image-VS-chart-7,qwen,hallusionbench,image,1,0,1,1,reasoning_hallucination,1,1.003982782457324,0.6237997673389888,215.19909380277832
hallusionbench-image-VS-chart-8-2-0,hallusionbench-image-VS-chart-8,qwen,hallusionbench,image,0,1,1,1,vision_hallucination|reasoning_hallucination,1,1.0070699455317198,0.6731789414283049,-8.223215461395593
hallusionbench-image-VS-chart-8-2-1,hallusionbench-image-VS-chart-8,qwen,hallusionbench,image,0,1,1,1,vision_hallucination|reasoning_hallucination,1,1.0003095865320806,0.6899502235461519,67.96310566730214
hallusionbench-image-VS-chart-9-2-0,hallusionbench-image-VS-chart-9,qwen,hallusionbench,image,0,1,1,1,reasoning_hallucination,1,1.015286326027061,0.4728360806984896,33.00714891628725
hallusionbench-image-VS-chart-8-2-2,hallusionbench-image-VS-chart-8,qwen,hallusionbench,image,1,0,1,2,vision_hallucination|reasoning_hallucination,1,1.0001888275142234,0.6741276985117612,-10.753263111993181
hallusionbench-image-VS-chart-9-2-1,hallusionbench-image-VS-chart-9,qwen,hallusionbench,image,0,1,1,1,reasoning_hallucination,1,1.019624114455042,-0.0,-12.72069542932478
hallusionbench-image-VS-chart-9-2-2,hallusionbench-image-VS-chart-9,qwen,hallusionbench,image,0,1,1,1,reasoning_hallucination,1,1.0402867804140523,0.6706700887939381,160.90946323507458
hallusionbench-image-VS-chart-10-2-0,hallusionbench-image-VS-chart-10,qwen,hallusionbench,image,0,1,1,1,reasoning_hallucination,1,1.0855272980746142,-0.0,61.106619116716814
hallusionbench-image-VS-chart-9-2-3,hallusionbench-image-VS-chart-9,qwen,hallusionbench,image,0,1,0,4,,1,1.0002708435065142,0.5394982243927795,88.99742208279443
hallusionbench-image-VS-chart-10-2-1,hallusionbench-image-VS-chart-10,qwen,hallusionbench,image,0,1,1,1,reasoning_hallucination,1,1.497419103690961,0.6857930831134693,131.46448814308644
hallusionbench-image-VS-chart-10-2-2,hallusionbench-image-VS-chart-10,qwen,hallusionbench,image,1,0,1,1,reasoning_hallucination,1,1.0330781950807484,0.6881257697589878,160.04713880688098
hallusionbench-image-VS-chart-10-2-3,hallusionbench-image-VS-chart-10,qwen,hallusionbench,image,0,1,1,1,reasoning_hallucination,1,1.1653292126020733,0.49100727024442237,-1.431167255558666
hallusionbench-image-VS-chart-12-2-0,hallusionbench-image-VS-chart-12,qwen,hallusionbench,image,1,0,1,1,reasoning_hallucination,1,1.012352705311187,0.06387920026501916,116.58404133185338
hallusionbench-image-VS-chart-12-2-2,hallusionbench-image-VS-chart-12,qwen,hallusionbench,image,0,1,1,1,reasoning_hallucination,1,1.0414823287858783,0.6768200908955004,15.611171562822678
hallusionbench-image-VS-chart-12-2-1,hallusionbench-image-VS-chart-12,qwen,hallusionbench,image,0,1,0,4,,1,1.0646857028895325,0.6874403883397608,49.60215696902917
hallusionbench-image-VS-chart-13-2-0,hallusionbench-image-VS-chart-13,qwen,hallusionbench,image,1,0,1,1,reasoning_hallucination,1,1.299915083061717,0.314976140914297,115.68325579030856
hallusionbench-image-VS-chart-14-2-0,hallusionbench-image-VS-chart-14,qwen,hallusionbench,image,0,1,0,4,,1,1.2114982656366635,0.5068703623382002,17.007423304239918
hallusionbench-image-VS-chart-13-2-1,hallusionbench-image-VS-chart-13,qwen,hallusionbench,image,0,1,1,1,vision_hallucination,1,1.00018227100933,0.3965859450045973,29.06120074816439
hallusionbench-image-VS-chart-14-2-1,hallusionbench-image-VS-chart-14,qwen,hallusionbench,image,1,0,1,1,reasoning_hallucination,1,1.0367234950123367,0.43932222142397825,126.13360600484846
hallusionbench-image-VS-chart-14-2-2,hallusionbench-image-VS-chart-14,qwen,hallusionbench,image,0,1,1,1,reasoning_hallucination,1,1.0199561122039227,0.67212259961897,9.208240901604016
hallusionbench-image-VS-chart-15-2-0,hallusionbench-image-VS-chart-15,qwen,hallusionbench,image,1,0,0,4,,1,1.0000897645927511,-0.0,-19.773988381585237
hallusionbench-image-VS-chart-16-1-0,hallusionbench-image-VS-chart-16,qwen,hallusionbench,image,1,0,0,5,,1,1.002594947735377,-0.0,-20.777570293404658
hallusionbench-image-VS-chart-15-2-1,hallusionbench-image-VS-chart-15,qwen,hallusionbench,image,0,1,1,1,reasoning_hallucination,1,1.0052989719534704,0.6750690788883831,38.341340335351745
hallusionbench-image-VS-chart-16-1-1,hallusionbench-image-VS-chart-16,qwen,hallusionbench,image,1,0,0,6,,1,1.0000344514851285,-0.0,-19.061748180977375
hallusionbench-image-VS-chart-16-2-0,hallusionbench-image-VS-chart-16,qwen,hallusionbench,image,0,1,1,1,vision_hallucination,1,1.0054801700485207,0.5013017575914117,-16.823930315166688
hallusionbench-image-VS-chart-16-2-1,hallusionbench-image-VS-chart-16,qwen,hallusionbench,image,0,1,1,1,reasoning_hallucination,1,1.0001243352909261,0.42037595946163886,20.78295470746757
hallusionbench-image-VS-chart-17-2-0,hallusionbench-image-VS-chart-17,qwen,hallusionbench,image,1,0,0,5,,1,1.0001068115230314,0.566421268631125,116.79168736704628
hallusionbench-image-VS-chart-17-2-1,hallusionbench-image-VS-chart-17,qwen,hallusionbench,image,0,1,1,1,reasoning_hallucination,1,1.0092267986888028,0.49909492475385897,-6.293883514543834
hallusionbench-image-VS-chart-17-2-2,hallusionbench-image-VS-chart-17,qwen,hallusionbench,image,0,1,1,1,reasoning_hallucination,1,1.0133768322631003,0.6613467561769313,22.616114418709007
hallusionbench-image-VS-chart-18-2-0,hallusionbench-image-VS-chart-18,qwen,hallusionbench,image,0,1,1,1,reasoning_hallucination,1,1.0613785994804625,0.5228806165348546,32.90790448360096
hallusionbench-image-VS-chart-18-2-1,hallusionbench-image-VS-chart-18,qwen,hallusionbench,image,0,1,1,1,vision_hallucination,1,1.0128424167713266,0.5023280726422397,-12.401618053467782
hallusionbench-image-VS-chart-19-2-1,hallusionbench-image-VS-chart-19,qwen,hallusionbench,image,1,0,0,5,,1,1.0137072801643139,0.7176818245354559,350.6266426647885
hallusionbench-image-VS-chart-19-2-0,hallusionbench-image-VS-chart-19,qwen,hallusionbench,image,0,1,1,1,reasoning_hallucination,1,1.006125211776687,-0.0,-15.328100997204858
hallusionbench-image-VS-chart-20-2-1,hallusionbench-image-VS-chart-20,qwen,hallusionbench,image,1,0,0,4,,1,1.015268682993575,0.5071642967415083,-2.0856650992130863
hallusionbench-image-VS-chart-20-2-0,hallusionbench-image-VS-chart-20,qwen,hallusionbench,image,1,0,0,4,,1,1.0001257658066423,-0.0,-20.16088546259388
hallusionbench-image-VS-chart-21-2-1,hallusionbench-image-VS-chart-21,qwen,hallusionbench,image,1,0,0,5,,1,1.00437068941033,-0.0,53.42743428952514
hallusionbench-image-VS-chart-21-2-0,hallusionbench-image-VS-chart-21,qwen,hallusionbench,image,0,1,1,1,reasoning_hallucination,1,1.006224512972383,0.6738628153787543,-12.672241116093115
hallusionbench-image-VS-table-0-2-0,hallusionbench-image-VS-table-0,qwen,hallusionbench,image,0,1,1,1,reasoning_hallucination,1,1.0120682717643068,-0.0,39.07556701121861
hallusionbench-image-VS-table-0-2-1,hallusionbench-image-VS-table-0,qwen,hallusionbench,image,1,0,1,1,vision_hallucination|reasoning_hallucination,1,1.0166871539143165,0.8281175985181631,202.3247145558041
hallusionbench-image-VS-table-0-2-2,hallusionbench-image-VS-table-0,qwen,hallusionbench,image,0,1,1,1,reasoning_hallucination,1,1.0261795523020676,0.5794031454582158,137.04215863606737
hallusionbench-image-VS-table-1-2-0,hallusionbench-image-VS-table-1,qwen,hallusionbench,image,0,1,1,1,reasoning_hallucination,1,1.7842894375271123,1.4116805121743945,169.89735527280794
hallusionbench-image-VS-table-1-2-2,hallusionbench-image-VS-table-1,qwen,hallusionbench,image,1,0,0,6,,1,1.0037028790299998,-0.0,107.14703977375143
hallusionbench-image-VS-table-1-2-1,hallusionbench-image-VS-table-1,qwen,hallusionbench,image,0,1,1,1,reasoning_hallucination,1,1.0037561654379572,0.6713795123603024,-12.003483022052695
hallusionbench-image-VS-table-2-2-1,hallusionbench-image-VS-table-2,qwen,hallusionbench,image,0,1,1,1,reasoning_hallucination,1,1.0066206453166897,0.6808894272211685,16.15282885826276
hallusionbench-image-VS-table-2-2-0,hallusionbench-image-VS-table-2,qwen,hallusionbench,image,0,1,1,1,reasoning_hallucination,1,1.0743564401908154,-0.0,125.74810953189463
hallusionbench-image-VS-table-2-2-2,hallusionbench-image-VS-table-2,qwen,hallusionbench,image,0,1,0,3,,1,1.126526713685294,0.06707843083962095,135.32947318088574
hallusionbench-image-VS-table-2-3-0,hallusionbench-image-VS-table-2,qwen,hallusionbench,image,0,1,1,1,reasoning_hallucination,1,1.0952117432749806,1.00528981096685,235.54528720746396
hallusionbench-image-VS-table-2-3-1,hallusionbench-image-VS-table-2,qwen,hallusionbench,image,0,1,1,1,reasoning_hallucination,1,1.0059998036663476,0.6724215869549248,-15.773511977071227
hallusionbench-image-VS-table-2-3-2,hallusionbench-image-VS-table-2,qwen,hallusionbench,image,0,1,0,3,,1,1.126526713685294,-0.0,24.818069781488298
hallusionbench-image-VS-table-3-2-0,hallusionbench-image-VS-table-3,qwen,hallusionbench,image,0,1,1,1,reasoning_hallucination,1,1.0093795061257798,0.02102216626167153,111.94834945055464
hallusionbench-image-VS-table-3-2-1,hallusionbench-image-VS-table-3,qwen,hallusionbench,image,0,1,1,1,reasoning_hallucination,1,1.0248881579358582,0.5035118005698136,-10.349182604478063
hallusionbench-image-VS-table-3-2-2,hallusionbench-image-VS-table-3,qwen,hallusionbench,image,1,0,1,1,reasoning_hallucination,1,1.0002028942146548,0.57297296326107,134.29245709147025
hallusionbench-image-VS-table-4-2-0,hallusionbench-image-VS-table-4,qwen,hallusionbench,image,0,1,1,1,vision_hallucination|reasoning_hallucination,1,1.300722952520001,1.4325503038119525,299.8878716865295
hallusionbench-image-VS-table-4-2-1,hallusionbench-image-VS-table-4,qwen,hallusionbench,image,0,1,1,1,reasoning_hallucination,1,1.0091743471162742,0.6730434113607215,-11.066179638664758
hallusionbench-image-VS-table-4-2-2,hallusionbench-image-VS-table-4,qwen,hallusionbench,image,0,1,1,1,reasoning_hallucination,1,1.0100461247536958,0.672394399239371,-15.966771889660528
hallusionbench-image-VS-table-4-3-0,hallusionbench-image-VS-table-4,qwen,hallusionbench,image,0,1,1,1,reasoning_hallucination,1,1.765746473856812,0.7180214709500273,164.8896059261973
hallusionbench-image-VS-table-4-3-1,hallusionbench-image-VS-table-4,qwen,hallusionbench,image,0,1,1,1,reasoning_hallucination,1,1.0108760595404014,0.5026698473678165,-13.101007642686742
hallusionbench-image-VS-table-4-3-2,hallusionbench-image-VS-table-4,qwen,hallusionbench,image,0,1,1,1,reasoning_hallucination,1,1.003744006064064,0.6735242760049027,-12.77679430730976
hallusionbench-image-VS-table-5-1-0,hallusionbench-image-VS-table-5,qwen,hallusionbench,image,0,1,0,4,,2,1.293690804144588,1.2830642924616509,340.41615652454345
hallusionbench-image-VS-table-5-1-1,hallusionbench-image-VS-table-5,qwen,hallusionbench,image,1,0,0,6,,2,1.1132420912088932,-0.0,240.6982762299387
hallusionbench-image-VS-table-5-2-0,hallusionbench-image-VS-table-5,qwen,hallusionbench,image,0,1,0,4,,1,1.3547981753353429,1.3558755607577828,297.4696310116944
hallusionbench-image-VS-table-5-2-2,hallusionbench-image-VS-table-5,qwen,hallusionbench,image,0,1,0,4,,1,1.0002149343502489,0.577167218086505,132.76293224960375
hallusionbench-image-VS-table-5-2-1,hallusionbench-image-VS-table-5,qwen,hallusionbench,image,0,1,1,1,reasoning_hallucination,2,1.0533869331287242,1.425834665421563,263.54148431697485
hallusionbench-image-VS-table-5-3-0,hallusionbench-image-VS-table-5,qwen,hallusionbench,image,0,1,1,1,reasoning_hallucination,1,1.3884472896441908,1.5625912045837844,332.31265123636143
hallusionbench-image-VS-table-5-3-1,hallusionbench-image-VS-table-5,qwen,hallusionbench,image,0,1,0,4,,2,1.0533869331287242,1.0638398817263144,348.5297166300495
hallusionbench-image-VS-table-5-3-2,hallusionbench-image-VS-table-5,qwen,hallusionbench,image,1,0,0,6,,1,1.0002461671800036,0.6733440454335774,-15.354613523897463
hallusionbench-image-VS-table-5-3-3,hallusionbench-image-VS-table-5,qwen,hallusionbench,image,0,1,0,4,,1,1.0085618498401694,0.6765281412780888,4.22242252342636
hallusionbench-image-VS-table-6-1-0,hallusionbench-image-VS-table-6,qwen,hallusionbench,image,1,0,0,6,,1,1.0028529168306044,-0.0,-20.606261134800352
hallusionbench-image-VS-table-5-2-3,hallusionbench-image-VS-table-5,qwen,hallusionbench,image,0,1,0,5,,1,1.0070617201211447,0.6506858392747394,33.12425339864926
hallusionbench-image-VS-table-6-1-2,hallusionbench-image-VS-table-6,qwen,hallusionbench,image,1,0,0,5,,1,1.0001263618409073,-0.0,-15.946863317934232
hallusionbench-image-VS-table-6-1-1,hallusionbench-image-VS-table-6,qwen,hallusionbench,image,1,0,0,6,,1,1.614493156425895,0.6739736060389043,-10.989783095455522
hallusionbench-image-VS-table-6-2-0,hallusionbench-image-VS-table-6,qwen,hallusionbench,image,0,1,1,1,reasoning_hallucination,1,1.007710218437455,0.6924716274410108,125.01355379923379
hallusionbench-image-VS-table-6-2-1,hallusionbench-image-VS-table-6,qwen,hallusionbench,image,1,0,1,2,vision_hallucination|reasoning_hallucination,1,1.000112891195197,-0.0,-15.149333320566749
hallusionbench-image-VS-table-6-1-3,hallusionbench-image-VS-table-6,qwen,hallusionbench,image,1,0,0,5,,1,1.000679016096278,-0.0,-17.50055401530866
hallusionbench-image-VS-table-6-2-2,hallusionbench-image-VS-table-6,qwen,hallusionbench,image,1,0,0,6,,1,1.0179365880502669,0.5962107516753005,93.94515066326655
hallusionbench-image-VS-table-6-2-3,hallusionbench-image-VS-table-6,qwen,hallusionbench,image,1,0,1,1,reasoning_hallucination,1,1.0023961066609268,0.5095835707794372,6.657555518828314
hallusionbench-image-VS-table-6-3-0,hallusionbench-image-VS-table-6,qwen,hallusionbench,image,0,1,1,1,vision_hallucination|reasoning_hallucination,1,1.0068058969697264,-0.0,-2.8643960052781345
hallusionbench-image-VS-table-6-3-2,hallusionbench-image-VS-table-6,qwen,hallusionbench,image,0,1,1,1,reasoning_hallucination,1,1.4750607038905779,0.48785217199436337,-7.684529629526353
hallusionbench-image-VS-table-6-3-1,hallusionbench-image-VS-table-6,qwen,hallusionbench,image,1,0,1,1,vision_hallucination|reasoning_hallucination,1,1.0000941753419061,0.6364975864071896,60.01571525237755
hallusionbench-image-VS-table-6-3-3,hallusionbench-image-VS-table-6,qwen,hallusionbench,image,1,0,1,1,reasoning_hallucination,1,1.0023961066609268,0.32106243114310273,53.26603553894019
hallusionbench-image-VS-table-7-1-0,hallusionbench-image-VS-table-7,qwen,hallusionbench,image,1,0,0,6,,1,1.0002731084876881,-0.0,-21.107995862585327
hallusionbench-image-VS-table-7-1-2,hallusionbench-image-VS-table-7,qwen,hallusionbench,image,1,0,0,6,,1,1.000555276845983,-0.0,-21.400352371088523
hallusionbench-image-VS-table-7-1-1,hallusionbench-image-VS-table-7,qwen,hallusionbench,image,1,0,0,6,,1,1.0001282691995148,-0.0,-19.72996959101987
hallusionbench-image-VS-table-7-1-4,hallusionbench-image-VS-table-7,qwen,hallusionbench,image,1,0,0,5,,1,1.0012288093536978,-0.0,-20.568580118606018
hallusionbench-image-VS-table-7-1-3,hallusionbench-image-VS-table-7,qwen,hallusionbench,image,1,0,0,5,,1,1.0006095170951332,-0.0,-19.452250472138555
hallusionbench-image-VS-table-7-2-0,hallusionbench-image-VS-table-7,qwen,hallusionbench,image,1,0,0,5,,1,1.0017640590469432,0.6730934231632948,-12.934329703723275
hallusionbench-image-VS-table-7-1-5,hallusionbench-image-VS-table-7,qwen,hallusionbench,image,1,0,0,6,,1,1.0001859664936488,0.002145711297695063,107.85913662033803
hallusionbench-image-VS-table-7-2-1,hallusionbench-image-VS-table-7,qwen,hallusionbench,image,0,1,1,1,vision_hallucination|reasoning_hallucination,1,1.0009733438382324,0.6115797923311668,190.58275955819386
hallusionbench-image-VS-table-7-2-2,hallusionbench-image-VS-table-7,qwen,hallusionbench,image,0,1,1,1,reasoning_hallucination,1,1.002737164450179,0.6732178891584704,-15.967608987236359
hallusionbench-image-VS-table-7-2-3,hallusionbench-image-VS-table-7,qwen,hallusionbench,image,1,0,0,5,,1,1.0010675191940135,0.5000248645388997,-16.212742106394945
hallusionbench-image-VS-table-7-2-4,hallusionbench-image-VS-table-7,qwen,hallusionbench,image,1,0,0,5,,1,1.0016340017227152,0.6733447019083219,-15.681975156029793
hallusionbench-image-VS-table-7-2-5,hallusionbench-image-VS-table-7,qwen,hallusionbench,image,0,1,1,1,reasoning_hallucination,1,1.0045708418486357,-0.0,-19.01108979101134
hallusionbench-image-VS-table-7-3-0,hallusionbench-image-VS-table-7,qwen,hallusionbench,image,0,1,1,1,vision_hallucination|reasoning_hallucination,1,1.0010792016575836,0.5016275751500899,-13.999275435754438
hallusionbench-image-VS-table-7-3-1,hallusionbench-image-VS-table-7,qwen,hallusionbench,image,1,0,0,5,,1,1.0009733438382324,0.6728466730323872,-13.15794029882167
hallusionbench-image-VS-table-7-3-2,hallusionbench-image-VS-table-7,qwen,hallusionbench,image,1,0,0,5,,1,1.002737164450179,0.6526011167469761,229.53866622374275
hallusionbench-image-VS-table-7-3-4,hallusionbench-image-VS-table-7,qwen,hallusionbench,image,0,1,1,1,vision_hallucination|reasoning_hallucination,1,1.0016340017227152,0.6802376076477411,11.637377872960343
hallusionbench-image-VS-table-7-3-3,hallusionbench-image-VS-table-7,qwen,hallusionbench,image,0,1,1,1,vision_hallucination|reasoning_hallucination,1,1.0012100935173862,0.5006016650058893,-17.628724115156402
hallusionbench-image-VS-table-8-1-0,hallusionbench-image-VS-table-8,qwen,hallusionbench,image,1,0,0,6,,1,1.0029220582183984,-0.0,-17.63644720804594
hallusionbench-image-VS-table-7-3-5,hallusionbench-image-VS-table-7,qwen,hallusionbench,image,1,0,0,5,,1,1.0045708418486357,0.673499890210284,-13.833064996840813
hallusionbench-image-VS-table-8-1-1,hallusionbench-image-VS-table-8,qwen,hallusionbench,image,1,0,0,6,,1,1.0005782842913433,-0.0,-19.42678521027537
hallusionbench-image-VS-table-8-1-2,hallusionbench-image-VS-table-8,qwen,hallusionbench,image,1,0,0,6,,1,1.0010156630967133,-0.0,-20.960086012032253
hallusionbench-image-VS-table-8-1-3,hallusionbench-image-VS-table-8,qwen,hallusionbench,image,1,0,0,6,,1,1.0002710819314724,-0.0,-19.61715438159287
hallusionbench-image-VS-table-8-1-5,hallusionbench-image-VS-table-8,qwen,hallusionbench,image,1,0,0,6,,1,1.0001742839748113,0.3705890239330555,97.21440395089722
hallusionbench-image-VS-table-8-1-4,hallusionbench-image-VS-table-8,qwen,hallusionbench,image,1,0,0,6,,1,1.0015113354207528,-0.0,-18.54042436356083
hallusionbench-image-VS-table-8-2-0,hallusionbench-image-VS-table-8,qwen,hallusionbench,image,0,1,1,1,vision_hallucination|reasoning_hallucination,1,1.006056785355431,0.502269593756183,-13.685802890477897
hallusionbench-image-VS-table-8-2-1,hallusionbench-image-VS-table-8,qwen,hallusionbench,image,0,1,0,3,,1,1.0002863407229885,0.6723498561749865,-12.667398423140318
hallusionbench-image-VS-table-8-2-2,hallusionbench-image-VS-table-8,qwen,hallusionbench,image,1,0,0,5,,1,1.0029503106437865,0.6572153766900262,19.381992774797503
hallusionbench-image-VS-table-8-2-3,hallusionbench-image-VS-table-8,qwen,hallusionbench,image,0,1,1,1,vision_hallucination|reasoning_hallucination,1,1.0064400435732337,0.673629138373488,-10.097956115630728
hallusionbench-image-VS-table-8-2-4,hallusionbench-image-VS-table-8,qwen,hallusionbench,image,1,0,0,5,,1,1.0026938916344121,0.373003238250988,37.45975320722219
hallusionbench-image-VS-table-8-3-0,hallusionbench-image-VS-table-8,qwen,hallusionbench,image,1,0,0,6,,1,1.0077530146262725,0.499236040580907,-12.827493117713722
hallusionbench-image-VS-table-8-2-5,hallusionbench-image-VS-table-8,qwen,hallusionbench,image,0,1,1,1,vision_hallucination|reasoning_hallucination,1,1.0028175114579436,0.4996538300039998,-9.559305323243107
hallusionbench-image-VS-table-8-3-2,hallusionbench-image-VS-table-8,qwen,hallusionbench,image,0,1,1,1,vision_hallucination|reasoning_hallucination,1,1.0029503106437865,0.6687608706490031,0.5331510314213386
hallusionbench-image-VS-table-8-3-1,hallusionbench-image-VS-table-8,qwen,hallusionbench,image,1,0,0,5,,1,1.0003126859772322,0.817271477630261,19.68499250483032
hallusionbench-image-VS-table-8-3-3,hallusionbench-image-VS-table-8,qwen,hallusionbench,image,1,0,0,5,,1,1.0064400435732337,-0.0,-19.00344597300497
hallusionbench-image-VS-table-8-3-4,hallusionbench-image-VS-table-8,qwen,hallusionbench,image,0,1,1,1,vision_hallucination|reasoning_hallucination,1,1.0026938916344121,0.4991959049252599,-13.219770417356417
hallusionbench-image-VS-table-8-3-5,hallusionbench-image-VS-table-8,qwen,hallusionbench,image,1,0,0,6,,1,1.0025625229950643,0.5416882338248336,69.73419290308411
hallusionbench-image-VS-table-9-1-0,hallusionbench-image-VS-table-9,qwen,hallusionbench,image,1,0,0,6,,1,1.0017410516826248,-0.0,-22.200651071969464
hallusionbench-image-VS-table-9-1-1,hallusionbench-image-VS-table-9,qwen,hallusionbench,image,1,0,0,6,,1,1.0000244379046443,-0.0,-17.972747188903465
hallusionbench-image-VS-table-9-1-2,hallusionbench-image-VS-table-9,qwen,hallusionbench,image,1,0,0,6,,1,1.0026428700159724,0.6399913052267105,217.1728487965638
hallusionbench-image-VS-table-9-1-3,hallusionbench-image-VS-table-9,qwen,hallusionbench,image,1,0,0,6,,1,1.0346934780671766,0.6495747079121509,52.584171574786176
hallusionbench-image-VS-table-9-2-0,hallusionbench-image-VS-table-9,qwen,hallusionbench,image,0,1,1,1,vision_hallucination|reasoning_hallucination,1,1.0104421378183688,0.5030497782399381,-11.87131166569788
hallusionbench-image-VS-table-9-2-2,hallusionbench-image-VS-table-9,qwen,hallusionbench,image,0,1,1,1,reasoning_hallucination,1,1.0054780246979713,-0.0,-18.036654161507016
hallusionbench-image-VS-table-9-2-1,hallusionbench-image-VS-table-9,qwen,hallusionbench,image,0,1,1,1,vision_hallucination|reasoning_hallucination,1,1.0000556707379993,0.6739427018664976,-11.46603272734877
hallusionbench-image-VS-table-9-2-3,hallusionbench-image-VS-table-9,qwen,hallusionbench,image,1,0,0,5,,1,1.0063621997869077,0.5268783194353885,38.97279242092125
hallusionbench-image-VD-illusion-11-0-1,hallusionbench-image-VD-illusion-11,qwen,hallusionbench,image,1,0,1,1,vision_hallucination,1,1.0266493559234062,0.11151705932968448,105.51367548415688
hallusionbench-image-VD-illusion-11-1-0,hallusionbench-image-VD-illusion-11,qwen,hallusionbench,image,0,1,0,3,,1,1.0021347999509689,-0.0,-20.457701487710843
hallusionbench-image-VD-illusion-11-0-2,hallusionbench-image-VD-illusion-11,qwen,hallusionbench,image,0,1,0,3,,1,1.0037535428016957,-0.0,-18.412143670453872
hallusionbench-image-VD-illusion-11-1-2,hallusionbench-image-VD-illusion-11,qwen,hallusionbench,image,0,1,1,1,reasoning_hallucination,1,1.0040451290428838,-0.0,-15.351894284118217
hallusionbench-image-VD-illusion-11-1-1,hallusionbench-image-VD-illusion-11,qwen,hallusionbench,image,1,0,0,5,,1,1.5568783255480274,0.5555461644406599,114.55557487080426
hallusionbench-image-VD-illusion-12-1-0,hallusionbench-image-VD-illusion-12,qwen,hallusionbench,image,0,1,1,1,vision_hallucination|reasoning_hallucination,1,2.000219837820522,0.6316211267533913,264.57162428068625
hallusionbench-image-VD-illusion-12-0-0,hallusionbench-image-VD-illusion-12,qwen,hallusionbench,image,1,0,1,1,vision_hallucination|reasoning_hallucination,1,1.1497069685925532,-0.0,168.1771744873981
hallusionbench-image-VD-illusion-13-0-0,hallusionbench-image-VD-illusion-13,qwen,hallusionbench,image,1,0,0,5,,1,1.119899629544028,-0.0,59.666839952384855
hallusionbench-image-VD-illusion-13-1-0,hallusionbench-image-VD-illusion-13,qwen,hallusionbench,image,0,1,1,1,vision_hallucination|reasoning_hallucination,1,1.6881132513549177,0.5300183676263202,131.17653666246997
hallusionbench-image-VD-illusion-14-0-1,hallusionbench-image-VD-illusion-14,qwen,hallusionbench,image,0,1,1,1,reasoning_hallucination,1,3.11709691870608,0.5251520905664024,198.32760726238118
hallusionbench-image-VD-illusion-14-0-0,hallusionbench-image-VD-illusion-14,qwen,hallusionbench,image,1,0,1,1,reasoning_hallucination,1,1.4734009525910807,-0.0,183.91980272669804
hallusionbench-image-VD-illusion-14-0-3,hallusionbench-image-VD-illusion-14,qwen,hallusionbench,image,0,1,1,2,vision_hallucination|reasoning_hallucination,1,1.1739393510429916,-0.0,120.31851014544662
hallusionbench-image-VD-illusion-14-0-2,hallusionbench-image-VD-illusion-14,qwen,hallusionbench,image,0,1,1,1,reasoning_hallucination,1,1.1534299869708957,-0.0,179.79974612445181
hallusionbench-image-VD-illusion-14-1-0,hallusionbench-image-VD-illusion-14,qwen,hallusionbench,image,0,1,1,1,vision_hallucination|reasoning_hallucination,1,1.7790414702992707,-0.0,270.00722641052903
hallusionbench-image-VD-illusion-14-1-2,hallusionbench-image-VD-illusion-14,qwen,hallusionbench,image,1,0,0,4,,1,1.7791176080273017,0.5921294012780507,228.67991824427557
hallusionbench-image-VD-illusion-14-1-3,hallusionbench-image-VD-illusion-14,qwen,hallusionbench,image,1,0,0,4,,1,1.690104777335279,-0.0,257.48912226197217
hallusionbench-image-VD-illusion-14-1-1,hallusionbench-image-VD-illusion-14,qwen,hallusionbench,image,0,1,1,1,vision_hallucination|reasoning_hallucination,1,1.8834500318985377,0.6169962485061671,199.6950516185194
hallusionbench-image-VD-math-9-1-2,hallusionbench-image-VD-math-9,qwen,hallusionbench,image,1,0,0,6,,1,1.0000959634766071,-0.0,-3.7783273255968695
hallusionbench-image-VD-math-9-1-1,hallusionbench-image-VD-math-9,qwen,hallusionbench,image,0,1,1,1,vision_hallucination,1,1.0000418424592508,-0.0,-13.901706410384675
hallusionbench-image-VD-math-10-0-0,hallusionbench-image-VD-math-10,qwen,hallusionbench,image,1,0,1,2,vision_hallucination|reasoning_hallucination,1,1.0000663995740187,-0.0,-16.4736473576141
hallusionbench-image-VD-math-10-0-1,hallusionbench-image-VD-math-10,qwen,hallusionbench,image,1,0,1,1,vision_hallucination|reasoning_hallucination,1,1.0000238418583605,-0.0,-14.508113453760735
hallusionbench-image-VD-math-10-1-0,hallusionbench-image-VD-math-10,qwen,hallusionbench,image,0,1,1,1,vision_hallucination|reasoning_hallucination,1,1.0041716097871045,-0.0,-11.055751266105162
hallusionbench-image-VD-math-10-0-2,hallusionbench-image-VD-math-10,qwen,hallusionbench,image,1,0,1,1,vision_hallucination,1,1.0000211000449366,-0.0,12.74858698396379
hallusionbench-image-VD-math-10-1-1,hallusionbench-image-VD-math-10,qwen,hallusionbench,image,1,0,0,4,,1,1.0000532865532954,-0.0,26.685569204717066
hallusionbench-image-VD-math-10-1-2,hallusionbench-image-VD-math-10,qwen,hallusionbench,image,1,0,1,1,reasoning_hallucination,1,1.0564725408727422,-0.0,-20.84671533591854
hallusionbench-image-VD-math-11-0-0,hallusionbench-image-VD-math-11,qwen,hallusionbench,image,1,0,1,1,vision_hallucination|reasoning_hallucination,1,1.000111699106694,0.6826023396530897,36.53437538794675
hallusionbench-image-VD-math-11-0-1,hallusionbench-image-VD-math-11,qwen,hallusionbench,image,0,1,1,1,reasoning_hallucination,1,1.000197649003396,0.674838842870964,-10.653656700113881
hallusionbench-image-VD-math-11-1-0,hallusionbench-image-VD-math-11,qwen,hallusionbench,image,0,1,1,1,vision_hallucination|reasoning_hallucination,1,1.002599000872471,0.6743050770726345,-13.492293511380655
hallusionbench-image-VD-math-11-0-2,hallusionbench-image-VD-math-11,qwen,hallusionbench,image,0,1,1,2,vision_hallucination|reasoning_hallucination,1,1.0000426769267987,-0.0,-19.058190671631955
mmvet-v1_0,mmvet-v1_0,qwen,mmvet,test,0,1,0,6,,1,1.2099232192601705,0.6663886731202107,-6.126822489486724
mmvet-v1_1,mmvet-v1_1,qwen,mmvet,test,1,0,0,6,,1,1.0012201496680786,0.6852146971858393,-3.48393580136071
mmvet-v1_2,mmvet-v1_2,qwen,mmvet,test,1,0,0,6,,1,1.0255066297145214,0.5353291390994914,-4.3957301277182985
mmvet-v1_3,mmvet-v1_3,qwen,mmvet,test,1,0,1,2,vision_hallucination,1,1.000362229226132,0.9498339767140367,-13.824268025824551
mmvet-v1_4,mmvet-v1_4,qwen,mmvet,test,1,0,1,2,vision_hallucination,1,1.0021516085520992,0.9492582839058235,-16.767170509781742
mmvet-v1_5,mmvet-v1_5,qwen,mmvet,test,0,1,1,1,vision_hallucination,1,1.007699459845279,1.3106749110048632,-6.186319800613444
mmvet-v1_6,mmvet-v1_6,qwen,mmvet,test,1,0,0,6,,1,1.0005053281642855,-0.0,-5.02270189211923
mmvet-v1_8,mmvet-v1_8,qwen,mmvet,test,0,1,1,2,vision_hallucination,1,1.1974427647225776,0.9958040339352238,12.210517259591791
mmvet-v1_9,mmvet-v1_9,qwen,mmvet,test,0,1,0,5,,1,1.0423004192985597,1.169398779373482,18.52687689283775
mmvet-v1_10,mmvet-v1_10,qwen,mmvet,test,1,0,0,6,,1,1.00106802670679,-0.0,-5.862007784100541
mmvet-v1_11,mmvet-v1_11,qwen,mmvet,test,1,0,0,6,,1,1.0008971659195993,0.5003179242499841,-14.831503137826283
mmvet-v1_12,mmvet-v1_12,qwen,mmvet,test,1,0,0,6,,1,1.0002249347144871,0.6730626180177368,-16.258224196204342
mmvet-v1_13,mmvet-v1_13,qwen,mmvet,test,1,0,1,1,vision_hallucination,1,1.0259907465459555,0.5362003113303675,-1.708399063335392
mmvet-v1_14,mmvet-v1_14,qwen,mmvet,test,1,0,0,6,,1,1.0160936242684435,1.1871931969846328,7.525567659832882
mmvet-v1_15,mmvet-v1_15,qwen,mmvet,test,1,0,0,6,,1,1.0006783860592485,0.5216743643273207,-4.391878660418175
mmvet-v1_16,mmvet-v1_16,qwen,mmvet,test,0,1,1,1,vision_hallucination|reasoning_hallucination,1,1.000245932724627,-0.0,-9.11220576452192
mmvet-v1_17,mmvet-v1_17,qwen,mmvet,test,1,0,0,6,,1,1.0000419616698972,0.5004013063808501,-15.291687862429505
mmvet-v1_18,mmvet-v1_18,qwen,mmvet,test,1,0,0,6,,1,1.0119684034490635,0.7964338900141918,1.3309146505398672
mmvet-v1_19,mmvet-v1_19,qwen,mmvet,test,1,0,0,6,,1,1.0659098042254327,-0.0,-16.43874445691438
mmvet-v1_20,mmvet-v1_20,qwen,mmvet,test,1,0,1,1,reasoning_hallucination,1,1.0286120180746365,-0.0,12.618285143603488
mmvet-v1_21,mmvet-v1_21,qwen,mmvet,test,0,1,1,1,vision_hallucination,1,1.0040543079272453,0.690771569840647,-4.195347354853735
mmvet-v1_22,mmvet-v1_22,qwen,mmvet,test,0,1,1,1,vision_hallucination|reasoning_hallucination,1,1.0040781255761873,0.9500717471934217,-13.963054170107588
mmvet-v1_23,mmvet-v1_23,qwen,mmvet,test,1,0,0,6,,1,1.0012448994609189,1.6071373024775526,-8.299144939259051
mmvet-v1_24,mmvet-v1_24,qwen,mmvet,test,0,1,1,1,vision_hallucination,1,1.0559252827942658,0.8174197668568663,2.0979426487374813
mmvet-v1_25,mmvet-v1_25,qwen,mmvet,test,1,0,0,6,,1,1.0929651064446113,0.9402801009533945,-14.911719045858701
mmvet-v1_26,mmvet-v1_26,qwen,mmvet,test,1,0,0,6,,1,1.0062679647202402,0.5626874065119087,-6.555900537173482
mmvet-v1_27,mmvet-v1_27,qwen,mmvet,test,1,0,0,6,,1,1.0168233996851785,0.32971872539761726,-9.475351099886378
mmvet-v1_28,mmvet-v1_28,qwen,mmvet,test,0,1,1,1,vision_hallucination|reasoning_hallucination,1,1.000119442316144,0.9498997660774837,-16.508886092393098
mmvet-v1_29,mmvet-v1_29,qwen,mmvet,test,0,1,1,2,vision_hallucination|reasoning_hallucination,1,1.0002366033721612,0.5003832513537443,-16.78443035345856
mmvet-v1_30,mmvet-v1_30,qwen,mmvet,test,0,1,1,2,reasoning_hallucination,1,1.4044897722104943,0.7205574581738919,14.461914441610775
mmvet-v1_31,mmvet-v1_31,qwen,mmvet,test,0,1,1,1,reasoning_hallucination,1,1.0004421472425704,-0.0,-9.809335784074548
mmvet-v1_32,mmvet-v1_32,qwen,mmvet,test,0,1,0,6,,4,1.0401652858112056,0.5137071669915964,3.2507131554157898
mmvet-v1_33,mmvet-v1_33,qwen,mmvet,test,0,1,0,4,,1,1.0041372774969486,0.6690191775860048,-14.40387345823382
mmvet-v1_34,mmvet-v1_34,qwen,mmvet,test,0,1,0,3,,4,1.0295919280083208,0.9780794879597695,7.753658480929021
mmvet-v1_35,mmvet-v1_35,qwen,mmvet,test,1,0,1,2,reasoning_hallucination,1,1.0004090070777385,-0.0,-18.161507219881308
mmvet-v1_36,mmvet-v1_36,qwen,mmvet,test,0,1,1,1,vision_hallucination|reasoning_hallucination,1,1.3881393415400054,0.464159586407706,1.1228136729261422
mmvet-v1_37,mmvet-v1_37,qwen,mmvet,test,1,0,0,6,,4,1.0555242751206186,0.5058046022567895,-11.892230826351403
mmvet-v1_38,mmvet-v1_38,qwen,mmvet,test,1,0,0,6,,1,1.083513666801568,-0.0,-12.9602824240955
mmvet-v1_39,mmvet-v1_39,qwen,mmvet,test,0,1,0,4,,1,1.0062364341414833,0.001487559070767152,0.4601029453971499
mmvet-v1_40,mmvet-v1_40,qwen,mmvet,test,1,0,0,6,,3,1.0410303114287065,-0.0,-10.875047181302193
mmvet-v1_41,mmvet-v1_41,qwen,mmvet,test,1,0,0,6,,3,1.0250836943277177,-0.0,-17.04648435140344
mmvet-v1_42,mmvet-v1_42,qwen,mmvet,test,0,1,0,5,,1,1.221008892657839,0.6714812486523813,-3.5147663840798753
mmvet-v1_43,mmvet-v1_43,qwen,mmvet,test,1,0,0,6,,1,1.0043854145059292,0.3020449726620704,-7.339352850284703
mmvet-v1_44,mmvet-v1_44,qwen,mmvet,test,1,0,0,4,,1,1.5669399362408527,0.8528627388699026,4.410049461915246
mmvet-v1_45,mmvet-v1_45,qwen,mmvet,test,1,0,0,6,,1,1.0684688765837596,-0.0,-7.011401673954202
mmvet-v1_46,mmvet-v1_46,qwen,mmvet,test,0,1,0,4,,1,1.0024820820860043,1.3619145924370615,13.568639245808862
mmvet-v1_47,mmvet-v1_47,qwen,mmvet,test,0,1,1,1,reasoning_hallucination,1,1.0164150736478907,1.5811532149873293,-1.571519550838845
mmvet-v1_48,mmvet-v1_48,qwen,mmvet,test,1,0,1,2,reasoning_hallucination,1,1.0657188814885348,0.6860422670215602,4.268842790561614
mmvet-v1_49,mmvet-v1_49,qwen,mmvet,test,1,0,0,6,,2,1.2656339325530503,0.9031404992923661,6.737937146767534
mmvet-v1_50,mmvet-v1_50,qwen,mmvet,test,1,0,0,6,,2,1.0034214442805292,0.67334873996055,-16.89201486442756
mmvet-v1_51,mmvet-v1_51,qwen,mmvet,test,0,1,0,4,,1,1.0001512058866378,0.6735946299578776,-15.403598354437529
mmvet-v1_52,mmvet-v1_52,qwen,mmvet,test,1,0,1,2,vision_hallucination,2,1.0041988804044537,-0.0,-18.82260329954723
mmvet-v1_53,mmvet-v1_53,qwen,mmvet,test,1,0,0,6,,2,1.3718729751503262,0.16784554703501164,11.403616019393985
mmvet-v1_54,mmvet-v1_54,qwen,mmvet,test,0,1,0,4,,2,1.2079261443196547,0.975436612308518,5.906293034862985
mmvet-v1_55,mmvet-v1_55,qwen,mmvet,test,0,1,1,2,reasoning_hallucination,1,1.0041948291275402,0.5000775800788154,-16.786679243070182
mmvet-v1_56,mmvet-v1_56,qwen,mmvet,test,1,0,0,5,,1,1.0162431836422123,0.6400307667648262,-6.930841348133955
mmvet-v1_57,mmvet-v1_57,qwen,mmvet,test,0,1,0,4,,1,1.000017851444173,1.0561373677466663,-4.548679325053421
mmvet-v1_58,mmvet-v1_58,qwen,mmvet,test,1,0,0,5,,1,1.930435681123914,-0.0,-6.050378503813668
mmvet-v1_59,mmvet-v1_59,qwen,mmvet,test,1,0,0,6,,1,1.0254834646326783,0.0008119574158341719,-0.33157389372149737
mmvet-v1_60,mmvet-v1_60,qwen,mmvet,test,1,0,0,6,,1,1.1761345933516678,0.8990760522189414,-5.45682091270691
mmvet-v1_61,mmvet-v1_61,qwen,mmvet,test,1,0,0,6,,1,1.014450160182322,0.5015217396444428,-9.09374497448053
mmvet-v1_62,mmvet-v1_62,qwen,mmvet,test,1,0,0,6,,1,1.3580116703100384,-0.0,8.043209216043039
mmvet-v1_63,mmvet-v1_63,qwen,mmvet,test,1,0,0,6,,1,1.3351652922726487,0.5404668436647192,-6.434494274863306
mmvet-v1_64,mmvet-v1_64,qwen,mmvet,test,1,0,0,5,,2,1.235770605270801,0.5126256749388244,-4.52275611613897
mmvet-v1_65,mmvet-v1_65,qwen,mmvet,test,0,1,1,2,vision_hallucination,2,1.2583225596678442,0.04695589273325171,-1.5136952214768247
mmvet-v1_66,mmvet-v1_66,qwen,mmvet,test,0,1,0,3,,1,3.81363890696615,1.49663495005765,17.056589750223846
mmvet-v1_67,mmvet-v1_67,qwen,mmvet,test,0,1,0,4,,1,2.2485219986174796,0.9148337358160389,4.894432999064698
mmvet-v1_68,mmvet-v1_68,qwen,mmvet,test,1,0,0,6,,1,1.0002049207637158,-0.0,-21.76777411822039
mmvet-v1_69,mmvet-v1_69,qwen,mmvet,test,1,0,0,6,,1,1.0033871637428007,1.216330982304814,-5.313914323211178
mmvet-v1_70,mmvet-v1_70,qwen,mmvet,test,1,0,0,6,,2,1.014260448484873,-0.0,-3.0412444486775225
mmvet-v1_71,mmvet-v1_71,qwen,mmvet,test,1,0,0,6,,1,1.1082001961002366,0.6540447840530237,4.786381991282637
mmvet-v1_72,mmvet-v1_72,qwen,mmvet,test,1,0,0,6,,2,1.0162317799265923,0.4772276047042229,-0.5608087802604498
mmvet-v1_73,mmvet-v1_73,qwen,mmvet,test,1,0,0,5,,1,1.0240055414667057,0.49374160318251203,-11.043248468532333
mmvet-v1_74,mmvet-v1_74,qwen,mmvet,test,1,0,0,6,,1,1.0030370523345584,-0.0,-13.700638666133372
mmvet-v1_75,mmvet-v1_75,qwen,mmvet,test,1,0,1,1,vision_hallucination,2,1.362359505869622,0.6395116057083237,0.46765730983039866
mmvet-v1_76,mmvet-v1_76,qwen,mmvet,test,1,0,0,6,,2,1.256108242284609,-0.0,-9.133687881880073
mmvet-v1_77,mmvet-v1_77,qwen,mmvet,test,0,1,0,4,,1,1.0064315070523817,0.7974514092923637,6.094180491255182
mmvet-v1_78,mmvet-v1_78,qwen,mmvet,test,1,0,1,1,reasoning_hallucination,2,1.1893942615252224,1.335012588191287,10.138674632257493
mmvet-v1_79,mmvet-v1_79,qwen,mmvet,test,1,0,0,6,,2,1.9739034572163985,0.5879054520475628,-7.092997728808083
mmvet-v1_80,mmvet-v1_80,qwen,mmvet,test,1,0,0,6,,2,1.3123101063213527,-0.0,-9.577961324633064
mmvet-v1_81,mmvet-v1_81,qwen,mmvet,test,0,1,0,3,,1,1.5325393781463603,0.29691014526215387,15.982610181940586
mmvet-v1_82,mmvet-v1_82,qwen,mmvet,test,0,1,1,1,vision_hallucination|reasoning_hallucination,1,1.325022696591781,0.6441090105666445,-6.873491762447685
mmvet-v1_83,mmvet-v1_83,qwen,mmvet,test,0,1,1,1,vision_hallucination,1,1.3250801539739678,1.0605715869289898,-10.192447911206385
mmvet-v1_84,mmvet-v1_84,qwen,mmvet,test,0,1,1,1,vision_hallucination|reasoning_hallucination,1,1.2868325672546281,1.379784635775777,2.100392981289339
mmvet-v1_85,mmvet-v1_85,qwen,mmvet,test,1,0,0,6,,1,1.000174760822416,-0.0,-20.4653682825343
mmvet-v1_86,mmvet-v1_86,qwen,mmvet,test,1,0,0,6,,1,1.0009410381358785,0.6736735359940353,-15.949521905046863
mmvet-v1_87,mmvet-v1_87,qwen,mmvet,test,0,1,0,3,,1,1.0002378725094632,1.3540251071006004,0.18395536544893787
mmvet-v1_88,mmvet-v1_88,qwen,mmvet,test,0,1,0,4,,3,1.0869678407196104,-0.0,8.60646906830615
mmvet-v1_89,mmvet-v1_89,qwen,mmvet,test,1,0,0,5,,2,1.0098979711584748,0.5265053865151108,0.8305402564330953
mmvet-v1_90,mmvet-v1_90,qwen,mmvet,test,1,0,0,6,,6,1.064348262453301,0.14585243479820648,3.976374033342072
mmvet-v1_91,mmvet-v1_91,qwen,mmvet,test,0,1,0,4,,19,1.052704485882822,1.246497751044907,17.90356680361637
mmvet-v1_92,mmvet-v1_92,qwen,mmvet,test,0,1,0,3,,1,1.4926399225344331,1.4627757278083833,23.69403353882069
mmvet-v1_93,mmvet-v1_93,qwen,mmvet,test,1,0,0,6,,25,1.0596984943815495,0.6889834569785178,22.198038620952047
mmvet-v1_94,mmvet-v1_94,qwen,mmvet,test,1,0,0,5,,1,1.6084310349962294,-0.0,-10.451828348535857
mmvet-v1_95,mmvet-v1_95,qwen,mmvet,test,0,1,1,1,vision_hallucination|reasoning_hallucination,1,1.0025962743793335,1.4954274687069562,3.0904385087872317
mmvet-v1_96,mmvet-v1_96,qwen,mmvet,test,0,1,0,4,,3,1.0733046735318823,1.4064100129289487,18.74215828022937
mmvet-v1_97,mmvet-v1_97,qwen,mmvet,test,0,1,0,4,,1,1.0008298723982127,1.0007444500690503,16.17507224594235
mmvet-v1_98,mmvet-v1_98,qwen,mmvet,test,1,0,1,2,vision_hallucination,1,1.1129447199029285,0.06905027708983284,4.41157723448568
mmvet-v1_99,mmvet-v1_99,qwen,mmvet,test,0,1,1,1,vision_hallucination,1,1.2538610523665155,1.04908814753538,3.85701116368789
mmvet-v1_100,mmvet-v1_100,qwen,mmvet,test,1,0,1,2,vision_hallucination,2,1.1715376699755997,0.2748225471328902,2.674739258434766
mmvet-v1_101,mmvet-v1_101,qwen,mmvet,test,0,1,1,1,vision_hallucination|reasoning_hallucination,1,1.339919995978408,0.9317358928783184,-7.453270885230483
mmvet-v1_102,mmvet-v1_102,qwen,mmvet,test,0,1,0,4,,2,1.4342866104902716,1.1065892302335136,21.565317990510373
mmvet-v1_103,mmvet-v1_103,qwen,mmvet,test,0,1,0,4,,1,2.852462018455745,0.6257897659770086,14.400673949779462
mmvet-v1_104,mmvet-v1_104,qwen,mmvet,test,0,1,0,4,,1,1.1153136942393647,0.3451768804579251,-4.18591769092251
mmvet-v1_105,mmvet-v1_105,qwen,mmvet,test,1,0,1,2,reasoning_hallucination,1,1.0027812516372734,0.06301178857602888,-7.177112381750674
mmvet-v1_106,mmvet-v1_106,qwen,mmvet,test,1,0,0,5,,1,1.0000585317605981,0.4053312455175201,-13.276543206833374
mmvet-v1_107,mmvet-v1_107,qwen,mmvet,test,0,1,1,2,reasoning_hallucination,1,1.0009282827636579,0.6189557820184652,2.876633042673557
mmvet-v1_108,mmvet-v1_108,qwen,mmvet,test,1,0,0,5,,1,1.0028978585990833,-0.0,-17.651196982727395
mmvet-v1_109,mmvet-v1_109,qwen,mmvet,test,0,1,1,1,reasoning_hallucination,1,1.0058883428091585,-0.0,-16.712697207730034
mmvet-v1_110,mmvet-v1_110,qwen,mmvet,test,1,0,0,5,,1,1.0008885860716734,-0.0,-20.048006947392278
mmvet-v1_111,mmvet-v1_111,qwen,mmvet,test,1,0,1,2,reasoning_hallucination,1,1.0005718469570282,-0.0,-21.559454885929753
mmvet-v1_112,mmvet-v1_112,qwen,mmvet,test,1,0,0,6,,1,1.000887990020099,-0.0,-20.925370861773356
mmvet-v1_113,mmvet-v1_113,qwen,mmvet,test,1,0,1,2,vision_hallucination,1,1.000053763390509,-0.0,-19.210456131373878
mmvet-v1_114,mmvet-v1_114,qwen,mmvet,test,1,0,0,6,,1,1.000045895578271,-0.0,-18.775662319187916
mmvet-v1_115,mmvet-v1_115,qwen,mmvet,test,1,0,0,6,,1,1.0002623796319856,-0.0,-9.33506490350144
mmvet-v1_116,mmvet-v1_116,qwen,mmvet,test,1,0,0,6,,1,1.0002720069786362,-0.0,-19.433416249652602
mmvet-v1_117,mmvet-v1_117,qwen,mmvet,test,1,0,0,6,,1,1.0000568628324826,-0.0,-21.33288982260205
mmvet-v1_118,mmvet-v1_118,qwen,mmvet,test,1,0,0,5,,1,1.0316607663279158,-0.0,-14.993323720377543
mmvet-v1_119,mmvet-v1_119,qwen,mmvet,test,1,0,0,6,,1,1.00011348724362,-0.0,-16.496096584481673
mmvet-v1_120,mmvet-v1_120,qwen,mmvet,test,1,0,0,6,,1,1.000450730328929,-0.0,-19.353714359535836
mmvet-v1_121,mmvet-v1_121,qwen,mmvet,test,1,0,0,6,,1,1.0018714666247215,-0.0,-18.898635856506576
mmvet-v1_122,mmvet-v1_122,qwen,mmvet,test,0,1,1,1,vision_hallucination,1,1.001500844943496,-0.0,-19.034758471070454
mmvet-v1_123,mmvet-v1_123,qwen,mmvet,test,1,0,1,2,vision_hallucination,1,1.000035762786054,-0.0,-21.179032928702565
mmvet-v1_124,mmvet-v1_124,qwen,mmvet,test,0,1,1,1,vision_hallucination,1,1.0001354217539211,0.6733173785112816,-16.084102375462166
mmvet-v1_125,mmvet-v1_125,qwen,mmvet,test,1,0,0,6,,1,1.0006049871287281,-0.0,-18.45677150670042
mmvet-v1_126,mmvet-v1_126,qwen,mmvet,test,1,0,0,5,,1,1.0000438690203457,-0.0,-19.973875873424
mmvet-v1_127,mmvet-v1_127,qwen,mmvet,test,1,0,1,2,reasoning_hallucination,1,1.046101719143246,0.5420630247737169,-5.52803387406559
mmvet-v1_128,mmvet-v1_128,qwen,mmvet,test,1,0,0,6,,1,1.0003370046533002,0.5004052115485894,-18.937379724472873
mmvet-v1_129,mmvet-v1_129,qwen,mmvet,test,1,0,0,6,,1,1.000882029523878,0.4965800802879443,1.4243788886178255
mmvet-v1_130,mmvet-v1_130,qwen,mmvet,test,1,0,0,6,,1,1.0000199079512457,-0.0,-21.506145632167083
mmvet-v1_131,mmvet-v1_131,qwen,mmvet,test,1,0,0,5,,1,1.0003707408837794,0.6906849582719345,-5.928542354858369
mmvet-v1_132,mmvet-v1_132,qwen,mmvet,test,1,0,0,6,,2,1.0002393668965528,-0.0,-12.05337478453373
mmvet-v1_133,mmvet-v1_133,qwen,mmvet,test,1,0,0,5,,1,1.069271444176031,-0.0,-17.450013687725036
mmvet-v1_134,mmvet-v1_134,qwen,mmvet,test,1,0,0,6,,1,1.002079367724737,-0.0,-22.189033088472108
mmvet-v1_135,mmvet-v1_135,qwen,mmvet,test,1,0,0,6,,1,1.0048398972098842,-0.0,-16.92788838032446
mmvet-v1_136,mmvet-v1_136,qwen,mmvet,test,1,0,0,6,,1,1.0000485181791108,-0.0,-21.90137628173423
mmvet-v1_137,mmvet-v1_137,qwen,mmvet,test,1,0,0,6,,1,1.0017427206043121,-0.0,-21.556033929568986
mmvet-v1_138,mmvet-v1_138,qwen,mmvet,test,0,1,0,5,,1,1.5855753443856897,0.26883314478598697,3.978484674269616
mmvet-v1_139,mmvet-v1_139,qwen,mmvet,test,0,1,0,4,,1,1.0273238515237992,0.24978612302970238,-7.2119942956940255
mmvet-v1_140,mmvet-v1_140,qwen,mmvet,test,0,1,0,4,,1,2.606851042577633,0.9989255315598808,20.191169325306415
mmvet-v1_141,mmvet-v1_141,qwen,mmvet,test,0,1,0,4,,1,2.2330371464826038,1.2276466925950156,17.44769865899488
mmvet-v1_142,mmvet-v1_142,qwen,mmvet,test,1,0,0,6,,1,1.0003306865769754,0.47228597019594226,-15.386044480948884
mmvet-v1_143,mmvet-v1_143,qwen,mmvet,test,0,1,1,1,vision_hallucination,1,1.0048657657579332,0.455096999538092,-10.887750197554736
mmvet-v1_144,mmvet-v1_144,qwen,mmvet,test,0,1,1,1,reasoning_hallucination,1,1.2677432641306723,1.5790192090276904,8.845513946967213
mmvet-v1_145,mmvet-v1_145,qwen,mmvet,test,1,0,0,6,,1,1.6079829906191485,0.8228689274278217,14.518444136822286
mmvet-v1_146,mmvet-v1_146,qwen,mmvet,test,1,0,1,2,reasoning_hallucination,1,1.0001966953302537,-0.0,-15.664378834075157
mmvet-v1_147,mmvet-v1_147,qwen,mmvet,test,0,1,0,4,,1,1.268521753994072,0.11393827595439031,8.43619939764609
mmvet-v1_148,mmvet-v1_148,qwen,mmvet,test,0,1,1,1,vision_hallucination,1,2.117578518668229,0.9179638796420623,21.091599338153593
mmvet-v1_149,mmvet-v1_149,qwen,mmvet,test,0,1,1,1,reasoning_hallucination,2,3.9960349350167723,0.9259753649519822,25.96405204000605
mmvet-v1_150,mmvet-v1_150,qwen,mmvet,test,0,1,0,4,,1,1.9554048477173744,1.1596931426778947,27.749080877431652
mmvet-v1_151,mmvet-v1_151,qwen,mmvet,test,1,0,0,4,,2,2.1568622460397506,1.16506778932962,24.555731969785782
mmvet-v1_152,mmvet-v1_152,qwen,mmvet,test,0,1,0,5,,1,3.3316193739206126,0.7949824445336615,28.445275144653515
mmvet-v1_153,mmvet-v1_153,qwen,mmvet,test,0,1,0,3,,1,2.269080223075133,1.4327032504295403,23.6427217742907
mmvet-v1_154,mmvet-v1_154,qwen,mmvet,test,1,0,0,5,,1,2.0446415192389247,1.1236887408028886,21.065156752232813
mmvet-v1_155,mmvet-v1_155,qwen,mmvet,test,0,1,0,3,,1,1.4008012978435076,0.9355236457922927,23.61684035660167
mmvet-v1_156,mmvet-v1_156,qwen,mmvet,test,0,1,0,3,,1,1.4864129132759278,1.509312179031428,15.688992393695248
mmvet-v1_157,mmvet-v1_157,qwen,mmvet,test,0,1,1,0,vision_hallucination|reasoning_hallucination,1,1.4810814097144185,1.4932944962138774,12.071983239123883
mmvet-v1_158,mmvet-v1_158,qwen,mmvet,test,0,1,0,3,,1,1.0161877977007951,1.4369186475891396,10.540712826331658
mmvet-v1_159,mmvet-v1_159,qwen,mmvet,test,0,1,1,1,reasoning_hallucination,2,1.5515036706815686,1.4766196007452979,9.971170890877298
mmvet-v1_160,mmvet-v1_160,qwen,mmvet,test,0,1,1,0,vision_hallucination|reasoning_hallucination,1,1.7106487507266397,1.429160196906381,22.97480926700214
mmvet-v1_161,mmvet-v1_161,qwen,mmvet,test,1,0,0,3,,1,1.611793521028531,0.5314610822741406,-2.2187202276704747
mmvet-v1_162,mmvet-v1_162,qwen,mmvet,test,0,1,0,3,,1,1.097524223971755,-0.0,-7.958398694029593
mmvet-v1_163,mmvet-v1_163,qwen,mmvet,test,0,1,1,1,reasoning_hallucination,1,1.4492771141825456,-0.0,-2.378634687559437
mmvet-v1_164,mmvet-v1_164,qwen,mmvet,test,0,1,1,1,vision_hallucination|reasoning_hallucination,1,1.9723858324267822,0.7945899580340061,14.13834723026287
mmvet-v1_165,mmvet-v1_165,qwen,mmvet,test,0,1,1,1,reasoning_hallucination,1,1.0503445864069012,1.0765536582613169,6.875584994495606
mmvet-v1_166,mmvet-v1_166,qwen,mmvet,test,0,1,0,4,,1,1.6562932873720344,1.1876300541001519,4.272099036953823
mmvet-v1_167,mmvet-v1_167,qwen,mmvet,test,0,1,0,3,,1,4.141023181389396,0.8202033940239997,17.97658163030127
mmvet-v1_168,mmvet-v1_168,qwen,mmvet,test,0,1,0,4,,3,1.2058061268969378,1.418634276093691,8.418825151638298
mmvet-v1_169,mmvet-v1_169,qwen,mmvet,test,0,1,0,3,,2,1.0414656520515715,-0.0,0.8378533278159104
mmvet-v1_170,mmvet-v1_170,qwen,mmvet,test,0,1,0,3,,4,1.430026288715323,-0.0,-3.4197925357048167
mmvet-v1_171,mmvet-v1_171,qwen,mmvet,test,0,1,0,4,,2,1.7657937866748608,1.0979246582753541,28.336261738463442
mmvet-v1_172,mmvet-v1_172,qwen,mmvet,test,0,1,0,4,,2,1.1813760023503916,1.4735882550267922,22.480622267698664
mmvet-v1_173,mmvet-v1_173,qwen,mmvet,test,0,1,0,3,,4,1.320223161358578,0.0228964436206362,18.8138631987881
mmvet-v1_174,mmvet-v1_174,qwen,mmvet,test,0,1,0,4,,2,1.0810163995274855,0.49428257811435294,-7.103295229687322
mmvet-v1_175,mmvet-v1_175,qwen,mmvet,test,0,1,0,3,,5,1.1315526677687826,0.18515847034548108,23.478974857875755
mmvet-v1_176,mmvet-v1_176,qwen,mmvet,test,0,1,1,1,vision_hallucination|reasoning_hallucination,2,1.0283876923635449,0.5443930224930923,-3.6110758577679345
mmvet-v1_177,mmvet-v1_177,qwen,mmvet,test,0,1,0,3,,2,2.17315130888636,1.4376746550177852,22.53081480765809
mmvet-v1_178,mmvet-v1_178,qwen,mmvet,test,1,0,0,4,,5,1.1968220474889977,0.6045298493453116,20.2331795330456
mmvet-v1_179,mmvet-v1_179,qwen,mmvet,test,0,1,0,4,,5,1.1725069676606694,1.305857941410019,11.023952369012537
mmvet-v1_180,mmvet-v1_180,qwen,mmvet,test,1,0,0,5,,3,1.2984558211101078,0.8919378889227034,29.436420508190935
mmvet-v1_181,mmvet-v1_181,qwen,mmvet,test,0,1,1,1,vision_hallucination,1,1.1396192592233128,0.4647598690718488,7.137880388048444
mmvet-v1_182,mmvet-v1_182,qwen,mmvet,test,0,1,1,1,vision_hallucination,4,1.1283960496707617,1.1111642554026488,18.327465476540134
mmvet-v1_183,mmvet-v1_183,qwen,mmvet,test,1,0,0,4,,2,1.2249814630143392,1.485639539670243,20.08898432474739
mmvet-v1_184,mmvet-v1_184,qwen,mmvet,test,0,1,0,3,,1,1.5981810037315698,1.4452354298573282,22.846006159401686
mmvet-v1_185,mmvet-v1_185,qwen,mmvet,test,0,1,0,3,,3,1.1938233275727073,1.3837102051408712,19.4811401252923
mmvet-v1_186,mmvet-v1_186,qwen,mmvet,test,0,1,0,4,,4,1.3833722274468214,1.5513779522344409,23.18266776870418
mmvet-v1_187,mmvet-v1_187,qwen,mmvet,test,0,1,0,3,,2,2.3422810887327676,1.2954394483704659,21.91264514182127
mmvet-v1_188,mmvet-v1_188,qwen,mmvet,test,0,1,1,0,reasoning_hallucination,2,1.0178796695552503,1.1384989641225536,15.643331924580405
mmvet-v1_189,mmvet-v1_189,qwen,mmvet,test,0,1,1,1,vision_hallucination|reasoning_hallucination,2,1.3160977588455327,1.0983474052084428,10.591737028790881
mmvet-v1_190,mmvet-v1_190,qwen,mmvet,test,0,1,1,1,reasoning_hallucination,1,1.0051589695646082,1.1083919537231275,19.656189519163647
mmvet-v1_191,mmvet-v1_191,qwen,mmvet,test,0,1,1,1,reasoning_hallucination,3,1.0155547111454224,1.3223563746738467,16.458441779883085
mmvet-v1_192,mmvet-v1_192,qwen,mmvet,test,0,1,1,1,vision_hallucination,1,1.2652892596373784,1.4996085894022664,16.77403117826261
mmvet-v1_193,mmvet-v1_193,qwen,mmvet,test,0,1,1,1,reasoning_hallucination,3,1.0948644984924143,1.5060306707286861,14.977856924515548
mmvet-v1_194,mmvet-v1_194,qwen,mmvet,test,0,1,0,3,,1,1.0101118427389388,1.5585963286576283,19.968685465455152
mmvet-v1_195,mmvet-v1_195,qwen,mmvet,test,0,1,0,4,,1,1.196049126199998,1.0901052884093563,16.323445186116373
mmvet-v1_196,mmvet-v1_196,qwen,mmvet,test,0,1,0,4,,2,1.0592700538174835,1.1805722402098016,18.051550578506237
mmvet-v1_197,mmvet-v1_197,qwen,mmvet,test,0,1,0,3,,2,1.0525218234274745,1.403848256759559,-0.341370283300213
mmvet-v1_198,mmvet-v1_198,qwen,mmvet,test,0,1,0,4,,2,1.0557084442599738,0.3033574868992397,6.992130805074419
mmvet-v1_199,mmvet-v1_199,qwen,mmvet,test,1,0,0,4,,1,1.0356906146970348,0.8113177366950948,3.261577338118963
mmvet-v1_200,mmvet-v1_200,qwen,mmvet,test,0,1,1,1,vision_hallucination|reasoning_hallucination,2,1.1201256300583786,1.370454386314884,20.60568263882233
mmvet-v1_201,mmvet-v1_201,qwen,mmvet,test,0,1,1,1,vision_hallucination,2,1.042143840720269,0.3086562351680034,10.062587546172576
mmvet-v1_202,mmvet-v1_202,qwen,mmvet,test,1,0,0,6,,2,1.070187936593639,0.6416328291910359,8.517486814156804
mmvet-v1_203,mmvet-v1_203,qwen,mmvet,test,0,1,1,1,reasoning_hallucination,2,1.0785738975864998,1.5347587870790653,18.80564598105368
mmvet-v1_204,mmvet-v1_204,qwen,mmvet,test,1,0,0,4,,2,1.0482534479565475,0.3212531875638187,2.3968781901849017
mmvet-v1_205,mmvet-v1_205,qwen,mmvet,test,0,1,1,0,reasoning_hallucination,2,1.5834143136711194,0.830996563652938,16.960110771453074
mmvet-v1_206,mmvet-v1_206,qwen,mmvet,test,1,0,0,4,,2,1.0986832054306974,1.174211537563181,16.111983413812375
mmvet-v1_207,mmvet-v1_207,qwen,mmvet,test,0,1,0,3,,2,1.0468135717456177,1.0771181186878818,16.203517509438125
mmvet-v1_209,mmvet-v1_209,qwen,mmvet,test,0,1,0,3,,27,1.6462153033307412,1.552989045859936,28.29363637976364
mmvet-v1_210,mmvet-v1_210,qwen,mmvet,test,0,1,0,3,,27,1.4118726889688498,1.18567845972348,23.292490702784498
mmvet-v1_211,mmvet-v1_211,qwen,mmvet,test,0,1,1,1,reasoning_hallucination,5,1.907299067137752,0.8645563044222654,21.66987383663546
mmvet-v1_215,mmvet-v1_215,qwen,mmvet,test,0,1,0,3,,2,5.3183616079690035,1.0618396067652294,29.583858290348903
mmvet-v1_216,mmvet-v1_216,qwen,mmvet,test,0,1,1,1,reasoning_hallucination,4,1.7363673643054665,0.04755960452818211,17.09506506566254
mmvet-v1_217,mmvet-v1_217,qwen,mmvet,test,0,1,0,4,,2,1.9488958885224497,0.7157378454044575,24.998814084073313
vilp-0-case1,vilp-0,internvl,vilp,test,1,0,0,6,,1,1.3249361400712014,-0.0,51.53211912189745
vilp-0-case2,vilp-0,internvl,vilp,test,0,1,1,1,vision_hallucination|reasoning_hallucination,1,1.253244288329545,0.6052238818885561,66.59223430483995
vilp-0-case3,vilp-0,internvl,vilp,test,1,0,0,6,,1,1.330395699426196,0.12521055898391734,31.02246020208873
vilp-1-case1,vilp-1,internvl,vilp,test,1,0,0,6,,1,1.1061077117069118,-0.0,-6.1388301436582715
vilp-1-case2,vilp-1,internvl,vilp,test,0,1,1,1,reasoning_hallucination,1,1.1697863024074806,0.5837432505408947,23.292920939001235
vilp-1-case3,vilp-1,internvl,vilp,test,0,1,1,2,vision_hallucination|reasoning_hallucination,1,1.0192737015994144,0.3753085246515174,11.45371746801151
vilp-2-case1,vilp-2,internvl,vilp,test,1,0,0,6,,1,1.0011310489837884,-0.0,-19.406473330376674
vilp-2-case2,vilp-2,internvl,vilp,test,0,1,0,6,,1,1.0017224345196831,-0.0,-17.85288514856192
vilp-2-case3,vilp-2,internvl,vilp,test,0,1,0,4,,1,1.0012564802278288,-0.0,-18.24586411035573
vilp-3-case1,vilp-3,internvl,vilp,test,1,0,0,6,,1,1.1509724224734663,-0.0,16.3774703190097
vilp-3-case2,vilp-3,internvl,vilp,test,1,0,0,6,,1,1.0058531761754965,0.5302165986739438,14.250493223348899
vilp-3-case3,vilp-3,internvl,vilp,test,1,0,0,6,,1,2.2350974100256993,0.96252846004794,28.40194061314324
vilp-4-case1,vilp-4,internvl,vilp,test,1,0,0,6,,1,1.0050190533994405,-0.0,-0.7870808528294546
vilp-4-case2,vilp-4,internvl,vilp,test,1,0,0,6,,1,1.1723165219810723,0.12058936428772546,50.308243207801844
vilp-4-case3,vilp-4,internvl,vilp,test,1,0,0,6,,1,1.0138983335246001,1.0445686455624166,16.80601811092273
vilp-5-case1,vilp-5,internvl,vilp,test,1,0,0,6,,1,1.018428683841325,-0.0,-17.545749228137744
vilp-5-case2,vilp-5,internvl,vilp,test,0,1,1,1,vision_hallucination,1,1.0076926948566671,-0.0,-19.56357896051657
vilp-5-case3,vilp-5,internvl,vilp,test,0,1,1,1,vision_hallucination|reasoning_hallucination,1,1.0112065075382322,-0.0,-18.353838410704135
vilp-6-case1,vilp-6,internvl,vilp,test,1,0,0,6,,1,1.000150118448627,-0.0,-19.299680932709354
vilp-6-case2,vilp-6,internvl,vilp,test,1,0,1,2,vision_hallucination,1,1.0001757002146725,-0.0,-18.21134040471877
vilp-6-case3,vilp-6,internvl,vilp,test,1,0,0,6,,1,1.001162052187785,0.4999458192213896,-11.771330806404594
vilp-7-case1,vilp-7,internvl,vilp,test,1,0,0,6,,1,1.0213716036326659,-0.0,-12.549354166545232
vilp-7-case2,vilp-7,internvl,vilp,test,0,1,1,1,vision_hallucination|reasoning_hallucination,1,1.2263939409818594,-0.0,21.613373194414606
vilp-7-case3,vilp-7,internvl,vilp,test,0,1,1,1,vision_hallucination|reasoning_hallucination,1,1.083790303776899,1.3555824335310218,-5.578436973271613
vilp-8-case1,vilp-8,internvl,vilp,test,1,0,0,6,,1,1.000259664088434,-0.0,-18.024453578144875
vilp-8-case2,vilp-8,internvl,vilp,test,1,0,0,6,,1,1.0001638478763217,0.9022516950263099,8.792940488791462
vilp-8-case3,vilp-8,internvl,vilp,test,1,0,0,6,,1,1.0010476204977088,0.9305816590539314,-5.1271136266115755
vilp-9-case1,vilp-9,internvl,vilp,test,1,0,0,6,,1,1.0369939333602365,-0.0,-13.052455730129859
vilp-9-case2,vilp-9,internvl,vilp,test,0,1,0,4,,1,1.0178969122209476,0.9487513148343901,-4.0282701230117794
vilp-9-case3,vilp-9,internvl,vilp,test,0,1,1,2,reasoning_hallucination,1,1.0693838473637294,0.7480146734327294,23.307790882498573
vilp-10-case1,vilp-10,internvl,vilp,test,1,0,0,6,,1,1.0053822818534086,-0.0,-19.950839781316002
vilp-10-case2,vilp-10,internvl,vilp,test,0,1,1,1,reasoning_hallucination,1,1.0002689266039382,0.949742695174576,-13.953206306090403
vilp-10-case3,vilp-10,internvl,vilp,test,1,0,0,6,,1,1.0323518506879905,0.5544449006291539,24.34142146053256
vilp-11-case1,vilp-11,internvl,vilp,test,1,0,0,6,,1,1.000622088315994,-0.0,-18.819545170543037
vilp-11-case2,vilp-11,internvl,vilp,test,1,0,0,6,,1,1.0855986499298318,1.2246797708281951,23.800377367163463
vilp-11-case3,vilp-11,internvl,vilp,test,1,0,0,6,,1,1.1697298510776215,-0.0,12.089783407922862
vilp-12-case1,vilp-12,internvl,vilp,test,1,0,0,6,,1,1.1490017033677562,-0.0,44.293419318150114
vilp-12-case2,vilp-12,internvl,vilp,test,0,1,1,2,reasoning_hallucination,1,1.0054644344627506,0.6148236306004586,39.3263888300977
vilp-12-case3,vilp-12,internvl,vilp,test,1,0,0,6,,1,1.0021606683925735,0.5046413447578756,-3.983831811076116
vilp-13-case1,vilp-13,internvl,vilp,test,1,0,0,6,,1,1.0035127074603196,0.49605539681476873,-12.050120153591134
vilp-13-case2,vilp-13,internvl,vilp,test,1,0,1,2,reasoning_hallucination,1,1.1347724188718415,0.6706343131115224,34.07339012249899
vilp-13-case3,vilp-13,internvl,vilp,test,0,1,1,1,vision_hallucination|reasoning_hallucination,1,1.0070585012558435,1.2580043031536552,78.90874359221642
vilp-14-case1,vilp-14,internvl,vilp,test,1,0,0,6,,1,1.000109076496614,-0.0,-17.560450122627184
vilp-14-case2,vilp-14,internvl,vilp,test,0,1,1,0,vision_hallucination|reasoning_hallucination,1,1.000115752217768,-0.0,-16.070815989262634
vilp-14-case3,vilp-14,internvl,vilp,test,0,1,1,1,vision_hallucination|reasoning_hallucination,1,1.0000690221813329,0.5008870294983211,-13.975498366252824
vilp-15-case1,vilp-15,internvl,vilp,test,1,0,0,6,,1,1.1410996667844424,-0.0,5.4895258178072055
vilp-15-case2,vilp-15,internvl,vilp,test,0,1,1,1,vision_hallucination,1,1.006190705422309,1.3229926710068507,17.10386119280139
vilp-15-case3,vilp-15,internvl,vilp,test,0,1,1,2,reasoning_hallucination,1,1.0780431716066554,0.638016207168294,52.949452326211464
vilp-16-case1,vilp-16,internvl,vilp,test,1,0,0,6,,1,1.001406788827419,1.0580937551734753,-8.194594252457648
vilp-16-case2,vilp-16,internvl,vilp,test,0,1,1,2,reasoning_hallucination,1,1.0023544430063038,0.6727759965184626,-13.66380528972902
vilp-16-case3,vilp-16,internvl,vilp,test,0,1,1,1,vision_hallucination|reasoning_hallucination,1,1.0006482601331723,-0.0,-15.617309084822672
vilp-17-case1,vilp-17,internvl,vilp,test,1,0,0,6,,1,1.0038455724067383,-0.0,-19.46319891570246
vilp-17-case2,vilp-17,internvl,vilp,test,0,1,1,1,vision_hallucination|reasoning_hallucination,1,1.0021280050050025,-0.0,9.820004417712966
vilp-17-case3,vilp-17,internvl,vilp,test,0,1,1,1,vision_hallucination|reasoning_hallucination,1,1.0034387112504672,0.501268763337771,-16.04494690868197
vilp-18-case1,vilp-18,internvl,vilp,test,1,0,0,6,,1,1.0025199652036911,-0.0,-20.87542993223986
vilp-18-case2,vilp-18,internvl,vilp,test,0,1,0,3,,1,1.0024050473486334,-0.0,-19.149813811583716
vilp-18-case3,vilp-18,internvl,vilp,test,0,1,0,3,,1,1.0030122995638469,0.5010286097940044,-16.829448208506143
vilp-19-case1,vilp-19,internvl,vilp,test,1,0,0,6,,1,1.000015944174043,-0.0,-17.287400287233574
vilp-19-case2,vilp-19,internvl,vilp,test,1,0,0,5,,1,1.0003371137548471,-0.0,-18.22151272983917
vilp-19-case3,vilp-19,internvl,vilp,test,0,1,0,5,,1,1.0000326036307579,0.5003901269893899,-16.3252500019392
vilp-20-case1,vilp-20,internvl,vilp,test,1,0,0,6,,1,1.0128939442917075,-0.0,-4.796492528079353
vilp-20-case2,vilp-20,internvl,vilp,test,0,1,0,4,,1,1.0094512698782192,0.4981367677716715,-7.816873433566217
vilp-20-case3,vilp-20,internvl,vilp,test,0,1,1,1,vision_hallucination|reasoning_hallucination,1,1.0998058367374575,0.5254369079322059,12.338702711354799
vilp-21-case1,vilp-21,internvl,vilp,test,1,0,0,6,,1,1.0000350475304598,-0.0,-17.682087911276465
vilp-21-case2,vilp-21,internvl,vilp,test,1,0,0,5,,1,1.0143600253178306,0.6729424762459693,-11.947950397372924
vilp-21-case3,vilp-21,internvl,vilp,test,1,0,0,4,,1,1.0003042411313299,0.5006798243160084,-13.93755643846727
vilp-22-case1,vilp-22,internvl,vilp,test,1,0,0,6,,1,1.000374964857297,-0.0,-20.054000888116647
vilp-22-case2,vilp-22,internvl,vilp,test,0,1,1,1,reasoning_hallucination,1,1.0007432986833689,-0.0,-20.00282444360018
vilp-22-case3,vilp-22,internvl,vilp,test,0,1,1,1,reasoning_hallucination,1,1.1918135581538418,0.660307887915955,-4.4620593927302075
vilp-23-case1,vilp-23,internvl,vilp,test,1,0,0,6,,1,1.0013996362592539,-0.0,-17.361652481225285
vilp-23-case2,vilp-23,internvl,vilp,test,0,1,1,1,vision_hallucination,1,1.0022485256532687,-0.0,-19.289744552253516
vilp-23-case3,vilp-23,internvl,vilp,test,0,1,1,1,vision_hallucination|reasoning_hallucination,1,1.0023247002492042,-0.0,-15.756300279374967
vilp-24-case1,vilp-24,internvl,vilp,test,1,0,0,6,,1,1.000926136987765,-0.0,-17.0497654664124
vilp-24-case2,vilp-24,internvl,vilp,test,0,1,1,2,reasoning_hallucination,1,1.0010130405123683,-0.0,-17.680571755166508
vilp-24-case3,vilp-24,internvl,vilp,test,0,1,0,6,,1,1.0037502050383844,-0.0,-13.192493051740179
vilp-25-case1,vilp-25,internvl,vilp,test,1,0,0,6,,1,1.4196067614057968,-0.0,35.65249176214923
vilp-25-case2,vilp-25,internvl,vilp,test,1,0,0,5,,1,1.1066006442671368,-0.0,10.445540233389131
vilp-25-case3,vilp-25,internvl,vilp,test,1,0,0,6,,1,1.375060804837772,-0.0,-1.5408442534240976
vilp-26-case1,vilp-26,internvl,vilp,test,1,0,0,6,,1,1.0003342667812756,-0.0,-20.47479522702923
vilp-26-case2,vilp-26,internvl,vilp,test,1,0,0,6,,1,1.0012334585283582,0.677859968981612,-0.9297934894410727
vilp-26-case3,vilp-26,internvl,vilp,test,1,0,0,6,,1,1.0003022719917367,1.300824130051251,7.293967773728927
vilp-27-case1,vilp-27,internvl,vilp,test,1,0,0,5,,1,1.0185226204985465,-0.0,-17.55068693128607
vilp-27-case2,vilp-27,internvl,vilp,test,1,0,0,6,,1,1.0021599943937853,0.5002812800635084,-14.988664789191402
vilp-27-case3,vilp-27,internvl,vilp,test,0,1,0,4,,1,1.001882314736381,-0.0,-8.819405139473574
vilp-28-case1,vilp-28,internvl,vilp,test,1,0,1,2,vision_hallucination,1,1.0014464854950498,-0.0,-12.193161416479102
vilp-28-case2,vilp-28,internvl,vilp,test,0,1,0,4,,1,1.1018015162339285,0.48780600391556383,-2.950434320869263
vilp-28-case3,vilp-28,internvl,vilp,test,0,1,0,4,,1,1.00300748016096,0.672413795012251,-9.368473806052782
vilp-29-case1,vilp-29,internvl,vilp,test,0,1,0,4,,1,1.0025030851948855,1.3563662704816903,10.585851083718861
vilp-29-case2,vilp-29,internvl,vilp,test,1,0,0,6,,1,1.0014911890026692,-0.0,-13.687986288425803
vilp-29-case3,vilp-29,internvl,vilp,test,0,1,0,4,,1,1.0041108969164962,-0.0,-13.37207563365643
vilp-30-case1,vilp-30,internvl,vilp,test,1,0,0,6,,1,1.0100470023877601,-0.0,-4.417587639685571
vilp-30-case2,vilp-30,internvl,vilp,test,0,1,0,5,,1,1.0839449161950405,-0.0,7.819358522206315
vilp-30-case3,vilp-30,internvl,vilp,test,0,1,0,5,,1,1.0038040810395645,-0.0,-10.844125242796421
vilp-31-case1,vilp-31,internvl,vilp,test,1,0,0,6,,1,1.000787603477103,-0.0,-19.431519265320972
vilp-31-case2,vilp-31,internvl,vilp,test,0,1,0,4,,1,1.5708248281145079,0.9482755480742814,-12.065624043842108
vilp-31-case3,vilp-31,internvl,vilp,test,0,1,0,5,,1,1.0007870847152078,-0.0,-19.562573443219815
vilp-32-case1,vilp-32,internvl,vilp,test,1,0,0,5,,1,1.007154221312277,-0.0,1.1268376409520258
vilp-32-case2,vilp-32,internvl,vilp,test,1,0,0,6,,1,1.0042436273069286,0.6696319613497933,-4.382599013892847
vilp-32-case3,vilp-32,internvl,vilp,test,0,1,0,4,,1,1.006282951636995,-0.0,-17.305834959276368
vilp-33-case1,vilp-33,internvl,vilp,test,1,0,0,5,,1,1.0185552841887355,-0.0,14.979283415919191
vilp-33-case2,vilp-33,internvl,vilp,test,1,0,0,6,,1,1.001377534175662,-0.0,-1.6410896227451435
vilp-33-case3,vilp-33,internvl,vilp,test,0,1,0,4,,1,1.0067071974659763,0.5068650843322328,0.7297458883199042
vilp-34-case1,vilp-34,internvl,vilp,test,1,0,0,5,,1,1.0004349946928857,-0.0,-18.375774265100095
vilp-34-case2,vilp-34,internvl,vilp,test,0,1,1,1,vision_hallucination|reasoning_hallucination,1,1.0025870800788377,0.5835878937747527,22.182987231203498
vilp-34-case3,vilp-34,internvl,vilp,test,1,0,0,6,,1,1.0044498719566666,-0.0,-13.255241662978946
vilp-35-case1,vilp-35,internvl,vilp,test,1,0,0,6,,1,1.0725306279902262,-0.0,10.740630781023615
vilp-35-case2,vilp-35,internvl,vilp,test,1,0,0,6,,1,1.0014593601506117,-0.0,-17.62651726454649
vilp-35-case3,vilp-35,internvl,vilp,test,0,1,1,1,vision_hallucination|reasoning_hallucination,1,1.0395628226242315,0.9552980345638167,-11.031512654958027
vilp-36-case1,vilp-36,internvl,vilp,test,1,0,0,6,,3,1.0453385116415261,-0.0,-1.415000552711625
vilp-36-case2,vilp-36,internvl,vilp,test,0,1,1,1,reasoning_hallucination,3,1.060307141315462,-0.0,23.258535843909655
vilp-36-case3,vilp-36,internvl,vilp,test,0,1,1,1,vision_hallucination|reasoning_hallucination,1,1.0004657279736648,1.0251653194266506,57.61008384248553
vilp-37-case1,vilp-37,internvl,vilp,test,1,0,0,6,,1,1.0000966787357486,-0.0,-18.693042344769022
vilp-37-case2,vilp-37,internvl,vilp,test,1,0,0,6,,1,1.0000872612016625,-0.0,-17.537861564608612
vilp-37-case3,vilp-37,internvl,vilp,test,1,0,0,6,,1,1.0010292529831948,0.5007017790606817,-15.025797458293386
vilp-38-case1,vilp-38,internvl,vilp,test,1,0,0,5,,1,1.0002506971230611,-0.0,-18.78753535525949
vilp-38-case2,vilp-38,internvl,vilp,test,0,1,1,1,vision_hallucination|reasoning_hallucination,1,1.0003663301449655,0.6610595397407714,-5.774510602037092
vilp-38-case3,vilp-38,internvl,vilp,test,1,0,0,6,,1,1.000134944910518,0.6728681952423147,-13.308545153125102
vilp-39-case1,vilp-39,internvl,vilp,test,1,0,0,6,,1,1.0089521010852476,-0.0,-17.971706445834585
vilp-39-case2,vilp-39,internvl,vilp,test,1,0,0,6,,1,2.3826341939812843,0.5880893478772191,35.61368226455615
vilp-39-case3,vilp-39,internvl,vilp,test,0,1,0,4,,1,1.0072399417123252,0.5016063670748125,-14.914586720921308
vilp-40-case1,vilp-40,internvl,vilp,test,1,0,0,5,,1,1.1661260504039557,-0.0,14.091629947782424
vilp-40-case2,vilp-40,internvl,vilp,test,1,0,0,5,,1,1.433599941755621,0.6914416209212944,70.51563818225877
vilp-40-case3,vilp-40,internvl,vilp,test,0,1,1,1,vision_hallucination|reasoning_hallucination,1,1.1415399628163587,-0.0,45.10066630853626
vilp-41-case1,vilp-41,internvl,vilp,test,1,0,1,1,vision_hallucination|reasoning_hallucination,1,1.08765542365074,0.49850580082723867,-9.565544127034876
vilp-41-case2,vilp-41,internvl,vilp,test,0,1,1,1,vision_hallucination|reasoning_hallucination,1,1.2135760551742452,0.6509951530674978,18.01929355427312
vilp-41-case3,vilp-41,internvl,vilp,test,1,0,0,6,,1,1.0747420429290302,1.1286865905484984,33.85248158061607
vilp-42-case1,vilp-42,internvl,vilp,test,0,1,1,1,reasoning_hallucination,1,1.0589228521937502,1.5560147721897655,27.627477005855525
vilp-42-case2,vilp-42,internvl,vilp,test,1,0,1,2,vision_hallucination,2,1.3379032647658267,1.5813002440811474,40.56101459037638
vilp-42-case3,vilp-42,internvl,vilp,test,1,0,0,6,,1,1.0022672415324583,-0.0,-16.460175204412838
vilp-43-case1,vilp-43,internvl,vilp,test,1,0,0,6,,1,1.028594970189035,0.565755382222576,13.469216364227975
vilp-43-case2,vilp-43,internvl,vilp,test,1,0,0,6,,1,1.0000994205490055,-0.0,-14.773799980385302
vilp-43-case3,vilp-43,internvl,vilp,test,1,0,0,5,,1,1.0015585422376017,0.2926491775431362,14.553956557759722
vilp-44-case1,vilp-44,internvl,vilp,test,1,0,0,6,,1,1.0208943648066728,0.5062046709239814,-6.663486290915567
vilp-44-case2,vilp-44,internvl,vilp,test,0,1,0,4,,1,1.0340268625721722,0.6695034625072971,-8.558000040910269
vilp-44-case3,vilp-44,internvl,vilp,test,0,1,1,2,reasoning_hallucination,1,1.0340009184671066,-0.0,-17.371658476665505
vilp-45-case1,vilp-45,internvl,vilp,test,1,0,0,6,,1,1.1214656724521948,-0.0,-15.94528204845748
vilp-45-case2,vilp-45,internvl,vilp,test,0,1,1,2,vision_hallucination,1,1.0008567571462315,0.5008551797114538,-9.307350203907566
vilp-45-case3,vilp-45,internvl,vilp,test,0,1,0,4,,1,1.0122974366186281,0.951981375759152,-8.974419942788435
vilp-46-case1,vilp-46,internvl,vilp,test,1,0,0,6,,1,1.0003116130789682,-0.0,-16.940478053244075
vilp-46-case2,vilp-46,internvl,vilp,test,0,1,0,4,,1,1.0065244434346587,0.6919019896544054,15.168214938740405
vilp-46-case3,vilp-46,internvl,vilp,test,1,0,0,6,,1,1.0032982825111205,0.9533415450832431,18.67744441165392
vilp-47-case1,vilp-47,internvl,vilp,test,0,1,0,4,,1,1.0847168639437403,0.6536680708246476,13.049830682123345
vilp-47-case2,vilp-47,internvl,vilp,test,1,0,0,6,,1,1.0035808086132894,-0.0,-12.947329550075201
vilp-47-case3,vilp-47,internvl,vilp,test,0,1,1,0,vision_hallucination|reasoning_hallucination,1,1.0305332843931077,0.5438271549728277,10.696655676448504
vilp-48-case1,vilp-48,internvl,vilp,test,1,0,0,6,,1,1.007147431352448,-0.0,-18.15717096262731
vilp-48-case2,vilp-48,internvl,vilp,test,0,1,1,1,vision_hallucination|reasoning_hallucination,1,1.0243091586853281,0.9517860868233505,-12.871184754330187
vilp-48-case3,vilp-48,internvl,vilp,test,0,1,1,1,vision_hallucination|reasoning_hallucination,1,1.0115666392503533,0.9538788519768788,-13.115569278965388
vilp-49-case1,vilp-49,internvl,vilp,test,1,0,0,6,,1,1.1926659245577043,-0.0,32.93098296562847
vilp-49-case2,vilp-49,internvl,vilp,test,1,0,0,6,,1,1.146844629031382,0.6361706084965204,73.25536349069961
vilp-49-case3,vilp-49,internvl,vilp,test,1,0,0,6,,1,1.1332276358988986,1.0850292861836954,79.5747499273757
vilp-50-case1,vilp-50,internvl,vilp,test,1,0,0,6,,1,1.4821194306248262,0.029659255702799796,60.08687699132197
vilp-50-case2,vilp-50,internvl,vilp,test,1,0,0,6,,1,1.085981814817869,0.3819782732384859,75.55168917792622
vilp-50-case3,vilp-50,internvl,vilp,test,1,0,0,6,,1,1.2669029925919066,-0.0,47.62639519404468
vilp-51-case1,vilp-51,internvl,vilp,test,1,0,0,6,,1,1.153580775779152,-0.0,26.821820019673755
vilp-51-case2,vilp-51,internvl,vilp,test,0,1,1,1,reasoning_hallucination,1,1.533713177061457,0.5510389457432581,54.82516082149928
vilp-51-case3,vilp-51,internvl,vilp,test,0,1,1,1,reasoning_hallucination,1,1.3648919208805688,0.8000612156532323,68.10442796682355
vilp-52-case1,vilp-52,internvl,vilp,test,1,0,0,6,,1,1.1903249604384072,0.14480734061735046,90.66567904937511
vilp-52-case2,vilp-52,internvl,vilp,test,0,1,1,2,reasoning_hallucination,1,1.2073469459756505,-0.0,54.54088006269654
vilp-52-case3,vilp-52,internvl,vilp,test,0,1,0,4,,1,1.1738897639132064,0.7279790996208865,118.47088879098025
vilp-53-case1,vilp-53,internvl,vilp,test,1,0,0,6,,1,1.2290890920478443,-0.0,67.56106291146571
vilp-53-case2,vilp-53,internvl,vilp,test,0,1,0,4,,1,1.2251501063311916,0.6145227410764227,70.76401224114568
vilp-53-case3,vilp-53,internvl,vilp,test,0,1,1,1,reasoning_hallucination,1,1.2051535105822022,0.5727351471999866,98.21939671067878
vilp-54-case1,vilp-54,internvl,vilp,test,0,1,1,2,vision_hallucination|reasoning_hallucination,1,1.0847299066973723,-0.0,-2.3613593482336857
vilp-54-case2,vilp-54,internvl,vilp,test,0,1,0,6,,1,1.0523430109807443,0.5567189510874233,25.80444958201992
vilp-54-case3,vilp-54,internvl,vilp,test,0,1,1,1,vision_hallucination|reasoning_hallucination,1,1.026072025924123,0.8039608162694705,78.65046519839747
vilp-55-case1,vilp-55,internvl,vilp,test,1,0,0,6,,1,1.0024871650920109,-0.0,-19.274950204435093
vilp-55-case2,vilp-55,internvl,vilp,test,1,0,1,2,vision_hallucination,1,1.0009058325998896,0.46852642275167045,-2.10487924703963
vilp-55-case3,vilp-55,internvl,vilp,test,1,0,0,6,,1,1.0069663034688985,1.3309835181032832,-8.994634548137684
vilp-56-case1,vilp-56,internvl,vilp,test,1,0,0,6,,1,1.0023663729676364,-0.0,-15.033279939486238
vilp-56-case2,vilp-56,internvl,vilp,test,1,0,0,6,,1,1.000657176275974,-0.0,-8.751623489364405
vilp-56-case3,vilp-56,internvl,vilp,test,0,1,1,1,reasoning_hallucination,1,1.0150769587465964,0.6732208016954447,-12.830680057277526
vilp-57-case1,vilp-57,internvl,vilp,test,1,0,0,6,,1,1.055370429174225,0.9968085409300754,11.420619117914814
vilp-57-case2,vilp-57,internvl,vilp,test,1,0,0,6,,1,1.8165392611201687,0.655876984866327,55.17902000265332
vilp-57-case3,vilp-57,internvl,vilp,test,1,0,0,6,,1,1.0117989780386856,0.18723677357025637,11.613475307022712
vilp-58-case1,vilp-58,internvl,vilp,test,1,0,0,6,,1,1.0016913607250795,0.24942015142358748,13.299855216339573
vilp-58-case2,vilp-58,internvl,vilp,test,0,1,0,5,,1,1.0358401544739828,0.4992035748609107,-11.09144609141142
vilp-58-case3,vilp-58,internvl,vilp,test,1,0,0,6,,1,1.0005650190010071,0.6526922520493135,2.841117932952802
vilp-59-case1,vilp-59,internvl,vilp,test,1,0,0,6,,1,1.233480415173733,-0.0,58.84380168507859
vilp-59-case2,vilp-59,internvl,vilp,test,0,1,0,5,,1,1.2352542357765595,-0.0,46.782010964746505
vilp-59-case3,vilp-59,internvl,vilp,test,0,1,0,5,,1,1.311941197631069,-0.0,68.78279558441125
vilp-60-case1,vilp-60,internvl,vilp,test,1,0,0,6,,1,1.1979184544505699,-0.0,49.350378496069574
vilp-60-case2,vilp-60,internvl,vilp,test,0,1,0,4,,1,1.206298367783451,-0.0,40.64193873559012
vilp-60-case3,vilp-60,internvl,vilp,test,0,1,0,6,,1,1.2655695397983346,-0.0,33.48211362301139
vilp-61-case1,vilp-61,internvl,vilp,test,1,0,0,6,,1,1.413445035172832,-0.0,65.08616125552811
vilp-61-case2,vilp-61,internvl,vilp,test,0,1,0,4,,1,1.254407053281581,-0.0,46.24481601632578
vilp-61-case3,vilp-61,internvl,vilp,test,0,1,0,4,,1,1.3499239759884836,0.5388105903674684,60.6697889862569
vilp-62-case1,vilp-62,internvl,vilp,test,1,0,0,6,,1,1.2975420336687808,0.15484601672958456,48.208672450288645
vilp-62-case2,vilp-62,internvl,vilp,test,0,1,1,2,reasoning_hallucination,1,1.1829971675205302,-0.0,61.76249625592465
vilp-62-case3,vilp-62,internvl,vilp,test,0,1,1,2,reasoning_hallucination,1,1.2199002220651485,0.16506998739008982,44.39557560876636
vilp-63-case1,vilp-63,internvl,vilp,test,1,0,0,6,,1,1.3443209958317142,0.002738954805859095,67.31856690251298
vilp-63-case2,vilp-63,internvl,vilp,test,0,1,0,4,,3,2.1686936249511546,0.33396722973625614,53.208481606714145
vilp-63-case3,vilp-63,internvl,vilp,test,1,0,0,6,,1,1.033732653892987,0.36143592750221315,7.619832386352266
vilp-64-case1,vilp-64,internvl,vilp,test,0,1,1,1,vision_hallucination|reasoning_hallucination,1,1.0701687346574005,1.0128477330768146,39.415651618196044
vilp-64-case2,vilp-64,internvl,vilp,test,1,0,0,6,,1,1.0453656566664162,1.3770031698279608,54.76799588906723
vilp-64-case3,vilp-64,internvl,vilp,test,1,0,0,6,,1,1.1782879909043813,1.0346749305919998,53.016362756509174
vilp-65-case1,vilp-65,internvl,vilp,test,1,0,0,6,,1,1.3930140822576418,-0.0,38.793462256756726
vilp-65-case2,vilp-65,internvl,vilp,test,0,1,1,1,vision_hallucination|reasoning_hallucination,1,1.645214797845611,1.5629464799053612,66.21055172392971
vilp-65-case3,vilp-65,internvl,vilp,test,1,0,0,6,,2,1.7254773721671304,0.691649663461145,36.571724791581495
vilp-66-case1,vilp-66,internvl,vilp,test,0,1,0,4,,1,1.0093515999503992,0.8190661881424514,33.3452158114755
vilp-66-case2,vilp-66,internvl,vilp,test,1,0,0,6,,1,1.0606420225100643,-0.0,59.4365833049369
vilp-66-case3,vilp-66,internvl,vilp,test,1,0,0,6,,1,1.0152763126058353,0.3190404094816683,17.368603452468747
vilp-67-case1,vilp-67,internvl,vilp,test,1,0,0,6,,1,1.228498705428962,-0.0,24.42700727855555
vilp-67-case2,vilp-67,internvl,vilp,test,0,1,0,4,,1,1.4478312715054542,0.4542380843750141,0.4804854543150121
vilp-67-case3,vilp-67,internvl,vilp,test,1,0,0,6,,1,1.4272187819770705,-0.0,73.07591670536675
vilp-68-case1,vilp-68,internvl,vilp,test,0,1,0,6,,1,2.075753104831295,-0.0,77.70120119049453
vilp-68-case2,vilp-68,internvl,vilp,test,1,0,0,6,,1,1.1635904710866873,0.6754612084512098,69.29469514430491
vilp-68-case3,vilp-68,internvl,vilp,test,0,1,0,4,,1,2.047635743105954,0.6663127463585674,92.26761125234488
vilp-69-case1,vilp-69,internvl,vilp,test,1,0,1,2,vision_hallucination|reasoning_hallucination,1,1.035720991774722,-0.0,12.204057431304395
vilp-69-case2,vilp-69,internvl,vilp,test,1,0,0,6,,1,1.2094063361344347,0.541010168352144,32.083977112754944
vilp-69-case3,vilp-69,internvl,vilp,test,0,1,1,2,reasoning_hallucination,1,1.0253765389924228,-0.0,15.779819691391435
vilp-70-case1,vilp-70,internvl,vilp,test,1,0,0,6,,1,1.1494593620183762,0.0216110048030725,54.870143923288815
vilp-70-case2,vilp-70,internvl,vilp,test,0,1,0,5,,1,1.216754922852059,-0.0,57.673056874875904
vilp-70-case3,vilp-70,internvl,vilp,test,0,1,0,5,,1,1.3122899624388265,0.3643765600701402,75.95058698060113
vilp-71-case1,vilp-71,internvl,vilp,test,1,0,0,6,,1,1.4804574504513872,-0.0,63.90346392414034
vilp-71-case2,vilp-71,internvl,vilp,test,0,1,0,4,,1,1.3765145345256635,-0.0,66.60698949905628
vilp-71-case3,vilp-71,internvl,vilp,test,0,1,0,5,,1,1.4903310927944071,0.692598004671185,67.95118146783373
vilp-72-case1,vilp-72,internvl,vilp,test,1,0,0,6,,1,1.0813136127902858,-0.0,8.178878612196648
vilp-72-case2,vilp-72,internvl,vilp,test,0,1,1,1,reasoning_hallucination,1,1.169892901690763,-0.0,29.891496371794233
vilp-72-case3,vilp-72,internvl,vilp,test,0,1,0,4,,1,1.4681356019330802,0.44717104515130335,47.80832743809508
vilp-73-case1,vilp-73,internvl,vilp,test,1,0,0,6,,1,1.1945690528984925,0.4714345826445602,57.00970694828979
vilp-73-case2,vilp-73,internvl,vilp,test,1,0,0,6,,1,1.1653715226040777,0.6860299754176393,44.47728633306787
vilp-73-case3,vilp-73,internvl,vilp,test,0,1,0,6,,1,1.189511516786164,0.6439155249905221,76.16824992009278
vilp-74-case1,vilp-74,internvl,vilp,test,1,0,0,6,,1,1.0327424652257675,-0.0,-11.909533596980662
vilp-74-case2,vilp-74,internvl,vilp,test,1,0,0,6,,1,1.1347023664681812,0.6648167875879939,50.1428955138186
vilp-74-case3,vilp-74,internvl,vilp,test,0,1,1,1,vision_hallucination|reasoning_hallucination,1,1.0327266674225235,0.10103013097806124,43.09950455276525
vilp-75-case1,vilp-75,internvl,vilp,test,1,0,0,6,,1,1.0569873286172649,-0.0,-4.5019467601611485
vilp-75-case2,vilp-75,internvl,vilp,test,0,1,1,2,reasoning_hallucination,1,1.0798329396115571,0.6583111618179023,18.071020240672304
vilp-75-case3,vilp-75,internvl,vilp,test,0,1,0,4,,1,1.0677948067164202,-0.0,-3.5298753164503154
vilp-76-case1,vilp-76,internvl,vilp,test,1,0,0,5,,2,1.416179317750095,-0.0,70.64283208095887
vilp-76-case2,vilp-76,internvl,vilp,test,1,0,0,6,,1,1.323343709140286,0.6867057505350294,40.1033749299672
vilp-76-case3,vilp-76,internvl,vilp,test,0,1,1,1,reasoning_hallucination,1,2.1645527476423783,-0.0,70.78450903079889
vilp-77-case1,vilp-77,internvl,vilp,test,1,0,0,6,,1,1.209491498882336,-0.0,61.48619681013561
vilp-77-case2,vilp-77,internvl,vilp,test,0,1,0,4,,1,1.2447894733982028,-0.0,62.469740884342954
vilp-77-case3,vilp-77,internvl,vilp,test,0,1,0,6,,1,1.3483604378573284,-0.0,64.80041924223939
vilp-78-case1,vilp-78,internvl,vilp,test,1,0,0,6,,1,1.0911284235337932,0.22168955093568643,27.106052768797795
vilp-78-case2,vilp-78,internvl,vilp,test,0,1,1,1,vision_hallucination|reasoning_hallucination,1,1.0560439623666904,-0.0,22.081411533915475
vilp-78-case3,vilp-78,internvl,vilp,test,0,1,0,4,,1,1.1031965254834906,0.628729141582365,72.77456910875375
vilp-79-case1,vilp-79,internvl,vilp,test,1,0,0,6,,1,1.0069870406936343,-0.0,-13.386244718500938
vilp-79-case2,vilp-79,internvl,vilp,test,0,1,0,4,,1,1.0065364174590732,-0.0,3.545940698099532
vilp-79-case3,vilp-79,internvl,vilp,test,1,0,1,2,vision_hallucination|reasoning_hallucination,1,1.0025015195657336,0.6656320954087973,15.736496047191034
vilp-80-case1,vilp-80,internvl,vilp,test,1,0,0,6,,1,1.0002999197025215,-0.0,-12.948119079320845
vilp-80-case2,vilp-80,internvl,vilp,test,1,0,0,6,,1,1.019335800125272,-0.0,-7.143482131564664
vilp-80-case3,vilp-80,internvl,vilp,test,1,0,0,6,,1,1.0011616888413477,-0.0,-15.200996602419332
vilp-81-case1,vilp-81,internvl,vilp,test,1,0,0,6,,1,1.0006136894093716,-0.0,-19.168206070049553
vilp-81-case2,vilp-81,internvl,vilp,test,0,1,1,2,reasoning_hallucination,1,1.003079409320748,-0.0,35.68753641070604
vilp-81-case3,vilp-81,internvl,vilp,test,1,0,0,6,,1,1.000754405121966,0.62284090865774,16.398856024898084
vilp-82-case1,vilp-82,internvl,vilp,test,1,0,0,6,,1,1.005596862679443,0.5024407682013547,-12.075067889793573
vilp-82-case2,vilp-82,internvl,vilp,test,0,1,1,1,vision_hallucination|reasoning_hallucination,1,1.0118279215015709,-0.0,-16.368853219750193
vilp-82-case3,vilp-82,internvl,vilp,test,1,0,1,2,vision_hallucination,1,1.000312328324941,-0.0,-17.852691689447166
vilp-83-case1,vilp-83,internvl,vilp,test,1,0,0,6,,4,1.1992570916074663,-0.0,73.2977154896868
vilp-83-case2,vilp-83,internvl,vilp,test,1,0,1,2,reasoning_hallucination,1,1.0156248658074507,-0.0,34.538909752296725
vilp-83-case3,vilp-83,internvl,vilp,test,1,0,1,2,reasoning_hallucination,2,1.0011004127444396,-0.0,-5.844377477338336
vilp-84-case1,vilp-84,internvl,vilp,test,1,0,0,6,,1,1.00001856680002,-0.0,-17.32523606287263
vilp-84-case2,vilp-84,internvl,vilp,test,1,0,0,6,,1,1.0001494731409744,-0.0,-24.754384691391994
vilp-84-case3,vilp-84,internvl,vilp,test,1,0,0,6,,1,1.0007934217722232,-0.0,-15.23743520495567
vilp-85-case1,vilp-85,internvl,vilp,test,1,0,0,6,,1,1.0027749538159678,-0.0,-18.049459585588718
vilp-85-case2,vilp-85,internvl,vilp,test,0,1,1,2,vision_hallucination|reasoning_hallucination,1,1.002776980396101,0.5005329264471612,-16.391770637364555
vilp-85-case3,vilp-85,internvl,vilp,test,1,0,0,6,,1,1.0001319646880609,-0.0,-16.9136221124591
vilp-86-case1,vilp-86,internvl,vilp,test,1,0,0,6,,1,1.0021456910239734,-0.0,-12.00746508679435
vilp-86-case2,vilp-86,internvl,vilp,test,0,1,0,5,,1,1.0022167159639912,0.5078916141591612,-1.8380884048798105
vilp-86-case3,vilp-86,internvl,vilp,test,0,1,1,1,vision_hallucination|reasoning_hallucination,1,1.0020397575575708,0.4850334661050725,4.10579502163179
vilp-87-case1,vilp-87,internvl,vilp,test,1,0,0,6,,1,1.0014064311628237,-0.0,-16.450152247693524
vilp-87-case2,vilp-87,internvl,vilp,test,0,1,1,1,vision_hallucination|reasoning_hallucination,1,1.0028567314438792,0.9355016535665748,-8.346384103568314
vilp-87-case3,vilp-87,internvl,vilp,test,0,1,1,1,vision_hallucination|reasoning_hallucination,1,1.0040295122280063,-0.0,-16.326082154062348
vilp-88-case1,vilp-88,internvl,vilp,test,1,0,0,6,,2,1.1301485480009745,-0.0,46.22255778737782
vilp-88-case2,vilp-88,internvl,vilp,test,1,0,0,6,,1,1.0050326875742364,-0.0,25.402477366356376
vilp-88-case3,vilp-88,internvl,vilp,test,1,0,0,6,,1,1.0018620550047515,0.4635845313802436,54.43454956005456
vilp-89-case1,vilp-89,internvl,vilp,test,1,0,0,6,,1,1.0005347376059284,0.5006899920244762,-13.217738520451526
vilp-89-case2,vilp-89,internvl,vilp,test,0,1,1,1,vision_hallucination|reasoning_hallucination,1,1.0005242452737668,-0.0,-16.43847571922219
vilp-89-case3,vilp-89,internvl,vilp,test,0,1,1,1,reasoning_hallucination,1,1.0017989692993376,0.9558711000495241,27.287931382750422
vilp-90-case1,vilp-90,internvl,vilp,test,1,0,0,5,,1,1.000057697294373,-0.0,-22.35554684280224
vilp-90-case2,vilp-90,internvl,vilp,test,0,1,0,4,,1,1.0008976459711356,1.005548714906344,33.64673390018359
vilp-90-case3,vilp-90,internvl,vilp,test,1,0,0,6,,1,1.0000711679461467,-0.0,-16.35047491447342
vilp-91-case1,vilp-91,internvl,vilp,test,1,0,0,6,,1,1.5143962051506055,0.26954555949947673,87.23764921349608
vilp-91-case2,vilp-91,internvl,vilp,test,1,0,0,6,,1,1.0006463090090034,-0.0,-16.440998400427475
vilp-91-case3,vilp-91,internvl,vilp,test,0,1,0,4,,1,1.276325495795936,0.6797773655778232,-0.10154848848556597
vilp-92-case1,vilp-92,internvl,vilp,test,1,0,0,6,,1,1.001266479514218,-0.0,-17.761992961638207
vilp-92-case2,vilp-92,internvl,vilp,test,0,1,1,1,vision_hallucination|reasoning_hallucination,1,1.0037375687531178,-0.0,-12.847622293969529
vilp-92-case3,vilp-92,internvl,vilp,test,1,0,0,6,,1,1.0008713615901228,-0.0,-17.713314896378353
vilp-93-case1,vilp-93,internvl,vilp,test,1,0,0,6,,1,1.0004857778489564,0.6621737189522682,14.612454212537918
vilp-93-case2,vilp-93,internvl,vilp,test,1,0,0,6,,1,1.0097608562378497,0.5107744544625548,-8.091173825387717
vilp-94-case1,vilp-94,internvl,vilp,test,1,0,1,2,vision_hallucination,1,1.0002021025729833,-0.0,-19.931404022643566
vilp-93-case3,vilp-93,internvl,vilp,test,1,0,0,6,,1,1.0006513171255365,-0.0,-17.319916385245556
vilp-94-case2,vilp-94,internvl,vilp,test,0,1,1,1,vision_hallucination|reasoning_hallucination,1,1.0002807378698075,0.5705923603690207,14.998554422534772
vilp-94-case3,vilp-94,internvl,vilp,test,1,0,0,5,,1,1.0005702972248751,0.6931222296476759,20.77259131376203
vilp-95-case1,vilp-95,internvl,vilp,test,1,0,0,6,,1,1.0019220113587572,-0.0,-21.591437346611247
vilp-96-case1,vilp-96,internvl,vilp,test,1,0,0,6,,1,1.0034853400925463,-0.0,-17.087931650919298
vilp-95-case3,vilp-95,internvl,vilp,test,0,1,1,1,vision_hallucination|reasoning_hallucination,1,3.248558795907806,0.5155196325784891,30.64185584267043
vilp-96-case2,vilp-96,internvl,vilp,test,1,0,0,6,,1,1.0066876299650005,0.9544420402163231,17.825126040106838
vilp-96-case3,vilp-96,internvl,vilp,test,1,0,1,1,vision_hallucination|reasoning_hallucination,1,1.0002352954287506,0.20971901066967494,10.511182222804457
vilp-97-case1,vilp-97,internvl,vilp,test,1,0,0,6,,1,1.0072162975557162,-0.0,-10.981212441182576
vilp-97-case2,vilp-97,internvl,vilp,test,1,0,0,6,,1,1.000389750413138,1.0532252319119817,0.03327061684851618
vilp-97-case3,vilp-97,internvl,vilp,test,1,0,0,6,,1,1.0127064036389204,0.5031668423497426,-10.494922508690411
vilp-98-case1,vilp-98,internvl,vilp,test,1,0,0,6,,1,1.2884456064590726,-0.0,11.638670369342265
vilp-98-case2,vilp-98,internvl,vilp,test,0,1,1,2,reasoning_hallucination,1,1.3705748499797867,0.693086128127125,37.06947301655083
vilp-99-case1,vilp-99,internvl,vilp,test,1,0,0,6,,1,1.0004737377288027,-0.0,-17.850268309059384
vilp-98-case3,vilp-98,internvl,vilp,test,0,1,0,4,,1,1.8879264163973182,0.44657182928009054,35.57251750267657
vilp-99-case2,vilp-99,internvl,vilp,test,1,0,0,6,,1,1.0011097193047676,1.0461193657329615,2.2354478740365273
vilp-100-case1,vilp-100,internvl,vilp,test,1,0,0,6,,1,1.0004661667982295,-0.0,-16.10946492154281
vilp-99-case3,vilp-99,internvl,vilp,test,0,1,0,4,,1,1.0013537406828434,-0.0,-10.382441801949028
vilp-101-case1,vilp-101,internvl,vilp,test,1,0,0,6,,1,1.000241197295988,-0.0,-20.963869361986532
vilp-100-case2,vilp-100,internvl,vilp,test,1,0,1,1,vision_hallucination,1,1.0049608946898931,0.5008980603156108,-15.481788154468749
vilp-100-case3,vilp-100,internvl,vilp,test,1,0,0,6,,1,1.0012714948289185,0.6881168852263007,13.48513932007377
vilp-101-case3,vilp-101,internvl,vilp,test,1,0,0,6,,1,1.0012471675824746,-0.0,10.393897121662924
vilp-102-case1,vilp-102,internvl,vilp,test,1,0,0,6,,1,1.249848012970534,0.99765764336276,48.509168285278314
vilp-101-case2,vilp-101,internvl,vilp,test,0,1,1,0,vision_hallucination|reasoning_hallucination,1,1.0025962154331858,1.0546008788747743,-11.03285309754
vilp-102-case2,vilp-102,internvl,vilp,test,1,0,0,6,,1,1.0011198520853934,-0.0,-17.45586860054666
vilp-103-case1,vilp-103,internvl,vilp,test,1,0,0,6,,1,1.0175835493419416,-0.0,-12.636656276300267
vilp-102-case3,vilp-102,internvl,vilp,test,0,1,1,1,vision_hallucination,1,1.021707224687227,0.48421287562781035,-10.019776277575847
vilp-103-case2,vilp-103,internvl,vilp,test,0,1,1,1,vision_hallucination,1,1.01369672265859,-0.0,1.2729385813979377
vilp-103-case3,vilp-103,internvl,vilp,test,0,1,0,6,,1,1.0317427554143432,-0.0,-0.22255875223810584
vilp-104-case1,vilp-104,internvl,vilp,test,1,0,0,6,,1,1.0322763194828521,-0.0,-12.176931165360873
vilp-105-case1,vilp-105,internvl,vilp,test,1,0,0,6,,1,1.0029746810656996,0.4924839796848638,-9.256836069389465
vilp-104-case2,vilp-104,internvl,vilp,test,1,0,0,6,,1,1.006079044821465,-0.0,-17.23519626224048
vilp-104-case3,vilp-104,internvl,vilp,test,0,1,0,4,,1,2.3431943356195415,1.1875867035660979,78.39243662003967
vilp-105-case2,vilp-105,internvl,vilp,test,0,1,1,0,vision_hallucination|reasoning_hallucination,1,1.0029750371888189,-0.0,-13.232825165433837
vilp-105-case3,vilp-105,internvl,vilp,test,1,0,0,6,,1,1.0222191754518801,0.7775925402951394,16.323576709787154
vilp-106-case1,vilp-106,internvl,vilp,test,1,0,0,6,,1,1.0002967119269788,-0.0,-20.902722072165414
vilp-106-case3,vilp-106,internvl,vilp,test,1,0,0,6,,1,1.005574460756103,0.6392742909789424,17.01240086069546
vilp-107-case1,vilp-107,internvl,vilp,test,1,0,0,6,,1,1.0268024241991722,0.5622640004709221,24.867059686986188
vilp-106-case2,vilp-106,internvl,vilp,test,0,1,1,1,reasoning_hallucination,1,1.013641686639545,1.0578169103537274,-5.077287257465915
vilp-108-case1,vilp-108,internvl,vilp,test,1,0,0,6,,1,1.000649189526243,-0.0,-15.387007473523422
vilp-107-case3,vilp-107,internvl,vilp,test,0,1,0,4,,1,1.2124704739038272,0.4987866534575268,-5.665495681013318
vilp-107-case2,vilp-107,internvl,vilp,test,0,1,1,2,reasoning_hallucination,1,1.0182160139577625,0.5057487898000298,-5.164485521476505
vilp-108-case2,vilp-108,internvl,vilp,test,0,1,1,2,reasoning_hallucination,1,1.2906723089670116,1.0561411505978267,-1.7224211999208467
vilp-108-case3,vilp-108,internvl,vilp,test,1,0,0,6,,1,1.0037382092105405,1.0338055251328397,39.733027385060524
vilp-109-case1,vilp-109,internvl,vilp,test,1,0,0,6,,1,1.0008772354596787,-0.0,-13.839894214943437
vilp-110-case1,vilp-110,internvl,vilp,test,1,0,0,5,,1,1.000323176381939,-0.0,9.991583928952027
vilp-109-case3,vilp-109,internvl,vilp,test,1,0,0,6,,1,1.0007745478885517,0.5282067344080976,18.027722142763807
vilp-109-case2,vilp-109,internvl,vilp,test,1,0,0,6,,1,1.0034295321530515,-0.0,28.03221442675551
vilp-110-case2,vilp-110,internvl,vilp,test,1,0,0,6,,1,1.0022100066936706,1.0559748676604594,-6.505339315437611
vilp-111-case1,vilp-111,internvl,vilp,test,1,0,0,6,,1,1.000608086586407,-0.0,-20.112105679119292
vilp-110-case3,vilp-110,internvl,vilp,test,0,1,1,1,reasoning_hallucination,2,1.6500398542473955,0.40785025203180225,10.073831634306575
vilp-111-case2,vilp-111,internvl,vilp,test,1,0,0,6,,1,1.001256108279847,-0.0,17.36841606977235
vilp-111-case3,vilp-111,internvl,vilp,test,0,1,0,4,,1,1.0079975484579784,0.7242969477968411,34.51399169379509
vilp-112-case1,vilp-112,internvl,vilp,test,1,0,0,6,,1,1.5380510059723176,0.6370612595199903,21.35905953566632
vilp-112-case2,vilp-112,internvl,vilp,test,0,1,0,4,,1,1.0380405177187404,1.0138861537722395,18.90440374927249
vilp-113-case1,vilp-113,internvl,vilp,test,1,0,0,6,,1,1.000393033032437,0.6722819085025813,-10.04926531992153
vilp-112-case3,vilp-112,internvl,vilp,test,0,1,0,4,,1,1.004491805798169,0.8539163464788602,17.132679793596246
vilp-114-case1,vilp-114,internvl,vilp,test,1,0,0,6,,1,1.000559449167013,-0.0,-19.14751872429634
vilp-113-case2,vilp-113,internvl,vilp,test,0,1,1,1,vision_hallucination|reasoning_hallucination,1,1.0006133317950678,0.4845345614243928,-7.539683630766382
vilp-113-case3,vilp-113,internvl,vilp,test,0,1,1,1,reasoning_hallucination,1,1.1927852596750974,0.9500361086413179,-11.035593784707997
vilp-114-case2,vilp-114,internvl,vilp,test,1,0,0,6,,1,1.0003873109958257,0.9503620189400902,-8.96521355645068
vilp-115-case1,vilp-115,internvl,vilp,test,1,0,0,6,,1,1.0004320144789425,-0.0,-18.534200400327762
vilp-114-case3,vilp-114,internvl,vilp,test,1,0,0,6,,1,1.0003987435429493,-0.0,-16.30502247209144
vilp-115-case2,vilp-115,internvl,vilp,test,1,0,0,6,,1,1.0003811120894028,-0.0,-10.319661036643621
vilp-115-case3,vilp-115,internvl,vilp,test,1,0,0,6,,1,1.6656690020117793,0.9837202783515284,70.15408168117176
vilp-116-case1,vilp-116,internvl,vilp,test,0,1,1,1,vision_hallucination|reasoning_hallucination,1,1.000739216780312,0.8874976763760325,6.469883225953586
vilp-116-case3,vilp-116,internvl,vilp,test,1,0,0,6,,1,1.2429033758231312,1.2795155830713516,47.35693135834812
vilp-116-case2,vilp-116,internvl,vilp,test,0,1,0,4,,1,1.0835227922286284,0.6626920084607082,-6.690542978608113
vilp-117-case1,vilp-117,internvl,vilp,test,1,0,0,6,,1,1.0040611722746058,0.4168318430840916,11.476001423029546
vilp-117-case3,vilp-117,internvl,vilp,test,0,1,0,6,,1,1.0253362855088815,0.5242982512304157,50.11013920642149
vilp-117-case2,vilp-117,internvl,vilp,test,0,1,0,4,,1,1.0746932055867016,0.9103625186735547,67.49072224049242
vilp-118-case1,vilp-118,internvl,vilp,test,1,0,0,6,,1,1.0000153183777916,-0.0,-18.04870797939186
vilp-118-case2,vilp-118,internvl,vilp,test,1,0,0,6,,1,1.0008262395787961,0.7266498204658454,12.928561473880876
vilp-118-case3,vilp-118,internvl,vilp,test,0,1,0,4,,1,1.0085630197345372,0.5374432333074478,56.99209806255524
vilp-119-case1,vilp-119,internvl,vilp,test,1,0,0,6,,1,1.4747484873910193,-0.0,12.286363180818903
vilp-119-case3,vilp-119,internvl,vilp,test,0,1,0,5,,1,1.0072303100263797,-0.0,17.246752210784944
vilp-119-case2,vilp-119,internvl,vilp,test,0,1,1,2,reasoning_hallucination,1,1.011900306069399,0.6729460100267072,-9.673953854209845
vilp-120-case1,vilp-120,internvl,vilp,test,1,0,0,5,,1,1.0110838413932426,1.0571625251136358,-3.7912961397421503
vilp-120-case2,vilp-120,internvl,vilp,test,0,1,1,1,vision_hallucination|reasoning_hallucination,1,1.0005905628020764,1.569146765878737,16.85322223708856
vilp-120-case3,vilp-120,internvl,vilp,test,1,0,0,6,,1,1.0000156164169938,-0.0,-12.912740981576881
vilp-121-case1,vilp-121,internvl,vilp,test,1,0,0,6,,1,1.0017011165255811,0.41692440299393646,-6.365104784316208
vilp-121-case2,vilp-121,internvl,vilp,test,1,0,0,6,,1,1.007222619283699,-0.0,-14.88689072084346
vilp-121-case3,vilp-121,internvl,vilp,test,1,0,0,6,,1,1.1350272325098827,1.0515347918092943,60.157499155477744
vilp-122-case1,vilp-122,internvl,vilp,test,1,0,0,6,,1,1.0043796598957604,0.5032158625689604,-11.184506995397035
vilp-122-case2,vilp-122,internvl,vilp,test,1,0,1,2,vision_hallucination,1,1.0004525184605642,-0.0,-13.604310377751004
vilp-122-case3,vilp-122,internvl,vilp,test,1,0,0,6,,1,1.0195248121313782,0.5052017698561324,-7.429544345492043
vilp-123-case1,vilp-123,internvl,vilp,test,1,0,0,6,,1,1.000437617305969,0.5018315780110213,-13.390489595702771
vilp-123-case2,vilp-123,internvl,vilp,test,0,1,1,1,reasoning_hallucination,1,1.0009136199757231,0.896392960245776,4.281647655942141
vilp-123-case3,vilp-123,internvl,vilp,test,1,0,0,6,,1,1.0005140228540275,-0.0,-16.206684921912856
vilp-124-case1,vilp-124,internvl,vilp,test,1,0,0,6,,1,1.0107113123299931,-0.0,-12.306730647214287
vilp-124-case2,vilp-124,internvl,vilp,test,1,0,0,6,,1,1.0033209095923976,1.0448253336408861,58.21472723001138
vilp-124-case3,vilp-124,internvl,vilp,test,0,1,1,1,vision_hallucination|reasoning_hallucination,1,1.0000859498950603,1.0392842145496772,5.147000172147877
vilp-125-case1,vilp-125,internvl,vilp,test,1,0,0,5,,1,1.0020940302663048,-0.0,-17.617838831019984
vilp-126-case1,vilp-126,internvl,vilp,test,1,0,0,6,,1,1.0005556112572873,-0.0,-19.162240357269436
vilp-125-case3,vilp-125,internvl,vilp,test,1,0,0,6,,1,1.0005424022818523,0.43978318564742724,0.8997458592056677
vilp-125-case2,vilp-125,internvl,vilp,test,0,1,1,1,reasoning_hallucination,1,1.0022647380653076,1.5842801348569657,11.90799133291476
vilp-126-case2,vilp-126,internvl,vilp,test,1,0,0,6,,1,1.0069689750599629,-0.0,-16.08698793151319
vilp-126-case3,vilp-126,internvl,vilp,test,0,1,1,2,reasoning_hallucination,1,1.0000133514404288,0.9499283030382013,-11.87170179989522
vilp-127-case1,vilp-127,internvl,vilp,test,1,0,1,2,vision_hallucination,1,1.066585041416923,0.44571394155398547,43.46640253420405
vilp-127-case2,vilp-127,internvl,vilp,test,1,0,0,6,,1,1.0135382387969198,-0.0,-9.569949936389168
vilp-128-case1,vilp-128,internvl,vilp,test,1,0,0,6,,1,1.000306248663135,0.686210116663108,1.9093062436648491
vilp-127-case3,vilp-127,internvl,vilp,test,1,0,0,6,,1,1.0010890960337662,-0.0,22.84970438468595
vilp-129-case1,vilp-129,internvl,vilp,test,1,0,0,6,,1,1.779484238776434,0.38044026217131727,9.460404260401823
vilp-128-case2,vilp-128,internvl,vilp,test,1,0,0,6,,1,1.000169754028509,-0.0,-17.177132205810604
vilp-128-case3,vilp-128,internvl,vilp,test,1,0,0,6,,1,1.001181960161029,-0.0,-17.49121237549434
vilp-129-case2,vilp-129,internvl,vilp,test,0,1,1,2,vision_hallucination,1,1.4371164238823966,0.6963303921095001,24.863253146977293
vilp-130-case1,vilp-130,internvl,vilp,test,1,0,0,6,,1,1.007531353008244,-0.0,-17.488438531738517
vilp-129-case3,vilp-129,internvl,vilp,test,1,0,0,6,,1,1.000571520608486,0.46912559434805823,24.555504505332834
vilp-130-case2,vilp-130,internvl,vilp,test,0,1,0,4,,1,1.0155657037069532,-0.0,-12.636938462001144
vilp-130-case3,vilp-130,internvl,vilp,test,1,0,0,5,,1,1.0217790837833864,0.6476384645670481,9.770188189854888
vilp-131-case1,vilp-131,internvl,vilp,test,1,0,0,6,,1,1.0020007976708192,-0.0,-16.30924979706805
vilp-131-case2,vilp-131,internvl,vilp,test,1,0,0,6,,1,1.2119383807874833,0.5999968233910737,52.58225490855941
vilp-131-case3,vilp-131,internvl,vilp,test,0,1,1,2,reasoning_hallucination,1,1.0012213368655027,-0.0,-14.080912659187696
vilp-132-case1,vilp-132,internvl,vilp,test,1,0,0,6,,1,1.0313226450018078,0.5046321473148814,-11.17206655599546
vilp-133-case1,vilp-133,internvl,vilp,test,1,0,0,6,,1,1.0017334223284293,-0.0,-22.108143368397663
vilp-132-case2,vilp-132,internvl,vilp,test,0,1,0,5,,1,1.0451965011152708,0.8748535756735629,12.167023593770075
vilp-132-case3,vilp-132,internvl,vilp,test,0,1,0,5,,1,1.006800770789761,0.863153453115687,21.506411339935358
vilp-134-case1,vilp-134,internvl,vilp,test,1,0,0,6,,1,1.0001022203887364,-0.0,-18.994569097072507
vilp-133-case3,vilp-133,internvl,vilp,test,1,0,0,6,,1,1.0011624097650975,0.692409965776027,19.583804994434857
vilp-133-case2,vilp-133,internvl,vilp,test,0,1,1,2,reasoning_hallucination,1,1.1607553918679943,0.7234849899000921,21.186086614226095
vilp-134-case3,vilp-134,internvl,vilp,test,1,0,0,6,,1,1.0003147125303993,0.6730249118933057,-11.590437585025748
vilp-134-case2,vilp-134,internvl,vilp,test,1,0,1,2,vision_hallucination,2,2.21661022869433,0.17876261442743802,46.48459861152291
vilp-135-case1,vilp-135,internvl,vilp,test,1,0,0,6,,1,1.0164264767932962,-0.0,-13.121195395978067
vilp-136-case1,vilp-136,internvl,vilp,test,1,0,0,6,,1,1.000196926070807,-0.0,-17.25230473503193
vilp-135-case2,vilp-135,internvl,vilp,test,0,1,1,1,vision_hallucination|reasoning_hallucination,1,1.0209435799920306,0.5054895294949185,-6.801466571040356
vilp-135-case3,vilp-135,internvl,vilp,test,1,0,0,5,,1,1.0004928112316045,0.4865584237438224,-5.387242635975836
vilp-136-case3,vilp-136,internvl,vilp,test,1,0,1,1,vision_hallucination|reasoning_hallucination,1,1.1725983523537349,0.44591109359243786,16.92780620197788
vilp-136-case2,vilp-136,internvl,vilp,test,0,1,1,1,vision_hallucination|reasoning_hallucination,1,1.0002235086972957,0.672991944139754,-14.72591497483774
vilp-137-case1,vilp-137,internvl,vilp,test,1,0,0,6,,1,1.101084409455218,-0.0,22.251312054274344
vilp-137-case2,vilp-137,internvl,vilp,test,1,0,0,6,,1,1.0937236515910866,0.49463668163017704,-9.264991174706633
vilp-138-case1,vilp-138,internvl,vilp,test,1,0,0,6,,1,1.0041738037355954,-0.0,-13.563535113757872
vilp-137-case3,vilp-137,internvl,vilp,test,0,1,1,2,vision_hallucination,2,1.0090398469303377,1.2374322480966917,18.067482195244644
vilp-138-case2,vilp-138,internvl,vilp,test,0,1,1,0,vision_hallucination|reasoning_hallucination,1,1.0008626713153002,0.40633056362662967,-4.531766628885128
vilp-138-case3,vilp-138,internvl,vilp,test,1,0,0,6,,1,1.0006840808765596,-0.0,-6.007441987891621
vilp-139-case1,vilp-139,internvl,vilp,test,1,0,0,6,,1,1.2240368181847427,-0.0,16.435245913587053
vilp-139-case2,vilp-139,internvl,vilp,test,1,0,0,6,,1,1.000860547475745,-0.0,-19.086304070614865
vilp-140-case1,vilp-140,internvl,vilp,test,1,0,0,6,,1,1.0002660751357306,-0.0,-18.73617274643964
vilp-140-case2,vilp-140,internvl,vilp,test,1,0,0,6,,1,1.0003669262061392,-0.0,-19.24738814527107
vilp-140-case3,vilp-140,internvl,vilp,test,1,0,0,6,,1,1.000148049325335,-0.0,-17.299771373431426
vilp-141-case1,vilp-141,internvl,vilp,test,1,0,0,6,,1,1.0001136064518918,-0.0,-19.878840372679647
vilp-139-case3,vilp-139,internvl,vilp,test,1,0,0,6,,1,1.0018297433696908,-0.0,-15.570976828258857
vilp-142-case1,vilp-142,internvl,vilp,test,1,0,0,6,,1,1.0846449308929722,0.31833357045133226,22.72367733792445
vilp-141-case2,vilp-141,internvl,vilp,test,1,0,0,6,,1,1.0145428178499585,0.9463195765713125,15.797595788825376
vilp-141-case3,vilp-141,internvl,vilp,test,0,1,1,2,reasoning_hallucination,1,1.0006190538139947,0.9265754260426304,-2.869803857149229
vilp-142-case2,vilp-142,internvl,vilp,test,1,0,0,6,,1,1.012393832257154,0.44941674130440634,-0.28237962364012326
vilp-143-case1,vilp-143,internvl,vilp,test,1,0,0,6,,1,1.0383224836749236,-0.0,3.6772045049661095
vilp-142-case3,vilp-142,internvl,vilp,test,1,0,0,6,,1,1.2406087336476173,0.6732009274903091,19.310866691470626
vilp-143-case2,vilp-143,internvl,vilp,test,1,0,0,6,,1,1.0006713867343484,-0.0,-15.121855518343297
vilp-143-case3,vilp-143,internvl,vilp,test,1,0,0,6,,1,1.0036214590915806,1.057777022119429,-0.23589543079562425
vilp-144-case1,vilp-144,internvl,vilp,test,1,0,0,6,,1,1.4117946775985664,-0.0,1.0820602496687552
vilp-144-case3,vilp-144,internvl,vilp,test,1,0,1,2,vision_hallucination,1,1.0022797836837376,0.5178319738656761,33.43767716566467
vilp-144-case2,vilp-144,internvl,vilp,test,0,1,1,2,reasoning_hallucination,1,1.0450990224440448,1.066130911081543,58.45000645813286
vilp-145-case1,vilp-145,internvl,vilp,test,1,0,0,6,,1,1.0006234050630554,-0.0,-18.54070728681396
vilp-146-case1,vilp-146,internvl,vilp,test,1,0,0,6,,1,1.0710880187710647,-0.0,-1.2519881741411965
vilp-145-case3,vilp-145,internvl,vilp,test,0,1,1,1,reasoning_hallucination,1,1.0056197306501242,1.0397008220558739,24.244756112900607
vilp-145-case2,vilp-145,internvl,vilp,test,1,0,1,2,vision_hallucination,1,1.000381061567735,-0.0,-16.651929857709035
vilp-146-case2,vilp-146,internvl,vilp,test,0,1,0,5,,1,1.2236843090392675,0.77138815064747,27.203026876525954
vilp-147-case1,vilp-147,internvl,vilp,test,1,0,0,6,,1,1.0000368353629843,-0.0,-15.661540918545946
vilp-146-case3,vilp-146,internvl,vilp,test,0,1,1,1,reasoning_hallucination,1,1.1312531723499206,1.4464725238294875,50.3404536629354
vilp-147-case2,vilp-147,internvl,vilp,test,0,1,0,6,,1,1.0000613910933647,-0.0,-17.747282987998215
vilp-147-case3,vilp-147,internvl,vilp,test,1,0,0,6,,3,1.183987421872602,0.981977066136478,54.563333303478665
vilp-148-case1,vilp-148,internvl,vilp,test,1,0,0,6,,1,1.000631787903262,-0.0,-19.59341106501007
vilp-148-case2,vilp-148,internvl,vilp,test,1,0,0,6,,1,1.000097988444636,-0.0,-15.975178368789413
vilp-148-case3,vilp-148,internvl,vilp,test,0,1,1,1,reasoning_hallucination,1,1.0008512080735537,0.67294281738949,-13.735827324610085
vilp-149-case1,vilp-149,internvl,vilp,test,1,0,0,6,,1,1.0003961324741084,-0.0,-18.334396398967677
vilp-149-case2,vilp-149,internvl,vilp,test,1,0,0,6,,1,1.0007363558018116,-0.0,-12.748357116477093
vilp-150-case1,vilp-150,internvl,vilp,test,1,0,0,6,,1,1.142133957924548,0.47129192279125376,31.16062298097537
vilp-149-case3,vilp-149,internvl,vilp,test,1,0,1,2,vision_hallucination,1,1.0732030875502774,0.5033718239059939,-3.8806574044362563
vilp-150-case2,vilp-150,internvl,vilp,test,1,0,0,6,,1,1.000110861479831,0.49355856299151524,-8.180286474891574
vilp-151-case1,vilp-151,internvl,vilp,test,1,0,0,6,,1,1.0002431869463442,-0.0,-18.597190450865927
vilp-150-case3,vilp-150,internvl,vilp,test,0,1,1,2,reasoning_hallucination,1,1.0754207577258743,-0.0,54.76547217409806
vilp-151-case2,vilp-151,internvl,vilp,test,1,0,0,6,,1,1.0014450557206773,0.673002107509058,12.37394218861782
vilp-151-case3,vilp-151,internvl,vilp,test,1,0,0,6,,1,1.0155218680877125,-0.0,-13.972594035128287
vilp-152-case1,vilp-152,internvl,vilp,test,1,0,0,6,,2,1.269008064867856,0.6531583141806436,41.54047762978817
vilp-152-case2,vilp-152,internvl,vilp,test,1,0,0,6,,1,1.0004971027354037,0.48189450170771375,-1.0507524388264091
vilp-152-case3,vilp-152,internvl,vilp,test,1,0,0,6,,1,1.0023744975920106,0.6762326390501991,-6.891396312531708
vilp-153-case1,vilp-153,internvl,vilp,test,1,0,0,6,,1,1.0003249645185,-0.0,-18.708861117706086
vilp-154-case1,vilp-154,internvl,vilp,test,1,0,0,6,,1,1.0012619355293366,-0.0,-18.80133570544621
vilp-153-case2,vilp-153,internvl,vilp,test,1,0,0,6,,1,1.0081927666799295,-0.0,-12.146917678785579
vilp-153-case3,vilp-153,internvl,vilp,test,0,1,1,1,reasoning_hallucination,1,1.0531954766694538,0.9664056141181018,35.38541088376429
vilp-154-case3,vilp-154,internvl,vilp,test,1,0,0,6,,1,1.0201950905418171,0.0038457786542214598,35.66479233482232
vilp-155-case1,vilp-155,internvl,vilp,test,1,0,0,6,,1,1.415804721450516,-0.0,21.9627680092941
vilp-154-case2,vilp-154,internvl,vilp,test,1,0,0,6,,1,1.0093589050566534,0.49327152487648707,25.00179165251473
vilp-156-case1,vilp-156,internvl,vilp,test,1,0,0,6,,1,1.0002975197873167,-0.0,-15.033904554071805
vilp-155-case2,vilp-155,internvl,vilp,test,0,1,0,4,,1,1.00298643109081,1.3327555699833324,42.68780242978366
vilp-155-case3,vilp-155,internvl,vilp,test,1,0,0,6,,1,1.0112501632680868,0.9553715177483556,-3.708027208995082
vilp-157-case1,vilp-157,internvl,vilp,test,1,0,0,6,,1,1.000749707201876,-0.0,-18.017205600608136
vilp-156-case2,vilp-156,internvl,vilp,test,0,1,1,1,reasoning_hallucination,1,1.1170018740622292,1.6056387772728007,4.9602671196726416
vilp-156-case3,vilp-156,internvl,vilp,test,1,0,1,2,vision_hallucination|reasoning_hallucination,1,1.0000367164621884,0.3523385888496813,1.7345569533045548
vilp-157-case2,vilp-157,internvl,vilp,test,1,0,0,6,,1,1.0073012504654313,0.505939376424833,-6.517684819935098
vilp-158-case1,vilp-158,internvl,vilp,test,1,0,0,6,,1,1.0075048207146653,-0.0,12.796420675744994
vilp-157-case3,vilp-157,internvl,vilp,test,0,1,0,4,,1,1.0267215158455565,1.290857289839537,24.650030266115614
vilp-158-case2,vilp-158,internvl,vilp,test,0,1,1,1,vision_hallucination|reasoning_hallucination,1,1.4874292701426184,0.5037719406796937,0.44568542518918264
vilp-158-case3,vilp-158,internvl,vilp,test,0,1,1,1,reasoning_hallucination,1,1.0095871684178221,0.48194096255729296,-10.500846940635423
vilp-159-case1,vilp-159,internvl,vilp,test,1,0,0,6,,1,1.6042497316841848,0.6918723512920848,24.207766703837596
vilp-159-case2,vilp-159,internvl,vilp,test,0,1,1,1,vision_hallucination|reasoning_hallucination,1,1.2491154591085538,-0.0,62.245626839292534
vilp-159-case3,vilp-159,internvl,vilp,test,0,1,1,1,vision_hallucination,1,1.0189796677555745,0.48191674372446336,67.69910154274143
vilp-160-case1,vilp-160,internvl,vilp,test,1,0,0,6,,1,1.000341534600152,-0.0,7.78127075294627
vilp-161-case1,vilp-161,internvl,vilp,test,1,0,0,6,,1,1.0003682997386534,-0.0,-19.013376752005083
vilp-160-case2,vilp-160,internvl,vilp,test,1,0,0,5,,1,1.0016542672717528,-0.0,-14.053858738274771
vilp-160-case3,vilp-160,internvl,vilp,test,0,1,1,1,reasoning_hallucination,1,1.0434625544409013,1.0598049506357379,2.8541606233385295
vilp-162-case1,vilp-162,internvl,vilp,test,1,0,0,6,,1,1.0002878661142123,-0.0,-20.125812257761226
vilp-161-case2,vilp-161,internvl,vilp,test,0,1,1,1,vision_hallucination|reasoning_hallucination,1,1.0020388594391,-0.0,-11.000823524851171
vilp-161-case3,vilp-161,internvl,vilp,test,1,0,0,6,,1,1.0011996030485475,-0.0,-14.280832975242651
vilp-163-case1,vilp-163,internvl,vilp,test,1,0,0,6,,1,1.0004117641523074,-0.0,-18.512662471943216
vilp-162-case3,vilp-162,internvl,vilp,test,0,1,1,1,reasoning_hallucination,2,1.125173694167852,0.5065596006231333,-4.125471536353242
vilp-162-case2,vilp-162,internvl,vilp,test,0,1,1,2,reasoning_hallucination,2,1.0694107628609466,1.0460554132881106,0.2949035751937181
vilp-163-case2,vilp-163,internvl,vilp,test,1,0,0,6,,2,1.028941176585096,0.6656833949911433,-6.3777501728792725
vilp-163-case3,vilp-163,internvl,vilp,test,0,1,1,1,vision_hallucination|reasoning_hallucination,1,1.0150570775941956,0.49208167858411306,-8.758399515900411
vilp-164-case1,vilp-164,internvl,vilp,test,1,0,0,6,,1,1.0005851679441706,1.3159870859428322,2.814191724559202
vilp-164-case3,vilp-164,internvl,vilp,test,1,0,0,6,,1,1.022084134688172,-0.0,28.27131718163222
vilp-165-case1,vilp-165,internvl,vilp,test,1,0,0,6,,1,1.0006839632749052,-0.0,-18.61093205359974
vilp-164-case2,vilp-164,internvl,vilp,test,0,1,0,3,,1,1.0100083355729024,0.7140372080348043,36.809281141177635
vilp-166-case1,vilp-166,internvl,vilp,test,1,0,0,6,,1,1.0028604379359582,-0.0,-6.010177610269736
vilp-165-case3,vilp-165,internvl,vilp,test,1,0,0,6,,1,1.000923395143813,-0.0,-13.590711517477185
vilp-165-case2,vilp-165,internvl,vilp,test,0,1,1,1,vision_hallucination|reasoning_hallucination,1,1.0005198681165928,-0.0,-18.904442562713335
vilp-166-case2,vilp-166,internvl,vilp,test,1,0,0,6,,1,1.0043325424658256,0.5012814078064834,-14.142171866966757
vilp-166-case3,vilp-166,internvl,vilp,test,0,1,1,0,vision_hallucination|reasoning_hallucination,1,1.0033656722416022,0.5772618093948401,16.694761566947072
vilp-167-case1,vilp-167,internvl,vilp,test,1,0,0,6,,1,1.0000725984585803,-0.0,-18.094924893719394
vilp-167-case3,vilp-167,internvl,vilp,test,1,0,0,6,,1,1.0000402927403296,-0.0,-17.720205976751302
vilp-167-case2,vilp-167,internvl,vilp,test,1,0,1,2,vision_hallucination,1,1.2157522426166916,0.8990598620475925,51.73627308886207
vilp-168-case1,vilp-168,internvl,vilp,test,1,0,0,6,,1,1.1971113715194628,-0.0,-4.689907598214713
vilp-168-case2,vilp-168,internvl,vilp,test,0,1,0,4,,1,1.0047088862645992,0.8320994876987241,10.468253358270271
vilp-168-case3,vilp-168,internvl,vilp,test,0,1,1,1,vision_hallucination|reasoning_hallucination,1,1.0459488619020434,0.9551994715130756,43.61342656431655
vilp-169-case1,vilp-169,internvl,vilp,test,1,0,0,6,,1,1.007429838302878,-0.0,-9.203203145116365
vilp-170-case1,vilp-170,internvl,vilp,test,1,0,1,1,vision_hallucination,1,1.013081312496592,0.6804426479380259,81.43871649976712
vilp-169-case2,vilp-169,internvl,vilp,test,0,1,1,1,vision_hallucination|reasoning_hallucination,1,1.0077401397738295,0.6817050195878926,36.64541802666952
vilp-169-case3,vilp-169,internvl,vilp,test,0,1,0,4,,1,1.2179934946484645,0.5122715688715028,-1.8736450128561923
vilp-170-case2,vilp-170,internvl,vilp,test,1,0,0,6,,1,1.0032607520722667,1.0044563698134268,49.305876011427316
vilp-170-case3,vilp-170,internvl,vilp,test,1,0,0,5,,1,1.275791157537308,0.4817357948760507,-4.245321829978671
vilp-171-case1,vilp-171,internvl,vilp,test,1,0,0,6,,1,1.0306617886041418,-0.0,13.214435788698953
vilp-171-case2,vilp-171,internvl,vilp,test,1,0,0,6,,1,1.0068113843529773,0.5014910357206828,-12.771539108628582
vilp-171-case3,vilp-171,internvl,vilp,test,1,0,0,6,,1,1.0036565065719298,-0.0,39.370749227940664
vilp-172-case1,vilp-172,internvl,vilp,test,1,0,0,6,,1,1.0613309159942088,-0.0,19.15409120486816
vilp-172-case2,vilp-172,internvl,vilp,test,1,0,0,6,,1,1.2029556274037168,-0.0,54.681386448929686
vilp-172-case3,vilp-172,internvl,vilp,test,1,0,0,6,,1,1.2958951851688663,-0.0,24.600021061023952
vilp-173-case1,vilp-173,internvl,vilp,test,1,0,0,6,,1,1.0495811718084038,0.7813517717665377,17.59394520177888
vilp-173-case2,vilp-173,internvl,vilp,test,1,0,0,6,,1,1.0222860003953649,0.4592361401116145,23.81960171700134
vilp-174-case1,vilp-174,internvl,vilp,test,1,0,0,6,,1,1.0129208055384473,-0.0,-4.78068815277379
vilp-173-case3,vilp-173,internvl,vilp,test,1,0,0,6,,1,1.8965583985612697,0.8434385473466257,63.89412379442851
vilp-175-case1,vilp-175,internvl,vilp,test,1,0,0,6,,1,1.0103620152514228,-0.0,-13.177503008061995
vilp-174-case2,vilp-174,internvl,vilp,test,1,0,1,2,vision_hallucination,1,1.0017004013361126,0.6738868207428355,-1.86490332686415
vilp-174-case3,vilp-174,internvl,vilp,test,1,0,1,2,vision_hallucination,1,1.0053429404264758,0.49469293561243777,-9.697974792455017
vilp-175-case2,vilp-175,internvl,vilp,test,1,0,0,6,,1,1.0289380505009031,-0.0,5.566186365644313
vilp-176-case1,vilp-176,internvl,vilp,test,1,0,0,6,,1,1.0082062093993378,-0.0,-12.873664189994455
vilp-175-case3,vilp-175,internvl,vilp,test,0,1,0,5,,1,1.0150847788647568,0.5019601947042125,-12.071822521011324
vilp-176-case3,vilp-176,internvl,vilp,test,1,0,0,6,,1,1.000674379687759,0.4973081898894403,-11.910682437885724
vilp-176-case2,vilp-176,internvl,vilp,test,0,1,1,1,vision_hallucination|reasoning_hallucination,1,1.024295853646691,-0.0,-11.292647247657676
vilp-177-case1,vilp-177,internvl,vilp,test,1,0,0,6,,1,1.003927020489986,-0.0,-13.810258494900898
vilp-178-case1,vilp-178,internvl,vilp,test,1,0,0,6,,1,1.0194900798553523,0.9185387869822377,12.716384659120013
vilp-177-case2,vilp-177,internvl,vilp,test,0,1,1,0,vision_hallucination|reasoning_hallucination,1,1.0026683240928378,0.6730956970323624,-12.25689512397441
vilp-177-case3,vilp-177,internvl,vilp,test,0,1,0,4,,1,1.01146716813058,0.8140138674528314,11.53107907312489
vilp-178-case2,vilp-178,internvl,vilp,test,0,1,1,1,vision_hallucination|reasoning_hallucination,1,1.0013383253445423,1.09816275049672,19.78003551282427
vilp-179-case1,vilp-179,internvl,vilp,test,1,0,0,6,,1,1.015177488555963,-0.0,-13.500066192416334
vilp-178-case3,vilp-178,internvl,vilp,test,1,0,0,6,,1,1.0066640071556872,1.0476540946801782,-7.519821779848382
vilp-179-case2,vilp-179,internvl,vilp,test,1,0,0,6,,1,1.0002593875926626,-0.0,10.766882306167403
vilp-179-case3,vilp-179,internvl,vilp,test,1,0,0,6,,1,1.0009433030906616,1.0512536378461832,21.665372698411144
vilp-180-case1,vilp-180,internvl,vilp,test,1,0,1,2,vision_hallucination|reasoning_hallucination,1,1.0281887087463226,0.7210821506051075,26.61528830129572
vilp-180-case2,vilp-180,internvl,vilp,test,0,1,1,1,vision_hallucination|reasoning_hallucination,1,1.0196900961496669,0.12972103083068812,20.49015144372477
vilp-180-case3,vilp-180,internvl,vilp,test,0,1,0,3,,1,1.0021582841915253,1.3284201774874638,-3.2046159814205675
vilp-181-case1,vilp-181,internvl,vilp,test,0,1,0,4,,1,1.0026799387136895,0.8212611842158888,11.85648794962767
vilp-181-case2,vilp-181,internvl,vilp,test,1,0,0,6,,1,1.1025120013765943,0.9465189061588509,43.22623637344601
vilp-182-case1,vilp-182,internvl,vilp,test,1,0,0,6,,1,1.0248972181039333,-0.0,-10.861390911492867
vilp-181-case3,vilp-181,internvl,vilp,test,0,1,1,1,vision_hallucination|reasoning_hallucination,1,1.017180437558001,0.7906420063935814,27.89641763057604
vilp-182-case2,vilp-182,internvl,vilp,test,1,0,0,6,,1,1.0030035969148814,0.4982637996511883,-11.474853183143281
vilp-182-case3,vilp-182,internvl,vilp,test,1,0,0,6,,1,1.0044108489188386,1.3271563850609163,-5.0663360429379205
vilp-183-case1,vilp-183,internvl,vilp,test,1,0,0,6,,1,1.002798364976867,0.501019788230198,-11.379516236034332
vilp-183-case3,vilp-183,internvl,vilp,test,1,0,0,6,,1,1.0008290961537891,0.84070686728356,13.57237414727761
vilp-183-case2,vilp-183,internvl,vilp,test,0,1,0,4,,1,1.005792211146837,0.5134926353546138,2.3846510147650175
vilp-184-case1,vilp-184,internvl,vilp,test,1,0,0,6,,1,1.004670754311318,-0.0,-7.266315968378689
vilp-184-case2,vilp-184,internvl,vilp,test,1,0,0,6,,1,1.0060739342741336,-0.0,-13.938445258870923
vilp-184-case3,vilp-184,internvl,vilp,test,0,1,1,0,vision_hallucination|reasoning_hallucination,1,1.0042911376119763,1.0596271910333703,8.308301221658448
vilp-185-case1,vilp-185,internvl,vilp,test,1,0,1,2,reasoning_hallucination,1,1.0956431638876725,-0.0,4.057574339411255
vilp-186-case1,vilp-186,internvl,vilp,test,1,0,1,2,vision_hallucination,1,1.005395174218606,0.41170015478768923,8.095941704803343
vilp-185-case2,vilp-185,internvl,vilp,test,1,0,1,2,vision_hallucination,1,1.0024743306958819,-0.0,-13.340946697560115
vilp-185-case3,vilp-185,internvl,vilp,test,0,1,0,6,,1,1.0026265544921218,-0.0,-17.367051215965315
vilp-186-case2,vilp-186,internvl,vilp,test,1,0,0,6,,1,1.0007216915441006,0.42148317377767763,40.70811041279079
vilp-187-case1,vilp-187,internvl,vilp,test,1,0,0,6,,1,1.001261694737523,-0.0,-16.347193174294908
vilp-186-case3,vilp-186,internvl,vilp,test,1,0,0,6,,1,1.00032186509353,1.3596287187046356,40.86417303930755
vilp-187-case2,vilp-187,internvl,vilp,test,1,0,0,6,,1,1.0010541743919306,-0.0,-15.274647804810037
vilp-187-case3,vilp-187,internvl,vilp,test,0,1,1,1,reasoning_hallucination,1,1.0014897424362645,0.6731965107119542,-11.885513832148927
vilp-188-case1,vilp-188,internvl,vilp,test,1,0,0,6,,1,1.002143740641296,1.1191853372679013,48.628249499631686
vilp-188-case3,vilp-188,internvl,vilp,test,1,0,0,6,,1,1.0440864578865567,1.315248459158055,58.594731596890284
vilp-189-case1,vilp-189,internvl,vilp,test,1,0,0,6,,1,1.006344669070317,0.5066460792676899,-7.536344578477636
vilp-188-case2,vilp-188,internvl,vilp,test,0,1,0,3,,1,4.013888109899544,0.7412901956410193,18.379891421373223
vilp-190-case1,vilp-190,internvl,vilp,test,1,0,0,6,,1,1.0409206894593244,-0.0,14.573656046268244
vilp-189-case3,vilp-189,internvl,vilp,test,1,0,1,2,vision_hallucination,1,1.0010152857902488,0.49636278720737903,-12.34591183940413
vilp-189-case2,vilp-189,internvl,vilp,test,1,0,1,1,vision_hallucination|reasoning_hallucination,1,1.0114523168486884,0.9532994530240162,-5.684941121184504
vilp-190-case2,vilp-190,internvl,vilp,test,1,0,0,6,,2,1.3082539695985522,1.343246035084498,26.378292915290466
vilp-190-case3,vilp-190,internvl,vilp,test,0,1,0,5,,1,1.0035219192100886,1.2754215845966086,49.36972641240203
vilp-191-case1,vilp-191,internvl,vilp,test,1,0,0,5,,1,1.0015868364734273,-0.0,-14.824924820738536
vilp-191-case2,vilp-191,internvl,vilp,test,0,1,1,1,vision_hallucination|reasoning_hallucination,1,1.001421376125908,-0.0,-12.312551828951348
vilp-191-case3,vilp-191,internvl,vilp,test,0,1,1,2,vision_hallucination|reasoning_hallucination,1,1.0019471252323935,0.6715019478057089,-11.369849611319431
vilp-192-case1,vilp-192,internvl,vilp,test,0,1,0,4,,1,4.727636109009112,1.351884640946908,64.19671872198947
vilp-192-case2,vilp-192,internvl,vilp,test,1,0,0,6,,1,1.9361795363538334,1.3872965028129727,72.16468177925809
vilp-192-case3,vilp-192,internvl,vilp,test,1,0,0,6,,1,1.4792814955844564,0.6574403374623721,106.50316774619776
vilp-193-case1,vilp-193,internvl,vilp,test,1,0,0,6,,1,1.0031089012823948,-0.0,-1.2798194240637173
vilp-193-case3,vilp-193,internvl,vilp,test,0,1,0,5,,1,1.003751240127683,0.5246571054876558,9.791113004380218
vilp-193-case2,vilp-193,internvl,vilp,test,0,1,0,3,,1,1.0266691291246173,0.6770998030956041,-1.9118329434360088
vilp-194-case1,vilp-194,internvl,vilp,test,0,1,0,6,,2,1.0827493936404715,0.6416765614445792,55.49447841817902
vilp-194-case2,vilp-194,internvl,vilp,test,1,0,0,6,,1,1.0014599561344015,-0.0,-14.589255280325748
vilp-195-case1,vilp-195,internvl,vilp,test,1,0,0,6,,1,1.0058194970370333,-0.0,-15.420881738410536
vilp-194-case3,vilp-194,internvl,vilp,test,0,1,1,1,reasoning_hallucination,1,1.0163346522332937,1.0555035321995008,14.716517058789668
vilp-195-case2,vilp-195,internvl,vilp,test,1,0,0,6,,1,1.0038656331605735,1.0563479654962298,-8.530077341007544
vilp-195-case3,vilp-195,internvl,vilp,test,1,0,0,6,,1,1.009344101345263,-0.0,17.689500660216805
vilp-196-case1,vilp-196,internvl,vilp,test,1,0,0,6,,1,1.0469493868832178,0.8329050317002793,15.587714725257973
vilp-196-case2,vilp-196,internvl,vilp,test,1,0,1,2,vision_hallucination,1,1.0015838276153777,-0.0,-14.752075301337758
vilp-196-case3,vilp-196,internvl,vilp,test,1,0,1,1,vision_hallucination,1,1.0021345614900976,0.48037986179219483,23.17528706046757
vilp-197-case1,vilp-197,internvl,vilp,test,1,0,0,6,,1,1.0026916151478693,-0.0,13.425930100852463
vilp-197-case2,vilp-197,internvl,vilp,test,1,0,0,6,,1,1.2677539012163028,-0.0,16.505596736296184
vilp-197-case3,vilp-197,internvl,vilp,test,0,1,1,1,vision_hallucination|reasoning_hallucination,1,1.0043691669185453,-0.0,-14.146596616201904
vilp-198-case1,vilp-198,internvl,vilp,test,1,0,1,2,vision_hallucination,1,1.0238345865837342,0.004699522912445412,43.57357337729756
vilp-198-case2,vilp-198,internvl,vilp,test,1,0,0,6,,1,1.539934887911056,0.31775769585871216,27.50464543638213
vilp-199-case1,vilp-199,internvl,vilp,test,1,0,0,6,,1,1.0014855862212464,-0.0,-16.552670982029678
vilp-198-case3,vilp-198,internvl,vilp,test,0,1,1,1,reasoning_hallucination,1,1.1494022655147536,1.5938031236337098,26.10248703036694
vilp-199-case2,vilp-199,internvl,vilp,test,1,0,0,6,,1,1.0024285280466534,-0.0,-10.258135201187837
vilp-199-case3,vilp-199,internvl,vilp,test,0,1,1,1,vision_hallucination|reasoning_hallucination,1,1.2755948525815364,0.7803341946206648,60.92102136498339
vilp-200-case1,vilp-200,internvl,vilp,test,0,1,0,4,,1,1.0724579125747498,1.2945414276717009,11.413646956663122
vilp-200-case2,vilp-200,internvl,vilp,test,1,0,0,6,,1,1.0049034355302675,-0.0,-11.88714102209154
vilp-201-case1,vilp-201,internvl,vilp,test,1,0,0,6,,1,1.0013415813853122,0.5497025265178632,27.343099712039216
vilp-200-case3,vilp-200,internvl,vilp,test,0,1,0,4,,1,1.059705732570084,0.47242579639763005,3.391097581008884
vilp-202-case1,vilp-202,internvl,vilp,test,1,0,0,6,,1,1.0405088609840836,0.5143851891694334,-0.665522999536929
vilp-201-case3,vilp-201,internvl,vilp,test,1,0,0,6,,1,1.072476266758967,0.5852361761961157,12.28397652786116
vilp-201-case2,vilp-201,internvl,vilp,test,0,1,1,2,reasoning_hallucination,1,2.2272500434812104,1.3481281088515666,23.138537793549634
vilp-202-case3,vilp-202,internvl,vilp,test,0,1,1,1,vision_hallucination|reasoning_hallucination,1,1.1553411601824695,-0.0,6.816125055185399
vilp-203-case1,vilp-203,internvl,vilp,test,0,1,0,4,,1,1.3886119871348304,0.6927859341654377,50.4213582005149
vilp-203-case2,vilp-203,internvl,vilp,test,1,0,0,6,,1,1.0044080707598746,-0.0,-15.44222733507118
vilp-202-case2,vilp-202,internvl,vilp,test,1,0,0,6,,1,1.001123070732882,0.6650797561503372,-4.663680294376807
vilp-204-case1,vilp-204,internvl,vilp,test,1,0,0,6,,1,1.027306795208888,0.3841808007008229,45.98752546545281
vilp-204-case2,vilp-204,internvl,vilp,test,0,1,1,1,vision_hallucination|reasoning_hallucination,1,1.0009913444694942,0.9793178641976374,6.2158565194442374
vilp-203-case3,vilp-203,internvl,vilp,test,0,1,1,1,reasoning_hallucination,1,1.0021997691190383,0.4363276130540348,-1.9544100224490215
vilp-205-case1,vilp-205,internvl,vilp,test,1,0,0,6,,1,1.0008606215478617,-0.0,-17.824959682979035
vilp-204-case3,vilp-204,internvl,vilp,test,1,0,0,6,,1,1.009197830902651,1.0984690465634595,46.76395274250889
vilp-205-case3,vilp-205,internvl,vilp,test,1,0,0,6,,1,1.1070987226776836,0.5720330152050194,26.549575487389188
vilp-206-case1,vilp-206,internvl,vilp,test,1,0,0,6,,1,1.0165094106759056,-0.0,-12.173225767901478
vilp-206-case2,vilp-206,internvl,vilp,test,0,1,1,1,vision_hallucination|reasoning_hallucination,1,1.0343060043308865,0.5059002806300869,1.2043390870651969
vilp-206-case3,vilp-206,internvl,vilp,test,0,1,1,1,vision_hallucination|reasoning_hallucination,1,1.0340421688621784,0.5002871866574266,-0.6867052414385828
vilp-205-case2,vilp-205,internvl,vilp,test,0,1,1,1,reasoning_hallucination,1,1.111922940941196,-0.0,8.483103016717699
vilp-207-case1,vilp-207,internvl,vilp,test,1,0,0,6,,1,1.0015444890243554,0.2668213253975909,15.117227132414001
vilp-208-case1,vilp-208,internvl,vilp,test,1,0,0,6,,1,1.3705465846222822,-0.0,48.09252174006223
vilp-207-case2,vilp-207,internvl,vilp,test,0,1,1,2,reasoning_hallucination,1,1.0005171299188786,0.77065554915556,31.847444787424788
vilp-207-case3,vilp-207,internvl,vilp,test,1,0,0,6,,1,1.3980159683555295,0.6906721455094342,26.42233472804128
vilp-208-case3,vilp-208,internvl,vilp,test,1,0,1,2,vision_hallucination,1,1.832267740023311,0.9879295744456711,28.634058052226614
vilp-208-case2,vilp-208,internvl,vilp,test,1,0,0,6,,1,1.0009132623707475,0.7591862360918475,57.78020348710375
vilp-209-case1,vilp-209,internvl,vilp,test,1,0,0,6,,1,1.002067327587632,-0.0,-17.733176399623076
vilp-209-case2,vilp-209,internvl,vilp,test,1,0,1,2,vision_hallucination|reasoning_hallucination,1,1.0269480942281703,-0.0,7.933728320358451
vilp-209-case3,vilp-209,internvl,vilp,test,1,0,0,6,,1,1.0034094914736529,0.6683539233010919,1.1897030738345542
vilp-210-case1,vilp-210,internvl,vilp,test,1,0,0,6,,1,1.0001434623388248,-0.0,6.996180140547359
vilp-210-case2,vilp-210,internvl,vilp,test,0,1,0,4,,1,1.0021134614275464,1.6094360174562237,-8.593279228572193
vilp-211-case1,vilp-211,internvl,vilp,test,1,0,0,6,,1,1.1523327402180963,0.6376852106846491,49.636734755994596
vilp-210-case3,vilp-210,internvl,vilp,test,0,1,0,4,,1,1.0002105081478339,1.140576798280859,17.013342190897937
vilp-212-case1,vilp-212,internvl,vilp,test,1,0,0,6,,1,1.0045011524810483,-0.0,-18.847588324369735
vilp-211-case3,vilp-211,internvl,vilp,test,0,1,1,1,reasoning_hallucination,2,1.1033599728202608,0.3974050864978335,62.27446233663728
vilp-211-case2,vilp-211,internvl,vilp,test,0,1,0,4,,2,1.0741180169852997,0.6906744904692699,33.13865731528922
vilp-212-case2,vilp-212,internvl,vilp,test,1,0,0,6,,1,1.013815521910025,1.0558499976819917,-9.294956215060376
vilp-213-case1,vilp-213,internvl,vilp,test,1,0,0,6,,1,1.0248496489748902,0.49521789030770086,-7.373087501931355
vilp-212-case3,vilp-212,internvl,vilp,test,0,1,1,1,vision_hallucination|reasoning_hallucination,1,1.0206519064002437,-0.0,-15.959199767020943
vilp-213-case3,vilp-213,internvl,vilp,test,1,0,0,6,,1,1.002669368108263,0.6867583012818101,14.068101957854157
vilp-214-case1,vilp-214,internvl,vilp,test,1,0,0,6,,1,1.0237597227239477,0.4829532027072021,-10.569818204216235
vilp-213-case2,vilp-213,internvl,vilp,test,0,1,0,5,,1,1.001203749165237,1.020197897605092,20.284531949965487
vilp-214-case2,vilp-214,internvl,vilp,test,1,0,0,6,,1,1.0856877558800164,0.5003697423467852,-9.791487113692375
vilp-215-case1,vilp-215,internvl,vilp,test,1,0,0,6,,1,1.0184153311482467,-0.0,-18.268505855134894
vilp-215-case2,vilp-215,internvl,vilp,test,0,1,1,1,vision_hallucination|reasoning_hallucination,1,1.0267921694462805,0.9544093187193796,-12.197136111269053
vilp-214-case3,vilp-214,internvl,vilp,test,1,0,0,6,,1,1.0446598534957394,1.1500430301815074,14.391716599029195
vilp-216-case1,vilp-216,internvl,vilp,test,1,0,0,6,,1,1.0525727165581111,-0.0,-2.079718023917817
vilp-215-case3,vilp-215,internvl,vilp,test,0,1,0,3,,1,1.020904302629194,0.5023184857707353,-13.812133273890863
vilp-216-case2,vilp-216,internvl,vilp,test,1,0,0,5,,1,1.21677861655084,0.6739507378477232,-9.910992951948721
vilp-216-case3,vilp-216,internvl,vilp,test,1,0,0,6,,1,1.0008450899585275,0.5237892829455781,18.73908327098821
vilp-217-case1,vilp-217,internvl,vilp,test,1,0,0,6,,1,1.0003048915432688,-0.0,-18.81360413926402
vilp-218-case1,vilp-218,internvl,vilp,test,1,0,0,6,,1,1.0000422392260169,-0.0,-18.561760350031967
vilp-217-case3,vilp-217,internvl,vilp,test,1,0,1,2,vision_hallucination,1,1.2494803659522113,1.076651329979226,54.8680092933818
vilp-217-case2,vilp-217,internvl,vilp,test,0,1,0,4,,1,1.0002128265866694,0.6931172614463481,34.07977532132165
vilp-218-case2,vilp-218,internvl,vilp,test,0,1,0,4,,1,1.0000363188914687,0.4919329712128574,-14.121021857614222
vilp-219-case2,vilp-219,internvl,vilp,test,0,1,1,1,vision_hallucination|reasoning_hallucination,1,1.0007117986731098,0.9513171649151972,-8.725023977935733
vilp-219-case1,vilp-219,internvl,vilp,test,1,0,0,6,,1,1.0292366735590086,1.046835406109837,19.705548711211875
vilp-219-case3,vilp-219,internvl,vilp,test,0,1,1,1,vision_hallucination|reasoning_hallucination,1,1.0958211846652266,1.328295306619094,46.90369950987648
vilp-220-case1,vilp-220,internvl,vilp,test,1,0,0,6,,1,1.1642010150511573,-0.0,21.02806840075186
vilp-218-case3,vilp-218,internvl,vilp,test,0,1,0,4,,1,1.0000853520866544,-0.0,-19.731188233076924
vilp-220-case3,vilp-220,internvl,vilp,test,1,0,0,6,,1,1.0006993818783523,-0.0,-15.189486167941954
vilp-220-case2,vilp-220,internvl,vilp,test,1,0,0,6,,1,1.344737645941698,0.6917559899067786,46.17647969071064
vilp-221-case1,vilp-221,internvl,vilp,test,1,0,0,6,,1,1.0001519918395458,1.0590856389154064,18.30946865753882
vilp-221-case2,vilp-221,internvl,vilp,test,1,0,0,6,,1,1.2714553170337242,-0.0,9.378199514113511
vilp-222-case1,vilp-222,internvl,vilp,test,0,1,0,4,,1,1.0044286311422936,0.760958986676069,23.412364022514943
vilp-221-case3,vilp-221,internvl,vilp,test,1,0,0,6,,1,1.0881694306825973,0.39530358385192654,19.038176926694295
vilp-222-case3,vilp-222,internvl,vilp,test,0,1,1,1,vision_hallucination|reasoning_hallucination,1,1.000567078607354,0.6863896639003517,7.779859980284442
vilp-222-case2,vilp-222,internvl,vilp,test,0,1,0,4,,1,1.012037515490097,-0.0,50.39701543363835
vilp-223-case1,vilp-223,internvl,vilp,test,1,0,0,6,,1,1.0034923553609751,0.49848877769948347,-10.574052857684919
vilp-223-case3,vilp-223,internvl,vilp,test,1,0,0,6,,1,1.0286716488897742,0.6878055284181128,12.694241102255404
vilp-224-case1,vilp-224,internvl,vilp,test,0,1,1,1,vision_hallucination|reasoning_hallucination,1,2.134307361689062,0.5400191659734361,10.63129322402142
vilp-223-case2,vilp-223,internvl,vilp,test,1,0,1,2,vision_hallucination,1,1.0373069252831808,1.088133553816716,41.33191109862197
vilp-224-case2,vilp-224,internvl,vilp,test,1,0,0,6,,1,1.2514283569740516,1.0662019852931222,33.663413653229796
vilp-224-case3,vilp-224,internvl,vilp,test,1,0,0,6,,1,1.011859457196797,-0.0,-10.602998323146998
vilp-225-case1,vilp-225,internvl,vilp,test,1,0,0,6,,1,1.0029602433346827,0.4356604143268572,4.25080482360792
vilp-226-case1,vilp-226,internvl,vilp,test,1,0,0,6,,1,1.242344237153112,-0.0,40.45409127905793
vilp-225-case3,vilp-225,internvl,vilp,test,0,1,1,1,vision_hallucination|reasoning_hallucination,1,1.1935688732736407,-0.0,56.38882967316577
vilp-225-case2,vilp-225,internvl,vilp,test,1,0,0,5,,1,1.3462270631795772,-0.0,13.775798404500186
vilp-227-case1,vilp-227,internvl,vilp,test,1,0,0,6,,1,1.1119798414285207,-0.0,33.31173583613746
vilp-226-case2,vilp-226,internvl,vilp,test,1,0,0,6,,1,1.0006625652460963,0.9989816999980158,35.46141089223808
vilp-226-case3,vilp-226,internvl,vilp,test,0,1,1,1,vision_hallucination|reasoning_hallucination,1,1.0042813785189426,0.9048656784444797,29.493616284568514
vilp-227-case2,vilp-227,internvl,vilp,test,0,1,1,2,reasoning_hallucination,1,1.0915288303665653,0.6202557478482611,15.621734875177275
vilp-227-case3,vilp-227,internvl,vilp,test,0,1,1,2,reasoning_hallucination,1,1.080936003197992,-0.0,3.1498721289224036
vilp-228-case1,vilp-228,internvl,vilp,test,1,0,1,2,vision_hallucination,1,1.0007798145549853,-0.0,-14.382726372868937
vilp-228-case2,vilp-228,internvl,vilp,test,1,0,1,2,vision_hallucination,1,1.0002567760615113,0.6664631990427947,-2.6084567007064816
vilp-229-case1,vilp-229,internvl,vilp,test,1,0,0,6,,1,1.002315991474726,-0.0,-18.738198692744437
vilp-228-case3,vilp-228,internvl,vilp,test,0,1,1,2,vision_hallucination|reasoning_hallucination,2,1.0216151789799839,1.3264658797252356,-6.028747582642359
vilp-230-case1,vilp-230,internvl,vilp,test,1,0,0,6,,1,1.000054060249667,-0.0,-18.358871815408786
vilp-229-case3,vilp-229,internvl,vilp,test,0,1,1,1,vision_hallucination|reasoning_hallucination,1,1.0020240907650158,-0.0,-20.87108990621798
vilp-229-case2,vilp-229,internvl,vilp,test,1,0,0,5,,1,1.0006003138441328,0.9448628297613817,-7.236669212088366
vilp-230-case3,vilp-230,internvl,vilp,test,0,1,1,1,vision_hallucination,1,1.0005001421361792,-0.0,6.580673949927622
vilp-231-case1,vilp-231,internvl,vilp,test,1,0,0,6,,1,1.0032280169929313,-0.0,-18.74999079637607
vilp-230-case2,vilp-230,internvl,vilp,test,0,1,1,1,reasoning_hallucination,1,1.0025636119120216,0.6349444226587353,16.79708323161107
vilp-232-case1,vilp-232,internvl,vilp,test,1,0,0,6,,1,1.0004796981812056,-0.0,-19.746405292880624
vilp-231-case2,vilp-231,internvl,vilp,test,0,1,1,1,vision_hallucination|reasoning_hallucination,1,1.010988530647754,-0.0,-7.22572742328425
vilp-231-case3,vilp-231,internvl,vilp,test,0,1,1,1,vision_hallucination|reasoning_hallucination,1,1.0082020643068481,0.9635226268880476,16.777121426204808
vilp-232-case3,vilp-232,internvl,vilp,test,1,0,0,6,,1,1.0011689654882283,0.6731682118855494,-11.379890010260176
vilp-233-case1,vilp-233,internvl,vilp,test,1,0,0,6,,1,1.0003901817640826,-0.0,-15.056469803875467
vilp-232-case2,vilp-232,internvl,vilp,test,1,0,0,6,,1,1.0020073922175916,0.6829699351666842,4.366243232517968
vilp-233-case2,vilp-233,internvl,vilp,test,0,1,0,4,,1,1.0621610559253645,0.8283517991784558,18.17391525890914
vilp-234-case1,vilp-234,internvl,vilp,test,1,0,1,2,vision_hallucination|reasoning_hallucination,1,1.0015183578538203,-0.0,-12.741200519313585
vilp-233-case3,vilp-233,internvl,vilp,test,0,1,1,2,reasoning_hallucination,1,1.0148916691108385,0.4845348950121088,0.6430862805174993
vilp-234-case2,vilp-234,internvl,vilp,test,0,1,1,1,vision_hallucination|reasoning_hallucination,1,1.0007290896288936,-0.0,-13.17618126232645
vilp-235-case1,vilp-235,internvl,vilp,test,1,0,0,6,,1,1.138023087120692,0.5286423791879369,18.837607928226213
vilp-236-case1,vilp-236,internvl,vilp,test,1,0,0,6,,1,1.0001204606712613,-0.0,14.476034567532569
vilp-235-case2,vilp-235,internvl,vilp,test,0,1,0,5,,1,1.0620201687513646,-0.0,12.187244701888542
vilp-235-case3,vilp-235,internvl,vilp,test,0,1,0,5,,1,1.0668773275027275,0.2898354199726685,25.233264076842108
vilp-236-case2,vilp-236,internvl,vilp,test,0,1,1,0,vision_hallucination|reasoning_hallucination,1,1.0001673079014037,-0.0,5.4659532508759945
vilp-236-case3,vilp-236,internvl,vilp,test,0,1,1,2,vision_hallucination|reasoning_hallucination,1,1.0736345024667384,-0.0,8.654809170962466
vilp-237-case1,vilp-237,internvl,vilp,test,1,0,0,6,,1,1.0002387762022686,-0.0,-19.996374513098996
vilp-237-case2,vilp-237,internvl,vilp,test,0,1,1,0,vision_hallucination|reasoning_hallucination,1,1.0002315044432502,-0.0,-14.417410209434841
vilp-238-case1,vilp-238,internvl,vilp,test,0,1,1,1,vision_hallucination|reasoning_hallucination,2,1.0529812388625703,-0.0,39.71280915047816
vilp-237-case3,vilp-237,internvl,vilp,test,0,1,0,4,,1,1.0002999305772755,0.3474160288941366,10.281072271842566
vilp-239-case1,vilp-239,internvl,vilp,test,1,0,0,6,,1,1.0003173340421134,-0.0,-18.98594556259672
vilp-238-case2,vilp-238,internvl,vilp,test,1,0,0,6,,1,1.0872728406055312,0.43263122665397896,20.89028435967819
vilp-238-case3,vilp-238,internvl,vilp,test,0,1,0,4,,1,1.321258117589706,1.2932076658363874,18.65047139315798
vilp-240-case1,vilp-240,internvl,vilp,test,1,0,0,6,,1,1.0001123309518936,-0.0,-17.63801649199328
vilp-239-case3,vilp-239,internvl,vilp,test,0,1,1,1,vision_hallucination|reasoning_hallucination,1,1.0001303735815505,-0.0,-10.46351634411189
vilp-239-case2,vilp-239,internvl,vilp,test,0,1,0,4,,1,1.000162200500772,-0.0,-12.405303429525837
vilp-240-case2,vilp-240,internvl,vilp,test,0,1,1,1,vision_hallucination|reasoning_hallucination,1,1.1560092884768014,1.1979507344701044,41.19709505121273
vilp-241-case1,vilp-241,internvl,vilp,test,1,0,0,6,,1,1.0004878640225403,-0.0,-18.90621030602725
vilp-240-case3,vilp-240,internvl,vilp,test,0,1,0,4,,3,1.1235873427727212,1.322965610091598,64.39935952634357
vilp-241-case3,vilp-241,internvl,vilp,test,1,0,0,6,,1,1.0052524702244918,0.5556498934380735,21.22394235365696
vilp-241-case2,vilp-241,internvl,vilp,test,0,1,1,1,vision_hallucination|reasoning_hallucination,1,1.0010022394819433,0.5008290374335429,-14.877127038784142
vilp-242-case1,vilp-242,internvl,vilp,test,1,0,0,6,,1,1.0023029181381253,-0.0,-15.89738499203372
vilp-242-case2,vilp-242,internvl,vilp,test,1,0,0,6,,1,1.0006775645301584,1.2090154841098768,26.136133738536167
vilp-242-case3,vilp-242,internvl,vilp,test,1,0,0,6,,1,1.0001790961967993,-0.0,-8.543072386812325
vilp-243-case1,vilp-243,internvl,vilp,test,1,0,0,6,,1,1.0039221504995197,-0.0,-12.383033109746162
vilp-244-case1,vilp-244,internvl,vilp,test,1,0,0,6,,1,1.000421053272095,-0.0,-19.43960645942636
vilp-243-case2,vilp-243,internvl,vilp,test,0,1,0,4,,1,1.1551789139049464,1.1245946677785175,57.95872946691161
vilp-243-case3,vilp-243,internvl,vilp,test,1,0,0,5,,1,1.117632371110747,1.3044784614695017,46.24242201697538
vilp-245-case1,vilp-245,internvl,vilp,test,1,0,0,6,,1,1.0009522438130227,-0.0,-16.153954600474886
vilp-244-case3,vilp-244,internvl,vilp,test,0,1,1,1,vision_hallucination|reasoning_hallucination,1,1.0003283600652886,-0.0,6.247825846990505
vilp-244-case2,vilp-244,internvl,vilp,test,0,1,1,1,vision_hallucination|reasoning_hallucination,1,1.0145002680023256,0.503390950197267,-8.053164142203848
vilp-246-case1,vilp-246,internvl,vilp,test,1,0,0,6,,1,1.0008448296942563,-0.0,-19.018133669119987
vilp-245-case3,vilp-245,internvl,vilp,test,0,1,0,5,,1,1.039909458863294,-0.0,-6.173193384021268
vilp-246-case2,vilp-246,internvl,vilp,test,0,1,1,1,vision_hallucination|reasoning_hallucination,1,1.0011180522889205,-0.0,-13.658506868029141
vilp-245-case2,vilp-245,internvl,vilp,test,0,1,0,4,,1,1.0296017680553704,0.5156026590544056,2.8396593477155854
vilp-246-case3,vilp-246,internvl,vilp,test,0,1,1,1,reasoning_hallucination,1,1.0038180237628098,0.5947505331390436,41.8010110640318
vilp-247-case1,vilp-247,internvl,vilp,test,1,0,0,6,,1,1.0044223542180497,-0.0,-1.3063032745402978
vilp-247-case3,vilp-247,internvl,vilp,test,0,1,0,4,,1,1.0031616816812716,0.6316201308025714,11.68138301486579
vilp-247-case2,vilp-247,internvl,vilp,test,0,1,1,1,vision_hallucination|reasoning_hallucination,1,1.083989197924465,0.9083568985030355,35.073071342416355
vilp-248-case1,vilp-248,internvl,vilp,test,0,1,1,2,reasoning_hallucination,1,1.1295065853658757,-0.0,-13.919144875309602
vilp-248-case2,vilp-248,internvl,vilp,test,1,0,1,1,reasoning_hallucination,1,1.0499290641863264,0.4791954273618869,-7.714517873877387
vilp-248-case3,vilp-248,internvl,vilp,test,0,1,1,0,vision_hallucination|reasoning_hallucination,1,2.177734823861939,0.6730179095412365,-10.718940150288297
vilp-249-case1,vilp-249,internvl,vilp,test,1,0,0,6,,1,1.0010085941109166,0.6662825928882854,-4.864672332552547
vilp-249-case3,vilp-249,internvl,vilp,test,1,0,0,6,,1,1.0003761640933855,0.46521905612675973,5.336290645245274
vilp-250-case1,vilp-250,internvl,vilp,test,1,0,0,6,,1,1.0053948165340307,0.24697258082843232,4.309272485800193
vilp-249-case2,vilp-249,internvl,vilp,test,0,1,1,1,vision_hallucination|reasoning_hallucination,1,1.0004694378362622,-0.0,-18.50634870922267
vilp-250-case3,vilp-250,internvl,vilp,test,1,0,0,6,,1,1.1910513635225441,-0.0,23.203727713174644
vilp-250-case2,vilp-250,internvl,vilp,test,0,1,0,5,,1,1.0113554963524063,-0.0,-7.3461894869473054
vilp-251-case1,vilp-251,internvl,vilp,test,1,0,0,6,,1,1.0001236099699422,-0.0,8.843610851470036
vilp-251-case3,vilp-251,internvl,vilp,test,1,0,0,6,,1,1.01324697712338,0.0492660376271402,16.958127243743093
vilp-251-case2,vilp-251,internvl,vilp,test,1,0,0,6,,1,1.0015385569334216,-0.0,-0.2820091443570423
vilp-252-case1,vilp-252,internvl,vilp,test,1,0,0,6,,1,1.0003309984185158,-0.0,10.024302958463611
vilp-252-case2,vilp-252,internvl,vilp,test,1,0,1,2,vision_hallucination,1,1.068716034119843,0.2190351572819383,29.154007563269403
vilp-253-case1,vilp-253,internvl,vilp,test,1,0,0,6,,1,1.0005779605442697,0.6221716758463841,10.478586618842899
vilp-252-case3,vilp-252,internvl,vilp,test,1,0,0,6,,1,1.0300251318812168,-0.0,3.9527164154558605
vilp-254-case1,vilp-254,internvl,vilp,test,1,0,0,6,,1,1.000407483707294,-0.0,-20.947809084963843
vilp-253-case2,vilp-253,internvl,vilp,test,1,0,1,2,reasoning_hallucination,1,1.0011895895111418,0.01769884791537678,14.800444266514942
vilp-253-case3,vilp-253,internvl,vilp,test,0,1,0,4,,1,1.6534348344588616,0.6113749481394233,19.128914149674262
vilp-254-case2,vilp-254,internvl,vilp,test,1,0,0,6,,1,1.0159654832453158,-0.0,-5.313602509425964
vilp-254-case3,vilp-254,internvl,vilp,test,1,0,0,6,,1,1.0018007755267724,0.634826384848237,34.06290858443974
vilp-255-case1,vilp-255,internvl,vilp,test,1,0,0,6,,1,1.0039047002844186,0.6683599108434914,-5.04187220685864
vilp-255-case2,vilp-255,internvl,vilp,test,1,0,0,6,,1,1.0823283186360726,0.8169400955776773,18.901761021771726
vilp-256-case1,vilp-256,internvl,vilp,test,1,0,1,2,vision_hallucination,1,1.000358500434058,-0.0,-18.56751016865964
vilp-256-case2,vilp-256,internvl,vilp,test,1,0,0,6,,1,1.0019826888420116,0.6732255239352161,-10.230180594044764
vilp-255-case3,vilp-255,internvl,vilp,test,0,1,0,4,,1,1.1093765471215808,0.6644393365128817,24.492303027693836
vilp-256-case3,vilp-256,internvl,vilp,test,1,0,0,6,,1,1.000168579689807,0.947023076360361,-12.364067543634475
vilp-257-case1,vilp-257,internvl,vilp,test,1,0,0,6,,1,1.000486086885283,-0.0,-17.568535190153565
vilp-258-case1,vilp-258,internvl,vilp,test,1,0,0,6,,1,1.0149936307001535,0.015302379132899929,15.374059581286804
vilp-257-case2,vilp-257,internvl,vilp,test,1,0,0,6,,1,1.0015159845082124,0.6688414127402647,-9.436415251009556
vilp-257-case3,vilp-257,internvl,vilp,test,0,1,1,1,reasoning_hallucination,1,1.0000281333915306,1.0564051685311342,-5.918111962517169
vilp-258-case3,vilp-258,internvl,vilp,test,1,0,0,6,,1,1.0005614757541794,-0.0,-13.004806811463911
vilp-258-case2,vilp-258,internvl,vilp,test,1,0,1,2,reasoning_hallucination,1,1.000568389896881,-0.0,-11.907449121957717
vilp-259-case1,vilp-259,internvl,vilp,test,0,1,0,6,,1,1.7215472331864141,0.9690564198906912,55.92654419793531
vilp-260-case1,vilp-260,internvl,vilp,test,1,0,0,6,,1,1.0008169412462653,-0.0,-18.082336804540084
vilp-259-case3,vilp-259,internvl,vilp,test,0,1,1,2,reasoning_hallucination,1,1.0032600165222894,0.8804277138820046,20.213577536444596
vilp-260-case2,vilp-260,internvl,vilp,test,1,0,0,6,,1,1.0000988245016895,-0.0,-19.314585651175033
vilp-260-case3,vilp-260,internvl,vilp,test,1,0,0,6,,1,1.0001629591038617,-0.0,-19.311231498654276
vilp-261-case1,vilp-261,internvl,vilp,test,1,0,0,6,,1,1.0021408222709896,-0.0,-15.387891995858329
vilp-259-case2,vilp-259,internvl,vilp,test,1,0,0,6,,1,1.0011899594238591,-0.0,-11.201814445195401
vilp-262-case1,vilp-262,internvl,vilp,test,1,0,0,6,,1,1.0003205537777267,-0.0,-19.193960556978286
vilp-261-case2,vilp-261,internvl,vilp,test,1,0,0,6,,1,1.0019896029490023,0.4964827761151248,-14.351446086456978
vilp-261-case3,vilp-261,internvl,vilp,test,1,0,1,1,vision_hallucination|reasoning_hallucination,2,1.0491055427514844,0.5662489962295177,20.120601696503556
vilp-262-case2,vilp-262,internvl,vilp,test,1,0,0,6,,1,1.0072865891519476,-0.0,-9.652522921290137
vilp-263-case1,vilp-263,internvl,vilp,test,1,0,0,6,,1,1.0002379143163722,-0.0,-17.00995789041515
vilp-262-case3,vilp-262,internvl,vilp,test,1,0,0,6,,1,1.0003336148393744,-0.0,7.021929232483844
vilp-263-case3,vilp-263,internvl,vilp,test,1,0,0,6,,1,1.0002167633913783,0.5002463216695061,-12.458520602269006
vilp-263-case2,vilp-263,internvl,vilp,test,0,1,1,1,vision_hallucination|reasoning_hallucination,1,1.0005529227745635,-0.0,-15.65632706235775
vilp-264-case1,vilp-264,internvl,vilp,test,1,0,0,6,,1,1.000395803043462,-0.0,-16.72293627133887
vilp-264-case3,vilp-264,internvl,vilp,test,0,1,1,1,vision_hallucination|reasoning_hallucination,1,1.001763686332465,0.6673100393495551,-8.28033466525893
vilp-265-case1,vilp-265,internvl,vilp,test,1,0,0,6,,1,1.0000215172754265,-0.0,-17.825743612463295
vilp-264-case2,vilp-264,internvl,vilp,test,0,1,1,1,reasoning_hallucination,1,1.000927090671845,0.5467003906244096,34.94805904129957
vilp-265-case2,vilp-265,internvl,vilp,test,1,0,0,6,,1,1.0010869970834426,-0.0,-13.136786004303211
vilp-265-case3,vilp-265,internvl,vilp,test,1,0,0,6,,1,1.3494809877471927,0.6891872817200193,46.273015337051646
vilp-266-case1,vilp-266,internvl,vilp,test,1,0,0,6,,1,1.0378077592858204,1.2120754890474383,18.71587683429937
vilp-266-case2,vilp-266,internvl,vilp,test,0,1,1,1,reasoning_hallucination,1,1.0115303144923153,0.3678601237805964,73.61427904722797
vilp-267-case1,vilp-267,internvl,vilp,test,1,0,0,6,,1,1.0007989304444336,-0.0,-17.894204238488754
vilp-266-case3,vilp-266,internvl,vilp,test,1,0,1,2,reasoning_hallucination,1,1.2398559771074402,0.1933811263127142,20.50484557463049
vilp-267-case2,vilp-267,internvl,vilp,test,0,1,1,1,vision_hallucination|reasoning_hallucination,1,1.0005330785538296,-0.0,-16.629647255227766
vilp-268-case1,vilp-268,internvl,vilp,test,1,0,0,6,,1,1.0063461685295747,-0.0,-15.364800202832852
vilp-267-case3,vilp-267,internvl,vilp,test,0,1,1,1,reasoning_hallucination,1,1.0086922429142684,1.1807807990275974,61.00581719233162
vilp-268-case2,vilp-268,internvl,vilp,test,1,0,0,6,,1,1.4540682292253337,1.0460953094610423,0.2386885314524676
vilp-269-case1,vilp-269,internvl,vilp,test,1,0,0,6,,1,1.0007769569980707,-0.0,-11.020450480458013
vilp-268-case3,vilp-268,internvl,vilp,test,0,1,1,1,vision_hallucination|reasoning_hallucination,1,1.0097837847682523,1.076184547270864,35.07411562778762
vilp-270-case1,vilp-270,internvl,vilp,test,1,0,0,6,,2,1.1296061327378784,-0.0,37.35634652541736
vilp-269-case3,vilp-269,internvl,vilp,test,0,1,0,3,,1,1.0032267420423457,-0.0,-13.675347192301052
vilp-269-case2,vilp-269,internvl,vilp,test,0,1,0,4,,1,1.000550804242527,0.6232783768280918,18.406555515685472
vilp-270-case2,vilp-270,internvl,vilp,test,0,1,1,1,vision_hallucination|reasoning_hallucination,1,1.9039203771803674,0.6730628586216115,56.573176587150755
vilp-270-case3,vilp-270,internvl,vilp,test,0,1,0,3,,1,1.9543016521645944,0.8763413593236085,50.68932434638083
vilp-271-case1,vilp-271,internvl,vilp,test,1,0,0,6,,1,1.002862025268664,-0.0,-14.344628733723667
vilp-272-case1,vilp-272,internvl,vilp,test,1,0,0,6,,1,1.2208139187003093,0.2602525738097209,56.8225924501805
vilp-271-case3,vilp-271,internvl,vilp,test,0,1,0,4,,1,1.3126337603235088,0.4553293963601053,0.44486225322015827
vilp-271-case2,vilp-271,internvl,vilp,test,0,1,1,1,vision_hallucination,1,1.0240596573196057,0.8487355465447755,17.765963787268852
vilp-272-case2,vilp-272,internvl,vilp,test,0,1,0,4,,1,1.443520080322568,0.9992468313579135,54.086672003944116
vilp-272-case3,vilp-272,internvl,vilp,test,0,1,1,1,vision_hallucination|reasoning_hallucination,1,1.0086135148954207,1.3316981442517914,-0.421374419280073
vilp-273-case1,vilp-273,internvl,vilp,test,1,0,0,6,,1,1.0006022620380715,-0.0,-16.367910773116293
vilp-273-case2,vilp-273,internvl,vilp,test,0,1,1,0,vision_hallucination|reasoning_hallucination,1,1.0007156736092992,-0.0,-11.967083008454598
vilp-273-case3,vilp-273,internvl,vilp,test,0,1,1,1,vision_hallucination|reasoning_hallucination,1,1.0007400170334515,1.0607202763025658,10.92753057515031
vilp-274-case1,vilp-274,internvl,vilp,test,1,0,0,6,,1,1.0004497389555598,-0.0,-10.220843243697702
vilp-274-case2,vilp-274,internvl,vilp,test,0,1,0,5,,1,1.1976157440749962,0.6823183683365318,12.483939030227274
vilp-275-case1,vilp-275,internvl,vilp,test,0,1,0,6,,1,1.0138432975066134,0.9739010976935019,29.867163144887
vilp-274-case3,vilp-274,internvl,vilp,test,1,0,0,6,,1,1.0155857655888836,-0.0,10.620852618658066
vilp-275-case2,vilp-275,internvl,vilp,test,1,0,0,6,,1,1.153272353736025,0.6303026236744873,41.94036513946828
vilp-275-case3,vilp-275,internvl,vilp,test,0,1,1,2,reasoning_hallucination,2,1.4875196711827896,0.9844511651635743,35.98385463886329
vilp-276-case1,vilp-276,internvl,vilp,test,1,0,1,2,reasoning_hallucination,1,1.0000244972268646,-0.0,-18.49336940739757
vilp-276-case2,vilp-276,internvl,vilp,test,1,0,0,6,,1,1.0073778427466775,1.2804642534121675,11.558996320441059
vilp-277-case1,vilp-277,internvl,vilp,test,1,0,0,6,,2,1.0132371155825899,0.4000170888403993,80.52226589930746
vilp-276-case3,vilp-276,internvl,vilp,test,0,1,0,4,,2,1.04721886084778,0.1196196980727067,38.15061037742098
vilp-277-case2,vilp-277,internvl,vilp,test,1,0,0,6,,1,1.0009959599018137,0.6530425502649979,8.419745734321628
vilp-278-case1,vilp-278,internvl,vilp,test,1,0,0,6,,1,1.0257752375749365,0.5580545076492975,23.607880619416605
vilp-277-case3,vilp-277,internvl,vilp,test,1,0,1,2,vision_hallucination|reasoning_hallucination,1,1.3773713990041967,0.4929260825029762,-6.640072491367301
vilp-278-case2,vilp-278,internvl,vilp,test,0,1,1,1,vision_hallucination|reasoning_hallucination,1,1.3380173456549442,1.0210486248470403,41.31107056291994
vilp-278-case3,vilp-278,internvl,vilp,test,1,0,0,6,,1,1.0008998528735542,0.49715629506600634,-8.918984061305927
vilp-279-case1,vilp-279,internvl,vilp,test,1,0,0,6,,1,1.005456508905103,-0.0,14.457970953381754
vilp-279-case2,vilp-279,internvl,vilp,test,0,1,0,5,,1,1.0047568829675328,0.1788958096101869,9.659455893584234
vilp-280-case1,vilp-280,internvl,vilp,test,1,0,0,6,,1,1.000670523749189,-0.0,-14.59000579084983
vilp-279-case3,vilp-279,internvl,vilp,test,0,1,0,4,,1,1.00303811631614,0.6921907730384731,15.300963987884497
vilp-280-case2,vilp-280,internvl,vilp,test,0,1,1,1,vision_hallucination|reasoning_hallucination,1,1.0008048475370848,1.3203257096888983,5.420046105342554
vilp-281-case1,vilp-281,internvl,vilp,test,0,1,1,1,reasoning_hallucination,1,1.0027365575778138,0.8596303126028433,8.899404397733528
vilp-280-case3,vilp-280,internvl,vilp,test,0,1,1,1,vision_hallucination|reasoning_hallucination,1,1.005830407209958,1.3244029554459733,8.283654565225483
vilp-282-case1,vilp-282,internvl,vilp,test,1,0,0,6,,1,1.0238624812455046,-0.0,-22.810026171261043
vilp-281-case2,vilp-281,internvl,vilp,test,0,1,1,1,vision_hallucination|reasoning_hallucination,1,1.000305294988339,0.7798584516972622,16.363645170836403
vilp-281-case3,vilp-281,internvl,vilp,test,0,1,1,1,reasoning_hallucination,1,1.2460167373697868,0.6820469011657733,9.034413354860012
vilp-282-case2,vilp-282,internvl,vilp,test,1,0,0,6,,1,1.0010776604483107,0.9371149343223426,-1.2350175981597502
vilp-283-case1,vilp-283,internvl,vilp,test,1,0,0,6,,1,1.0055145023668315,-0.0,-17.42461467702005
vilp-282-case3,vilp-282,internvl,vilp,test,0,1,1,1,vision_hallucination,2,1.2844283279185065,1.045383094069924,36.28528539900541
vilp-284-case1,vilp-284,internvl,vilp,test,1,0,0,6,,1,1.0006839036877422,-0.0,-17.411460619128693
vilp-283-case3,vilp-283,internvl,vilp,test,0,1,1,2,reasoning_hallucination,1,2.917217330053554,0.8904992672156822,20.0263000567577
vilp-283-case2,vilp-283,internvl,vilp,test,1,0,1,2,vision_hallucination,1,1.0014425842617827,0.7194685343971893,44.97888332238987
vilp-284-case3,vilp-284,internvl,vilp,test,1,0,0,6,,1,1.812904348994716,0.07421015958112875,40.5536505870908
vilp-284-case2,vilp-284,internvl,vilp,test,1,0,0,6,,1,1.0004471249365645,-0.0,-17.89182860602857
vilp-285-case1,vilp-285,internvl,vilp,test,1,0,0,6,,1,1.000437378870432,-0.0,-20.025173156294684
vilp-286-case1,vilp-286,internvl,vilp,test,1,0,0,6,,1,1.0002225637398665,0.9192629057802033,4.42882153783542
vilp-285-case2,vilp-285,internvl,vilp,test,1,0,0,6,,1,1.0000276565556234,-0.0,-14.423109607678109
vilp-285-case3,vilp-285,internvl,vilp,test,1,0,0,6,,1,1.0000948905924922,-0.0,-18.06019516652442
vilp-286-case2,vilp-286,internvl,vilp,test,1,0,0,6,,1,1.003421425721764,0.5231190468558653,32.11464809417855
vilp-287-case1,vilp-287,internvl,vilp,test,1,0,0,6,,1,1.0151686665283817,-0.0,-13.01688179407979
vilp-286-case3,vilp-286,internvl,vilp,test,0,1,0,4,,1,1.6832737679853553,-0.0,39.567564080290126
vilp-288-case1,vilp-288,internvl,vilp,test,1,0,0,6,,1,1.0036068695294567,-0.0,7.868120847894474
vilp-287-case3,vilp-287,internvl,vilp,test,1,0,0,6,,1,1.011806135977891,0.7383055283687732,21.895431587127
vilp-287-case2,vilp-287,internvl,vilp,test,1,0,1,2,vision_hallucination,1,1.1047992318341604,-0.0,19.0933635602739
vilp-288-case2,vilp-288,internvl,vilp,test,0,1,0,4,,1,1.00033593178718,0.6342048833718112,14.51849193852293
vilp-289-case1,vilp-289,internvl,vilp,test,0,1,1,1,reasoning_hallucination,1,1.0005797147574629,1.0490629506350893,16.850869114973396
vilp-288-case3,vilp-288,internvl,vilp,test,1,0,0,6,,1,1.0068854702074812,0.49404971099850603,-3.8282795224620445
vilp-290-case1,vilp-290,internvl,vilp,test,1,0,0,6,,1,1.015168023476125,-0.0,-14.795640830169226
vilp-290-case2,vilp-290,internvl,vilp,test,1,0,0,6,,1,1.000164031988228,-0.0,-14.76103237656256
vilp-289-case2,vilp-289,internvl,vilp,test,1,0,1,2,vision_hallucination|reasoning_hallucination,1,1.299574620251066,0.6516770154979197,44.64379268920458
vilp-289-case3,vilp-289,internvl,vilp,test,0,1,0,4,,1,1.0260552169867252,1.5527666318015698,20.192329667711938
vilp-291-case1,vilp-291,internvl,vilp,test,1,0,0,6,,1,1.040244741246991,-0.0,-7.100777082655913
vilp-290-case3,vilp-290,internvl,vilp,test,0,1,1,1,vision_hallucination|reasoning_hallucination,1,1.0150738771720873,0.952196829253728,-10.365932963365838
vilp-291-case2,vilp-291,internvl,vilp,test,1,0,0,6,,1,1.0324385158155873,-0.0,-10.053563362813787
vilp-292-case2,vilp-292,internvl,vilp,test,1,0,0,6,,1,1.0151796124864638,-0.0,-13.462291951585364
vilp-292-case1,vilp-292,internvl,vilp,test,1,0,0,6,,1,1.0402508757282458,0.9234262643486686,1.5634337290351112
vilp-291-case3,vilp-291,internvl,vilp,test,1,0,0,5,,1,1.0012578964522143,-0.0,-14.277582021334007
vilp-293-case1,vilp-293,internvl,vilp,test,1,0,0,6,,1,1.01505248483423,-0.0,-0.6497841301741456
vilp-292-case3,vilp-292,internvl,vilp,test,1,0,0,6,,1,1.0949792475049769,-0.0,35.897892559415894
vilp-293-case3,vilp-293,internvl,vilp,test,1,0,0,6,,1,1.007217367687779,-0.0,15.816279051713744
vilp-294-case1,vilp-294,internvl,vilp,test,1,0,0,6,,1,1.002823471922773,-0.0,-14.838450140169822
vilp-293-case2,vilp-293,internvl,vilp,test,1,0,0,6,,1,1.1285569455066933,-0.0,34.106971299453036
vilp-294-case2,vilp-294,internvl,vilp,test,0,1,0,4,,1,1.0012106895859463,-0.0,-17.002328961242117
vilp-294-case3,vilp-294,internvl,vilp,test,0,1,0,4,,1,1.0064499379753005,-0.0,-15.662785347220755
vilp-295-case1,vilp-295,internvl,vilp,test,1,0,0,6,,1,1.0008147954760445,0.49958287163857873,-15.933267583633759
vilp-295-case2,vilp-295,internvl,vilp,test,0,1,1,2,reasoning_hallucination,3,1.1558065592789182,1.324345228611708,-0.6143696249646098
vilp-295-case3,vilp-295,internvl,vilp,test,1,0,0,6,,1,1.000370255339287,0.4965251579661518,-13.951950341067564
vilp-296-case1,vilp-296,internvl,vilp,test,1,0,0,6,,1,1.0012058019274748,-0.0,-17.695136237520533
vilp-296-case2,vilp-296,internvl,vilp,test,1,0,0,6,,1,1.0001071644410915,-0.0,-15.117655405189067
vilp-296-case3,vilp-296,internvl,vilp,test,0,1,0,4,,1,1.0119285578988073,0.6880553479781246,34.867761965167794
vilp-297-case1,vilp-297,internvl,vilp,test,1,0,0,6,,1,1.0024827717696008,0.5011259705008471,-13.899630474236877
vilp-298-case1,vilp-298,internvl,vilp,test,1,0,0,6,,1,1.0001306533883358,-0.0,-16.47312701729051
vilp-297-case2,vilp-297,internvl,vilp,test,0,1,0,4,,1,1.0009614229134352,-0.0,-12.542866195086344
vilp-297-case3,vilp-297,internvl,vilp,test,0,1,0,5,,1,1.0024188756044061,0.47530985723107744,-5.066982467949065
vilp-299-case1,vilp-299,internvl,vilp,test,1,0,0,6,,1,1.000916296566069,-0.0,-18.214933455383864
vilp-298-case2,vilp-298,internvl,vilp,test,1,0,0,6,,1,1.0009909586053696,-0.0,-14.193394241503755
vilp-298-case3,vilp-298,internvl,vilp,test,1,0,0,6,,1,1.147852858867265,0.9864369441122494,9.634804004710924
vilp-299-case2,vilp-299,internvl,vilp,test,1,0,1,2,vision_hallucination|reasoning_hallucination,1,1.2550245839624756,1.180206521118583,77.52398570559808
vilp-299-case3,vilp-299,internvl,vilp,test,0,1,0,5,,1,1.763424684747609,1.2682655888493224,30.135307720825928
hallusionbench-image-VS-chart-0-1-0,hallusionbench-image-VS-chart-0,internvl,hallusionbench,image,1,0,0,6,,1,1.0001139640840693,-0.0,-14.03176774986272
hallusionbench-image-VS-chart-0-1-1,hallusionbench-image-VS-chart-0,internvl,hallusionbench,image,1,0,0,6,,1,1.0004947185320001,-0.0,1163.1511165716834
hallusionbench-image-VS-chart-0-1-2,hallusionbench-image-VS-chart-0,internvl,hallusionbench,image,1,0,1,2,vision_hallucination|reasoning_hallucination,1,1.0001997947749293,-0.0,-18.854492373485332
hallusionbench-image-VS-chart-0-1-3,hallusionbench-image-VS-chart-0,internvl,hallusionbench,image,1,0,0,6,,1,1.000197052955756,-0.0,-19.149076526692898
hallusionbench-image-VS-chart-1-1-0,hallusionbench-image-VS-chart-1,internvl,hallusionbench,image,1,0,1,2,vision_hallucination,1,1.0000728368726672,-0.0,-17.882693277868896
hallusionbench-image-VS-chart-1-1-1,hallusionbench-image-VS-chart-1,internvl,hallusionbench,image,1,0,1,2,vision_hallucination,1,1.0003095865320806,-0.0,-17.409649437373492
hallusionbench-image-VS-chart-1-1-2,hallusionbench-image-VS-chart-1,internvl,hallusionbench,image,0,1,0,3,,1,1.000646829627303,0.5467777522685168,1004.9944334625271
hallusionbench-image-VS-chart-1-1-3,hallusionbench-image-VS-chart-1,internvl,hallusionbench,image,1,0,1,1,vision_hallucination|reasoning_hallucination,1,1.0001891851369127,-0.0,-15.409236013771162
hallusionbench-image-VS-chart-1-1-4,hallusionbench-image-VS-chart-1,internvl,hallusionbench,image,1,0,1,2,vision_hallucination,1,1.000500559782194,0.02875148460549998,1196.208994904963
hallusionbench-image-VS-chart-1-1-5,hallusionbench-image-VS-chart-1,internvl,hallusionbench,image,1,0,1,1,vision_hallucination,1,1.0003933906553528,-0.0,-16.62963406273943
hallusionbench-image-VS-chart-1-1-6,hallusionbench-image-VS-chart-1,internvl,hallusionbench,image,1,0,0,5,,1,1.153438099474013,-0.0,1100.9378700256175
hallusionbench-image-VS-chart-2-1-0,hallusionbench-image-VS-chart-2,internvl,hallusionbench,image,0,1,1,1,vision_hallucination|reasoning_hallucination,1,1.005261301865522,0.5021595389583677,25.128746964503918
hallusionbench-image-VS-chart-2-1-1,hallusionbench-image-VS-chart-2,internvl,hallusionbench,image,1,0,0,6,,1,1.0001665353750033,0.5000030262969769,-14.465453534533038
hallusionbench-image-VS-chart-2-1-2,hallusionbench-image-VS-chart-2,internvl,hallusionbench,image,1,0,0,6,,1,1.0000594854366165,-0.0,-18.724399508105385
hallusionbench-image-VS-chart-2-1-3,hallusionbench-image-VS-chart-2,internvl,hallusionbench,image,1,0,0,6,,1,1.0001146793342544,-0.0,-18.01638200277566
hallusionbench-image-VS-chart-2-1-4,hallusionbench-image-VS-chart-2,internvl,hallusionbench,image,1,0,1,1,vision_hallucination|reasoning_hallucination,1,1.0001274347296765,0.27924092103260006,780.8012290190829
hallusionbench-image-VS-chart-2-1-5,hallusionbench-image-VS-chart-2,internvl,hallusionbench,image,1,0,0,5,,1,1.000079274176369,-0.0,-16.633685011874434
hallusionbench-image-VS-chart-2-1-6,hallusionbench-image-VS-chart-2,internvl,hallusionbench,image,1,0,0,6,,1,1.0003024339694069,-0.0,-11.25588986911332
hallusionbench-image-VS-chart-2-1-7,hallusionbench-image-VS-chart-2,internvl,hallusionbench,image,1,0,0,6,,1,1.0013347864554887,0.002139299973037699,1206.1227213714071
hallusionbench-image-VS-chart-5-1-3,hallusionbench-image-VS-chart-5,internvl,hallusionbench,image,0,1,1,1,vision_hallucination|reasoning_hallucination,1,1.19709694038169,0.5233875842763221,1423.919059704658
hallusionbench-image-VS-chart-5-1-2,hallusionbench-image-VS-chart-5,internvl,hallusionbench,image,1,0,1,1,vision_hallucination|reasoning_hallucination,1,1.002217650338645,0.3961355493351728,468.5577688898294
hallusionbench-image-VS-chart-6-1-1,hallusionbench-image-VS-chart-6,internvl,hallusionbench,image,1,0,1,2,reasoning_hallucination,1,1.000070571901116,-0.0,-18.790466822315274
hallusionbench-image-VS-chart-6-1-3,hallusionbench-image-VS-chart-6,internvl,hallusionbench,image,1,0,1,1,vision_hallucination,1,1.000064730643688,-0.0,-20.771466341627644
hallusionbench-image-VS-chart-6-1-2,hallusionbench-image-VS-chart-6,internvl,hallusionbench,image,1,0,0,6,,1,1.0001168251024324,0.48102060702487764,98.37258751795719
hallusionbench-image-VS-chart-7-1-0,hallusionbench-image-VS-chart-7,internvl,hallusionbench,image,1,0,1,2,vision_hallucination|reasoning_hallucination,1,1.0019520520858196,-0.0,1.896573385363606
hallusionbench-image-VS-chart-7-1-1,hallusionbench-image-VS-chart-7,internvl,hallusionbench,image,0,1,1,1,vision_hallucination|reasoning_hallucination,1,1.0388083473698546,0.5519530471738897,1186.5984165666075
hallusionbench-image-VS-chart-7-1-2,hallusionbench-image-VS-chart-7,internvl,hallusionbench,image,1,0,1,2,vision_hallucination,1,1.0006402730905748,0.6575400382097323,306.8516496063668
hallusionbench-image-VS-chart-7-1-3,hallusionbench-image-VS-chart-7,internvl,hallusionbench,image,1,0,1,2,vision_hallucination,1,1.0002373456995741,-0.0,17.167620409073265
hallusionbench-image-VS-chart-8-1-0,hallusionbench-image-VS-chart-8,internvl,hallusionbench,image,1,0,0,6,,1,1.000015377998358,-0.0,-18.85403453872556
hallusionbench-image-VS-chart-8-1-1,hallusionbench-image-VS-chart-8,internvl,hallusionbench,image,1,0,0,6,,1,1.000030279159565,-0.0,-19.936203569486768
hallusionbench-image-VS-chart-8-1-2,hallusionbench-image-VS-chart-8,internvl,hallusionbench,image,1,0,0,6,,1,1.000030279159565,-0.0,-19.82990237974776
hallusionbench-image-VS-chart-9-1-0,hallusionbench-image-VS-chart-9,internvl,hallusionbench,image,1,0,0,6,,1,1.0052565336954147,-0.0,52.111099072364055
hallusionbench-image-VS-chart-9-1-1,hallusionbench-image-VS-chart-9,internvl,hallusionbench,image,0,1,1,1,vision_hallucination|reasoning_hallucination,1,1.0387909408734521,0.6713827600095494,30.542598370699697
hallusionbench-image-VS-chart-9-1-2,hallusionbench-image-VS-chart-9,internvl,hallusionbench,image,1,0,0,6,,1,1.000079512599324,-0.0,0.10841240983367584
hallusionbench-image-VS-chart-9-1-3,hallusionbench-image-VS-chart-9,internvl,hallusionbench,image,1,0,0,6,,1,1.0000672340365904,-0.0,-12.747236295085862
hallusionbench-image-VS-chart-10-1-1,hallusionbench-image-VS-chart-10,internvl,hallusionbench,image,1,0,0,6,,1,1.000072002412697,-0.0,-17.137845103244548
hallusionbench-image-VS-chart-10-1-0,hallusionbench-image-VS-chart-10,internvl,hallusionbench,image,1,0,0,6,,1,1.00007724761993,-0.0,-15.939297244062995
hallusionbench-image-VS-chart-10-1-2,hallusionbench-image-VS-chart-10,internvl,hallusionbench,image,1,0,0,6,,1,1.0000904798474595,-0.0,-17.52023067498832
hallusionbench-image-VS-chart-10-1-3,hallusionbench-image-VS-chart-10,internvl,hallusionbench,image,1,0,0,5,,1,1.000079631803546,-0.0,-9.86652854734034
hallusionbench-image-VS-chart-11-1-0,hallusionbench-image-VS-chart-11,internvl,hallusionbench,image,1,0,0,6,,1,1.0002518892244099,-0.0,-16.994801114171768
hallusionbench-image-VS-chart-12-1-0,hallusionbench-image-VS-chart-12,internvl,hallusionbench,image,0,1,1,1,vision_hallucination|reasoning_hallucination,1,1.0009286403739999,0.5005797829753714,-9.761007439246814
hallusionbench-image-VS-chart-11-1-1,hallusionbench-image-VS-chart-11,internvl,hallusionbench,image,1,0,1,2,vision_hallucination,1,1.0010428428211002,-0.0,5.8751414191887505
hallusionbench-image-VS-chart-12-1-1,hallusionbench-image-VS-chart-12,internvl,hallusionbench,image,1,0,0,6,,1,1.020788073117373,0.6746487355682629,54.51287477637068
hallusionbench-image-VS-chart-12-1-2,hallusionbench-image-VS-chart-12,internvl,hallusionbench,image,1,0,1,1,vision_hallucination|reasoning_hallucination,1,1.0000979900345885,-0.0,-16.202009652289192
hallusionbench-image-VS-chart-13-1-0,hallusionbench-image-VS-chart-13,internvl,hallusionbench,image,1,0,0,6,,1,1.0000419616698972,-0.0,-16.795904710477963
hallusionbench-image-VS-chart-13-1-1,hallusionbench-image-VS-chart-13,internvl,hallusionbench,image,1,0,0,6,,1,1.0000284910204293,-0.0,-19.074887956386156
hallusionbench-image-VS-chart-14-1-1,hallusionbench-image-VS-chart-14,internvl,hallusionbench,image,0,1,1,1,vision_hallucination,1,1.1054168933658306,-0.0,-7.583755111622256
hallusionbench-image-VS-chart-14-1-0,hallusionbench-image-VS-chart-14,internvl,hallusionbench,image,0,1,1,2,vision_hallucination,1,1.0069172381870988,0.6722050367440677,55.8477646619944
hallusionbench-image-VS-chart-14-1-2,hallusionbench-image-VS-chart-14,internvl,hallusionbench,image,1,0,0,4,,1,1.0046483276601121,-0.0,-15.168902020157716
hallusionbench-image-VS-chart-15-1-0,hallusionbench-image-VS-chart-15,internvl,hallusionbench,image,1,0,0,6,,1,1.0010428428211002,0.49958563159551794,-0.7594519398289687
hallusionbench-image-VS-chart-15-1-1,hallusionbench-image-VS-chart-15,internvl,hallusionbench,image,1,0,0,6,,1,1.001046776759046,-0.0,-14.761076899787678
hallusionbench-image-VS-chart-16-1-0,hallusionbench-image-VS-chart-16,internvl,hallusionbench,image,1,0,0,6,,1,1.0000236034395824,-0.0,-20.264350562819363
hallusionbench-image-VS-chart-16-1-1,hallusionbench-image-VS-chart-16,internvl,hallusionbench,image,1,0,0,6,,1,1.0000455379486053,-0.0,-20.238454413480653
hallusionbench-image-VS-chart-17-1-0,hallusionbench-image-VS-chart-17,internvl,hallusionbench,image,1,0,0,6,,1,1.000383257861476,-0.0,-18.556809759486143
hallusionbench-image-VS-chart-17-1-1,hallusionbench-image-VS-chart-17,internvl,hallusionbench,image,1,0,0,6,,1,1.0007179975607914,-0.0,352.3279410579315
hallusionbench-image-VS-chart-17-1-2,hallusionbench-image-VS-chart-17,internvl,hallusionbench,image,1,0,0,6,,1,1.0000903606419442,-0.0,-18.113769855875535
hallusionbench-image-VS-chart-18-1-1,hallusionbench-image-VS-chart-18,internvl,hallusionbench,image,1,0,0,6,,1,1.0724610048772103,-0.0,270.276522339917
hallusionbench-image-VS-chart-19-1-0,hallusionbench-image-VS-chart-19,internvl,hallusionbench,image,1,0,1,2,vision_hallucination|reasoning_hallucination,1,1.0161981577428745,-0.0,194.68704843319597
hallusionbench-image-VS-chart-19-1-1,hallusionbench-image-VS-chart-19,internvl,hallusionbench,image,1,0,1,2,vision_hallucination,1,1.000218987472157,-0.0,-16.969550236712312
hallusionbench-image-VS-chart-20-1-1,hallusionbench-image-VS-chart-20,internvl,hallusionbench,image,1,0,0,6,,1,1.030233621972732,-0.0,131.07448881276687
hallusionbench-image-VS-chart-20-1-0,hallusionbench-image-VS-chart-20,internvl,hallusionbench,image,1,0,1,1,vision_hallucination|reasoning_hallucination,1,1.0076489449523045,-0.0,26.415105192872637
hallusionbench-image-VS-chart-21-1-1,hallusionbench-image-VS-chart-21,internvl,hallusionbench,image,1,0,0,6,,1,1.0001040697113421,-0.0,-18.235809032923783
hallusionbench-image-VS-chart-21-1-0,hallusionbench-image-VS-chart-21,internvl,hallusionbench,image,1,0,0,6,,1,1.0000607967376245,-0.0,-20.09578524218795
hallusionbench-image-VS-table-0-1-0,hallusionbench-image-VS-table-0,internvl,hallusionbench,image,1,0,0,6,,1,1.0015283822580097,0.4063029333244805,440.7026903693237
hallusionbench-image-VS-table-0-1-1,hallusionbench-image-VS-table-0,internvl,hallusionbench,image,1,0,0,6,,1,1.0004458427407865,0.5003188406716788,-14.920919277153326
hallusionbench-image-VS-table-0-1-2,hallusionbench-image-VS-table-0,internvl,hallusionbench,image,1,0,0,6,,1,1.0002423524825108,-0.0,-16.99248695894847
hallusionbench-image-VS-table-1-1-1,hallusionbench-image-VS-table-1,internvl,hallusionbench,image,1,0,0,6,,1,1.0000908374786437,-0.0,-20.185833747030177
hallusionbench-image-VS-table-1-1-2,hallusionbench-image-VS-table-1,internvl,hallusionbench,image,1,0,1,2,reasoning_hallucination,1,1.0059570074498332,0.5003252121024699,-8.743329891303288
hallusionbench-image-VS-table-1-1-0,hallusionbench-image-VS-table-1,internvl,hallusionbench,image,1,0,0,6,,1,1.0012486016167714,-0.0,952.470077897816
hallusionbench-image-VS-table-2-1-0,hallusionbench-image-VS-table-2,internvl,hallusionbench,image,1,0,0,6,,1,1.1925108001614542,-0.0,2330.7216272623664
hallusionbench-image-VS-table-2-1-1,hallusionbench-image-VS-table-2,internvl,hallusionbench,image,1,0,0,6,,1,1.0000258684157202,-0.0,-20.586332532327322
hallusionbench-image-VS-table-2-1-2,hallusionbench-image-VS-table-2,internvl,hallusionbench,image,1,0,0,6,,1,1.0000644922242572,-0.0,844.4848616445246
hallusionbench-image-VS-table-3-1-0,hallusionbench-image-VS-table-3,internvl,hallusionbench,image,1,0,0,6,,1,1.0000538825989385,-0.0,-21.13832399787503
hallusionbench-image-VS-table-3-1-1,hallusionbench-image-VS-table-3,internvl,hallusionbench,image,1,0,0,6,,1,1.0000677108768161,-0.0,-19.427477031680414
hallusionbench-image-VS-table-3-1-2,hallusionbench-image-VS-table-3,internvl,hallusionbench,image,1,0,1,2,reasoning_hallucination,1,1.0000787973379064,-0.0,-17.781322832058155
hallusionbench-image-VS-table-4-1-0,hallusionbench-image-VS-table-4,internvl,hallusionbench,image,1,0,0,6,,1,1.139609836660795,-0.0,2193.6053023096706
hallusionbench-image-VS-table-4-1-2,hallusionbench-image-VS-table-4,internvl,hallusionbench,image,1,0,0,6,,1,1.0000219345097285,-0.0,-21.853732394341034
hallusionbench-image-VS-table-4-1-1,hallusionbench-image-VS-table-4,internvl,hallusionbench,image,1,0,0,6,,1,1.0000236034395824,-0.0,-19.27807420565141
hallusionbench-image-VS-table-5-1-2,hallusionbench-image-VS-table-5,internvl,hallusionbench,image,1,0,0,6,,1,1.0003437995958278,-0.0,-19.624641674575965
hallusionbench-image-VS-table-5-1-1,hallusionbench-image-VS-table-5,internvl,hallusionbench,image,1,0,0,6,,2,1.1420862566717322,-0.0,3494.8712697224246
hallusionbench-image-VS-table-5-1-3,hallusionbench-image-VS-table-5,internvl,hallusionbench,image,1,0,0,6,,1,1.0002386569936326,-0.0,-19.366613107448952
hallusionbench-image-VS-table-8-1-0,hallusionbench-image-VS-table-8,internvl,hallusionbench,image,1,0,0,6,,1,1.0000505447391812,-0.0,-17.734469323236475
hallusionbench-image-VS-table-8-1-1,hallusionbench-image-VS-table-8,internvl,hallusionbench,image,1,0,0,6,,1,1.0000165700921058,-0.0,-20.6757202546827
hallusionbench-image-VS-table-8-1-5,hallusionbench-image-VS-table-8,internvl,hallusionbench,image,1,0,0,6,,1,1.000014424324383,-0.0,-17.601989349658872
hallusionbench-image-VS-table-9-2-1,hallusionbench-image-VS-table-9,internvl,hallusionbench,image,1,0,0,5,,1,1.00119185450386,0.7716561789222048,1158.696549351819
hallusionbench-image-VS-table-9-2-0,hallusionbench-image-VS-table-9,internvl,hallusionbench,image,1,0,0,5,,1,1.0001590251898116,0.42434402955817185,983.976811349662
hallusionbench-image-VS-table-9-2-2,hallusionbench-image-VS-table-9,internvl,hallusionbench,image,1,0,1,1,vision_hallucination|reasoning_hallucination,1,1.0001133680353622,0.6221838601023392,1209.1859652142048
hallusionbench-image-VS-table-9-2-3,hallusionbench-image-VS-table-9,internvl,hallusionbench,image,0,1,1,1,reasoning_hallucination,1,1.0001443624497304,0.5050091240320367,88.45505964927271
hallusionbench-image-VS-table-10-1-0,hallusionbench-image-VS-table-10,internvl,hallusionbench,image,1,0,0,6,,1,1.0000088214872276,-0.0,-19.092867372768087
hallusionbench-image-VS-table-10-1-1,hallusionbench-image-VS-table-10,internvl,hallusionbench,image,1,0,0,6,,1,1.0000137090685888,-0.0,-20.210960093956306
hallusionbench-image-VS-table-10-1-2,hallusionbench-image-VS-table-10,internvl,hallusionbench,image,1,0,0,6,,1,1.0000473260872982,-0.0,-17.891901824556655
hallusionbench-image-VS-table-10-1-3,hallusionbench-image-VS-table-10,internvl,hallusionbench,image,1,0,0,6,,1,1.0000145435335799,-0.0,-21.095272165446723
hallusionbench-image-VS-table-10-2-0,hallusionbench-image-VS-table-10,internvl,hallusionbench,image,0,1,1,1,vision_hallucination|reasoning_hallucination,1,1.0004012584791915,0.6747962537449261,55.20739259327481
hallusionbench-image-VS-table-10-2-1,hallusionbench-image-VS-table-10,internvl,hallusionbench,image,0,1,0,4,,1,1.0001370906785145,0.7433659991563544,1555.569849068281
hallusionbench-image-VS-table-10-2-2,hallusionbench-image-VS-table-10,internvl,hallusionbench,image,0,1,1,1,vision_hallucination|reasoning_hallucination,1,1.0000467300419247,0.6804074894043142,278.36904257720386
hallusionbench-image-VS-table-10-2-3,hallusionbench-image-VS-table-10,internvl,hallusionbench,image,0,1,1,1,vision_hallucination|reasoning_hallucination,1,1.0000429153446666,-0.0,-17.600272298229175
hallusionbench-image-VS-map-0-1-0,hallusionbench-image-VS-map-0,internvl,hallusionbench,image,1,0,1,1,vision_hallucination,1,1.0052608253283601,-0.0,-14.119132888836493
hallusionbench-image-VS-map-0-1-1,hallusionbench-image-VS-map-0,internvl,hallusionbench,image,1,0,0,5,,1,1.0235637425639967,-0.0,364.12653557370504
hallusionbench-image-VS-map-0-1-2,hallusionbench-image-VS-map-0,internvl,hallusionbench,image,1,0,0,5,,1,1.0015106201336008,-0.0,-3.3235301334026097
hallusionbench-image-VS-map-0-1-3,hallusionbench-image-VS-map-0,internvl,hallusionbench,image,1,0,0,5,,1,1.0052616595025974,-0.0,51.845771888379794
hallusionbench-image-VS-map-0-2-1,hallusionbench-image-VS-map-0,internvl,hallusionbench,image,0,1,1,1,vision_hallucination|reasoning_hallucination,1,1.064124703806447,-0.0,37.39491649588312
hallusionbench-image-VS-map-0-2-0,hallusionbench-image-VS-map-0,internvl,hallusionbench,image,0,1,0,4,,1,1.0440059906016288,0.23846821680842584,1249.3870677065356
hallusionbench-image-VS-map-0-2-2,hallusionbench-image-VS-map-0,internvl,hallusionbench,image,0,1,0,3,,1,1.0098547937675921,0.6752188864374087,85.1027370684631
hallusionbench-image-VS-map-0-2-3,hallusionbench-image-VS-map-0,internvl,hallusionbench,image,0,1,1,1,vision_hallucination|reasoning_hallucination,1,1.0022680760228981,-0.0,-5.498174147749317
hallusionbench-image-VS-map-1-1-0,hallusionbench-image-VS-map-1,internvl,hallusionbench,image,1,0,0,5,,1,1.011127233335433,0.4377612850612516,468.7886547538845
hallusionbench-image-VS-map-1-1-1,hallusionbench-image-VS-map-1,internvl,hallusionbench,image,0,1,1,1,vision_hallucination|reasoning_hallucination,1,1.0724853281046058,0.6583038940323186,302.92882317455974
hallusionbench-image-VS-map-1-1-2,hallusionbench-image-VS-map-1,internvl,hallusionbench,image,0,1,1,1,vision_hallucination|reasoning_hallucination,1,1.6874107723525236,0.4646872958941688,165.61456966942535
hallusionbench-image-VS-map-1-1-3,hallusionbench-image-VS-map-1,internvl,hallusionbench,image,1,0,0,6,,1,1.0004377365092008,0.496065252046282,13.544287091180024
hallusionbench-image-VS-map-1-2-1,hallusionbench-image-VS-map-1,internvl,hallusionbench,image,0,1,0,4,,1,1.0005367994503795,0.6855084140596702,523.8191379473517
hallusionbench-image-VS-map-1-2-0,hallusionbench-image-VS-map-1,internvl,hallusionbench,image,0,1,1,1,vision_hallucination|reasoning_hallucination,1,1.1356124878650247,0.6814264974787264,1235.3770750509764
hallusionbench-image-VS-map-1-2-2,hallusionbench-image-VS-map-1,internvl,hallusionbench,image,1,0,0,4,,1,1.0001372098895998,-0.0,-14.864353836795694
hallusionbench-image-VS-map-1-2-3,hallusionbench-image-VS-map-1,internvl,hallusionbench,image,0,1,1,1,vision_hallucination|reasoning_hallucination,1,1.0012391805384198,-0.0,102.07064163810728
hallusionbench-image-VS-map-2-1-0,hallusionbench-image-VS-map-2,internvl,hallusionbench,image,1,0,0,5,,1,1.0002731084876881,0.4996744485602177,-10.18409881168418
hallusionbench-image-VS-map-2-1-1,hallusionbench-image-VS-map-2,internvl,hallusionbench,image,1,0,0,5,,1,1.0010112524276964,0.5002014002639922,-12.459857110032893
hallusionbench-image-VS-map-2-2-1,hallusionbench-image-VS-map-2,internvl,hallusionbench,image,0,1,1,1,vision_hallucination|reasoning_hallucination,1,1.0009907484149903,0.5001794834894773,-11.552230309496206
hallusionbench-image-VS-map-2-2-0,hallusionbench-image-VS-map-2,internvl,hallusionbench,image,0,1,1,1,vision_hallucination|reasoning_hallucination,1,1.0005943775462347,0.6734938268283219,7.679188370456313
hallusionbench-image-VS-map-3-1-1,hallusionbench-image-VS-map-3,internvl,hallusionbench,image,1,0,0,6,,1,1.0000993013351478,-0.0,-19.94340270750272
hallusionbench-image-VS-map-3-1-0,hallusionbench-image-VS-map-3,internvl,hallusionbench,image,1,0,0,5,,1,1.0000629425066188,-0.0,-19.72462193763681
hallusionbench-image-VS-map-3-2-1,hallusionbench-image-VS-map-3,internvl,hallusionbench,image,0,1,0,4,,1,1.0008225440735836,0.6728648073474424,-11.2368052369345
hallusionbench-image-VS-map-3-2-0,hallusionbench-image-VS-map-3,internvl,hallusionbench,image,0,1,1,1,vision_hallucination|reasoning_hallucination,1,1.0000799894308512,0.675347391029484,73.03237138945904
hallusionbench-image-VS-map-4-1-1,hallusionbench-image-VS-map-4,internvl,hallusionbench,image,1,0,0,5,,1,1.000031948090612,-0.0,-20.877001621114815
hallusionbench-image-VS-map-4-1-0,hallusionbench-image-VS-map-4,internvl,hallusionbench,image,1,0,0,6,,1,1.0001075267826547,-0.0,-19.616623183102337
hallusionbench-image-VS-map-4-1-3,hallusionbench-image-VS-map-4,internvl,hallusionbench,image,1,0,0,6,,1,1.000032067300079,-0.0,-17.93965755928988
hallusionbench-image-VS-map-4-1-2,hallusionbench-image-VS-map-4,internvl,hallusionbench,image,1,0,0,6,,1,1.0000224113465455,-0.0,-18.92644432375147
hallusionbench-image-VS-map-4-2-1,hallusionbench-image-VS-map-4,internvl,hallusionbench,image,0,1,1,1,vision_hallucination|reasoning_hallucination,1,1.000036001205912,-0.0,-20.48233737955449
hallusionbench-image-VS-map-4-2-0,hallusionbench-image-VS-map-4,internvl,hallusionbench,image,0,1,1,1,vision_hallucination|reasoning_hallucination,1,1.0000919103656871,-0.0,-19.768114571298078
hallusionbench-image-VS-map-4-2-2,hallusionbench-image-VS-map-4,internvl,hallusionbench,image,0,1,1,1,vision_hallucination|reasoning_hallucination,1,1.0000352859501471,0.4958397775476006,8.885644663388867
hallusionbench-image-VS-map-4-2-3,hallusionbench-image-VS-map-4,internvl,hallusionbench,image,0,1,1,1,vision_hallucination|reasoning_hallucination,1,1.0000662803640974,-0.0,-18.084204876981282
hallusionbench-image-VS-map-5-1-0,hallusionbench-image-VS-map-5,internvl,hallusionbench,image,0,1,0,4,,1,1.0005596876025231,0.6709226819344134,35.29735312071128
hallusionbench-image-VS-map-5-1-1,hallusionbench-image-VS-map-5,internvl,hallusionbench,image,1,0,1,1,vision_hallucination|reasoning_hallucination,1,1.000493526432429,-0.0,-16.568211797046256
hallusionbench-image-VS-map-5-1-2,hallusionbench-image-VS-map-5,internvl,hallusionbench,image,1,0,1,1,vision_hallucination|reasoning_hallucination,1,1.0001842975602695,-0.0,-17.608354880973614
hallusionbench-image-VS-map-5-1-3,hallusionbench-image-VS-map-5,internvl,hallusionbench,image,0,1,1,1,vision_hallucination|reasoning_hallucination,1,1.0002342462549774,0.6764512382535177,168.70987948632796
hallusionbench-image-VS-map-5-2-0,hallusionbench-image-VS-map-5,internvl,hallusionbench,image,1,0,1,1,vision_hallucination|reasoning_hallucination,1,1.0002582073270558,-0.0,15.743889777265736
hallusionbench-image-VS-map-5-2-1,hallusionbench-image-VS-map-5,internvl,hallusionbench,image,0,1,1,1,vision_hallucination|reasoning_hallucination,1,1.0002205371841686,-0.0,-18.684195420104608
hallusionbench-image-VS-map-5-2-3,hallusionbench-image-VS-map-5,internvl,hallusionbench,image,0,1,1,1,vision_hallucination|reasoning_hallucination,1,1.2530307789111057,0.46468756794489263,164.87015298263466
hallusionbench-image-VS-map-5-2-2,hallusionbench-image-VS-map-5,internvl,hallusionbench,image,0,1,1,1,vision_hallucination|reasoning_hallucination,1,1.0009797811919936,0.3733742767768664,519.8659195470909
hallusionbench-image-VS-map-6-1-0,hallusionbench-image-VS-map-6,internvl,hallusionbench,image,1,0,0,5,,1,1.0017162560857853,-0.0,-6.866345980300272
hallusionbench-image-VS-map-6-1-1,hallusionbench-image-VS-map-6,internvl,hallusionbench,image,0,1,1,1,vision_hallucination|reasoning_hallucination,1,1.0019444227576089,0.6733949350700051,-0.17953197311640778
hallusionbench-image-VS-map-6-1-2,hallusionbench-image-VS-map-6,internvl,hallusionbench,image,1,0,0,5,,1,1.000345110883876,-0.0,-19.255180408889412
hallusionbench-image-VS-map-6-2-0,hallusionbench-image-VS-map-6,internvl,hallusionbench,image,0,1,1,1,vision_hallucination|reasoning_hallucination,1,1.0006953478082259,0.5004713247808722,-14.346385970649685
hallusionbench-image-VS-map-6-2-2,hallusionbench-image-VS-map-6,internvl,hallusionbench,image,1,0,0,5,,1,1.000623226167999,0.6730693415171802,-12.653455497284948
hallusionbench-image-VS-map-6-2-1,hallusionbench-image-VS-map-6,internvl,hallusionbench,image,1,0,1,1,vision_hallucination|reasoning_hallucination,1,1.0006266832428783,0.6727304534549161,-4.721984068125531
hallusionbench-image-VS-map-7-1-0,hallusionbench-image-VS-map-7,internvl,hallusionbench,image,1,0,0,5,,1,1.000490307828918,-0.0,-16.9754148074637
hallusionbench-image-VS-map-7-1-1,hallusionbench-image-VS-map-7,internvl,hallusionbench,image,1,0,0,6,,1,1.0008058548163103,0.6678576183842024,104.33548219732701
hallusionbench-image-VS-map-7-2-1,hallusionbench-image-VS-map-7,internvl,hallusionbench,image,1,0,0,5,,1,1.0003489255947842,-0.0,-18.976174013947706
hallusionbench-image-VS-map-7-2-0,hallusionbench-image-VS-map-7,internvl,hallusionbench,image,0,1,1,1,vision_hallucination|reasoning_hallucination,1,1.0000891685511901,-0.0,-18.527204281299877
hallusionbench-image-VS-map-8-1-0,hallusionbench-image-VS-map-8,internvl,hallusionbench,image,1,0,0,5,,1,1.0209587806166276,0.5058354327382668,106.5418265713939
hallusionbench-image-VS-map-8-1-1,hallusionbench-image-VS-map-8,internvl,hallusionbench,image,0,1,1,1,vision_hallucination,1,1.001516461368811,0.5144412481489657,287.3898576213871
hallusionbench-image-VS-map-8-1-2,hallusionbench-image-VS-map-8,internvl,hallusionbench,image,1,0,0,5,,1,1.0000905990602655,-0.0,-7.604039917681071
hallusionbench-image-VS-map-8-2-0,hallusionbench-image-VS-map-8,internvl,hallusionbench,image,0,1,1,1,vision_hallucination|reasoning_hallucination,1,1.0009362697746425,0.5009089448244316,-5.731657027959523
hallusionbench-image-VS-map-8-2-2,hallusionbench-image-VS-map-8,internvl,hallusionbench,image,0,1,1,0,vision_hallucination|reasoning_hallucination,1,1.0000560283676503,0.672048526289334,11.412811854888567
hallusionbench-image-VS-map-8-2-1,hallusionbench-image-VS-map-8,internvl,hallusionbench,image,0,1,1,1,vision_hallucination|reasoning_hallucination,1,1.0166876311337323,-0.0,-17.280895919157167
hallusionbench-image-VS-map-9-1-1,hallusionbench-image-VS-map-9,internvl,hallusionbench,image,1,0,0,5,,1,1.0003447532782193,-0.0,-16.769770556115542
hallusionbench-image-VS-map-9-1-0,hallusionbench-image-VS-map-9,internvl,hallusionbench,image,1,0,0,5,,1,1.0001443624497304,0.6722352809133543,6.416108839784339
hallusionbench-image-VS-map-9-2-0,hallusionbench-image-VS-map-9,internvl,hallusionbench,image,1,0,1,1,vision_hallucination|reasoning_hallucination,1,1.000479459764757,-0.0,3.3697193630419804
hallusionbench-image-VS-map-9-2-1,hallusionbench-image-VS-map-9,internvl,hallusionbench,image,1,0,0,5,,1,1.0001165866851356,-0.0,-19.478390756263565
hallusionbench-image-VS-map-10-1-0,hallusionbench-image-VS-map-10,internvl,hallusionbench,image,1,0,1,1,vision_hallucination|reasoning_hallucination,1,1.0011917352690516,0.4941371930110864,29.524547757623445
hallusionbench-image-VS-map-10-1-1,hallusionbench-image-VS-map-10,internvl,hallusionbench,image,1,0,0,5,,1,1.000034332275377,-0.0,-20.80400397844848
hallusionbench-image-VS-map-10-2-0,hallusionbench-image-VS-map-10,internvl,hallusionbench,image,1,0,0,5,,1,1.0129263403640916,0.0001567428850076132,1478.422926867492
hallusionbench-image-VS-map-10-2-1,hallusionbench-image-VS-map-10,internvl,hallusionbench,image,0,1,1,2,vision_hallucination|reasoning_hallucination,1,1.000052809716309,-0.0,-18.105617474106673
hallusionbench-image-VS-ocr-0-1-1,hallusionbench-image-VS-ocr-0,internvl,hallusionbench,image,1,0,0,6,,1,1.0001008510581917,0.4929437368089795,25.95551757745211
hallusionbench-image-VS-ocr-0-2-0,hallusionbench-image-VS-ocr-0,internvl,hallusionbench,image,1,0,1,1,vision_hallucination|reasoning_hallucination,1,1.0008412599474286,0.6931439741448355,1231.6958733186766
hallusionbench-image-VS-ocr-0-2-1,hallusionbench-image-VS-ocr-0,internvl,hallusionbench,image,0,1,1,1,vision_hallucination|reasoning_hallucination,1,1.0001531839396907,-0.0,88.7271539055788
hallusionbench-image-VS-ocr-1-2-0,hallusionbench-image-VS-ocr-1,internvl,hallusionbench,image,0,1,1,1,vision_hallucination|reasoning_hallucination,1,1.0001751184400756,0.5004145652434125,-15.826886443154843
hallusionbench-image-VS-ocr-1-1-0,hallusionbench-image-VS-ocr-1,internvl,hallusionbench,image,1,0,0,6,,1,1.000013470649498,-0.0,-19.137275187969642
hallusionbench-image-VS-ocr-2-1-0,hallusionbench-image-VS-ocr-2,internvl,hallusionbench,image,0,1,0,4,,1,1.0004411935837945,0.5009097197979311,-0.5602170525429351
hallusionbench-image-VS-ocr-2-1-1,hallusionbench-image-VS-ocr-2,internvl,hallusionbench,image,1,0,0,6,,1,1.0001319646880609,-0.0,-19.00175227291176
hallusionbench-image-VS-ocr-2-1-2,hallusionbench-image-VS-ocr-2,internvl,hallusionbench,image,1,0,0,6,,1,1.0001144409174691,-0.0,-16.647668566679833
hallusionbench-image-VS-ocr-2-2-0,hallusionbench-image-VS-ocr-2,internvl,hallusionbench,image,0,1,1,1,vision_hallucination|reasoning_hallucination,1,1.0008845329163156,0.6726143306636019,-0.34510570654514794
hallusionbench-image-VS-ocr-2-2-1,hallusionbench-image-VS-ocr-2,internvl,hallusionbench,image,0,1,0,3,,1,1.0009558200660649,0.5381244025204726,882.1183329658692
hallusionbench-image-VS-ocr-2-2-2,hallusionbench-image-VS-ocr-2,internvl,hallusionbench,image,0,1,0,4,,1,1.0068433286262268,0.6091327389768563,896.873507559661
hallusionbench-image-VS-ocr-3-2-0,hallusionbench-image-VS-ocr-3,internvl,hallusionbench,image,0,1,1,1,vision_hallucination|reasoning_hallucination,1,1.0028885602254893,0.4846189224742109,72.01142123467653
hallusionbench-image-VS-ocr-3-2-1,hallusionbench-image-VS-ocr-3,internvl,hallusionbench,image,0,1,1,1,vision_hallucination|reasoning_hallucination,1,1.0010074377256681,0.5025151127628248,50.36332980842276
hallusionbench-image-VS-ocr-3-2-2,hallusionbench-image-VS-ocr-3,internvl,hallusionbench,image,1,0,0,6,,1,1.0047161581461557,0.4554537246455799,210.60231515933407
hallusionbench-image-VS-ocr-4-1-0,hallusionbench-image-VS-ocr-4,internvl,hallusionbench,image,1,0,0,6,,1,1.0000317096717204,-0.0,-16.11752374032707
hallusionbench-image-VS-ocr-4-1-1,hallusionbench-image-VS-ocr-4,internvl,hallusionbench,image,1,0,0,6,,1,1.0001795291945306,-0.0,-19.66480674893516
hallusionbench-image-VS-ocr-4-2-0,hallusionbench-image-VS-ocr-4,internvl,hallusionbench,image,0,1,0,4,,1,1.0006734132570052,0.6730375630773496,-13.266387170477723
hallusionbench-image-VS-ocr-4-2-1,hallusionbench-image-VS-ocr-4,internvl,hallusionbench,image,1,0,0,6,,1,1.000132083898535,-0.0,-18.892702191821336
hallusionbench-image-VS-ocr-5-1-0,hallusionbench-image-VS-ocr-5,internvl,hallusionbench,image,1,0,0,6,,1,1.0000215768813556,-0.0,-20.379935564583892
hallusionbench-image-VS-ocr-5-1-1,hallusionbench-image-VS-ocr-5,internvl,hallusionbench,image,1,0,0,6,,1,1.0005865096887447,-0.0,-10.23208114992136
hallusionbench-image-VS-ocr-5-2-0,hallusionbench-image-VS-ocr-5,internvl,hallusionbench,image,0,1,0,3,,1,1.0015605688079379,-0.0,-15.600465989115227
hallusionbench-image-VS-ocr-5-2-1,hallusionbench-image-VS-ocr-5,internvl,hallusionbench,image,1,0,0,5,,1,1.000465273855393,0.485102111988288,75.30288277538786
hallusionbench-image-VS-ocr-6-1-1,hallusionbench-image-VS-ocr-6,internvl,hallusionbench,image,1,0,0,6,,1,1.000171303751566,-0.0,-18.456546277399703
hallusionbench-image-VS-ocr-6-1-0,hallusionbench-image-VS-ocr-6,internvl,hallusionbench,image,1,0,0,6,,1,1.0005950927614216,0.5001883300538343,-13.645681487144754
hallusionbench-image-VS-ocr-6-2-1,hallusionbench-image-VS-ocr-6,internvl,hallusionbench,image,1,0,1,1,vision_hallucination|reasoning_hallucination,1,1.020921707961702,0.6735351835955126,10.042552017235698
hallusionbench-image-VS-ocr-6-2-0,hallusionbench-image-VS-ocr-6,internvl,hallusionbench,image,0,1,0,4,,1,1.0010066032360458,-0.0,-15.737820912721142
hallusionbench-image-VS-ocr-7-1-0,hallusionbench-image-VS-ocr-7,internvl,hallusionbench,image,1,0,0,6,,1,1.0000416040416384,-0.0,-17.981184644249627
hallusionbench-image-VS-ocr-7-1-1,hallusionbench-image-VS-ocr-7,internvl,hallusionbench,image,1,0,0,6,,1,1.0000121593477893,-0.0,-21.472491834739984
hallusionbench-image-VS-ocr-7-2-0,hallusionbench-image-VS-ocr-7,internvl,hallusionbench,image,0,1,1,1,vision_hallucination|reasoning_hallucination,1,1.0002363920176924,0.6729641962310333,-10.648059007786603
hallusionbench-image-VS-ocr-7-2-1,hallusionbench-image-VS-ocr-7,internvl,hallusionbench,image,0,1,1,1,vision_hallucination|reasoning_hallucination,1,1.0001928806322231,0.5004030896477284,-10.792577701643427
hallusionbench-image-VS-ocr-8-1-0,hallusionbench-image-VS-ocr-8,internvl,hallusionbench,image,0,1,1,1,reasoning_hallucination,1,1.0342423917052337,0.6817235411497211,680.4512312403692
hallusionbench-image-VS-ocr-8-1-1,hallusionbench-image-VS-ocr-8,internvl,hallusionbench,image,1,0,0,5,,1,1.082325455928957,0.5563535883272707,1441.9435563825348
hallusionbench-image-VS-ocr-8-2-1,hallusionbench-image-VS-ocr-8,internvl,hallusionbench,image,0,1,1,1,reasoning_hallucination,1,1.0564546573536804,0.4963998796743374,129.9216780827202
hallusionbench-image-VS-ocr-8-2-0,hallusionbench-image-VS-ocr-8,internvl,hallusionbench,image,0,1,1,1,reasoning_hallucination,1,1.0019456148363124,0.673599254201761,13.352308204823416
hallusionbench-image-VS-ocr-9-1-0,hallusionbench-image-VS-ocr-9,internvl,hallusionbench,image,1,0,0,6,,1,1.000674009297288,-0.0,-16.238821362743327
hallusionbench-image-VS-ocr-9-2-0,hallusionbench-image-VS-ocr-9,internvl,hallusionbench,image,1,0,1,1,reasoning_hallucination,1,1.0000392198577273,0.6701158449266,59.432770662452064
hallusionbench-image-VS-ocr-9-1-1,hallusionbench-image-VS-ocr-9,internvl,hallusionbench,image,1,0,0,6,,1,1.0208109620173254,-0.0,95.35473832893015
hallusionbench-image-VS-ocr-10-1-0,hallusionbench-image-VS-ocr-10,internvl,hallusionbench,image,1,0,0,6,,1,1.0011985301605868,-0.0,-0.5505088173459391
hallusionbench-image-VS-ocr-9-2-1,hallusionbench-image-VS-ocr-9,internvl,hallusionbench,image,1,0,0,4,,1,1.0003396272715288,0.6159296265820443,1144.86388456829
hallusionbench-image-VS-ocr-10-1-1,hallusionbench-image-VS-ocr-10,internvl,hallusionbench,image,1,0,0,6,,1,1.0000367164621884,-0.0,-20.038235886114578
hallusionbench-image-VS-ocr-10-2-1,hallusionbench-image-VS-ocr-10,internvl,hallusionbench,image,1,0,1,1,vision_hallucination|reasoning_hallucination,1,1.0007203817137784,0.6726847473178338,-0.5742513339707411
hallusionbench-image-VS-ocr-10-2-0,hallusionbench-image-VS-ocr-10,internvl,hallusionbench,image,0,1,1,1,reasoning_hallucination,1,1.0161857598699755,0.6732905554837397,-2.837875489787466
hallusionbench-image-VS-ocr-11-1-0,hallusionbench-image-VS-ocr-11,internvl,hallusionbench,image,1,0,0,6,,1,1.003246903350791,-0.0,-1.8258362278537437
hallusionbench-image-VS-ocr-11-2-0,hallusionbench-image-VS-ocr-11,internvl,hallusionbench,image,0,1,1,2,vision_hallucination|reasoning_hallucination,1,1.056452154314864,-0.0,-13.5726011900775
hallusionbench-image-VS-ocr-11-2-1,hallusionbench-image-VS-ocr-11,internvl,hallusionbench,image,1,0,1,1,reasoning_hallucination,1,1.0009433030906616,0.6716490838158693,82.65957030688472
hallusionbench-image-VS-ocr-11-1-1,hallusionbench-image-VS-ocr-11,internvl,hallusionbench,image,1,0,0,6,,1,1.0004374981027517,-0.0,14.622462457426693
hallusionbench-image-VS-ocr-12-1-0,hallusionbench-image-VS-ocr-12,internvl,hallusionbench,image,1,0,0,6,,1,1.0011005401846849,-0.0,-10.172875685456134
hallusionbench-image-VS-ocr-12-1-1,hallusionbench-image-VS-ocr-12,internvl,hallusionbench,image,1,0,1,1,reasoning_hallucination,1,1.003207325914949,-0.0,-3.0375818370609142
hallusionbench-image-VS-ocr-12-2-0,hallusionbench-image-VS-ocr-12,internvl,hallusionbench,image,0,1,1,1,vision_hallucination|reasoning_hallucination,1,1.0142971274781531,0.6731502044438704,-8.531093836964665
hallusionbench-image-VS-ocr-12-2-1,hallusionbench-image-VS-ocr-12,internvl,hallusionbench,image,0,1,1,1,vision_hallucination|reasoning_hallucination,1,1.0013600588383578,0.49417752010183646,61.9323500880447
hallusionbench-image-VD-illusion-0-0-0,hallusionbench-image-VD-illusion-0,internvl,hallusionbench,image,0,1,1,1,reasoning_hallucination,1,1.002194643057137,0.5011062068707054,3.3411547414496
hallusionbench-image-VD-illusion-0-0-2,hallusionbench-image-VD-illusion-0,internvl,hallusionbench,image,1,0,1,1,vision_hallucination|reasoning_hallucination,1,1.2865390652458657,0.5718529295734054,1871.3777297521506
hallusionbench-image-VD-illusion-0-0-1,hallusionbench-image-VD-illusion-0,internvl,hallusionbench,image,0,1,1,1,vision_hallucination,1,1.1533675122961062,0.5203794751895826,414.0586338649342
hallusionbench-image-VD-illusion-0-1-1,hallusionbench-image-VD-illusion-0,internvl,hallusionbench,image,1,0,0,5,,1,1.00282478342592,0.6732404647978023,11.388663415293333
hallusionbench-image-VD-illusion-0-1-0,hallusionbench-image-VD-illusion-0,internvl,hallusionbench,image,0,1,1,1,vision_hallucination|reasoning_hallucination,1,1.0002219676919344,0.6729958184589022,-12.60305008675124
hallusionbench-image-VD-illusion-0-1-2,hallusionbench-image-VD-illusion-0,internvl,hallusionbench,image,1,0,1,1,vision_hallucination|reasoning_hallucination,1,1.135428544302765,0.006437952702546298,1897.6948535574068
hallusionbench-image-VD-illusion-1-0-0,hallusionbench-image-VD-illusion-1,internvl,hallusionbench,image,0,1,1,1,vision_hallucination|reasoning_hallucination,1,1.0639440995001137,0.4867434070610095,63.078604162048975
hallusionbench-image-VD-illusion-1-0-1,hallusionbench-image-VD-illusion-1,internvl,hallusionbench,image,1,0,1,1,vision_hallucination|reasoning_hallucination,1,1.1353608356682101,-0.0,1117.878727390765
hallusionbench-image-VD-illusion-1-0-2,hallusionbench-image-VD-illusion-1,internvl,hallusionbench,image,0,1,1,1,vision_hallucination|reasoning_hallucination,1,1.0002417564373416,-0.0,-16.100545728389523
hallusionbench-image-VD-illusion-1-1-1,hallusionbench-image-VD-illusion-1,internvl,hallusionbench,image,1,0,0,6,,1,1.2865650612841497,-0.0,1936.903092919189
hallusionbench-image-VD-illusion-1-1-2,hallusionbench-image-VD-illusion-1,internvl,hallusionbench,image,0,1,1,1,vision_hallucination|reasoning_hallucination,1,1.0002809762971243,0.5003682953548044,-15.121961806107226
hallusionbench-image-VD-illusion-2-0-0,hallusionbench-image-VD-illusion-2,internvl,hallusionbench,image,0,1,1,1,vision_hallucination|reasoning_hallucination,1,1.001938343061641,0.6759500612258378,101.01762160194974
hallusionbench-image-VD-illusion-2-0-1,hallusionbench-image-VD-illusion-2,internvl,hallusionbench,image,1,0,1,1,vision_hallucination|reasoning_hallucination,1,1.0001302957574674,-0.0,-14.252094714188958
hallusionbench-image-VD-illusion-1-1-0,hallusionbench-image-VD-illusion-1,internvl,hallusionbench,image,0,1,1,1,vision_hallucination|reasoning_hallucination,1,1.0028259753846032,0.517166099364857,342.9312408466017
hallusionbench-image-VD-illusion-2-1-0,hallusionbench-image-VD-illusion-2,internvl,hallusionbench,image,1,0,0,5,,1,1.003626465799557,0.5042565859178673,74.60237005272765
hallusionbench-image-VD-illusion-2-0-2,hallusionbench-image-VD-illusion-2,internvl,hallusionbench,image,1,0,0,5,,1,1.0025755168086714,0.5011366050746974,6.437259550181173
hallusionbench-image-VD-illusion-2-1-1,hallusionbench-image-VD-illusion-2,internvl,hallusionbench,image,1,0,1,1,vision_hallucination|reasoning_hallucination,1,1.2231710003277965,-0.0,569.2842961200349
hallusionbench-image-VD-illusion-3-0-0,hallusionbench-image-VD-illusion-3,internvl,hallusionbench,image,1,0,0,5,,1,1.0002218484853016,0.672931317113922,-9.226043973005021
hallusionbench-image-VD-illusion-2-1-2,hallusionbench-image-VD-illusion-2,internvl,hallusionbench,image,0,1,1,1,vision_hallucination|reasoning_hallucination,1,1.000906109831981,0.5033401471871156,50.88733427270379
hallusionbench-image-VD-illusion-3-0-2,hallusionbench-image-VD-illusion-3,internvl,hallusionbench,image,1,0,0,5,,1,1.0005587339190636,-0.0,-7.1936026723635695
hallusionbench-image-VD-illusion-3-0-1,hallusionbench-image-VD-illusion-3,internvl,hallusionbench,image,1,0,0,5,,1,1.0028663874747803,0.5034817438214476,64.09472032709859
hallusionbench-image-VD-illusion-3-1-0,hallusionbench-image-VD-illusion-3,internvl,hallusionbench,image,0,1,1,1,reasoning_hallucination,1,1.000623226167999,0.6730414431112897,-14.151272302199036
hallusionbench-image-VD-illusion-3-1-1,hallusionbench-image-VD-illusion-3,internvl,hallusionbench,image,0,1,1,1,vision_hallucination|reasoning_hallucination,1,1.1533944610667937,0.49770919908726796,4.27831769603366
hallusionbench-image-VD-illusion-3-1-2,hallusionbench-image-VD-illusion-3,internvl,hallusionbench,image,0,1,0,4,,1,1.0639446979888774,-0.0,305.8307310045667
hallusionbench-image-VD-illusion-4-0-0,hallusionbench-image-VD-illusion-4,internvl,hallusionbench,image,1,0,0,4,,1,1.0010654925724658,-0.0,-4.346238750995838
hallusionbench-image-VD-illusion-4-1-0,hallusionbench-image-VD-illusion-4,internvl,hallusionbench,image,0,1,1,1,vision_hallucination,1,1.0002248287136037,0.500421685954295,-11.979566252795973
hallusionbench-image-VD-illusion-5-0-0,hallusionbench-image-VD-illusion-5,internvl,hallusionbench,image,0,1,0,4,,1,1.001867055917114,0.6752431202424296,76.9830249390383
hallusionbench-image-VD-illusion-5-0-1,hallusionbench-image-VD-illusion-5,internvl,hallusionbench,image,1,0,0,5,,1,1.000194072722885,-0.0,-11.291524945751526
hallusionbench-image-VD-illusion-5-0-2,hallusionbench-image-VD-illusion-5,internvl,hallusionbench,image,1,0,0,5,,1,1.0005047321080016,-0.0,752.4642589898095
hallusionbench-image-VD-illusion-5-1-0,hallusionbench-image-VD-illusion-5,internvl,hallusionbench,image,1,0,0,5,,1,1.0003517866011193,-0.0,59.93185527575269
hallusionbench-image-VD-illusion-5-1-2,hallusionbench-image-VD-illusion-5,internvl,hallusionbench,image,1,0,0,4,,1,1.006091594616238,0.4500677447295828,234.86411732101493
hallusionbench-image-VD-illusion-5-1-1,hallusionbench-image-VD-illusion-5,internvl,hallusionbench,image,0,1,0,4,,1,1.0002804994716599,0.6776297870414608,314.67332657548536
hallusionbench-image-VD-illusion-6-0-0,hallusionbench-image-VD-illusion-6,internvl,hallusionbench,image,1,0,0,5,,1,1.0008220672521082,0.47565336586953005,124.08679412431354
hallusionbench-image-VD-illusion-6-1-0,hallusionbench-image-VD-illusion-6,internvl,hallusionbench,image,0,1,0,3,,1,1.0000839233396468,-0.0,-17.234274518467444
hallusionbench-image-VD-illusion-7-0-0,hallusionbench-image-VD-illusion-7,internvl,hallusionbench,image,0,1,1,1,reasoning_hallucination,1,1.0020078420308678,0.6604123610054236,276.78086143552815
hallusionbench-image-VD-illusion-7-0-1,hallusionbench-image-VD-illusion-7,internvl,hallusionbench,image,1,0,1,1,vision_hallucination,1,1.0004218816723618,0.488479289033517,57.80220370469274
hallusionbench-image-VD-illusion-7-1-0,hallusionbench-image-VD-illusion-7,internvl,hallusionbench,image,0,1,1,2,vision_hallucination|reasoning_hallucination,1,1.0935831088046992,0.5044027427259483,84.28076407377935
hallusionbench-image-VD-illusion-7-1-1,hallusionbench-image-VD-illusion-7,internvl,hallusionbench,image,0,1,0,4,,1,1.0006738901241512,0.5243670140095376,728.467819201678
hallusionbench-image-VD-illusion-8-0-1,hallusionbench-image-VD-illusion-8,internvl,hallusionbench,image,0,1,1,1,reasoning_hallucination,1,1.0013306140487077,0.1808972975000448,1040.6854181255637
hallusionbench-image-VD-illusion-8-0-0,hallusionbench-image-VD-illusion-8,internvl,hallusionbench,image,0,1,1,1,reasoning_hallucination,1,1.0002455711325613,-0.0,-16.58934656420276
hallusionbench-image-VD-illusion-8-1-0,hallusionbench-image-VD-illusion-8,internvl,hallusionbench,image,0,1,1,1,vision_hallucination|reasoning_hallucination,1,1.0015696286686933,0.6730523996041922,-11.413406732417972
hallusionbench-image-VD-illusion-8-0-2,hallusionbench-image-VD-illusion-8,internvl,hallusionbench,image,1,0,1,1,vision_hallucination|reasoning_hallucination,1,1.0001261234213372,-0.0,5.346677174776076
hallusionbench-image-VD-illusion-8-1-1,hallusionbench-image-VD-illusion-8,internvl,hallusionbench,image,1,0,0,3,,1,1.0005983114108161,0.6707104697154466,46.232878642617074
hallusionbench-image-VD-illusion-8-1-2,hallusionbench-image-VD-illusion-8,internvl,hallusionbench,image,0,1,0,4,,1,1.6066138778572443,0.0659512336717918,1885.361832087318
hallusionbench-image-VD-illusion-9-0-1,hallusionbench-image-VD-illusion-9,internvl,hallusionbench,image,1,0,0,6,,1,1.00016415118797,-0.0,-20.11272967086385
hallusionbench-image-VD-illusion-9-0-0,hallusionbench-image-VD-illusion-9,internvl,hallusionbench,image,1,0,0,5,,1,1.0001198053379907,-0.0,-17.351368285691773
hallusionbench-image-VD-illusion-14-0-2,hallusionbench-image-VD-illusion-14,internvl,hallusionbench,image,0,1,1,1,vision_hallucination|reasoning_hallucination,1,1.0821617861864745,-0.0,241.2415282971004
hallusionbench-image-VD-illusion-14-0-3,hallusionbench-image-VD-illusion-14,internvl,hallusionbench,image,0,1,1,2,vision_hallucination|reasoning_hallucination,1,1.0038290023042398,-0.0,1206.4580062783496
hallusionbench-image-VD-illusion-14-1-0,hallusionbench-image-VD-illusion-14,internvl,hallusionbench,image,0,1,1,1,vision_hallucination|reasoning_hallucination,1,1.0642713288617147,-0.0,1392.3587048842376
hallusionbench-image-VD-illusion-14-1-1,hallusionbench-image-VD-illusion-14,internvl,hallusionbench,image,0,1,1,1,vision_hallucination|reasoning_hallucination,1,1.0499303337370063,0.6794462012405874,243.55046228840433
hallusionbench-image-VD-illusion-14-1-2,hallusionbench-image-VD-illusion-14,internvl,hallusionbench,image,0,1,1,1,vision_hallucination|reasoning_hallucination,1,1.5355245954650205,0.5254593533729416,510.7704691714584
hallusionbench-image-VD-illusion-14-1-3,hallusionbench-image-VD-illusion-14,internvl,hallusionbench,image,1,0,0,4,,1,1.0268353232064062,-0.0,526.3565748818572
hallusionbench-image-VD-illusion-15-0-1,hallusionbench-image-VD-illusion-15,internvl,hallusionbench,image,1,0,0,4,,1,1.0002020597407715,-0.0,-17.07272653252564
hallusionbench-image-VD-illusion-15-0-0,hallusionbench-image-VD-illusion-15,internvl,hallusionbench,image,1,0,0,5,,1,1.0004943609019796,-0.0,-10.348860335391935
hallusionbench-image-VD-illusion-15-1-1,hallusionbench-image-VD-illusion-15,internvl,hallusionbench,image,1,0,0,5,,1,1.0061428547465532,0.571599403421741,1212.040925460253
hallusionbench-image-VD-illusion-15-1-0,hallusionbench-image-VD-illusion-15,internvl,hallusionbench,image,1,0,0,5,,1,1.0001436471928709,0.6903970881659982,874.5907073333149
hallusionbench-image-VD-illusion-16-0-0,hallusionbench-image-VD-illusion-16,internvl,hallusionbench,image,1,0,0,5,,1,1.0013500452115895,0.5006616217781338,2.8453608060826667
hallusionbench-image-VD-illusion-16-0-1,hallusionbench-image-VD-illusion-16,internvl,hallusionbench,image,1,0,0,5,,1,1.0001591444035112,-0.0,-18.39476022369092
hallusionbench-image-VD-illusion-16-1-0,hallusionbench-image-VD-illusion-16,internvl,hallusionbench,image,1,0,0,5,,1,1.0000984668749258,0.6870354887093013,1730.1421055803517
hallusionbench-image-VD-illusion-16-1-1,hallusionbench-image-VD-illusion-16,internvl,hallusionbench,image,0,1,1,1,vision_hallucination,1,1.00014340876918,0.6715921799460802,20.093540036960473
hallusionbench-image-VD-illusion-17-0-1,hallusionbench-image-VD-illusion-17,internvl,hallusionbench,image,0,1,1,1,vision_hallucination|reasoning_hallucination,1,1.0056811570674247,-0.0,57.649529866241835
hallusionbench-image-VD-illusion-17-0-0,hallusionbench-image-VD-illusion-17,internvl,hallusionbench,image,0,1,1,1,vision_hallucination|reasoning_hallucination,1,1.0000654459023215,0.4772632278556709,104.17930450080162
hallusionbench-image-VD-illusion-17-1-0,hallusionbench-image-VD-illusion-17,internvl,hallusionbench,image,0,1,1,1,reasoning_hallucination,1,1.0153442620845559,0.67173979474195,22.430338426535783
hallusionbench-image-VD-illusion-17-1-1,hallusionbench-image-VD-illusion-17,internvl,hallusionbench,image,0,1,0,3,,1,1.0014208554762274,-0.0,136.56166158906782
hallusionbench-image-VD-illusion-18-0-0,hallusionbench-image-VD-illusion-18,internvl,hallusionbench,image,0,1,1,1,vision_hallucination|reasoning_hallucination,1,1.0004943609019796,-0.0,1086.3507785777415
hallusionbench-image-VD-illusion-18-0-1,hallusionbench-image-VD-illusion-18,internvl,hallusionbench,image,0,1,1,2,vision_hallucination|reasoning_hallucination,1,1.018676877754795,0.5012814910313841,11.07050876086018
hallusionbench-image-VD-illusion-18-1-0,hallusionbench-image-VD-illusion-18,internvl,hallusionbench,image,0,1,0,3,,1,1.0151103736770517,0.6766409118450629,134.17360156526817
hallusionbench-image-VD-illusion-18-1-1,hallusionbench-image-VD-illusion-18,internvl,hallusionbench,image,0,1,1,1,reasoning_hallucination,1,1.001254200984987,0.6758556146678556,101.17658843392614
hallusionbench-image-VD-illusion-19-0-0,hallusionbench-image-VD-illusion-19,internvl,hallusionbench,image,0,1,1,1,vision_hallucination|reasoning_hallucination,1,1.000004768371582,-0.0,-20.407050280136747
hallusionbench-image-VD-illusion-19-0-1,hallusionbench-image-VD-illusion-19,internvl,hallusionbench,image,0,1,1,2,vision_hallucination|reasoning_hallucination,1,1.000109076496614,0.5003910013852862,-17.236335914752452
hallusionbench-image-VD-illusion-19-0-2,hallusionbench-image-VD-illusion-19,internvl,hallusionbench,image,0,1,1,1,vision_hallucination|reasoning_hallucination,1,1.0000851154314252,0.49953578673656684,-9.42105332324559
hallusionbench-image-VD-illusion-19-1-0,hallusionbench-image-VD-illusion-19,internvl,hallusionbench,image,1,0,0,5,,1,1.0000150203705107,0.6730788197930686,-11.470464708669255
hallusionbench-image-VD-illusion-19-0-3,hallusionbench-image-VD-illusion-19,internvl,hallusionbench,image,0,1,1,1,vision_hallucination|reasoning_hallucination,1,1.0040880440405295,0.50033524563348,12.728900945902955
hallusionbench-image-VD-illusion-19-1-1,hallusionbench-image-VD-illusion-19,internvl,hallusionbench,image,1,0,1,1,vision_hallucination|reasoning_hallucination,1,1.0000457763671555,0.6728846882583057,-8.239461020097941
hallusionbench-image-VD-illusion-19-1-2,hallusionbench-image-VD-illusion-19,internvl,hallusionbench,image,0,1,0,3,,1,1.0000854730606912,0.6729908943648858,-11.979683429493422
hallusionbench-image-VD-illusion-19-1-3,hallusionbench-image-VD-illusion-19,internvl,hallusionbench,image,1,0,0,5,,1,1.0046329498748299,0.5002920289896713,-1.075026226925388
hallusionbench-image-VD-illusion-20-0-0,hallusionbench-image-VD-illusion-20,internvl,hallusionbench,image,1,0,0,6,,1,1.0099619629098133,-0.0,36.941059775066144
hallusionbench-image-VD-illusion-20-1-0,hallusionbench-image-VD-illusion-20,internvl,hallusionbench,image,0,1,1,1,vision_hallucination|reasoning_hallucination,1,1.0442508460488629,0.6152320550856076,1013.9330090566098
hallusionbench-image-VD-illusion-21-0-1,hallusionbench-image-VD-illusion-21,internvl,hallusionbench,image,1,0,0,5,,1,1.000574469550299,0.69312650020339,1181.6659028757929
hallusionbench-image-VD-illusion-21-0-0,hallusionbench-image-VD-illusion-21,internvl,hallusionbench,image,0,1,1,2,vision_hallucination|reasoning_hallucination,1,1.000030636787412,0.5995648042035764,1061.506851986525
hallusionbench-image-VD-illusion-21-0-2,hallusionbench-image-VD-illusion-21,internvl,hallusionbench,image,0,1,1,1,vision_hallucination,1,1.0005441904026173,0.6733081803442575,130.576352288011
hallusionbench-image-VD-illusion-21-0-3,hallusionbench-image-VD-illusion-21,internvl,hallusionbench,image,1,0,0,5,,1,1.0007227659306952,0.6755103670713476,105.45873519217581
hallusionbench-image-VD-illusion-21-1-1,hallusionbench-image-VD-illusion-21,internvl,hallusionbench,image,1,0,0,4,,1,1.0001548528648156,0.6922092592522425,1025.1977060118697
hallusionbench-image-VD-illusion-21-1-0,hallusionbench-image-VD-illusion-21,internvl,hallusionbench,image,1,0,0,5,,1,1.0001254081775213,0.5538976923619902,1062.4373059236061
hallusionbench-image-VD-illusion-21-1-3,hallusionbench-image-VD-illusion-21,internvl,hallusionbench,image,1,0,0,5,,1,1.0288795237111585,0.4977051138896969,6.911989466556307
hallusionbench-image-VD-illusion-21-1-2,hallusionbench-image-VD-illusion-21,internvl,hallusionbench,image,0,1,1,1,vision_hallucination|reasoning_hallucination,1,1.000101804734545,0.495634873012362,45.848955357449114
hallusionbench-image-VD-illusion-22-1-0,hallusionbench-image-VD-illusion-22,internvl,hallusionbench,image,1,0,0,5,,1,1.0184552664463384,0.4984872766817219,-0.6656907404261112
hallusionbench-image-VD-illusion-22-0-0,hallusionbench-image-VD-illusion-22,internvl,hallusionbench,image,1,0,0,4,,1,1.0000160932544362,-0.0,-17.823981760009463
hallusionbench-image-VD-illusion-23-0-0,hallusionbench-image-VD-illusion-23,internvl,hallusionbench,image,0,1,1,1,vision_hallucination|reasoning_hallucination,1,1.0000371932987775,-0.0,-21.45939788234187
hallusionbench-image-VD-illusion-23-0-1,hallusionbench-image-VD-illusion-23,internvl,hallusionbench,image,0,1,1,1,vision_hallucination|reasoning_hallucination,1,1.0028244257218473,-0.0,-0.3733207300699952
hallusionbench-image-VD-illusion-23-1-0,hallusionbench-image-VD-illusion-23,internvl,hallusionbench,image,1,0,0,5,,1,1.0001592636172252,0.6724332556893966,0.18702736495744254
hallusionbench-image-VD-illusion-23-1-1,hallusionbench-image-VD-illusion-23,internvl,hallusionbench,image,0,1,1,1,vision_hallucination,1,1.0001019239414242,0.6929281245907989,1102.8606395763584
hallusionbench-image-VD-illusion-24-0-1,hallusionbench-image-VD-illusion-24,internvl,hallusionbench,image,1,0,0,5,,1,1.0001591444035112,-0.0,-17.341740597263662
hallusionbench-image-VD-illusion-24-0-0,hallusionbench-image-VD-illusion-24,internvl,hallusionbench,image,1,0,0,5,,1,1.001946210876196,-0.0,-8.221827300408426
hallusionbench-image-VD-illusion-24-1-0,hallusionbench-image-VD-illusion-24,internvl,hallusionbench,image,1,0,0,5,,1,1.0001592636172252,-0.0,957.0965497593954
hallusionbench-image-VD-illusion-24-1-1,hallusionbench-image-VD-illusion-24,internvl,hallusionbench,image,0,1,1,1,vision_hallucination|reasoning_hallucination,1,1.0001019239414242,0.32205984108326047,671.1672029050713
hallusionbench-image-VD-illusion-25-0-0,hallusionbench-image-VD-illusion-25,internvl,hallusionbench,image,0,1,1,1,vision_hallucination,1,1.0000621080403518,0.6728629246326023,-10.314045353391965
hallusionbench-image-VD-illusion-25-0-1,hallusionbench-image-VD-illusion-25,internvl,hallusionbench,image,0,1,0,4,,1,1.0440542686726035,0.6740146311270128,30.207506927248602
hallusionbench-image-VD-illusion-25-0-2,hallusionbench-image-VD-illusion-25,internvl,hallusionbench,image,1,0,0,5,,1,1.0012474059487486,-0.0,36.004920311205886
hallusionbench-image-VD-illusion-25-1-0,hallusionbench-image-VD-illusion-25,internvl,hallusionbench,image,1,0,0,6,,1,1.0002269744852261,0.6721974780790585,4.879858946884228
hallusionbench-image-VD-illusion-25-1-1,hallusionbench-image-VD-illusion-25,internvl,hallusionbench,image,1,0,0,5,,1,1.0357537285590597,0.6693150670651432,73.29386866640833
hallusionbench-image-VD-illusion-25-1-2,hallusionbench-image-VD-illusion-25,internvl,hallusionbench,image,1,0,1,1,vision_hallucination|reasoning_hallucination,1,1.0365828277103815,0.37141488989132176,2300.111225370408
hallusionbench-image-VD-illusion-26-1-0,hallusionbench-image-VD-illusion-26,internvl,hallusionbench,image,0,1,1,1,vision_hallucination|reasoning_hallucination,1,1.0143574472298966,0.5055103483731507,121.77606860233686
hallusionbench-image-VD-illusion-26-0-0,hallusionbench-image-VD-illusion-26,internvl,hallusionbench,image,1,0,0,5,,1,1.0068390368011435,-0.0,18.83923993992684
hallusionbench-image-VD-illusion-27-0-1,hallusionbench-image-VD-illusion-27,internvl,hallusionbench,image,1,0,0,4,,1,1.0000993013351478,0.6723147830379854,9.715401691844962
hallusionbench-image-VD-illusion-27-0-0,hallusionbench-image-VD-illusion-27,internvl,hallusionbench,image,0,1,0,4,,1,1.000023007391977,0.6731070923844417,-12.391467924232035
hallusionbench-image-VD-illusion-27-0-2,hallusionbench-image-VD-illusion-27,internvl,hallusionbench,image,1,0,0,4,,1,1.000139117239788,-0.0,1401.7897073038464
hallusionbench-image-VD-illusion-27-1-0,hallusionbench-image-VD-illusion-27,internvl,hallusionbench,image,0,1,1,1,vision_hallucination|reasoning_hallucination,1,1.0288906103615614,0.6830195985691921,1862.4783540591384
hallusionbench-image-VD-illusion-27-1-2,hallusionbench-image-VD-illusion-27,internvl,hallusionbench,image,1,0,1,1,vision_hallucination|reasoning_hallucination,1,1.0519591559101527,-0.0,49.041400034125914
hallusionbench-image-VD-illusion-28-0-0,hallusionbench-image-VD-illusion-28,internvl,hallusionbench,image,1,0,0,5,,1,1.0005643367568844,0.4985964084429191,-0.6207321893456292
hallusionbench-image-VD-illusion-27-1-1,hallusionbench-image-VD-illusion-27,internvl,hallusionbench,image,1,0,0,5,,1,1.0513275872442143,-0.0,1365.3501350234121
hallusionbench-image-VD-illusion-28-0-1,hallusionbench-image-VD-illusion-28,internvl,hallusionbench,image,1,0,0,5,,1,1.0001060962711963,-0.0,-13.561670895095277
hallusionbench-image-VD-illusion-28-1-0,hallusionbench-image-VD-illusion-28,internvl,hallusionbench,image,1,0,0,5,,1,1.0001403093391412,-0.0,53.8033727030255
hallusionbench-image-VD-illusion-28-0-2,hallusionbench-image-VD-illusion-28,internvl,hallusionbench,image,1,0,0,5,,1,1.0002887248956183,-0.0,674.2648216394023
hallusionbench-image-VD-illusion-28-1-2,hallusionbench-image-VD-illusion-28,internvl,hallusionbench,image,1,0,1,1,reasoning_hallucination,1,1.3690935425635826,-0.0,1193.6298580833372
hallusionbench-image-VD-illusion-28-1-1,hallusionbench-image-VD-illusion-28,internvl,hallusionbench,image,1,0,0,5,,1,1.0509949918981476,0.44785011628468824,1377.852404737873
hallusionbench-image-VD-illusion-29-0-1,hallusionbench-image-VD-illusion-29,internvl,hallusionbench,image,0,1,1,1,reasoning_hallucination,1,1.0019379854404766,-0.0,7.0461872887338615
hallusionbench-image-VD-illusion-29-0-0,hallusionbench-image-VD-illusion-29,internvl,hallusionbench,image,0,1,1,1,vision_hallucination,1,1.0000771284087155,-0.0,-18.793485374440426
hallusionbench-image-VD-illusion-29-0-2,hallusionbench-image-VD-illusion-29,internvl,hallusionbench,image,1,0,1,2,vision_hallucination,1,1.0000878572493634,-0.0,-1.7395317584834835
hallusionbench-image-VD-illusion-29-1-0,hallusionbench-image-VD-illusion-29,internvl,hallusionbench,image,1,0,0,4,,1,1.0001314878463061,0.6727452232653451,-3.869213232770429
hallusionbench-image-VD-illusion-29-1-1,hallusionbench-image-VD-illusion-29,internvl,hallusionbench,image,0,1,0,3,,1,1.0005983114108161,0.6768628857280933,144.2156448467428
hallusionbench-image-VD-illusion-29-1-2,hallusionbench-image-VD-illusion-29,internvl,hallusionbench,image,1,0,1,1,reasoning_hallucination,1,1.6066138778572443,0.20839363296494512,1470.9163564209932
hallusionbench-image-VD-illusion-30-0-0,hallusionbench-image-VD-illusion-30,internvl,hallusionbench,image,0,1,1,1,vision_hallucination,1,1.000321149811625,-0.0,6.1032523686778735
hallusionbench-image-VD-illusion-30-0-1,hallusionbench-image-VD-illusion-30,internvl,hallusionbench,image,1,0,1,2,reasoning_hallucination,1,1.1756033845454559,-0.0,-16.427773999661127
hallusionbench-image-VD-illusion-30-1-0,hallusionbench-image-VD-illusion-30,internvl,hallusionbench,image,0,1,1,1,vision_hallucination,1,1.0099506381447847,0.5041680266900976,68.90519000727697
hallusionbench-image-VD-illusion-30-1-1,hallusionbench-image-VD-illusion-30,internvl,hallusionbench,image,1,0,0,5,,1,1.3054094483516552,0.6450267381978874,495.4734340313806
hallusionbench-image-VD-math-0-0-0,hallusionbench-image-VD-math-0,internvl,hallusionbench,image,1,0,0,6,,1,1.0005891323204479,-0.0,375.99169326081795
hallusionbench-image-VD-math-0-0-2,hallusionbench-image-VD-math-0,internvl,hallusionbench,image,1,0,0,5,,1,1.0001873970101904,-0.0,-0.7212343731908497
hallusionbench-image-VD-math-0-0-1,hallusionbench-image-VD-math-0,internvl,hallusionbench,image,1,0,0,6,,1,1.0001341104496635,-0.0,-18.602074321597815
hallusionbench-image-VD-math-0-1-0,hallusionbench-image-VD-math-0,internvl,hallusionbench,image,0,1,1,1,vision_hallucination|reasoning_hallucination,1,1.0019642115643737,-0.0,-8.724614881461926
hallusionbench-image-VD-math-0-1-2,hallusionbench-image-VD-math-0,internvl,hallusionbench,image,1,0,0,5,,1,1.0003097057200572,-0.0,-17.274619121384745
hallusionbench-image-VD-math-0-1-1,hallusionbench-image-VD-math-0,internvl,hallusionbench,image,0,1,0,4,,1,1.0002502203120305,-0.0,-18.74258874388822
hallusionbench-image-VD-math-1-0-0,hallusionbench-image-VD-math-1,internvl,hallusionbench,image,1,0,0,6,,1,1.0011389255519454,-0.0,2336.1994041873545
hallusionbench-image-VD-math-1-0-2,hallusionbench-image-VD-math-1,internvl,hallusionbench,image,1,0,0,6,,1,1.0001887083115404,-0.0,-21.662135048475474
hallusionbench-image-VD-math-1-0-1,hallusionbench-image-VD-math-1,internvl,hallusionbench,image,1,0,0,6,,1,1.0001592636172252,-0.0,-20.222280122790064
hallusionbench-image-VD-math-1-1-0,hallusionbench-image-VD-math-1,internvl,hallusionbench,image,0,1,1,1,vision_hallucination|reasoning_hallucination,1,1.0005367994503795,0.6735151432578237,5.75242470283418
hallusionbench-image-VD-math-1-1-1,hallusionbench-image-VD-math-1,internvl,hallusionbench,image,1,0,0,6,,1,1.0003491640092401,0.6729900134236688,-14.196326607783083
hallusionbench-image-VD-math-1-1-2,hallusionbench-image-VD-math-1,internvl,hallusionbench,image,0,1,1,1,vision_hallucination|reasoning_hallucination,1,1.0015201568712606,0.6718338323187703,47.08281469032073
hallusionbench-image-VD-math-2-0-0,hallusionbench-image-VD-math-2,internvl,hallusionbench,image,1,0,0,5,,1,1.0064643621744025,0.6735905994487161,9.481827955443453
hallusionbench-image-VD-math-2-0-1,hallusionbench-image-VD-math-2,internvl,hallusionbench,image,1,0,0,5,,1,1.0007001161284534,-0.0,-7.875827953267043
hallusionbench-image-VD-math-2-0-2,hallusionbench-image-VD-math-2,internvl,hallusionbench,image,1,0,0,5,,1,1.0007005930083246,-0.0,1162.74905314529
hallusionbench-image-VD-math-2-1-0,hallusionbench-image-VD-math-2,internvl,hallusionbench,image,0,1,0,3,,1,1.001105070121964,-0.0,-13.156109324841776
hallusionbench-image-VD-math-2-1-1,hallusionbench-image-VD-math-2,internvl,hallusionbench,image,1,0,0,5,,1,1.0003703832689606,-0.0,-12.793087506881136
hallusionbench-image-VD-math-2-1-2,hallusionbench-image-VD-math-2,internvl,hallusionbench,image,0,1,0,3,,1,1.0001764297544364,0.49798393709023203,-0.0670471674485178
hallusionbench-image-VD-math-3-0-0,hallusionbench-image-VD-math-3,internvl,hallusionbench,image,1,0,0,6,,1,1.0161658516632057,0.677508934658954,158.8340656845464
hallusionbench-image-VD-math-3-0-1,hallusionbench-image-VD-math-3,internvl,hallusionbench,image,1,0,0,6,,1,1.000013232231374,-0.0,-18.357229239638837
hallusionbench-image-VD-math-3-0-2,hallusionbench-image-VD-math-3,internvl,hallusionbench,image,1,0,0,6,,1,1.0000314712528857,-0.0,-18.090224160344462
hallusionbench-image-VD-math-3-1-0,hallusionbench-image-VD-math-3,internvl,hallusionbench,image,0,1,1,1,vision_hallucination|reasoning_hallucination,1,1.0002057552399861,-0.0,379.3330920436821
hallusionbench-image-VD-math-3-1-2,hallusionbench-image-VD-math-3,internvl,hallusionbench,image,1,0,0,5,,1,1.0000412464135076,-0.0,-12.165751870456962
hallusionbench-image-VD-math-3-1-1,hallusionbench-image-VD-math-3,internvl,hallusionbench,image,0,1,0,3,,1,1.000017642974056,0.052915272257559626,1211.3874796948096
hallusionbench-image-VD-math-4-0-0,hallusionbench-image-VD-math-4,internvl,hallusionbench,image,0,1,1,1,vision_hallucination,1,1.0000356435761466,-0.0,-10.641167267117645
hallusionbench-image-VD-math-4-0-1,hallusionbench-image-VD-math-4,internvl,hallusionbench,image,0,1,1,1,vision_hallucination|reasoning_hallucination,1,1.0017044544718978,0.6711698936617866,56.22093181214538
hallusionbench-image-VD-math-4-0-2,hallusionbench-image-VD-math-4,internvl,hallusionbench,image,1,0,1,1,vision_hallucination|reasoning_hallucination,1,1.0001586675633518,0.5023244356715089,158.16979428370763
hallusionbench-image-VD-math-4-1-0,hallusionbench-image-VD-math-4,internvl,hallusionbench,image,0,1,1,1,vision_hallucination|reasoning_hallucination,1,1.0002317428588317,-0.0,1191.3437034059264
hallusionbench-image-VD-math-4-1-2,hallusionbench-image-VD-math-4,internvl,hallusionbench,image,0,1,1,1,vision_hallucination|reasoning_hallucination,1,1.001034855891998,0.6914146450823364,916.3450543824783
hallusionbench-image-VD-math-4-1-1,hallusionbench-image-VD-math-4,internvl,hallusionbench,image,0,1,1,1,vision_hallucination|reasoning_hallucination,1,1.0000218152996503,-0.0,-4.057817866554139
hallusionbench-image-VD-math-5-0-0,hallusionbench-image-VD-math-5,internvl,hallusionbench,image,1,0,0,6,,1,1.0098079447591108,-0.0,77.73490972885922
hallusionbench-image-VD-math-5-0-1,hallusionbench-image-VD-math-5,internvl,hallusionbench,image,1,0,0,4,,1,1.0098079447591108,0.6729098801718492,2.507114972419778
hallusionbench-image-VD-math-5-1-0,hallusionbench-image-VD-math-5,internvl,hallusionbench,image,1,0,0,4,,1,1.0001416206369724,0.4972739710685735,1.987550108468458
hallusionbench-image-VD-math-5-0-2,hallusionbench-image-VD-math-5,internvl,hallusionbench,image,0,1,0,4,,1,1.0098081826947434,0.6758799149582444,108.2354387395001
hallusionbench-image-VD-math-5-1-1,hallusionbench-image-VD-math-5,internvl,hallusionbench,image,1,0,1,2,vision_hallucination|reasoning_hallucination,1,1.0010403394988467,0.6786366355402911,415.77146228329684
hallusionbench-image-VD-math-5-1-2,hallusionbench-image-VD-math-5,internvl,hallusionbench,image,1,0,0,4,,1,1.0163273809743234,-0.0,15.38066270695837
hallusionbench-image-VD-math-6-0-1,hallusionbench-image-VD-math-6,internvl,hallusionbench,image,1,0,0,6,,1,1.0000400543230867,-0.0,-18.063554596256566
hallusionbench-image-VD-math-6-0-0,hallusionbench-image-VD-math-6,internvl,hallusionbench,image,1,0,0,5,,1,1.0000857114778472,-0.0,-16.409347546880547
hallusionbench-image-VD-math-6-0-2,hallusionbench-image-VD-math-6,internvl,hallusionbench,image,1,0,0,5,,1,1.000001072883613,-0.0,-18.83430383608632
hallusionbench-image-VD-math-6-1-0,hallusionbench-image-VD-math-6,internvl,hallusionbench,image,1,0,0,5,,1,1.0000103712083113,0.6730084653788644,-14.981620482567067
hallusionbench-image-VD-math-6-1-1,hallusionbench-image-VD-math-6,internvl,hallusionbench,image,1,0,1,1,vision_hallucination|reasoning_hallucination,1,1.0000040531158731,0.5003796324644523,-14.652899420012362
hallusionbench-image-VD-math-6-1-2,hallusionbench-image-VD-math-6,internvl,hallusionbench,image,0,1,1,1,vision_hallucination|reasoning_hallucination,1,1.0000083446505241,0.6729924235467031,-16.584729719596456
hallusionbench-image-VD-math-7-0-0,hallusionbench-image-VD-math-7,internvl,hallusionbench,image,0,1,0,4,,1,1.0002617836039938,-0.0,4.693810970793697
hallusionbench-image-VD-math-7-0-1,hallusionbench-image-VD-math-7,internvl,hallusionbench,image,0,1,1,1,reasoning_hallucination,1,1.0017044544718978,-0.0,-16.022201387365165
hallusionbench-image-VD-math-7-0-2,hallusionbench-image-VD-math-7,internvl,hallusionbench,image,0,1,0,4,,1,1.0266523352653332,0.49643772955434595,8.457819549327258
hallusionbench-image-VD-math-7-1-0,hallusionbench-image-VD-math-7,internvl,hallusionbench,image,0,1,1,1,reasoning_hallucination,1,1.000232338912589,-0.0,6.68370946997787
hallusionbench-image-VD-math-7-1-1,hallusionbench-image-VD-math-7,internvl,hallusionbench,image,1,0,0,3,,1,1.0044853686027335,-0.0,-2.015851167121596
hallusionbench-image-VD-math-7-1-2,hallusionbench-image-VD-math-7,internvl,hallusionbench,image,0,1,0,3,,1,1.0019334554668013,0.5033524094527171,106.26727442342269
hallusionbench-image-VD-math-8-0-1,hallusionbench-image-VD-math-8,internvl,hallusionbench,image,1,0,0,6,,1,1.0001586675633518,-0.0,-15.660459394626345
hallusionbench-image-VD-math-8-0-0,hallusionbench-image-VD-math-8,internvl,hallusionbench,image,1,0,0,6,,1,1.0067389009719894,0.5000107002821759,50.181162747180935
hallusionbench-image-VD-math-8-0-2,hallusionbench-image-VD-math-8,internvl,hallusionbench,image,1,0,0,6,,1,1.0000518560393803,-0.0,-17.412729731376672
hallusionbench-image-VD-math-8-1-0,hallusionbench-image-VD-math-8,internvl,hallusionbench,image,1,0,0,5,,1,1.000006556511046,0.6706025733538681,47.31259164257298
hallusionbench-image-VD-math-8-1-1,hallusionbench-image-VD-math-8,internvl,hallusionbench,image,0,1,1,2,vision_hallucination|reasoning_hallucination,1,1.0059508086654663,0.6729978548537572,-10.229625000093442
hallusionbench-image-VD-math-8-1-2,hallusionbench-image-VD-math-8,internvl,hallusionbench,image,1,0,0,6,,1,1.0111111400562909,0.5433336842738499,860.3916094643658
hallusionbench-image-VD-math-9-0-1,hallusionbench-image-VD-math-9,internvl,hallusionbench,image,1,0,0,6,,1,1.000027775764579,-0.0,-16.681895254184184
hallusionbench-image-VD-math-9-0-0,hallusionbench-image-VD-math-9,internvl,hallusionbench,image,1,0,1,2,vision_hallucination,1,1.0028117894170188,-0.0,29.11891806344527
hallusionbench-image-VD-math-9-0-2,hallusionbench-image-VD-math-9,internvl,hallusionbench,image,1,0,0,6,,1,1.000336885462071,-0.0,-17.399182939981866
hallusionbench-image-VD-math-9-1-0,hallusionbench-image-VD-math-9,internvl,hallusionbench,image,0,1,0,4,,1,1.0024846791873854,-0.0,154.18458127102068
hallusionbench-image-VD-math-9-1-1,hallusionbench-image-VD-math-9,internvl,hallusionbench,image,0,1,0,4,,1,1.0000224113465455,-0.0,-13.59581626025911
hallusionbench-image-VD-math-9-1-2,hallusionbench-image-VD-math-9,internvl,hallusionbench,image,1,0,0,6,,1,1.0000678300869081,-0.0,-11.089011436917726
hallusionbench-image-VD-math-10-0-0,hallusionbench-image-VD-math-10,internvl,hallusionbench,image,1,0,1,2,vision_hallucination,1,1.0005545616010163,-0.0,-18.81453025234208
hallusionbench-image-VD-math-10-0-1,hallusionbench-image-VD-math-10,internvl,hallusionbench,image,1,0,1,2,vision_hallucination,1,1.0000103712083113,-0.0,-17.50907704066609
hallusionbench-image-VD-math-10-1-0,hallusionbench-image-VD-math-10,internvl,hallusionbench,image,0,1,1,1,vision_hallucination|reasoning_hallucination,1,1.000808239003848,-0.0,-15.99925730513306
hallusionbench-image-VD-math-10-0-2,hallusionbench-image-VD-math-10,internvl,hallusionbench,image,1,0,1,2,vision_hallucination|reasoning_hallucination,1,1.0000071525574865,-0.0,-18.013755821519208
hallusionbench-image-VD-math-10-1-1,hallusionbench-image-VD-math-10,internvl,hallusionbench,image,1,0,0,6,,1,1.000011086463537,-0.0,-19.54107952863024
hallusionbench-image-VD-math-10-1-2,hallusionbench-image-VD-math-10,internvl,hallusionbench,image,1,0,0,5,,1,1.0000060796736037,-0.0,-17.252882735154902
hallusionbench-image-VD-math-11-0-0,hallusionbench-image-VD-math-11,internvl,hallusionbench,image,1,0,1,2,vision_hallucination|reasoning_hallucination,1,1.0007113218461476,0.5004953353273287,-8.854317083481197
hallusionbench-image-VD-math-11-0-1,hallusionbench-image-VD-math-11,internvl,hallusionbench,image,0,1,1,1,reasoning_hallucination,1,1.0006284713977778,0.6731527524450096,-4.493680662512732
hallusionbench-image-VD-math-11-1-0,hallusionbench-image-VD-math-11,internvl,hallusionbench,image,1,0,0,6,,1,1.0000298023226346,-0.0,-15.771328754587289
hallusionbench-image-VD-math-11-0-2,hallusionbench-image-VD-math-11,internvl,hallusionbench,image,1,0,1,1,vision_hallucination,1,1.0000245571132163,0.500077947085618,-11.128107985070088
hallusionbench-image-VD-math-11-1-1,hallusionbench-image-VD-math-11,internvl,hallusionbench,image,1,0,0,6,,1,1.0000544786449368,-0.0,-18.459900650072502
hallusionbench-image-VD-math-12-0-0,hallusionbench-image-VD-math-12,internvl,hallusionbench,image,1,0,0,6,,1,1.0000857114778472,-0.0,-18.459279989802805
hallusionbench-image-VD-math-11-1-2,hallusionbench-image-VD-math-11,internvl,hallusionbench,image,1,0,0,6,,1,1.0000258684157202,-0.0,-17.38426318519369
hallusionbench-image-VD-math-12-0-1,hallusionbench-image-VD-math-12,internvl,hallusionbench,image,1,0,0,6,,1,1.0001798868138951,0.5002535412265163,-14.531495346289853
hallusionbench-image-VD-math-12-0-2,hallusionbench-image-VD-math-12,internvl,hallusionbench,image,1,0,0,6,,1,1.0000313520434898,-0.0,-13.967774867882028
hallusionbench-image-VD-math-12-1-1,hallusionbench-image-VD-math-12,internvl,hallusionbench,image,1,0,0,6,,1,1.0000590085966745,0.5001747326661399,-13.344834002206662
hallusionbench-image-VD-math-12-1-0,hallusionbench-image-VD-math-12,internvl,hallusionbench,image,0,1,1,2,vision_hallucination|reasoning_hallucination,1,1.0000679492970144,-0.0,67.55281138473639
hallusionbench-image-VD-math-14-1-0,hallusionbench-image-VD-math-14,internvl,hallusionbench,image,1,0,0,5,,1,1.000339388859346,0.6730436655009677,-7.860061933870543
hallusionbench-image-VD-math-14-0-2,hallusionbench-image-VD-math-14,internvl,hallusionbench,image,1,0,1,1,vision_hallucination|reasoning_hallucination,1,1.0000663995740187,0.4646752125961181,166.0106634713721
hallusionbench-image-VD-math-14-1-1,hallusionbench-image-VD-math-14,internvl,hallusionbench,image,1,0,1,1,reasoning_hallucination,1,1.0000406503681194,0.672722424679852,-3.2574916020552465
hallusionbench-image-VD-math-15-0-0,hallusionbench-image-VD-math-15,internvl,hallusionbench,image,0,1,0,4,,1,1.0161699059554905,0.5040239018261792,265.1527151577643
hallusionbench-image-VD-math-14-1-2,hallusionbench-image-VD-math-14,internvl,hallusionbench,image,1,0,1,1,reasoning_hallucination,1,1.000075578686049,0.49429833543688206,35.09456639785266
hallusionbench-image-VD-math-15-0-2,hallusionbench-image-VD-math-15,internvl,hallusionbench,image,1,0,0,6,,1,1.0001591444035112,-0.0,1192.1642316598536
hallusionbench-image-VD-math-15-1-0,hallusionbench-image-VD-math-15,internvl,hallusionbench,image,1,0,0,4,,1,1.0001648664449387,-0.0,-14.882804119503776
hallusionbench-image-VD-math-15-0-1,hallusionbench-image-VD-math-15,internvl,hallusionbench,image,1,0,1,1,reasoning_hallucination,1,1.0003803968524778,0.2938757891674412,745.549403268892
hallusionbench-image-VD-math-15-1-2,hallusionbench-image-VD-math-15,internvl,hallusionbench,image,1,0,0,4,,1,1.00133442881661,-0.0,45.75181906394731
hallusionbench-image-VD-math-15-1-1,hallusionbench-image-VD-math-15,internvl,hallusionbench,image,1,0,0,4,,1,1.0014470815877614,0.4945589241093944,41.51651931119707
hallusionbench-image-VD-math-16-0-0,hallusionbench-image-VD-math-16,internvl,hallusionbench,image,1,0,0,6,,1,1.0021891593106387,-0.0,-5.2457223115239255
hallusionbench-image-VD-math-16-0-1,hallusionbench-image-VD-math-16,internvl,hallusionbench,image,1,0,0,6,,1,1.000158786777009,-0.0,-2.009881632379667
hallusionbench-image-VD-math-16-0-2,hallusionbench-image-VD-math-16,internvl,hallusionbench,image,1,0,0,6,,1,1.0009127855060511,-0.0,-14.143036848763824
hallusionbench-image-VD-math-16-1-0,hallusionbench-image-VD-math-16,internvl,hallusionbench,image,1,0,0,4,,1,1.000110268589268,-0.0,54.09078046607719
hallusionbench-image-VD-math-16-1-1,hallusionbench-image-VD-math-16,internvl,hallusionbench,image,1,0,0,4,,1,1.0009363889790268,0.49962750603703276,3.401798459723432
hallusionbench-image-VD-math-16-1-2,hallusionbench-image-VD-math-16,internvl,hallusionbench,image,1,0,0,4,,1,1.00147438051926,0.6719007301876518,65.39316630917698
hallusionbench-image-VD-math-17-0-1,hallusionbench-image-VD-math-17,internvl,hallusionbench,image,1,0,1,1,vision_hallucination|reasoning_hallucination,1,1.004090070936552,0.5005341079686803,-6.150088178605197
hallusionbench-image-VD-math-17-0-0,hallusionbench-image-VD-math-17,internvl,hallusionbench,image,0,1,1,1,vision_hallucination|reasoning_hallucination,1,1.000096797942017,-0.0,-11.211565194732392
hallusionbench-image-VD-math-17-1-0,hallusionbench-image-VD-math-17,internvl,hallusionbench,image,1,0,1,2,vision_hallucination|reasoning_hallucination,1,1.0006310939647334,0.500388970821037,-9.640796768819564
hallusionbench-image-VD-math-17-0-2,hallusionbench-image-VD-math-17,internvl,hallusionbench,image,1,0,1,2,vision_hallucination|reasoning_hallucination,1,1.0040885209568726,0.6682865272634244,97.13987541199079
hallusionbench-image-VD-math-17-1-1,hallusionbench-image-VD-math-17,internvl,hallusionbench,image,1,0,1,1,reasoning_hallucination,1,1.0001411438051677,0.6720054159013864,13.500653736681475
hallusionbench-image-VD-ocr-0-0-0,hallusionbench-image-VD-ocr-0,internvl,hallusionbench,image,1,0,0,6,,1,1.0000138282777007,-0.0,-18.083482241482375
hallusionbench-image-VD-math-17-1-2,hallusionbench-image-VD-math-17,internvl,hallusionbench,image,1,0,0,4,,1,1.000052452087809,0.6733502771693952,0.7836323212164142
hallusionbench-image-VD-ocr-0-0-1,hallusionbench-image-VD-ocr-0,internvl,hallusionbench,image,1,0,0,6,,1,1.000026106835038,-0.0,-17.91735233245334
hallusionbench-image-VD-ocr-0-1-1,hallusionbench-image-VD-ocr-0,internvl,hallusionbench,image,1,0,1,1,vision_hallucination|reasoning_hallucination,1,1.0002257823990155,0.5004796134953613,-9.548349886404491
hallusionbench-image-VD-ocr-0-1-0,hallusionbench-image-VD-ocr-0,internvl,hallusionbench,image,1,0,0,4,,1,1.0000765323674088,-0.0,-15.144335764771688
hallusionbench-image-VD-ocr-1-0-0,hallusionbench-image-VD-ocr-1,internvl,hallusionbench,image,1,0,0,6,,1,1.0000457763671555,-0.0,-18.125925036668388
hallusionbench-image-VD-ocr-1-0-1,hallusionbench-image-VD-ocr-1,internvl,hallusionbench,image,1,0,0,6,,1,1.0000346899046737,-0.0,-18.903654365250397
hallusionbench-image-VD-ocr-1-1-0,hallusionbench-image-VD-ocr-1,internvl,hallusionbench,image,0,1,1,1,reasoning_hallucination,1,1.0003080367985495,0.5001328313674125,-11.450326023045147
hallusionbench-image-VD-ocr-1-1-1,hallusionbench-image-VD-ocr-1,internvl,hallusionbench,image,1,0,0,4,,1,1.001340150820856,0.5002814795495336,-13.523685860960903
hallusionbench-image-VD-ocr-2-0-0,hallusionbench-image-VD-ocr-2,internvl,hallusionbench,image,1,0,0,6,,1,1.000064015385566,-0.0,-19.468343758914394
hallusionbench-image-VD-ocr-2-0-1,hallusionbench-image-VD-ocr-2,internvl,hallusionbench,image,1,0,0,6,,1,1.0000313520434898,-0.0,-19.366448013207055
hallusionbench-image-VD-ocr-2-1-0,hallusionbench-image-VD-ocr-2,internvl,hallusionbench,image,0,1,1,1,vision_hallucination|reasoning_hallucination,1,1.0022355318772884,0.5006113310741124,-0.2197427767142237
hallusionbench-image-VD-ocr-2-1-1,hallusionbench-image-VD-ocr-2,internvl,hallusionbench,image,1,0,0,5,,1,1.0006527900625015,0.6736229201951255,10.990198389110123
hallusionbench-image-VD-ocr-3-0-0,hallusionbench-image-VD-ocr-3,internvl,hallusionbench,image,1,0,0,6,,1,1.000012516975523,-0.0,-19.616704676138934
hallusionbench-image-VD-ocr-3-0-1,hallusionbench-image-VD-ocr-3,internvl,hallusionbench,image,1,0,0,6,,1,1.000005125999401,-0.0,-19.763450783459955
hallusionbench-image-VD-ocr-3-0-2,hallusionbench-image-VD-ocr-3,internvl,hallusionbench,image,1,0,0,6,,1,1.0000078678131386,-0.0,-20.91152143001329
hallusionbench-image-VD-ocr-3-1-0,hallusionbench-image-VD-ocr-3,internvl,hallusionbench,image,0,1,1,1,vision_hallucination|reasoning_hallucination,1,1.0000467300419247,0.0015273297447747631,1201.9205945424462
hallusionbench-image-VD-ocr-3-1-1,hallusionbench-image-VD-ocr-3,internvl,hallusionbench,image,1,0,1,1,vision_hallucination,1,1.0000287294385535,-0.0,-19.736621649857266
hallusionbench-image-VD-ocr-3-1-2,hallusionbench-image-VD-ocr-3,internvl,hallusionbench,image,0,1,1,1,vision_hallucination|reasoning_hallucination,1,1.0002022981638892,0.6730601336224014,-13.000621730968492
hallusionbench-image-VD-ocr-3-2-1,hallusionbench-image-VD-ocr-3,internvl,hallusionbench,image,1,0,1,2,vision_hallucination|reasoning_hallucination,1,1.0000287294385535,0.49979046463034904,-12.272702225309242
hallusionbench-image-VD-ocr-3-2-0,hallusionbench-image-VD-ocr-3,internvl,hallusionbench,image,0,1,1,1,vision_hallucination|reasoning_hallucination,1,1.0000467300419247,-0.0,-18.689204715829383
hallusionbench-image-VD-ocr-3-2-2,hallusionbench-image-VD-ocr-3,internvl,hallusionbench,image,0,1,1,1,vision_hallucination|reasoning_hallucination,1,1.0002022981638892,0.6729823963599293,-12.180537282705417
hallusionbench-image-VD-ocr-4-0-0,hallusionbench-image-VD-ocr-4,internvl,hallusionbench,image,1,0,0,6,,1,1.000020623206926,-0.0,-19.23771902497865
hallusionbench-image-VD-ocr-4-0-1,hallusionbench-image-VD-ocr-4,internvl,hallusionbench,image,1,0,0,6,,1,1.0000594854366165,-0.0,-15.540475980184349
hallusionbench-image-VD-ocr-4-1-0,hallusionbench-image-VD-ocr-4,internvl,hallusionbench,image,0,1,1,1,vision_hallucination|reasoning_hallucination,1,1.0003623962316468,0.6729034041678655,-11.058363373414684
hallusionbench-image-VD-ocr-4-1-1,hallusionbench-image-VD-ocr-4,internvl,hallusionbench,image,1,0,0,5,,1,1.0015482902867527,0.6735745764751443,8.097155344700404
hallusionbench-image-VD-ocr-5-0-0,hallusionbench-image-VD-ocr-5,internvl,hallusionbench,image,1,0,0,6,,1,1.0000233650208614,-0.0,-19.66030144129654
hallusionbench-image-VD-ocr-5-1-0,hallusionbench-image-VD-ocr-5,internvl,hallusionbench,image,1,0,0,5,,1,1.0000880956670881,0.4997082210506621,-11.767537448582356
hallusionbench-image-VD-ocr-5-1-1,hallusionbench-image-VD-ocr-5,internvl,hallusionbench,image,0,1,0,3,,1,1.000061273574781,0.5002441101891151,-14.552589376641883
hallusionbench-image-VD-ocr-5-0-1,hallusionbench-image-VD-ocr-5,internvl,hallusionbench,image,1,0,0,6,,1,1.000026106835038,-0.0,-21.133561406973286
hallusionbench-image-VD-ocr-6-0-0,hallusionbench-image-VD-ocr-6,internvl,hallusionbench,image,1,0,0,6,,1,1.0000177621836368,-0.0,-20.45959122407184
hallusionbench-image-VD-ocr-6-0-1,hallusionbench-image-VD-ocr-6,internvl,hallusionbench,image,1,0,0,6,,1,1.0000290870658464,0.4554256218484879,208.62561942480096
hallusionbench-image-VD-ocr-6-1-0,hallusionbench-image-VD-ocr-6,internvl,hallusionbench,image,1,0,0,4,,1,1.0000323057190559,-0.0,-18.800475496934514
hallusionbench-image-VD-ocr-6-1-1,hallusionbench-image-VD-ocr-6,internvl,hallusionbench,image,0,1,0,4,,1,1.0000602006914987,0.6726219211159834,-3.8732954821792056
hallusionbench-image-VD-ocr-7-0-0,hallusionbench-image-VD-ocr-7,internvl,hallusionbench,image,1,0,1,1,vision_hallucination|reasoning_hallucination,1,1.0002684593182811,-0.0,-10.601868576364662
hallusionbench-image-VD-ocr-7-1-0,hallusionbench-image-VD-ocr-7,internvl,hallusionbench,image,0,1,1,1,vision_hallucination,1,1.0015501975588463,0.681033557017914,310.8877002482649
hallusionbench-image-VD-ocr-7-0-1,hallusionbench-image-VD-ocr-7,internvl,hallusionbench,image,0,1,1,1,vision_hallucination|reasoning_hallucination,1,1.0000905990602655,0.673014150190173,-3.1809786048378346
hallusionbench-image-VD-ocr-7-1-1,hallusionbench-image-VD-ocr-7,internvl,hallusionbench,image,1,0,0,5,,1,1.0019882918382308,0.4998417908816503,-11.01576446586956
hallusionbench-image-VD-ocr-8-0-0,hallusionbench-image-VD-ocr-8,internvl,hallusionbench,image,1,0,0,6,,1,1.0000238418583605,-0.0,-22.0661149761727
hallusionbench-image-VD-ocr-8-0-1,hallusionbench-image-VD-ocr-8,internvl,hallusionbench,image,1,0,0,6,,1,1.0000143051152,-0.0,-20.688690629687848
hallusionbench-image-VD-ocr-8-1-0,hallusionbench-image-VD-ocr-8,internvl,hallusionbench,image,1,0,0,4,,1,1.0040192605817406,0.6730934930815251,-8.051566736462743
hallusionbench-image-VD-ocr-8-1-1,hallusionbench-image-VD-ocr-8,internvl,hallusionbench,image,0,1,1,1,vision_hallucination|reasoning_hallucination,1,1.008712410567784,0.5136445423579954,273.97240618486046
hallusionbench-image-VD-ocr-9-0-0,hallusionbench-image-VD-ocr-9,internvl,hallusionbench,image,1,0,0,6,,1,1.000018000602841,-0.0,-21.251126516710965
hallusionbench-image-VD-ocr-9-0-1,hallusionbench-image-VD-ocr-9,internvl,hallusionbench,image,1,0,0,6,,1,1.0000160932544362,-0.0,-23.15010411580431
hallusionbench-image-VD-ocr-9-1-0,hallusionbench-image-VD-ocr-9,internvl,hallusionbench,image,0,1,1,1,vision_hallucination|reasoning_hallucination,1,1.00177824500417,-0.0,190.2530429569084
hallusionbench-image-VD-ocr-9-1-1,hallusionbench-image-VD-ocr-9,internvl,hallusionbench,image,0,1,0,3,,1,1.0000625848781333,0.6755297051314583,97.66040704127408
hallusionbench-image-VD-ocr-10-0-0,hallusionbench-image-VD-ocr-10,internvl,hallusionbench,image,1,0,0,6,,1,1.0000244379046443,-0.0,-19.329968163177014
hallusionbench-image-VD-ocr-10-0-1,hallusionbench-image-VD-ocr-10,internvl,hallusionbench,image,1,0,0,6,,1,1.0000103712083113,-0.0,-16.835394431912206
hallusionbench-image-VD-ocr-10-1-0,hallusionbench-image-VD-ocr-10,internvl,hallusionbench,image,0,1,1,1,vision_hallucination|reasoning_hallucination,1,1.000262141238213,0.6730331774372832,-13.461389578462228
hallusionbench-image-VD-ocr-10-1-1,hallusionbench-image-VD-ocr-10,internvl,hallusionbench,image,1,0,0,5,,1,1.0003268718773928,0.6730079065352151,-7.621346119615819
hallusionbench-image-VD-ocr-11-0-0,hallusionbench-image-VD-ocr-11,internvl,hallusionbench,image,1,0,0,5,,1,1.000026106835038,-0.0,-21.304607350746558
hallusionbench-image-VD-ocr-11-1-0,hallusionbench-image-VD-ocr-11,internvl,hallusionbench,image,0,1,0,3,,1,1.0002851486096924,0.6623987965933288,213.60338798297033
hallusionbench-image-VD-ocr-11-0-1,hallusionbench-image-VD-ocr-11,internvl,hallusionbench,image,1,0,0,6,,1,1.0000090599061193,-0.0,-19.905651769665084
hallusionbench-image-VD-ocr-11-1-1,hallusionbench-image-VD-ocr-11,internvl,hallusionbench,image,1,0,0,4,,1,1.0001753568713256,0.6728817678796946,-3.3699409873623356
hallusionbench-image-VD-ocr-12-0-0,hallusionbench-image-VD-ocr-12,internvl,hallusionbench,image,1,0,0,5,,1,1.0002372264911086,0.6728554003430018,-9.786859252285645
hallusionbench-image-VD-ocr-12-1-0,hallusionbench-image-VD-ocr-12,internvl,hallusionbench,image,0,1,1,1,vision_hallucination|reasoning_hallucination,1,1.0001728534770247,0.6732078005889435,-5.408696607533699
hallusionbench-image-VD-ocr-12-0-1,hallusionbench-image-VD-ocr-12,internvl,hallusionbench,image,1,0,1,1,reasoning_hallucination,1,1.0009156465811149,0.5171020941022614,343.55303505439247
hallusionbench-image-VD-ocr-12-1-1,hallusionbench-image-VD-ocr-12,internvl,hallusionbench,image,1,0,0,5,,1,1.0008465051549935,0.5009010711058611,1.1594404992056457
hallusionbench-image-VD-ocr-13-0-0,hallusionbench-image-VD-ocr-13,internvl,hallusionbench,image,1,0,0,6,,1,1.0000281333915306,-0.0,-20.935634131077364
hallusionbench-image-VD-ocr-13-1-0,hallusionbench-image-VD-ocr-13,internvl,hallusionbench,image,0,1,1,1,vision_hallucination|reasoning_hallucination,1,1.000978231468924,0.5204947693699259,416.246739573073
hallusionbench-image-VD-ocr-13-0-1,hallusionbench-image-VD-ocr-13,internvl,hallusionbench,image,1,0,0,6,,1,1.0019351243591155,-0.0,-15.187382256801545
hallusionbench-image-VD-ocr-14-0-0,hallusionbench-image-VD-ocr-14,internvl,hallusionbench,image,1,0,0,6,,1,1.0000312328341079,-0.0,-19.154512455186985
hallusionbench-image-VD-ocr-13-1-1,hallusionbench-image-VD-ocr-13,internvl,hallusionbench,image,1,0,0,5,,1,1.0004237890122372,0.5003033208870163,-13.610059846906196
hallusionbench-image-VD-ocr-14-0-1,hallusionbench-image-VD-ocr-14,internvl,hallusionbench,image,1,0,0,5,,1,1.0000294446950861,-0.0,-16.862102198386633
hallusionbench-image-VD-ocr-14-1-0,hallusionbench-image-VD-ocr-14,internvl,hallusionbench,image,0,1,1,1,vision_hallucination|reasoning_hallucination,1,1.0004618167849402,0.6729202526592675,-4.848919104842455
hallusionbench-image-VD-ocr-14-1-1,hallusionbench-image-VD-ocr-14,internvl,hallusionbench,image,0,1,1,1,vision_hallucination|reasoning_hallucination,1,1.0001238584528087,0.6732976144164564,-0.8096884839221925
hallusionbench-image-VD-ocr-15-0-0,hallusionbench-image-VD-ocr-15,internvl,hallusionbench,image,1,0,0,6,,1,1.0000050067899622,-0.0,-22.987550766851808
hallusionbench-image-VD-ocr-15-1-0,hallusionbench-image-VD-ocr-15,internvl,hallusionbench,image,0,1,1,1,vision_hallucination|reasoning_hallucination,1,1.0001072883602977,0.6764763703347016,121.59764077065358
hallusionbench-image-VD-ocr-15-0-1,hallusionbench-image-VD-ocr-15,internvl,hallusionbench,image,1,0,0,6,,1,1.000016450882667,-0.0,-19.64292781618436
hallusionbench-image-VD-ocr-15-1-1,hallusionbench-image-VD-ocr-15,internvl,hallusionbench,image,0,1,1,1,reasoning_hallucination,1,1.0002317428588317,0.5004744829363539,3.2440998424284384
hallusionbench-image-VD-ocr-16-0-0,hallusionbench-image-VD-ocr-16,internvl,hallusionbench,image,1,0,0,5,,1,1.000019073486326,-0.0,-18.75637923135871
hallusionbench-image-VD-ocr-16-0-1,hallusionbench-image-VD-ocr-16,internvl,hallusionbench,image,0,1,1,1,reasoning_hallucination,1,1.0001114606833426,0.49979726860361684,-6.514314429713998
hallusionbench-image-VD-ocr-16-1-0,hallusionbench-image-VD-ocr-16,internvl,hallusionbench,image,0,1,1,1,vision_hallucination|reasoning_hallucination,1,1.0000945329671351,0.627649157647461,1399.8013847781006
hallusionbench-image-VD-ocr-16-1-1,hallusionbench-image-VD-ocr-16,internvl,hallusionbench,image,0,1,1,1,vision_hallucination|reasoning_hallucination,1,1.0014293193896593,0.5111797672804985,221.71582495198965
hallusionbench-image-VD-ocr-17-0-0,hallusionbench-image-VD-ocr-17,internvl,hallusionbench,image,1,0,0,6,,1,1.0000449419006594,-0.0,-20.416002980497346
hallusionbench-image-VD-ocr-17-1-0,hallusionbench-image-VD-ocr-17,internvl,hallusionbench,image,0,1,1,1,vision_hallucination|reasoning_hallucination,1,1.0003504753043202,0.6931216101059712,1172.73439242394
hallusionbench-image-VD-ocr-17-0-1,hallusionbench-image-VD-ocr-17,internvl,hallusionbench,image,1,0,0,6,,1,1.0000298023226346,-0.0,-19.23687742985016
hallusionbench-image-VD-ocr-17-1-1,hallusionbench-image-VD-ocr-17,internvl,hallusionbench,image,1,0,0,5,,1,1.000502347944654,0.6729779812224718,-9.716623605070534
hallusionbench-image-VD-ocr-18-0-0,hallusionbench-image-VD-ocr-18,internvl,hallusionbench,image,1,0,0,5,,1,1.0000265836720255,-0.0,-19.23740053990394
hallusionbench-image-VD-ocr-18-0-1,hallusionbench-image-VD-ocr-18,internvl,hallusionbench,image,0,1,1,1,reasoning_hallucination,1,1.0000485181791108,0.49910223016304767,-7.348281843791894
hallusionbench-image-VD-ocr-18-1-0,hallusionbench-image-VD-ocr-18,internvl,hallusionbench,image,0,1,1,0,vision_hallucination|reasoning_hallucination,1,1.0004351138958048,0.6730525422499726,-10.044385400567785
hallusionbench-image-VD-ocr-18-1-1,hallusionbench-image-VD-ocr-18,internvl,hallusionbench,image,1,0,0,5,,1,1.0002152919822727,0.5004576516507525,-11.671454650673015
hallusionbench-image-VD-ocr-19-0-0,hallusionbench-image-VD-ocr-19,internvl,hallusionbench,image,1,0,0,6,,1,1.0000276565556234,-0.0,-18.647343284655392
hallusionbench-image-VD-ocr-19-1-0,hallusionbench-image-VD-ocr-19,internvl,hallusionbench,image,0,1,1,1,vision_hallucination|reasoning_hallucination,1,1.000476002703521,0.677609566300506,169.39555474850982
hallusionbench-image-VD-ocr-19-0-1,hallusionbench-image-VD-ocr-19,internvl,hallusionbench,image,0,1,1,1,reasoning_hallucination,1,1.0003405809499428,-0.0,-13.371263441633424
hallusionbench-image-VD-ocr-19-1-1,hallusionbench-image-VD-ocr-19,internvl,hallusionbench,image,1,0,0,5,,1,1.0001928806322231,0.6729835781420435,-12.26208337183812
hallusionbench-image-VD-ocr-20-0-0,hallusionbench-image-VD-ocr-20,internvl,hallusionbench,image,1,0,1,1,reasoning_hallucination,1,1.000142931936523,-0.0,-15.819534911171765
hallusionbench-image-VD-ocr-20-0-1,hallusionbench-image-VD-ocr-20,internvl,hallusionbench,image,0,1,1,1,reasoning_hallucination,1,1.000649929039856,0.6717505714275902,21.552334750613745
hallusionbench-image-VD-ocr-20-1-1,hallusionbench-image-VD-ocr-20,internvl,hallusionbench,image,1,0,0,4,,1,1.0004441738250813,0.5005249015536379,-10.441485237865248
hallusionbench-image-VD-ocr-20-1-0,hallusionbench-image-VD-ocr-20,internvl,hallusionbench,image,0,1,1,1,reasoning_hallucination,1,1.0007745027572452,0.6730299109196274,-9.823176229246856
hallusionbench-image-VD-figure-0-0-0,hallusionbench-image-VD-figure-0,internvl,hallusionbench,image,1,0,0,5,,1,1.000558137889203,-0.0,-15.24149030552684
hallusionbench-image-VD-figure-0-1-0,hallusionbench-image-VD-figure-0,internvl,hallusionbench,image,0,1,1,1,vision_hallucination|reasoning_hallucination,1,1.0002788305406562,0.6730551893206582,-11.479262212488448
hallusionbench-image-VD-figure-1-0-0,hallusionbench-image-VD-figure-1,internvl,hallusionbench,image,1,0,0,6,,1,1.000027418135936,-0.0,-18.486137996778595
hallusionbench-image-VD-figure-1-0-1,hallusionbench-image-VD-figure-1,internvl,hallusionbench,image,1,0,0,6,,1,1.0000615119934444,0.6724552408693996,-1.7143081369659185
hallusionbench-image-VD-figure-1-1-0,hallusionbench-image-VD-figure-1,internvl,hallusionbench,image,0,1,1,1,vision_hallucination|reasoning_hallucination,1,1.000212669369807,-0.0,-19.466027759172682
hallusionbench-image-VD-figure-1-1-1,hallusionbench-image-VD-figure-1,internvl,hallusionbench,image,1,0,0,5,,1,1.000096082690067,-0.0,1204.1667632058266
hallusionbench-image-VD-figure-2-0-0,hallusionbench-image-VD-figure-2,internvl,hallusionbench,image,1,0,0,6,,1,1.0010672807540255,-0.0,-12.86136522636561
hallusionbench-image-VD-figure-2-0-1,hallusionbench-image-VD-figure-2,internvl,hallusionbench,image,1,0,0,5,,1,1.0002334117840475,0.4987351553364829,9.28692153820888
hallusionbench-image-VD-figure-2-1-0,hallusionbench-image-VD-figure-2,internvl,hallusionbench,image,1,0,1,1,vision_hallucination|reasoning_hallucination,1,1.0000212192531106,0.5005275815401036,-7.541848038388897
hallusionbench-image-VD-figure-2-1-1,hallusionbench-image-VD-figure-2,internvl,hallusionbench,image,1,0,1,1,vision_hallucination|reasoning_hallucination,1,1.0000408887855043,0.5003812130815747,-16.164683890123403
hallusionbench-image-VD-figure-3-0-0,hallusionbench-image-VD-figure-3,internvl,hallusionbench,image,1,0,0,5,,1,1.0041034223688792,0.6733468971794219,4.603973046484835
hallusionbench-image-VD-figure-3-0-1,hallusionbench-image-VD-figure-3,internvl,hallusionbench,image,0,1,1,1,vision_hallucination|reasoning_hallucination,1,1.000124454500491,-0.0,-17.332604118064587
hallusionbench-image-VD-figure-3-1-0,hallusionbench-image-VD-figure-3,internvl,hallusionbench,image,0,1,1,1,vision_hallucination|reasoning_hallucination,1,1.001342654193424,0.5044918053110965,76.70747130887113
hallusionbench-image-VD-figure-3-1-1,hallusionbench-image-VD-figure-3,internvl,hallusionbench,image,1,0,0,5,,1,1.0000780820842767,0.6717432085263089,19.185527464872855
hallusionbench-image-VD-figure-4-0-0,hallusionbench-image-VD-figure-4,internvl,hallusionbench,image,0,1,1,2,vision_hallucination|reasoning_hallucination,1,1.0000869035717572,0.5084925152265232,162.41653951478497
hallusionbench-image-VD-figure-4-0-1,hallusionbench-image-VD-figure-4,internvl,hallusionbench,image,0,1,1,1,vision_hallucination|reasoning_hallucination,1,1.0000984668749258,-0.0,-21.557852995098457
hallusionbench-image-VD-figure-4-1-0,hallusionbench-image-VD-figure-4,internvl,hallusionbench,image,0,1,1,2,vision_hallucination|reasoning_hallucination,1,1.000564098378507,0.6727766427331685,-7.618157232804431
hallusionbench-image-VD-figure-5-0-0,hallusionbench-image-VD-figure-5,internvl,hallusionbench,image,1,0,0,5,,1,1.0001820325909863,-0.0,-11.156843911666204
hallusionbench-image-VD-figure-4-1-1,hallusionbench-image-VD-figure-4,internvl,hallusionbench,image,1,0,1,1,vision_hallucination|reasoning_hallucination,1,1.00003647804216,0.5004036190815795,-15.592244583165499
hallusionbench-image-VD-figure-5-0-1,hallusionbench-image-VD-figure-5,internvl,hallusionbench,image,1,0,0,6,,1,1.0000152587890614,-0.0,-17.930013420096437
hallusionbench-image-VD-figure-5-1-1,hallusionbench-image-VD-figure-5,internvl,hallusionbench,image,1,0,0,4,,1,1.0000895261746288,0.6730093895351754,-12.61311413793759
hallusionbench-image-VD-figure-5-1-0,hallusionbench-image-VD-figure-5,internvl,hallusionbench,image,0,1,1,1,vision_hallucination|reasoning_hallucination,1,1.0005646944119182,0.5005432673233454,-11.160990115230174
hallusionbench-image-VD-figure-5-2-1,hallusionbench-image-VD-figure-5,internvl,hallusionbench,image,1,0,0,5,,1,1.00006961822544,0.500429255447693,-14.37715711062814
hallusionbench-image-VD-figure-6-0-0,hallusionbench-image-VD-figure-6,internvl,hallusionbench,image,1,0,0,6,,1,1.0000512599949452,0.4968494195960288,3.6198386021056486
hallusionbench-image-VD-figure-5-2-0,hallusionbench-image-VD-figure-5,internvl,hallusionbench,image,0,1,1,1,vision_hallucination|reasoning_hallucination,1,1.0005668401700825,0.5011119280694206,2.1371199836034336
hallusionbench-image-VD-figure-6-1-0,hallusionbench-image-VD-figure-6,internvl,hallusionbench,image,0,1,1,1,vision_hallucination|reasoning_hallucination,1,1.0001777410559622,-0.0,-18.129363283625946
hallusionbench-image-VD-figure-6-0-1,hallusionbench-image-VD-figure-6,internvl,hallusionbench,image,1,0,0,6,,1,1.0000238418583605,-0.0,-18.8951451477043
hallusionbench-image-VD-figure-7-0-0,hallusionbench-image-VD-figure-7,internvl,hallusionbench,image,1,0,0,6,,1,1.0010410546831934,0.6729705055568262,-12.537089471177154
hallusionbench-image-VD-figure-6-1-1,hallusionbench-image-VD-figure-6,internvl,hallusionbench,image,0,1,1,1,vision_hallucination|reasoning_hallucination,1,1.0003471374445052,0.6732718264717232,-1.691430299249399
hallusionbench-image-VD-figure-7-1-0,hallusionbench-image-VD-figure-7,internvl,hallusionbench,image,0,1,1,1,reasoning_hallucination,1,1.0003167390876717,0.6730144119737633,-14.833767378185662
hallusionbench-image-VD-figure-7-0-1,hallusionbench-image-VD-figure-7,internvl,hallusionbench,image,1,0,0,6,,1,1.0000200271610966,-0.0,341.7947386064225
hallusionbench-image-VD-figure-7-1-1,hallusionbench-image-VD-figure-7,internvl,hallusionbench,image,1,0,0,5,,1,1.0003036260741904,0.49838019600554406,1.8459514169416646
hallusionbench-image-VD-figure-8-0-0,hallusionbench-image-VD-figure-8,internvl,hallusionbench,image,1,0,0,5,,1,1.0040997266858631,0.5006125922604238,-2.3409732213847416
hallusionbench-image-VD-figure-8-0-1,hallusionbench-image-VD-figure-8,internvl,hallusionbench,image,1,0,0,5,,1,1.000023007391977,-0.0,-17.32691896696656
hallusionbench-image-VD-figure-8-1-0,hallusionbench-image-VD-figure-8,internvl,hallusionbench,image,0,1,1,1,vision_hallucination|reasoning_hallucination,1,1.0028572082423717,0.499084168144292,-7.8095356925182475
hallusionbench-image-VD-figure-8-1-1,hallusionbench-image-VD-figure-8,internvl,hallusionbench,image,0,1,1,1,vision_hallucination|reasoning_hallucination,1,1.00009810924829,0.6729701177425202,-11.601632360819274
hallusionbench-image-VD-figure-9-0-0,hallusionbench-image-VD-figure-9,internvl,hallusionbench,image,1,0,0,5,,1,1.0010387897985566,-0.0,-0.15294455516129446
hallusionbench-image-VD-figure-9-0-1,hallusionbench-image-VD-figure-9,internvl,hallusionbench,image,1,0,0,5,,1,1.000026106835038,-0.0,-18.279001054425
hallusionbench-image-VD-figure-9-1-0,hallusionbench-image-VD-figure-9,internvl,hallusionbench,image,1,0,1,1,vision_hallucination|reasoning_hallucination,1,1.0000140666959672,-0.0,-17.416408667155306
hallusionbench-image-VD-figure-9-1-1,hallusionbench-image-VD-figure-9,internvl,hallusionbench,image,1,0,0,5,,1,1.0000511407868284,0.673012919660694,-12.141401320480409
hallusionbench-image-VD-figure-10-0-0,hallusionbench-image-VD-figure-10,internvl,hallusionbench,image,1,0,0,5,,1,1.0106027130539923,1.047397165038205,1542.2911605570926
hallusionbench-image-VD-figure-10-1-0,hallusionbench-image-VD-figure-10,internvl,hallusionbench,image,1,0,0,5,,1,1.000134944910518,0.6777868338389821,175.2268001270954
hallusionbench-image-VD-figure-10-0-1,hallusionbench-image-VD-figure-10,internvl,hallusionbench,image,1,0,0,5,,1,1.0000659227344182,-0.0,-18.030196710060427
hallusionbench-image-VD-figure-11-0-0,hallusionbench-image-VD-figure-11,internvl,hallusionbench,image,1,0,0,5,,1,1.0009149313115824,0.5004999892815416,-9.706329424974996
hallusionbench-image-VD-figure-10-1-1,hallusionbench-image-VD-figure-10,internvl,hallusionbench,image,0,1,1,1,vision_hallucination|reasoning_hallucination,1,1.0001364946378555,0.6730173806448492,-12.949143978589301
hallusionbench-image-VD-figure-11-0-1,hallusionbench-image-VD-figure-11,internvl,hallusionbench,image,1,0,0,5,,1,1.0006304979500125,0.6735360709713463,6.689544579569814
hallusionbench-image-VD-figure-11-1-0,hallusionbench-image-VD-figure-11,internvl,hallusionbench,image,1,0,1,1,vision_hallucination|reasoning_hallucination,1,1.0000147819520169,0.5002873414677185,-12.069451009602128
hallusionbench-image-VD-figure-11-1-1,hallusionbench-image-VD-figure-11,internvl,hallusionbench,image,1,0,0,4,,1,1.0001666545895982,0.6729825903660398,-12.92145118884791
hallusionbench-image-VD-figure-12-0-0,hallusionbench-image-VD-figure-12,internvl,hallusionbench,image,0,1,1,1,reasoning_hallucination,1,1.0013307333000556,0.5204240677751617,409.3985520158776
hallusionbench-image-VD-figure-12-1-0,hallusionbench-image-VD-figure-12,internvl,hallusionbench,image,1,0,1,1,reasoning_hallucination,1,1.000236153601003,0.4806213038911985,91.12652976697743
hallusionbench-image-VD-figure-12-0-1,hallusionbench-image-VD-figure-12,internvl,hallusionbench,image,1,0,0,5,,1,1.0000218152996503,-0.0,-19.359782191885337
hallusionbench-image-VD-figure-12-1-1,hallusionbench-image-VD-figure-12,internvl,hallusionbench,image,0,1,1,1,vision_hallucination|reasoning_hallucination,1,1.0003885030853006,-0.0,-15.782103330880314
hallusionbench-image-VD-figure-13-0-0,hallusionbench-image-VD-figure-13,internvl,hallusionbench,image,1,0,0,5,,1,1.0111236568197803,-0.0,20.16445662458259
hallusionbench-image-VD-figure-13-1-0,hallusionbench-image-VD-figure-13,internvl,hallusionbench,image,0,1,1,1,vision_hallucination|reasoning_hallucination,1,1.0024967194374428,0.502875185122185,41.79934315667455
hallusionbench-image-VD-figure-13-0-1,hallusionbench-image-VD-figure-13,internvl,hallusionbench,image,1,0,0,5,,1,1.0002439022016125,0.6726118875351612,-2.9410387832564258
hallusionbench-image-VD-figure-14-0-0,hallusionbench-image-VD-figure-14,internvl,hallusionbench,image,1,0,0,5,,1,1.0019391775115214,-0.0,-4.658850485885051
hallusionbench-image-VD-figure-13-1-1,hallusionbench-image-VD-figure-13,internvl,hallusionbench,image,1,0,0,5,,1,1.0001174211531996,0.6730348155360855,-9.401832765794405
hallusionbench-image-VD-figure-14-1-0,hallusionbench-image-VD-figure-14,internvl,hallusionbench,image,0,1,1,1,vision_hallucination|reasoning_hallucination,1,1.0032011270232857,-0.0,-3.471359443839919
hallusionbench-image-VD-figure-14-0-1,hallusionbench-image-VD-figure-14,internvl,hallusionbench,image,1,0,0,5,,1,1.0001362562158698,-0.0,-17.13516197624888
hallusionbench-image-VD-figure-14-1-1,hallusionbench-image-VD-figure-14,internvl,hallusionbench,image,1,0,0,5,,1,1.000946760164389,0.5004642790708527,-12.048320783469153
hallusionbench-image-VD-figure-15-0-0,hallusionbench-image-VD-figure-15,internvl,hallusionbench,image,1,0,0,5,,1,1.0024961233034833,0.502177360646738,26.35107804360268
hallusionbench-image-VD-figure-15-0-1,hallusionbench-image-VD-figure-15,internvl,hallusionbench,image,1,0,0,5,,1,1.0010535717156182,0.5005832056518451,-9.594564866888696
hallusionbench-image-VD-figure-15-1-0,hallusionbench-image-VD-figure-15,internvl,hallusionbench,image,1,0,1,1,vision_hallucination,1,1.0000352859501471,0.6930188198226606,1128.7784433308582
hallusionbench-image-VD-figure-16-0-0,hallusionbench-image-VD-figure-16,internvl,hallusionbench,image,1,0,1,1,reasoning_hallucination,1,1.006757140244044,-0.0,-17.772287400309967
hallusionbench-image-VD-figure-15-1-1,hallusionbench-image-VD-figure-15,internvl,hallusionbench,image,1,0,1,1,vision_hallucination,1,1.000102639197552,-0.0,-14.501625540249135
hallusionbench-image-VD-figure-16-0-1,hallusionbench-image-VD-figure-16,internvl,hallusionbench,image,1,0,1,1,vision_hallucination|reasoning_hallucination,1,1.000212311738721,0.4991842965141745,0.3442749576526509
hallusionbench-image-VD-figure-16-1-0,hallusionbench-image-VD-figure-16,internvl,hallusionbench,image,0,1,1,2,reasoning_hallucination,1,1.0046566723041606,0.5016061288556404,11.177205881636208
hallusionbench-image-VD-figure-17-0-0,hallusionbench-image-VD-figure-17,internvl,hallusionbench,image,1,0,0,5,,1,1.0013599395835173,-0.0,-8.964457283027357
hallusionbench-image-VD-figure-16-1-1,hallusionbench-image-VD-figure-16,internvl,hallusionbench,image,1,0,1,2,vision_hallucination,1,1.0009371042056314,-0.0,-0.7714957649873071
hallusionbench-image-VD-figure-17-0-1,hallusionbench-image-VD-figure-17,internvl,hallusionbench,image,1,0,0,5,,1,1.0000363588321672,-0.0,-19.03468389747843
hallusionbench-image-VD-figure-17-1-0,hallusionbench-image-VD-figure-17,internvl,hallusionbench,image,0,1,1,1,vision_hallucination|reasoning_hallucination,1,1.016193985983719,0.49999012372934726,-11.395493683766878
hallusionbench-image-VD-figure-17-1-1,hallusionbench-image-VD-figure-17,internvl,hallusionbench,image,0,1,1,0,vision_hallucination|reasoning_hallucination,1,1.000036597252167,-0.0,-18.24489647012153
hallusionbench-image-VD-figure-18-0-0,hallusionbench-image-VD-figure-18,internvl,hallusionbench,image,1,0,0,6,,1,1.0002381801592306,-0.0,-16.431893778920067
hallusionbench-image-VD-figure-18-1-0,hallusionbench-image-VD-figure-18,internvl,hallusionbench,image,1,0,1,1,vision_hallucination|reasoning_hallucination,1,1.0639880873394216,0.6731597514176505,-5.772105647074257
hallusionbench-image-VD-figure-18-0-1,hallusionbench-image-VD-figure-18,internvl,hallusionbench,image,1,0,0,6,,1,1.0000082254411564,-0.0,-12.282742927745375
hallusionbench-image-VD-figure-18-1-1,hallusionbench-image-VD-figure-18,internvl,hallusionbench,image,1,0,0,4,,1,1.0001463890111846,0.5003979464672801,-12.581546248228296
hallusionbench-image-VD-figure-19-0-0,hallusionbench-image-VD-figure-19,internvl,hallusionbench,image,1,0,0,5,,1,1.0021976233007874,-0.0,0.7790065258053538
hallusionbench-image-VD-figure-19-0-1,hallusionbench-image-VD-figure-19,internvl,hallusionbench,image,1,0,0,5,,1,1.0000512599949452,-0.0,-17.83871655489097
hallusionbench-image-VD-figure-19-1-1,hallusionbench-image-VD-figure-19,internvl,hallusionbench,image,1,0,1,1,vision_hallucination|reasoning_hallucination,1,1.0000694990151349,0.5004420020740625,-13.917348622115474
hallusionbench-image-VD-video-0-0-0,hallusionbench-image-VD-video-0,internvl,hallusionbench,image,1,0,0,6,,1,1.0005862713050846,-0.0,-0.6551022028896867
hallusionbench-image-VD-figure-19-1-0,hallusionbench-image-VD-figure-19,internvl,hallusionbench,image,1,0,1,1,vision_hallucination,1,1.000048398971321,0.4976421228076854,2.990631366511801
hallusionbench-image-VD-video-1-0-0,hallusionbench-image-VD-video-1,internvl,hallusionbench,image,1,0,0,6,,1,1.0005677938612685,0.49965451983953774,5.862645752382333
hallusionbench-image-VD-video-1-0-1,hallusionbench-image-VD-video-1,internvl,hallusionbench,image,1,0,0,6,,1,1.0005313158064246,0.502564583714761,42.359719464238765
hallusionbench-image-VD-video-0-1-0,hallusionbench-image-VD-video-0,internvl,hallusionbench,image,0,1,1,1,vision_hallucination|reasoning_hallucination,1,1.000898003570532,-0.0,-14.171958544835228
hallusionbench-image-VD-video-1-0-2,hallusionbench-image-VD-video-1,internvl,hallusionbench,image,1,0,0,5,,1,1.0049005745208883,-0.0,49.34626359710519
hallusionbench-image-VD-video-1-0-3,hallusionbench-image-VD-video-1,internvl,hallusionbench,image,1,0,0,5,,1,1.0011399984925817,0.6732840051977824,6.7766050653239915
hallusionbench-image-VD-video-1-1-0,hallusionbench-image-VD-video-1,internvl,hallusionbench,image,1,0,0,4,,1,1.0001667737896531,-0.0,-14.329506786425261
hallusionbench-image-VD-video-1-1-2,hallusionbench-image-VD-video-1,internvl,hallusionbench,image,0,1,0,4,,1,1.00355827801341,0.5007340842087734,-5.373364665078876
hallusionbench-image-VD-video-1-1-1,hallusionbench-image-VD-video-1,internvl,hallusionbench,image,0,1,1,1,vision_hallucination|reasoning_hallucination,1,1.0003143549064963,-0.0,32.38528432931506
hallusionbench-image-VD-video-1-2-0,hallusionbench-image-VD-video-1,internvl,hallusionbench,image,1,0,0,5,,1,1.000149965281293,-0.0,-4.868777884479394
hallusionbench-image-VD-video-1-1-3,hallusionbench-image-VD-video-1,internvl,hallusionbench,image,1,0,0,5,,1,1.0011131763705414,0.3726246910127401,542.1365628108658
hallusionbench-image-VD-video-1-2-1,hallusionbench-image-VD-video-1,internvl,hallusionbench,image,1,0,0,5,,1,1.0002472400662947,0.6730080134724592,-11.38736259934724
hallusionbench-image-VD-video-1-2-2,hallusionbench-image-VD-video-1,internvl,hallusionbench,image,0,1,0,4,,1,1.00355827801341,0.5011343864310722,4.4488504007847975
hallusionbench-image-VD-video-1-2-3,hallusionbench-image-VD-video-1,internvl,hallusionbench,image,0,1,1,1,reasoning_hallucination,1,1.0011131763705414,0.5005924112653792,-6.517860463247009
hallusionbench-image-VD-video-2-0-0,hallusionbench-image-VD-video-2,internvl,hallusionbench,image,1,0,0,5,,1,1.0001173019444731,0.5004262737854953,-13.12248677379148
hallusionbench-image-VD-video-2-0-2,hallusionbench-image-VD-video-2,internvl,hallusionbench,image,1,0,0,5,,1,1.003353595742342,-0.0,-1.7015351319710703
hallusionbench-image-VD-video-2-0-1,hallusionbench-image-VD-video-2,internvl,hallusionbench,image,1,0,1,2,vision_hallucination|reasoning_hallucination,1,1.0001475811046512,-0.0,-17.560179977081503
hallusionbench-image-VD-video-2-1-0,hallusionbench-image-VD-video-2,internvl,hallusionbench,image,0,1,1,1,vision_hallucination|reasoning_hallucination,1,1.0002311468054295,-0.0,-16.856547529584624
hallusionbench-image-VD-video-2-1-1,hallusionbench-image-VD-video-2,internvl,hallusionbench,image,1,0,0,4,,1,1.000196337704879,0.6728691209382147,-8.802125325285605
hallusionbench-image-VD-video-2-1-2,hallusionbench-image-VD-video-2,internvl,hallusionbench,image,0,1,1,2,vision_hallucination|reasoning_hallucination,1,1.000849008575092,0.6588437229894235,874.7697116820533
hallusionbench-image-VD-video-3-0-0,hallusionbench-image-VD-video-3,internvl,hallusionbench,image,1,0,0,5,,1,1.0002472400662947,0.5010525560055351,1.110670032034072
hallusionbench-image-VD-video-3-0-2,hallusionbench-image-VD-video-3,internvl,hallusionbench,image,1,0,0,5,,1,1.002706766217902,0.49966023601287973,6.2488362216683555
hallusionbench-image-VD-video-3-0-3,hallusionbench-image-VD-video-3,internvl,hallusionbench,image,0,1,1,1,vision_hallucination|reasoning_hallucination,1,1.0032798052667993,0.673145734718148,-5.29533419332488
hallusionbench-image-VD-video-3-0-1,hallusionbench-image-VD-video-3,internvl,hallusionbench,image,1,0,0,5,,1,1.000064373014563,-0.0,-17.411028446455354
hallusionbench-image-VD-video-3-1-0,hallusionbench-image-VD-video-3,internvl,hallusionbench,image,1,0,0,4,,1,1.0002547502443326,0.6729974713746585,-12.937273302055347
hallusionbench-image-VD-video-3-1-2,hallusionbench-image-VD-video-3,internvl,hallusionbench,image,0,1,0,4,,1,1.002298832007451,0.5214684560402885,423.3981264028023
hallusionbench-image-VD-video-3-1-1,hallusionbench-image-VD-video-3,internvl,hallusionbench,image,0,1,1,1,vision_hallucination|reasoning_hallucination,1,1.000342607501395,0.6729740716372997,-11.107979212319739
hallusionbench-image-VD-video-3-2-0,hallusionbench-image-VD-video-3,internvl,hallusionbench,image,1,0,0,4,,1,1.000226140020363,0.5624783724926943,1209.5167998718998
hallusionbench-image-VD-video-3-1-3,hallusionbench-image-VD-video-3,internvl,hallusionbench,image,1,0,0,5,,1,1.0029014349734608,0.6728708116596636,-4.840421917317359
hallusionbench-image-VD-video-3-2-2,hallusionbench-image-VD-video-3,internvl,hallusionbench,image,0,1,0,4,,1,1.002298832007451,-0.0,-5.764868051386973
hallusionbench-image-VD-video-3-2-1,hallusionbench-image-VD-video-3,internvl,hallusionbench,image,1,0,0,5,,1,1.0004069805082327,0.5138917815017847,274.8373481471065
hallusionbench-image-VD-video-3-2-3,hallusionbench-image-VD-video-3,internvl,hallusionbench,image,0,1,0,4,,1,1.0029014349734608,0.2796296243438108,791.5407777557193
hallusionbench-image-VD-video-4-0-0,hallusionbench-image-VD-video-4,internvl,hallusionbench,image,1,0,0,6,,1,1.0000753402713083,-0.0,-18.05736006423607
hallusionbench-image-VD-video-4-0-1,hallusionbench-image-VD-video-4,internvl,hallusionbench,image,0,1,1,1,reasoning_hallucination,1,1.0004945993219792,-0.0,-9.424874069549196
hallusionbench-image-VD-video-4-0-2,hallusionbench-image-VD-video-4,internvl,hallusionbench,image,1,0,1,1,vision_hallucination|reasoning_hallucination,1,1.0064421891017619,0.5015367964301736,21.300764170951187
hallusionbench-image-VD-video-4-1-0,hallusionbench-image-VD-video-4,internvl,hallusionbench,image,1,0,0,5,,1,1.0002778768628886,0.5015629488360993,12.5757383987324
hallusionbench-image-VD-video-4-0-3,hallusionbench-image-VD-video-4,internvl,hallusionbench,image,0,1,1,1,reasoning_hallucination,1,1.0128251312577203,0.5025491682979016,41.13446220272968
hallusionbench-image-VD-video-4-1-2,hallusionbench-image-VD-video-4,internvl,hallusionbench,image,0,1,0,4,,1,1.0020041465952905,0.5054628085663883,100.75273174719779
hallusionbench-image-VD-video-4-1-1,hallusionbench-image-VD-video-4,internvl,hallusionbench,image,0,1,1,1,vision_hallucination|reasoning_hallucination,1,1.0003701448494473,-0.0,-14.967882838823844
hallusionbench-image-VD-video-4-1-3,hallusionbench-image-VD-video-4,internvl,hallusionbench,image,1,0,0,5,,1,1.0018579959318277,0.5009824959161746,0.5709174620668946
hallusionbench-image-VD-video-4-2-0,hallusionbench-image-VD-video-4,internvl,hallusionbench,image,1,0,0,5,,1,1.0002778768628886,0.6730299989880659,-12.612256795641896
hallusionbench-image-VD-video-4-2-1,hallusionbench-image-VD-video-4,internvl,hallusionbench,image,1,0,0,5,,1,1.0003701448494473,0.6907884052568384,848.5708368379494
hallusionbench-image-VD-video-4-2-2,hallusionbench-image-VD-video-4,internvl,hallusionbench,image,0,1,0,4,,1,1.0020034313061146,0.5002182516514512,-2.5261593850813
hallusionbench-image-VD-video-4-2-3,hallusionbench-image-VD-video-4,internvl,hallusionbench,image,0,1,0,4,,1,1.0017040968176012,0.6723341219416976,20.88263999179423
hallusionbench-image-VD-video-5-0-0,hallusionbench-image-VD-video-5,internvl,hallusionbench,image,1,0,0,5,,1,1.0001032352471415,-0.0,-18.900990967278144
hallusionbench-image-VD-video-5-0-1,hallusionbench-image-VD-video-5,internvl,hallusionbench,image,1,0,0,6,,1,1.0001882314718407,0.5188572482399748,421.8386215433386
hallusionbench-image-VD-video-5-0-2,hallusionbench-image-VD-video-5,internvl,hallusionbench,image,1,0,0,6,,1,1.0036824942151648,-0.0,-3.635279294749864
hallusionbench-image-VD-video-5-0-3,hallusionbench-image-VD-video-5,internvl,hallusionbench,image,1,0,0,5,,1,1.000986218412359,0.6572687496649197,311.8577846112049
hallusionbench-image-VD-video-5-1-0,hallusionbench-image-VD-video-5,internvl,hallusionbench,image,1,0,0,4,,1,1.0018022060495493,0.6729972425617436,-10.225265131365951
hallusionbench-image-VD-video-5-1-1,hallusionbench-image-VD-video-5,internvl,hallusionbench,image,0,1,0,3,,1,1.0001912117018614,0.6728378118117766,-9.896374351295645
hallusionbench-image-VD-video-5-1-3,hallusionbench-image-VD-video-5,internvl,hallusionbench,image,1,0,0,5,,1,1.0032526255385947,0.5626269844623579,1216.4731119676146
hallusionbench-image-VD-video-5-1-2,hallusionbench-image-VD-video-5,internvl,hallusionbench,image,0,1,0,4,,1,1.00210309028621,0.5010764718807569,3.046964397919128
hallusionbench-image-VD-video-6-0-0,hallusionbench-image-VD-video-6,internvl,hallusionbench,image,1,0,0,6,,1,1.0016019344285996,0.4991464356452502,-2.5466481964092793
hallusionbench-image-VD-video-6-0-1,hallusionbench-image-VD-video-6,internvl,hallusionbench,image,1,0,1,1,vision_hallucination|reasoning_hallucination,1,2.0001752491425653,0.5077526096184131,1740.010977374099
hallusionbench-image-VD-video-6-0-3,hallusionbench-image-VD-video-6,internvl,hallusionbench,image,0,1,1,1,vision_hallucination|reasoning_hallucination,1,1.0245581864528217,0.6756215266996757,98.91682776545419
hallusionbench-image-VD-video-6-0-2,hallusionbench-image-VD-video-6,internvl,hallusionbench,image,1,0,0,6,,1,1.0127573013191906,0.5028528699393633,49.11507227539216
hallusionbench-image-VD-video-6-1-0,hallusionbench-image-VD-video-6,internvl,hallusionbench,image,1,0,1,1,vision_hallucination|reasoning_hallucination,1,1.000301718701396,0.6808368870039274,297.15041199867426
hallusionbench-image-VD-video-6-1-2,hallusionbench-image-VD-video-6,internvl,hallusionbench,image,1,0,0,5,,1,1.001292943923168,0.6823453103205517,402.8495828976519
hallusionbench-image-VD-video-6-1-1,hallusionbench-image-VD-video-6,internvl,hallusionbench,image,0,1,1,1,vision_hallucination|reasoning_hallucination,1,1.000305294988339,0.49847469958942076,587.301548189614
hallusionbench-image-VD-video-6-1-3,hallusionbench-image-VD-video-6,internvl,hallusionbench,image,0,1,1,1,vision_hallucination|reasoning_hallucination,1,1.0008842945199126,0.6487096256016132,1316.8493166676797
hallusionbench-image-VD-video-7-0-0,hallusionbench-image-VD-video-7,internvl,hallusionbench,image,1,0,0,6,,1,1.0005024671555984,0.5009332357751064,-0.6395094232956744
hallusionbench-image-VD-video-7-0-2,hallusionbench-image-VD-video-7,internvl,hallusionbench,image,1,0,0,6,,1,1.0065246820027163,0.5014878489624517,13.318510649690506
hallusionbench-image-VD-video-7-0-3,hallusionbench-image-VD-video-7,internvl,hallusionbench,image,0,1,1,1,vision_hallucination|reasoning_hallucination,1,1.0091991420482702,0.5012512038513234,33.49466927445431
hallusionbench-image-VD-video-7-0-1,hallusionbench-image-VD-video-7,internvl,hallusionbench,image,0,1,1,1,vision_hallucination|reasoning_hallucination,1,1.0019477605815528,0.5008093986878274,17.97169629073322
hallusionbench-image-VD-video-7-1-0,hallusionbench-image-VD-video-7,internvl,hallusionbench,image,0,1,1,1,vision_hallucination|reasoning_hallucination,1,1.0002220869131364,-0.0,-17.285598588061593
hallusionbench-image-VD-video-7-1-2,hallusionbench-image-VD-video-7,internvl,hallusionbench,image,0,1,0,3,,1,1.001755952892524,-0.0,0.4777482014141583
hallusionbench-image-VD-video-7-1-1,hallusionbench-image-VD-video-7,internvl,hallusionbench,image,0,1,1,1,vision_hallucination|reasoning_hallucination,1,1.0013921260826903,0.6737424322810864,17.23535452528307
hallusionbench-image-VD-video-7-1-3,hallusionbench-image-VD-video-7,internvl,hallusionbench,image,1,0,0,5,,1,1.0031343699639177,0.6794059566248886,254.60433743761882
hallusionbench-image-VD-video-8-0-0,hallusionbench-image-VD-video-8,internvl,hallusionbench,image,1,0,0,4,,1,1.0011786222075147,0.6726474685994013,2.328281286018221
hallusionbench-image-VD-video-8-0-1,hallusionbench-image-VD-video-8,internvl,hallusionbench,image,1,0,0,5,,1,1.0004984140496975,-0.0,-12.1051502677341
hallusionbench-image-VD-video-8-0-2,hallusionbench-image-VD-video-8,internvl,hallusionbench,image,1,0,0,5,,1,1.0055762529221148,0.6725937154527102,0.7755006990434623
hallusionbench-image-VD-video-8-1-0,hallusionbench-image-VD-video-8,internvl,hallusionbench,image,0,1,1,1,vision_hallucination|reasoning_hallucination,1,1.0004836320899262,0.6730289423914404,-13.17567030593312
hallusionbench-image-VD-video-8-0-3,hallusionbench-image-VD-video-8,internvl,hallusionbench,image,1,0,1,1,vision_hallucination|reasoning_hallucination,1,1.0012997389187532,0.48605522471782875,68.9826031547606
hallusionbench-image-VD-video-8-1-2,hallusionbench-image-VD-video-8,internvl,hallusionbench,image,0,1,0,3,,1,1.0018544196628152,-0.0,-10.209821308643027
hallusionbench-image-VD-video-8-1-1,hallusionbench-image-VD-video-8,internvl,hallusionbench,image,0,1,1,0,vision_hallucination|reasoning_hallucination,1,1.0003610849500548,0.4991202237192657,-7.108114684803011
hallusionbench-image-VD-video-9-0-0,hallusionbench-image-VD-video-9,internvl,hallusionbench,image,1,0,0,5,,1,1.782999217110777,0.6854407919476184,522.9467430674214
hallusionbench-image-VD-video-9-0-1,hallusionbench-image-VD-video-9,internvl,hallusionbench,image,0,1,1,1,vision_hallucination|reasoning_hallucination,1,1.0053414105986687,0.6738351417445265,19.675933194479214
hallusionbench-image-VD-video-8-1-3,hallusionbench-image-VD-video-8,internvl,hallusionbench,image,0,1,0,4,,1,1.0005270242723494,0.49955179023817,-7.376922140461927
hallusionbench-image-VD-video-9-0-2,hallusionbench-image-VD-video-9,internvl,hallusionbench,image,1,0,0,4,,1,1.0038865804729118,0.5019429596259364,21.63017901113127
hallusionbench-image-VD-video-9-1-0,hallusionbench-image-VD-video-9,internvl,hallusionbench,image,0,1,0,3,,1,1.608498805889055,0.6153156474842458,944.8206278136811
hallusionbench-image-VD-video-9-1-1,hallusionbench-image-VD-video-9,internvl,hallusionbench,image,0,1,1,1,vision_hallucination|reasoning_hallucination,1,1.0023298262762073,-0.0,26.961242386440034
hallusionbench-image-VD-video-9-1-2,hallusionbench-image-VD-video-9,internvl,hallusionbench,image,1,0,0,5,,1,1.0008763075158558,0.5025554320612715,40.4339306401911
hallusionbench-image-VD-video-10-0-0,hallusionbench-image-VD-video-10,internvl,hallusionbench,image,1,0,0,5,,1,1.0003834962841143,-0.0,-3.904004724809555
hallusionbench-image-VD-video-10-0-1,hallusionbench-image-VD-video-10,internvl,hallusionbench,image,1,0,0,5,,1,1.0000594854366165,0.6794857754411698,242.4885440515963
hallusionbench-image-VD-video-10-0-2,hallusionbench-image-VD-video-10,internvl,hallusionbench,image,1,0,1,1,vision_hallucination|reasoning_hallucination,1,1.0038272143313638,-0.0,561.1545135689904
hallusionbench-image-VD-video-10-0-3,hallusionbench-image-VD-video-10,internvl,hallusionbench,image,1,0,0,5,,1,1.0003849267920226,0.5001827473808815,-7.924736042497404
hallusionbench-image-VD-video-10-1-1,hallusionbench-image-VD-video-10,internvl,hallusionbench,image,1,0,0,5,,1,1.004137515966784,-0.0,-11.672014167238565
hallusionbench-image-VD-video-10-1-0,hallusionbench-image-VD-video-10,internvl,hallusionbench,image,0,1,1,1,vision_hallucination|reasoning_hallucination,1,1.0011887549862224,0.6728875323353676,-6.345488968424241
hallusionbench-image-VD-video-10-1-2,hallusionbench-image-VD-video-10,internvl,hallusionbench,image,1,0,1,1,vision_hallucination,1,1.1175296272952215,0.6455809141178699,484.78378427786146
hallusionbench-image-VD-video-10-1-3,hallusionbench-image-VD-video-10,internvl,hallusionbench,image,1,0,0,4,,1,1.001351356536363,-0.0,-12.103577940203252
hallusionbench-image-VD-video-10-2-0,hallusionbench-image-VD-video-10,internvl,hallusionbench,image,0,1,1,1,vision_hallucination|reasoning_hallucination,1,1.0013446807932163,0.6729667294666886,-9.727091318295308
hallusionbench-image-VD-video-10-2-2,hallusionbench-image-VD-video-10,internvl,hallusionbench,image,0,1,1,1,reasoning_hallucination,1,1.0021873712251546,0.5479255902993028,959.6238130629326
hallusionbench-image-VD-video-10-2-1,hallusionbench-image-VD-video-10,internvl,hallusionbench,image,0,1,1,1,vision_hallucination|reasoning_hallucination,1,1.0004901886194224,0.672793197667199,-6.117266651383713
hallusionbench-image-VD-video-10-2-3,hallusionbench-image-VD-video-10,internvl,hallusionbench,image,0,1,1,1,vision_hallucination|reasoning_hallucination,1,1.001324772848306,0.6730517959132727,-8.224533239050842
hallusionbench-image-VD-video-11-0-0,hallusionbench-image-VD-video-11,internvl,hallusionbench,image,1,0,0,5,,1,1.0010402202820827,-0.0,-17.954209039242485
hallusionbench-image-VD-video-11-0-1,hallusionbench-image-VD-video-11,internvl,hallusionbench,image,1,0,0,5,,1,1.001174092287073,-0.0,98.83752418049258
hallusionbench-image-VD-video-11-0-2,hallusionbench-image-VD-video-11,internvl,hallusionbench,image,1,0,0,5,,1,1.001362800654442,0.502967754729071,47.999961272391644
hallusionbench-image-VD-video-11-1-0,hallusionbench-image-VD-video-11,internvl,hallusionbench,image,1,0,0,4,,1,1.0000739097622293,0.5134554552222113,270.9007946541789
hallusionbench-image-VD-video-11-0-3,hallusionbench-image-VD-video-11,internvl,hallusionbench,image,0,1,1,1,vision_hallucination|reasoning_hallucination,1,1.0007972717415994,-0.0,-12.382416621635127
hallusionbench-image-VD-video-11-1-1,hallusionbench-image-VD-video-11,internvl,hallusionbench,image,0,1,1,2,vision_hallucination,1,1.0001158714263096,0.5120808699434782,241.23048170239423
hallusionbench-image-VD-video-11-1-2,hallusionbench-image-VD-video-11,internvl,hallusionbench,image,0,1,1,1,vision_hallucination|reasoning_hallucination,1,1.00114226337311,0.5005269886885341,-12.068042812595472
hallusionbench-image-VD-video-11-1-3,hallusionbench-image-VD-video-11,internvl,hallusionbench,image,1,0,0,4,,1,1.001885890988334,0.67335189674791,15.831516690973244
hallusionbench-image-VD-video-11-2-0,hallusionbench-image-VD-video-11,internvl,hallusionbench,image,1,0,0,5,,1,1.0086823706496806,0.499737416498089,-10.660071859270044
hallusionbench-image-VD-video-11-2-1,hallusionbench-image-VD-video-11,internvl,hallusionbench,image,0,1,1,1,vision_hallucination|reasoning_hallucination,1,1.0001158714263096,-0.0,557.6094832976634
hallusionbench-image-VD-video-11-2-2,hallusionbench-image-VD-video-11,internvl,hallusionbench,image,0,1,1,1,reasoning_hallucination,1,1.0010086298549068,0.5101907988345223,202.8219280603121
hallusionbench-image-VD-video-12-0-0,hallusionbench-image-VD-video-12,internvl,hallusionbench,image,0,1,1,2,vision_hallucination|reasoning_hallucination,1,1.0266716476535063,0.6803704522075338,278.60392593123026
hallusionbench-image-VD-video-11-2-3,hallusionbench-image-VD-video-11,internvl,hallusionbench,image,0,1,1,1,reasoning_hallucination,1,1.0013494491766368,0.6624890092944946,455.66537424271525
hallusionbench-image-VD-video-12-0-1,hallusionbench-image-VD-video-12,internvl,hallusionbench,image,1,0,0,5,,1,1.0008087158187353,-0.0,-12.020278322558873
hallusionbench-image-VD-video-12-0-2,hallusionbench-image-VD-video-12,internvl,hallusionbench,image,0,1,1,1,vision_hallucination|reasoning_hallucination,1,1.0266716476535063,0.6826304435900656,895.2593049472234
hallusionbench-image-VD-video-12-1-1,hallusionbench-image-VD-video-12,internvl,hallusionbench,image,0,1,1,1,vision_hallucination|reasoning_hallucination,1,1.0001488923974624,0.6705446984705787,44.874639511426864
hallusionbench-image-VD-video-12-1-0,hallusionbench-image-VD-video-12,internvl,hallusionbench,image,0,1,1,1,vision_hallucination|reasoning_hallucination,1,1.001543045015736,0.5006562597357964,-6.796876608532607
hallusionbench-image-VD-video-12-2-0,hallusionbench-image-VD-video-12,internvl,hallusionbench,image,0,1,1,1,vision_hallucination|reasoning_hallucination,1,1.0015451908316035,0.5009649957751642,-1.2550953907308955
hallusionbench-image-VD-video-12-1-2,hallusionbench-image-VD-video-12,internvl,hallusionbench,image,1,0,1,1,reasoning_hallucination,1,1.000682234782642,0.5102542343379691,204.22415511339872
hallusionbench-image-VD-video-12-2-2,hallusionbench-image-VD-video-12,internvl,hallusionbench,image,0,1,1,1,vision_hallucination|reasoning_hallucination,1,1.0143405203442293,0.43393068630573783,1013.5330392954637
hallusionbench-image-VD-video-12-2-1,hallusionbench-image-VD-video-12,internvl,hallusionbench,image,0,1,1,1,vision_hallucination|reasoning_hallucination,1,1.0001688003528555,0.2889158993479849,1426.1212364256521
hallusionbench-image-VD-video-13-0-1,hallusionbench-image-VD-video-13,internvl,hallusionbench,image,0,1,1,1,vision_hallucination|reasoning_hallucination,1,1.0004348754899808,0.5004651311466859,-13.546284212352589
hallusionbench-image-VD-video-13-0-0,hallusionbench-image-VD-video-13,internvl,hallusionbench,image,0,1,1,1,vision_hallucination|reasoning_hallucination,1,1.0000538825989385,-0.0,-10.005643475184748
hallusionbench-image-VD-video-14-0-0,hallusionbench-image-VD-video-14,internvl,hallusionbench,image,0,1,0,4,,1,1.0000871419892543,0.48830265921426447,53.37580251228688
hallusionbench-image-VD-video-13-0-2,hallusionbench-image-VD-video-13,internvl,hallusionbench,image,1,0,1,1,vision_hallucination,1,1.0000200271610966,-0.0,-18.39829305782459
hallusionbench-image-VD-video-14-0-1,hallusionbench-image-VD-video-14,internvl,hallusionbench,image,0,1,1,1,vision_hallucination|reasoning_hallucination,1,1.1738351670039033,0.49719497682426755,144.6461589816761
hallusionbench-image-VD-video-14-0-2,hallusionbench-image-VD-video-14,internvl,hallusionbench,image,1,0,0,5,,1,1.0040174722699855,0.4954507027725886,20.249309286596404
hallusionbench-image-VD-video-14-1-0,hallusionbench-image-VD-video-14,internvl,hallusionbench,image,1,0,1,1,vision_hallucination|reasoning_hallucination,1,1.0004862546849216,-0.0,744.5022919220783
hallusionbench-image-VD-video-14-0-3,hallusionbench-image-VD-video-14,internvl,hallusionbench,image,0,1,1,1,vision_hallucination|reasoning_hallucination,1,1.0016183853302787,-0.0,2.8787521741322806
hallusionbench-image-VD-video-14-1-1,hallusionbench-image-VD-video-14,internvl,hallusionbench,image,1,0,0,4,,1,1.0128530259308723,0.5509370840490762,1132.3268861355268
hallusionbench-image-VD-video-14-1-3,hallusionbench-image-VD-video-14,internvl,hallusionbench,image,1,0,0,4,,1,1.0016173124599643,-0.0,-10.495240476234208
hallusionbench-image-VD-video-14-2-0,hallusionbench-image-VD-video-14,internvl,hallusionbench,image,1,0,0,5,,1,1.0390694140150545,0.4830021732727951,81.83884397532997
hallusionbench-image-VD-video-14-2-1,hallusionbench-image-VD-video-14,internvl,hallusionbench,image,1,0,0,4,,1,1.0145260097567248,0.6719115243287892,14.81506776186133
hallusionbench-image-VD-video-14-1-2,hallusionbench-image-VD-video-14,internvl,hallusionbench,image,1,0,1,1,vision_hallucination|reasoning_hallucination,1,1.0008813142783686,-0.0,-9.127877151430095
hallusionbench-image-VD-video-14-2-2,hallusionbench-image-VD-video-14,internvl,hallusionbench,image,0,1,1,1,reasoning_hallucination,1,1.0021604299255467,0.6903330714463122,827.6549926619314
hallusionbench-image-VD-video-15-0-0,hallusionbench-image-VD-video-15,internvl,hallusionbench,image,1,0,0,5,,1,1.2235329079018527,0.505235858168944,129.7459962739838
hallusionbench-image-VD-video-14-2-3,hallusionbench-image-VD-video-14,internvl,hallusionbench,image,0,1,1,2,reasoning_hallucination,1,1.0016270876208078,0.6731460817066957,-0.6595109499554308
hallusionbench-image-VD-video-15-1-0,hallusionbench-image-VD-video-15,internvl,hallusionbench,image,0,1,1,1,vision_hallucination|reasoning_hallucination,1,1.0078430174231539,-0.0,100.26094583792313
hallusionbench-image-VD-video-15-0-1,hallusionbench-image-VD-video-15,internvl,hallusionbench,image,1,0,0,5,,1,1.0002110004355356,-0.0,-11.982320939504017
hallusionbench-image-VD-video-15-1-1,hallusionbench-image-VD-video-15,internvl,hallusionbench,image,0,1,1,1,vision_hallucination|reasoning_hallucination,1,1.0005564689608906,0.6681890753780004,2125.480921617655
hallusionbench-image-VD-video-16-0-0,hallusionbench-image-VD-video-16,internvl,hallusionbench,image,1,0,0,5,,1,1.0053044556293467,0.5030786917788223,56.85962681326969
hallusionbench-image-VD-video-16-1-0,hallusionbench-image-VD-video-16,internvl,hallusionbench,image,0,1,1,1,vision_hallucination|reasoning_hallucination,1,1.007027626182419,0.5005497179260241,24.573513696912627
hallusionbench-image-VD-video-16-0-1,hallusionbench-image-VD-video-16,internvl,hallusionbench,image,1,0,0,6,,1,1.0028054713243146,0.49817074292043284,11.951013280161296
hallusionbench-image-VD-video-16-1-1,hallusionbench-image-VD-video-16,internvl,hallusionbench,image,1,0,0,5,,1,1.2868834595058674,0.4938097255043433,213.17758204561505
hallusionbench-image-VD-video-17-0-0,hallusionbench-image-VD-video-17,internvl,hallusionbench,image,0,1,1,1,vision_hallucination|reasoning_hallucination,1,1.0050143005352563,0.6730718709136898,-2.846525767757374
hallusionbench-image-VD-video-17-0-1,hallusionbench-image-VD-video-17,internvl,hallusionbench,image,0,1,1,1,vision_hallucination|reasoning_hallucination,1,1.472417021356147,0.49646394040118774,9.542920875776433
hallusionbench-image-VD-video-17-0-2,hallusionbench-image-VD-video-17,internvl,hallusionbench,image,0,1,1,1,reasoning_hallucination,1,1.0022909641076143,0.500971403885735,7.088786765561919
hallusionbench-image-VD-video-17-1-0,hallusionbench-image-VD-video-17,internvl,hallusionbench,image,0,1,1,1,vision_hallucination|reasoning_hallucination,1,1.000137805945239,0.6680977486043561,100.30921904315585
hallusionbench-image-VD-video-17-0-3,hallusionbench-image-VD-video-17,internvl,hallusionbench,image,0,1,1,1,vision_hallucination|reasoning_hallucination,1,1.0039705036944202,-0.0,162.8003450739754
hallusionbench-image-VD-video-17-1-1,hallusionbench-image-VD-video-17,internvl,hallusionbench,image,1,0,1,1,vision_hallucination|reasoning_hallucination,1,1.0390720384446395,0.67470423752035,49.93070077369971
hallusionbench-image-VD-video-17-1-2,hallusionbench-image-VD-video-17,internvl,hallusionbench,image,0,1,0,3,,1,1.0031695366051099,0.6732568069002791,-0.8521545904836838
hallusionbench-image-VD-video-17-1-3,hallusionbench-image-VD-video-17,internvl,hallusionbench,image,0,1,0,4,,1,1.0022945404180654,-0.0,0.7294786503655857
hallusionbench-image-VD-video-18-0-0,hallusionbench-image-VD-video-18,internvl,hallusionbench,image,1,0,0,5,,1,1.0235899692097585,0.5600697079012825,1250.0863455589288
hallusionbench-image-VD-video-18-0-1,hallusionbench-image-VD-video-18,internvl,hallusionbench,image,1,0,0,6,,1,1.0001010894790139,-0.0,-19.05697779649854
hallusionbench-image-VD-video-18-0-2,hallusionbench-image-VD-video-18,internvl,hallusionbench,image,1,0,0,5,,1,1.002460479851883,-0.0,-10.564307770505218
hallusionbench-image-VD-video-18-0-3,hallusionbench-image-VD-video-18,internvl,hallusionbench,image,1,0,0,6,,1,1.0302946562925341,-0.0,58.28800297918855
hallusionbench-image-VD-video-18-1-1,hallusionbench-image-VD-video-18,internvl,hallusionbench,image,1,0,0,4,,1,1.023663520270927,0.5094720433215014,181.2981764190709
hallusionbench-image-VD-video-18-1-2,hallusionbench-image-VD-video-18,internvl,hallusionbench,image,0,1,0,3,,1,1.0016669034503534,0.6729959948000742,-3.5369415703501126
hallusionbench-image-VD-video-18-1-3,hallusionbench-image-VD-video-18,internvl,hallusionbench,image,1,0,0,5,,1,1.002867221763576,-0.0,-9.610986178743737
hallusionbench-image-VD-video-18-2-0,hallusionbench-image-VD-video-18,internvl,hallusionbench,image,0,1,1,1,vision_hallucination|reasoning_hallucination,1,1.0002142190865846,0.6737739910911744,14.81325581438712
hallusionbench-image-VD-video-18-2-2,hallusionbench-image-VD-video-18,internvl,hallusionbench,image,0,1,0,3,,1,1.0016669034503534,0.4768285874849804,115.10115752759941
hallusionbench-image-VD-video-18-2-1,hallusionbench-image-VD-video-18,internvl,hallusionbench,image,1,0,0,5,,1,1.023663520270927,0.6779303251520945,179.89124054041622
hallusionbench-image-VD-video-18-2-3,hallusionbench-image-VD-video-18,internvl,hallusionbench,image,0,1,0,5,,1,1.0028688908102468,-0.0,-2.990944330982746
hallusionbench-image-VD-video-19-0-0,hallusionbench-image-VD-video-19,internvl,hallusionbench,image,0,1,0,3,,1,1.0024845599153152,0.5511624318128243,1059.1574320391899
hallusionbench-image-VD-video-19-0-2,hallusionbench-image-VD-video-19,internvl,hallusionbench,image,1,0,0,5,,1,1.0024017096350426,-0.0,17.35139867640683
hallusionbench-image-VD-video-19-0-1,hallusionbench-image-VD-video-19,internvl,hallusionbench,image,0,1,1,1,vision_hallucination|reasoning_hallucination,1,1.0086672303138982,0.6733897576044283,1.5323679094370348
hallusionbench-image-VD-video-19-1-0,hallusionbench-image-VD-video-19,internvl,hallusionbench,image,1,0,0,5,,1,1.0004116296809278,0.45542879919288504,211.3412389053075
hallusionbench-image-VD-video-19-0-3,hallusionbench-image-VD-video-19,internvl,hallusionbench,image,0,1,1,1,vision_hallucination|reasoning_hallucination,1,1.001566290821859,0.6731108395457706,-5.317180960160583
hallusionbench-image-VD-video-19-1-2,hallusionbench-image-VD-video-19,internvl,hallusionbench,image,0,1,1,1,vision_hallucination|reasoning_hallucination,1,1.002047657947512,0.5014263044308377,13.93909762983637
hallusionbench-image-VD-video-19-1-1,hallusionbench-image-VD-video-19,internvl,hallusionbench,image,1,0,0,5,,1,1.0187699795859348,0.5021679719299996,26.989660656703126
hallusionbench-image-VD-video-19-1-3,hallusionbench-image-VD-video-19,internvl,hallusionbench,image,1,0,0,5,,1,1.0013662576615698,0.5010292206994872,7.626935823561595
hallusionbench-image-VD-video-19-2-0,hallusionbench-image-VD-video-19,internvl,hallusionbench,image,0,1,1,1,vision_hallucination|reasoning_hallucination,1,1.0004116296809278,0.49965178992284254,-10.004479993622919
hallusionbench-image-VD-video-19-2-1,hallusionbench-image-VD-video-19,internvl,hallusionbench,image,1,0,0,5,,1,1.0187699795859348,0.49840655054632366,2.148762965739282
hallusionbench-image-VD-video-19-2-2,hallusionbench-image-VD-video-19,internvl,hallusionbench,image,0,1,1,1,reasoning_hallucination,1,1.002047657947512,0.6748863171000092,79.38646535051171
hallusionbench-image-VD-video-19-2-3,hallusionbench-image-VD-video-19,internvl,hallusionbench,image,0,1,1,2,reasoning_hallucination,1,1.0013662576615698,0.500370752129252,-2.3456669566256387
hallusionbench-non_image-VS-chart-0-0-0,hallusionbench-non_image-VS-chart-0,internvl,hallusionbench,non_image,0,1,1,1,vision_hallucination|reasoning_hallucination,1,1.0004987716811669,0.5001591025387597,-11.513884409778424
hallusionbench-non_image-VS-chart-0-0-1,hallusionbench-non_image-VS-chart-0,internvl,hallusionbench,non_image,1,0,0,5,,1,1.0003558397244174,1.0343851635179524,990.6450674011231
hallusionbench-non_image-VS-chart-0-0-3,hallusionbench-non_image-VS-chart-0,internvl,hallusionbench,non_image,0,1,1,1,vision_hallucination|reasoning_hallucination,1,1.0007144212837118,0.673011364265919,-8.919439363755519
hallusionbench-non_image-VS-chart-0-0-2,hallusionbench-non_image-VS-chart-0,internvl,hallusionbench,non_image,0,1,1,1,vision_hallucination|reasoning_hallucination,1,1.000444054591966,0.5007587253448614,-2.0557881256938177
hallusionbench-non_image-VS-chart-1-0-0,hallusionbench-non_image-VS-chart-1,internvl,hallusionbench,non_image,0,1,1,1,vision_hallucination|reasoning_hallucination,1,1.0148234366871438,0.6732576061105708,-3.8794963944501806
hallusionbench-non_image-VS-chart-1-0-1,hallusionbench-non_image-VS-chart-1,internvl,hallusionbench,non_image,1,0,1,2,vision_hallucination|reasoning_hallucination,1,1.0073673725462786,0.5000346897610323,30.54778970722714
hallusionbench-non_image-VS-chart-1-0-2,hallusionbench-non_image-VS-chart-1,internvl,hallusionbench,non_image,0,1,1,1,vision_hallucination|reasoning_hallucination,1,1.0016652345383696,0.5138906852292249,296.19267631173017
hallusionbench-non_image-VS-chart-1-0-4,hallusionbench-non_image-VS-chart-1,internvl,hallusionbench,non_image,0,1,1,1,vision_hallucination|reasoning_hallucination,1,1.0344283586740617,0.6545915619766455,2454.364668334423
hallusionbench-non_image-VS-chart-1-0-3,hallusionbench-non_image-VS-chart-1,internvl,hallusionbench,non_image,0,1,1,1,vision_hallucination|reasoning_hallucination,1,1.005564212677981,0.5109056598984882,253.57673920565304
hallusionbench-non_image-VS-chart-1-0-5,hallusionbench-non_image-VS-chart-1,internvl,hallusionbench,non_image,0,1,1,1,vision_hallucination|reasoning_hallucination,1,1.044335603915127,0.6666300619351547,215.6030780286724
hallusionbench-non_image-VS-chart-1-0-6,hallusionbench-non_image-VS-chart-1,internvl,hallusionbench,non_image,1,0,0,5,,1,1.0727481803970205,0.6741557046126339,51.68294240447501
hallusionbench-non_image-VS-chart-1-0-7,hallusionbench-non_image-VS-chart-1,internvl,hallusionbench,non_image,0,1,1,1,vision_hallucination|reasoning_hallucination,1,1.1356115402365148,0.6931298391305718,1237.938364908615
hallusionbench-non_image-VS-chart-2-0-1,hallusionbench-non_image-VS-chart-2,internvl,hallusionbench,non_image,1,0,0,5,,1,1.0007927417989972,0.5626186458622099,1212.2980450885075
hallusionbench-non_image-VS-chart-2-0-0,hallusionbench-non_image-VS-chart-2,internvl,hallusionbench,non_image,0,1,1,1,vision_hallucination|reasoning_hallucination,1,1.1354391526930814,0.6696026412218473,86.00904217873612
hallusionbench-non_image-VS-chart-2-0-2,hallusionbench-non_image-VS-chart-2,internvl,hallusionbench,non_image,1,0,1,1,vision_hallucination,1,1.0005710124810905,0.5006282514614102,9.584294680161799
hallusionbench-non_image-VS-chart-2-0-3,hallusionbench-non_image-VS-chart-2,internvl,hallusionbench,non_image,1,0,0,5,,1,1.000608444198836,0.5214363595645461,451.0074825456879
hallusionbench-non_image-VS-chart-2-0-4,hallusionbench-non_image-VS-chart-2,internvl,hallusionbench,non_image,1,0,1,1,vision_hallucination|reasoning_hallucination,1,1.000736832640702,-0.0,486.88724527449267
hallusionbench-non_image-VS-chart-2-0-5,hallusionbench-non_image-VS-chart-2,internvl,hallusionbench,non_image,1,0,1,1,vision_hallucination|reasoning_hallucination,1,1.001367688146749,-0.0,-9.913201150080303
hallusionbench-non_image-VS-chart-2-0-6,hallusionbench-non_image-VS-chart-2,internvl,hallusionbench,non_image,1,0,1,1,vision_hallucination|reasoning_hallucination,1,1.0005801916381987,0.5100633260363241,389.49752180281774
hallusionbench-non_image-VS-chart-2-0-7,hallusionbench-non_image-VS-chart-2,internvl,hallusionbench,non_image,1,0,0,5,,1,1.082160713843436,0.5463774807931914,927.9286138165945
hallusionbench-non_image-VS-chart-3-0-0,hallusionbench-non_image-VS-chart-3,internvl,hallusionbench,non_image,1,0,0,5,,1,1.0004334449688808,0.5021587267827459,37.06366727359277
hallusionbench-non_image-VS-chart-3-0-1,hallusionbench-non_image-VS-chart-3,internvl,hallusionbench,non_image,0,1,0,4,,1,1.0022027491445886,0.17133893039675627,1199.757086053369
hallusionbench-non_image-VS-chart-3-0-2,hallusionbench-non_image-VS-chart-3,internvl,hallusionbench,non_image,0,1,1,1,reasoning_hallucination,1,1.000131726267155,-0.0,413.48938486692066
hallusionbench-non_image-VS-chart-4-0-0,hallusionbench-non_image-VS-chart-4,internvl,hallusionbench,non_image,1,0,1,1,vision_hallucination|reasoning_hallucination,1,1.0006402730905748,-0.0,-17.27787736267853
hallusionbench-non_image-VS-chart-3-0-3,hallusionbench-non_image-VS-chart-3,internvl,hallusionbench,non_image,1,0,0,5,,1,1.001733899059324,0.4078954036597324,476.0199746363849
hallusionbench-non_image-VS-chart-4-0-2,hallusionbench-non_image-VS-chart-4,internvl,hallusionbench,non_image,1,0,0,5,,1,1.0002691745625096,0.6693217532182658,75.20528036742027
hallusionbench-non_image-VS-chart-4-0-1,hallusionbench-non_image-VS-chart-4,internvl,hallusionbench,non_image,0,1,1,1,vision_hallucination|reasoning_hallucination,1,1.00224339957534,0.6827039307363301,391.06661707596373
hallusionbench-non_image-VS-chart-4-0-3,hallusionbench-non_image-VS-chart-4,internvl,hallusionbench,non_image,1,0,0,5,,1,1.0000808238974856,-0.0,-16.72549739031408
hallusionbench-non_image-VS-chart-5-0-0,hallusionbench-non_image-VS-chart-5,internvl,hallusionbench,non_image,1,0,0,5,,1,1.0068010089544859,0.6742371533951239,33.91070808948101
hallusionbench-non_image-VS-chart-5-0-1,hallusionbench-non_image-VS-chart-5,internvl,hallusionbench,non_image,1,0,1,1,reasoning_hallucination,1,1.0001327991471252,-0.0,1205.2232619555386
hallusionbench-non_image-VS-chart-5-0-2,hallusionbench-non_image-VS-chart-5,internvl,hallusionbench,non_image,1,0,1,2,vision_hallucination|reasoning_hallucination,1,1.00032150746707,0.6324215869118814,1827.9447372789664
hallusionbench-non_image-VS-chart-5-0-3,hallusionbench-non_image-VS-chart-5,internvl,hallusionbench,non_image,0,1,1,1,vision_hallucination|reasoning_hallucination,1,1.0099922422303909,0.6751382572425022,73.2718143786118
hallusionbench-non_image-VS-chart-6-0-0,hallusionbench-non_image-VS-chart-6,internvl,hallusionbench,non_image,1,0,1,2,reasoning_hallucination,1,1.0005165338555637,0.5008107733698286,-3.3083705741101657
hallusionbench-non_image-VS-chart-6-0-1,hallusionbench-non_image-VS-chart-6,internvl,hallusionbench,non_image,1,0,0,5,,1,1.0000821351973668,-0.0,-16.786921931189113
hallusionbench-non_image-VS-chart-6-0-2,hallusionbench-non_image-VS-chart-6,internvl,hallusionbench,non_image,1,0,0,5,,1,1.000312924383051,0.5001369569383096,-8.485437642315237
hallusionbench-non_image-VS-chart-6-0-3,hallusionbench-non_image-VS-chart-6,internvl,hallusionbench,non_image,1,0,0,5,,1,1.0000910758970787,-0.0,-17.283613063629545
hallusionbench-non_image-VS-chart-7-0-0,hallusionbench-non_image-VS-chart-7,internvl,hallusionbench,non_image,1,0,0,5,,1,1.0191632510207442,0.5054111641812712,98.39440078833525
hallusionbench-non_image-VS-chart-7-0-1,hallusionbench-non_image-VS-chart-7,internvl,hallusionbench,non_image,1,0,1,2,reasoning_hallucination,1,1.0006699561954178,0.6270469463841035,707.2586088777366
hallusionbench-non_image-VS-chart-7-0-2,hallusionbench-non_image-VS-chart-7,internvl,hallusionbench,non_image,1,0,0,6,,1,1.0004178285726426,-0.0,32.435900919464316
hallusionbench-non_image-VS-chart-8-0-0,hallusionbench-non_image-VS-chart-8,internvl,hallusionbench,non_image,1,0,0,5,,1,1.0001688003528555,0.6655329795917855,159.78594618142026
hallusionbench-non_image-VS-chart-7-0-3,hallusionbench-non_image-VS-chart-7,internvl,hallusionbench,non_image,1,0,1,2,reasoning_hallucination,1,1.0005923509506693,-0.0,-14.780141279117078
hallusionbench-non_image-VS-chart-8-0-1,hallusionbench-non_image-VS-chart-8,internvl,hallusionbench,non_image,1,0,1,1,vision_hallucination|reasoning_hallucination,1,1.0000976324081232,0.6717197690725902,18.75199052420397
hallusionbench-non_image-VS-chart-8-0-2,hallusionbench-non_image-VS-chart-8,internvl,hallusionbench,non_image,1,0,1,2,vision_hallucination|reasoning_hallucination,1,1.0000697374357592,0.5001571980140411,-7.497288661142905
hallusionbench-non_image-VS-chart-9-0-0,hallusionbench-non_image-VS-chart-9,internvl,hallusionbench,non_image,1,0,0,5,,1,1.0108782051110898,0.600194324133235,1211.8395062001052
hallusionbench-non_image-VS-chart-9-0-1,hallusionbench-non_image-VS-chart-9,internvl,hallusionbench,non_image,1,0,0,5,,1,1.00044083594379,0.6727910396558787,137.4225912014331
hallusionbench-non_image-VS-chart-9-0-2,hallusionbench-non_image-VS-chart-9,internvl,hallusionbench,non_image,0,1,1,1,vision_hallucination|reasoning_hallucination,1,1.0078709128636365,0.6239905735844625,749.723681608344
hallusionbench-non_image-VS-chart-9-0-3,hallusionbench-non_image-VS-chart-9,internvl,hallusionbench,non_image,1,0,1,1,reasoning_hallucination,1,1.0003256797740194,-0.0,59.92937800017048
hallusionbench-non_image-VS-chart-10-0-0,hallusionbench-non_image-VS-chart-10,internvl,hallusionbench,non_image,1,0,0,5,,1,1.0009607076694536,0.5005548981450849,-6.2805408136327845
hallusionbench-non_image-VS-chart-10-0-1,hallusionbench-non_image-VS-chart-10,internvl,hallusionbench,non_image,1,0,1,1,reasoning_hallucination,1,1.0007128715637297,-0.0,30.377792840046027
hallusionbench-non_image-VS-chart-10-0-2,hallusionbench-non_image-VS-chart-10,internvl,hallusionbench,non_image,1,0,0,4,,1,1.0006476640499813,0.4991026978594449,-6.5242076888064595
hallusionbench-non_image-VS-chart-10-0-3,hallusionbench-non_image-VS-chart-10,internvl,hallusionbench,non_image,1,0,0,4,,1,1.000099182128581,-0.0,-17.000736679251766
hallusionbench-non_image-VS-chart-11-0-0,hallusionbench-non_image-VS-chart-11,internvl,hallusionbench,non_image,1,0,1,1,vision_hallucination|reasoning_hallucination,1,1.0013464688906235,0.6732230269222474,-2.97642273083059
hallusionbench-non_image-VS-chart-11-0-1,hallusionbench-non_image-VS-chart-11,internvl,hallusionbench,non_image,0,1,1,1,vision_hallucination|reasoning_hallucination,1,1.0183657404865485,0.3840687022310854,482.9208628715439
hallusionbench-non_image-VS-chart-12-0-0,hallusionbench-non_image-VS-chart-12,internvl,hallusionbench,non_image,0,1,1,1,vision_hallucination|reasoning_hallucination,1,1.002778053224454,0.6723082776403796,12.189483349793033
hallusionbench-non_image-VS-chart-12-0-1,hallusionbench-non_image-VS-chart-12,internvl,hallusionbench,non_image,1,0,0,5,,1,1.0023034811333384,0.6731467082851252,38.18022238432461
hallusionbench-non_image-VS-chart-13-0-0,hallusionbench-non_image-VS-chart-13,internvl,hallusionbench,non_image,1,0,0,5,,1,1.0005065202779186,0.4966434409415196,13.253956934853758
hallusionbench-non_image-VS-chart-12-0-2,hallusionbench-non_image-VS-chart-12,internvl,hallusionbench,non_image,0,1,1,1,vision_hallucination|reasoning_hallucination,1,1.0012112855383049,0.820482088009588,1167.0455505074003
hallusionbench-non_image-VS-chart-14-0-0,hallusionbench-non_image-VS-chart-14,internvl,hallusionbench,non_image,1,0,0,5,,1,1.0018240213668075,0.5616917189739468,1210.8243614383791
hallusionbench-non_image-VS-chart-13-0-1,hallusionbench-non_image-VS-chart-13,internvl,hallusionbench,non_image,0,1,1,1,vision_hallucination|reasoning_hallucination,1,1.0002940893048127,0.5005119372132277,-9.132231245849681
hallusionbench-non_image-VS-chart-14-0-1,hallusionbench-non_image-VS-chart-14,internvl,hallusionbench,non_image,1,0,0,5,,1,1.0005602836333067,0.666200794148775,148.8064193208365
hallusionbench-non_image-VS-chart-14-0-2,hallusionbench-non_image-VS-chart-14,internvl,hallusionbench,non_image,0,1,1,1,vision_hallucination|reasoning_hallucination,1,1.1196150802190876,0.7656861056003441,1193.3775700627964
hallusionbench-non_image-VS-chart-15-0-0,hallusionbench-non_image-VS-chart-15,internvl,hallusionbench,non_image,0,1,1,1,vision_hallucination|reasoning_hallucination,1,1.000575423248757,0.650464171622009,436.6206225882805
hallusionbench-non_image-VS-chart-15-0-1,hallusionbench-non_image-VS-chart-15,internvl,hallusionbench,non_image,0,1,0,4,,1,1.6873719498765323,0.590329544837108,1761.5484937119252
hallusionbench-non_image-VS-chart-16-0-1,hallusionbench-non_image-VS-chart-16,internvl,hallusionbench,non_image,1,0,0,6,,1,1.000498652470663,0.5003903697179577,-11.561551126090409
hallusionbench-non_image-VS-chart-16-0-0,hallusionbench-non_image-VS-chart-16,internvl,hallusionbench,non_image,1,0,1,2,vision_hallucination|reasoning_hallucination,1,1.0000760555302535,-0.0,133.8800189299281
hallusionbench-non_image-VS-chart-17-0-0,hallusionbench-non_image-VS-chart-17,internvl,hallusionbench,non_image,0,1,1,1,vision_hallucination|reasoning_hallucination,1,1.000195264814968,-0.0,-15.148341523769805
hallusionbench-non_image-VS-chart-17-0-1,hallusionbench-non_image-VS-chart-17,internvl,hallusionbench,non_image,0,1,1,1,vision_hallucination|reasoning_hallucination,1,1.0005378723280949,0.4999775088714127,-1.9906490577491525
hallusionbench-non_image-VS-chart-18-0-0,hallusionbench-non_image-VS-chart-18,internvl,hallusionbench,non_image,1,0,0,6,,1,1.0003682374953882,0.4653900441234308,168.4408643744028
hallusionbench-non_image-VS-chart-17-0-2,hallusionbench-non_image-VS-chart-17,internvl,hallusionbench,non_image,1,0,1,1,vision_hallucination|reasoning_hallucination,1,1.0002447366667389,-0.0,-15.307121753514055
hallusionbench-non_image-VS-chart-18-0-1,hallusionbench-non_image-VS-chart-18,internvl,hallusionbench,non_image,0,1,1,1,vision_hallucination|reasoning_hallucination,1,1.0002924203802475,-0.0,335.9830031564536
hallusionbench-non_image-VS-chart-19-0-0,hallusionbench-non_image-VS-chart-19,internvl,hallusionbench,non_image,1,0,0,6,,1,1.0003554821149256,0.5506915510383008,1014.2308665099174
hallusionbench-non_image-VS-chart-20-0-0,hallusionbench-non_image-VS-chart-20,internvl,hallusionbench,non_image,1,0,0,5,,1,1.00032150746707,0.48701791972462377,115.04473742947975
hallusionbench-non_image-VS-chart-20-0-1,hallusionbench-non_image-VS-chart-20,internvl,hallusionbench,non_image,1,0,0,5,,1,1.0036251544163362,0.6714989703864036,61.983076247381476
hallusionbench-non_image-VS-chart-19-0-1,hallusionbench-non_image-VS-chart-19,internvl,hallusionbench,non_image,0,1,1,0,vision_hallucination|reasoning_hallucination,1,1.0014572144020522,-0.0,380.225962862845
hallusionbench-non_image-VS-chart-21-0-0,hallusionbench-non_image-VS-chart-21,internvl,hallusionbench,non_image,1,0,1,1,vision_hallucination|reasoning_hallucination,1,1.0032130478770165,0.5489770461786379,1100.7629877944864
hallusionbench-non_image-VS-chart-21-0-1,hallusionbench-non_image-VS-chart-21,internvl,hallusionbench,non_image,0,1,1,1,vision_hallucination|reasoning_hallucination,1,1.000643610938329,0.4965434807208142,13.05705040201016
hallusionbench-non_image-VS-table-0-0-0,hallusionbench-non_image-VS-table-0,internvl,hallusionbench,non_image,1,0,0,5,,1,1.0212682485983398,0.6821546438754348,364.4221567395489
hallusionbench-non_image-VS-table-0-0-1,hallusionbench-non_image-VS-table-0,internvl,hallusionbench,non_image,0,1,1,1,vision_hallucination|reasoning_hallucination,1,1.0443880563236148,0.6748020701941794,63.05553323883391
hallusionbench-non_image-VS-table-0-0-2,hallusionbench-non_image-VS-table-0,internvl,hallusionbench,non_image,0,1,1,1,vision_hallucination|reasoning_hallucination,1,1.0006575584129247,0.6703771693032274,68.33110591035884
hallusionbench-non_image-VS-table-1-0-1,hallusionbench-non_image-VS-table-1,internvl,hallusionbench,non_image,0,1,0,4,,1,1.0001481771519174,0.6757072804041946,96.05942830863756
hallusionbench-non_image-VS-table-1-0-0,hallusionbench-non_image-VS-table-1,internvl,hallusionbench,non_image,0,1,1,1,vision_hallucination|reasoning_hallucination,1,1.0264364108282809,0.6907877629954935,1360.3658872781377
hallusionbench-non_image-VS-table-1-0-2,hallusionbench-non_image-VS-table-1,internvl,hallusionbench,non_image,1,0,0,5,,1,1.0007281303375897,-0.0,29.34666790194701
hallusionbench-non_image-VS-table-2-0-0,hallusionbench-non_image-VS-table-2,internvl,hallusionbench,non_image,1,0,0,5,,1,1.0017867087893941,0.6236709971676558,1114.763580600388
hallusionbench-non_image-VS-table-2-0-2,hallusionbench-non_image-VS-table-2,internvl,hallusionbench,non_image,1,0,0,5,,1,1.0822954181207052,0.5081668665320328,155.74566351621434
hallusionbench-non_image-VS-table-2-0-1,hallusionbench-non_image-VS-table-2,internvl,hallusionbench,non_image,1,0,0,5,,1,1.008692503162405,-0.0,408.7948470511185
hallusionbench-non_image-VS-table-3-0-0,hallusionbench-non_image-VS-table-3,internvl,hallusionbench,non_image,1,0,1,1,vision_hallucination|reasoning_hallucination,1,1.0001556873284223,0.5065369683179246,125.12584101742362
hallusionbench-non_image-VS-table-3-0-1,hallusionbench-non_image-VS-table-3,internvl,hallusionbench,non_image,1,0,1,1,vision_hallucination|reasoning_hallucination,1,1.0000984668749258,0.6722618880025639,3.58841578150399
hallusionbench-non_image-VS-table-3-0-2,hallusionbench-non_image-VS-table-3,internvl,hallusionbench,non_image,0,1,1,1,vision_hallucination|reasoning_hallucination,1,1.2530361376756727,0.6592304251997106,274.8490189474442
hallusionbench-non_image-VS-table-4-0-0,hallusionbench-non_image-VS-table-4,internvl,hallusionbench,non_image,0,1,1,1,vision_hallucination|reasoning_hallucination,1,1.0169201772549246,1.2012406901909596,2439.4986952579593
hallusionbench-non_image-VS-table-4-0-1,hallusionbench-non_image-VS-table-4,internvl,hallusionbench,non_image,0,1,1,1,vision_hallucination|reasoning_hallucination,1,1.0000852346435918,0.6730030350708414,-9.389572104946698
hallusionbench-non_image-VS-table-4-0-2,hallusionbench-non_image-VS-table-4,internvl,hallusionbench,non_image,0,1,1,1,vision_hallucination|reasoning_hallucination,1,1.0001715421673525,-0.0,-14.379108778165367
hallusionbench-non_image-VS-table-5-0-0,hallusionbench-non_image-VS-table-5,internvl,hallusionbench,non_image,0,1,1,1,reasoning_hallucination,1,1.1035788041706192,0.5301258659912801,2746.924629763523
hallusionbench-non_image-VS-table-5-0-1,hallusionbench-non_image-VS-table-5,internvl,hallusionbench,non_image,0,1,1,1,vision_hallucination|reasoning_hallucination,1,1.131090881672789,1.3816610047228188,1920.724854793326
hallusionbench-non_image-VS-table-5-0-2,hallusionbench-non_image-VS-table-5,internvl,hallusionbench,non_image,0,1,1,2,vision_hallucination|reasoning_hallucination,1,1.0000842809684864,0.8190047162972954,1609.8757340272587
hallusionbench-non_image-VS-table-5-0-3,hallusionbench-non_image-VS-table-5,internvl,hallusionbench,non_image,1,0,1,1,reasoning_hallucination,1,1.882583902400098,0.20696735225312662,1429.688108659171
hallusionbench-non_image-VS-table-6-0-1,hallusionbench-non_image-VS-table-6,internvl,hallusionbench,non_image,1,0,0,5,,1,1.0007373094798198,0.5002475538799404,-11.419539785578245
hallusionbench-non_image-VS-table-6-0-0,hallusionbench-non_image-VS-table-6,internvl,hallusionbench,non_image,0,1,0,3,,1,1.0681458732430917,0.49987079461121264,-2.199376134244263
hallusionbench-non_image-VS-table-6-0-2,hallusionbench-non_image-VS-table-6,internvl,hallusionbench,non_image,1,0,0,5,,1,1.0000410079960373,0.4997173761002328,-8.98277938296502
hallusionbench-non_image-VS-table-7-0-0,hallusionbench-non_image-VS-table-7,internvl,hallusionbench,non_image,0,1,1,1,vision_hallucination|reasoning_hallucination,1,1.0003540515908935,0.5235329709129518,476.1700204406572
hallusionbench-non_image-VS-table-6-0-3,hallusionbench-non_image-VS-table-6,internvl,hallusionbench,non_image,0,1,1,1,vision_hallucination|reasoning_hallucination,1,1.000221729278683,0.6734611858401912,4.403242605253455
hallusionbench-non_image-VS-table-7-0-1,hallusionbench-non_image-VS-table-7,internvl,hallusionbench,non_image,0,1,1,1,vision_hallucination|reasoning_hallucination,1,1.0004600286366858,0.34880579477768836,596.8851361776989
hallusionbench-non_image-VS-table-7-0-2,hallusionbench-non_image-VS-table-7,internvl,hallusionbench,non_image,1,0,0,5,,1,1.0008530617031062,0.500340337669783,-11.89321459367198
hallusionbench-non_image-VS-table-7-0-3,hallusionbench-non_image-VS-table-7,internvl,hallusionbench,non_image,1,0,1,2,vision_hallucination|reasoning_hallucination,1,1.000279307365325,0.6519741940279782,392.7366804851351
hallusionbench-non_image-VS-table-7-0-5,hallusionbench-non_image-VS-table-7,internvl,hallusionbench,non_image,0,1,1,1,vision_hallucination|reasoning_hallucination,1,1.0055629015723235,0.9425384922305328,68.12078802076721
hallusionbench-non_image-VS-table-7-0-4,hallusionbench-non_image-VS-table-7,internvl,hallusionbench,non_image,0,1,1,1,vision_hallucination|reasoning_hallucination,1,1.000686168643151,0.828923018149221,1376.9319036543138
hallusionbench-non_image-VS-table-8-0-0,hallusionbench-non_image-VS-table-8,internvl,hallusionbench,non_image,1,0,0,4,,1,1.000478267683367,-0.0,-15.731170305693638
hallusionbench-non_image-VS-table-8-0-1,hallusionbench-non_image-VS-table-8,internvl,hallusionbench,non_image,1,0,0,5,,1,1.000070571901116,0.6717156708738077,21.255367286042983
hallusionbench-non_image-VS-table-8-0-2,hallusionbench-non_image-VS-table-8,internvl,hallusionbench,non_image,1,0,0,5,,1,1.0004113912515844,0.6724592617565928,3.114645803883212
hallusionbench-non_image-VS-table-8-0-3,hallusionbench-non_image-VS-table-8,internvl,hallusionbench,non_image,0,1,1,1,vision_hallucination|reasoning_hallucination,1,1.000251770014211,0.8115768648574464,1247.0896260028758
hallusionbench-non_image-VS-table-8-0-4,hallusionbench-non_image-VS-table-8,internvl,hallusionbench,non_image,1,0,0,5,,1,1.0003522634605657,-0.0,113.86563974354652
hallusionbench-non_image-VS-table-8-0-5,hallusionbench-non_image-VS-table-8,internvl,hallusionbench,non_image,0,1,1,1,vision_hallucination|reasoning_hallucination,1,1.0001113414753267,0.6729894379644572,-11.323523532633212
hallusionbench-non_image-VS-table-9-0-0,hallusionbench-non_image-VS-table-9,internvl,hallusionbench,non_image,0,1,1,1,vision_hallucination|reasoning_hallucination,1,1.0000689029710987,0.6760990138222194,106.32506107530313
hallusionbench-non_image-VS-table-9-0-1,hallusionbench-non_image-VS-table-9,internvl,hallusionbench,non_image,1,0,1,1,vision_hallucination|reasoning_hallucination,1,1.0001250505485284,0.5032394611054247,53.35753283525543
hallusionbench-non_image-VS-table-9-0-2,hallusionbench-non_image-VS-table-9,internvl,hallusionbench,non_image,0,1,1,1,vision_hallucination|reasoning_hallucination,1,1.0002447366667389,0.6730731828354305,-4.3339510906375684
hallusionbench-non_image-VS-table-9-0-3,hallusionbench-non_image-VS-table-9,internvl,hallusionbench,non_image,0,1,1,1,vision_hallucination|reasoning_hallucination,1,1.0000985860814071,0.5004965949622165,-9.987406863728179
hallusionbench-non_image-VS-table-10-0-0,hallusionbench-non_image-VS-table-10,internvl,hallusionbench,non_image,1,0,0,6,,1,1.0000931024524327,0.5009291639758322,15.757272098236601
hallusionbench-non_image-VS-table-10-0-2,hallusionbench-non_image-VS-table-10,internvl,hallusionbench,non_image,0,1,1,1,vision_hallucination|reasoning_hallucination,1,1.0002174377479913,0.6730180965743899,-13.425689930652817
hallusionbench-non_image-VS-table-10-0-3,hallusionbench-non_image-VS-table-10,internvl,hallusionbench,non_image,1,0,0,6,,1,1.0000895261746288,-0.0,37.31540901818744
hallusionbench-non_image-VS-table-10-0-1,hallusionbench-non_image-VS-table-10,internvl,hallusionbench,non_image,0,1,1,1,vision_hallucination|reasoning_hallucination,1,1.0008344650338379,0.6728407624408987,-8.320200084579238
hallusionbench-non_image-VS-map-0-0-0,hallusionbench-non_image-VS-map-0,internvl,hallusionbench,non_image,1,0,0,6,,1,1.0003975629709705,-0.0,212.38178063653007
hallusionbench-non_image-VS-map-0-0-1,hallusionbench-non_image-VS-map-0,internvl,hallusionbench,non_image,1,0,0,5,,1,1.0930981598002414,0.6834316475321781,511.9278707008658
hallusionbench-non_image-VS-map-0-0-3,hallusionbench-non_image-VS-map-0,internvl,hallusionbench,non_image,1,0,0,5,,1,1.0052775145620498,-0.0,-14.445507816870213
hallusionbench-non_image-VS-map-0-0-2,hallusionbench-non_image-VS-map-0,internvl,hallusionbench,non_image,1,0,1,1,vision_hallucination|reasoning_hallucination,1,1.8826201468195496,0.643642414847414,552.313389023796
hallusionbench-non_image-VS-map-1-0-1,hallusionbench-non_image-VS-map-1,internvl,hallusionbench,non_image,1,0,0,5,,1,1.0003381967410558,0.514643481004008,292.0688837478885
hallusionbench-non_image-VS-map-1-0-0,hallusionbench-non_image-VS-map-1,internvl,hallusionbench,non_image,1,0,0,5,,1,1.0208429099843206,0.5525606423723499,1090.4177010000433
hallusionbench-non_image-VS-map-1-0-2,hallusionbench-non_image-VS-map-1,internvl,hallusionbench,non_image,1,0,1,2,vision_hallucination|reasoning_hallucination,1,1.0000703334802927,-0.0,-13.438956020504945
hallusionbench-non_image-VS-map-1-0-3,hallusionbench-non_image-VS-map-1,internvl,hallusionbench,non_image,1,0,0,5,,1,1.000209450723745,0.49955952360796163,-10.886300755739708
hallusionbench-non_image-VS-map-2-0-0,hallusionbench-non_image-VS-map-2,internvl,hallusionbench,non_image,1,0,0,5,,1,1.0002138614694995,0.6591808167695722,322.82227180465765
hallusionbench-non_image-VS-map-2-0-1,hallusionbench-non_image-VS-map-2,internvl,hallusionbench,non_image,1,0,0,5,,1,1.000377178205299,-0.0,-12.725293487834826
hallusionbench-non_image-VS-map-3-0-1,hallusionbench-non_image-VS-map-3,internvl,hallusionbench,non_image,1,0,0,5,,1,1.0010619163354677,0.6731263470927931,-8.720246724472927
hallusionbench-non_image-VS-map-3-0-0,hallusionbench-non_image-VS-map-3,internvl,hallusionbench,non_image,1,0,0,5,,1,1.0000675916667383,0.4958805168966125,12.617036020715377
hallusionbench-non_image-VS-map-4-0-0,hallusionbench-non_image-VS-map-4,internvl,hallusionbench,non_image,1,0,0,5,,1,1.000091433528476,-0.0,-19.101834267180863
hallusionbench-non_image-VS-map-4-0-1,hallusionbench-non_image-VS-map-4,internvl,hallusionbench,non_image,1,0,0,6,,1,1.0000325441344513,-0.0,-15.414597620186596
hallusionbench-non_image-VS-map-4-0-3,hallusionbench-non_image-VS-map-4,internvl,hallusionbench,non_image,1,0,0,5,,1,1.0000715255704251,-0.0,-19.884681977895223
hallusionbench-non_image-VS-map-4-0-2,hallusionbench-non_image-VS-map-4,internvl,hallusionbench,non_image,1,0,0,5,,1,1.00003647804216,-0.0,-14.510174940735354
hallusionbench-non_image-VS-map-5-0-0,hallusionbench-non_image-VS-map-5,internvl,hallusionbench,non_image,1,0,0,5,,1,1.1738711650773548,0.3564632372952018,772.9707369170591
hallusionbench-non_image-VS-map-5-0-1,hallusionbench-non_image-VS-map-5,internvl,hallusionbench,non_image,1,0,1,1,vision_hallucination|reasoning_hallucination,1,1.0002777576495925,-0.0,842.3182903668525
hallusionbench-non_image-VS-map-5-0-3,hallusionbench-non_image-VS-map-5,internvl,hallusionbench,non_image,1,0,0,5,,1,1.3247580693938807,0.41838388848328684,1183.8238521648555
hallusionbench-non_image-VS-map-5-0-2,hallusionbench-non_image-VS-map-5,internvl,hallusionbench,non_image,0,1,1,1,vision_hallucination|reasoning_hallucination,1,1.1969879900145317,-0.0,-13.31734934449589
hallusionbench-non_image-VS-map-6-0-1,hallusionbench-non_image-VS-map-6,internvl,hallusionbench,non_image,0,1,1,1,vision_hallucination|reasoning_hallucination,1,1.0005227327566817,0.5005511607720361,-12.802187239576448
hallusionbench-non_image-VS-map-6-0-0,hallusionbench-non_image-VS-map-6,internvl,hallusionbench,non_image,1,0,0,5,,1,1.0003035068578257,-0.0,-17.326078025307226
hallusionbench-non_image-VS-map-7-0-0,hallusionbench-non_image-VS-map-7,internvl,hallusionbench,non_image,1,0,0,5,,1,1.0001263618409073,-0.0,-18.902213162109202
hallusionbench-non_image-VS-map-6-0-2,hallusionbench-non_image-VS-map-6,internvl,hallusionbench,non_image,1,0,0,4,,1,1.0003355741556912,0.5005313694256616,-11.039671694097944
hallusionbench-non_image-VS-map-8-0-0,hallusionbench-non_image-VS-map-8,internvl,hallusionbench,non_image,1,0,0,5,,1,1.0564616902948005,0.691769783231579,936.4674990403896
hallusionbench-non_image-VS-map-7-0-1,hallusionbench-non_image-VS-map-7,internvl,hallusionbench,non_image,0,1,1,1,vision_hallucination|reasoning_hallucination,1,1.000469446179637,0.6730206946599371,-8.482345138413319
hallusionbench-non_image-VS-map-8-0-2,hallusionbench-non_image-VS-map-8,internvl,hallusionbench,non_image,1,0,1,1,vision_hallucination,1,1.0000388622268108,0.5260450652492447,540.1321073221646
hallusionbench-non_image-VS-map-8-0-1,hallusionbench-non_image-VS-map-8,internvl,hallusionbench,non_image,0,1,1,1,vision_hallucination|reasoning_hallucination,1,1.000731468187159,0.5501970115496281,986.9238586924704
hallusionbench-non_image-VS-map-9-0-0,hallusionbench-non_image-VS-map-9,internvl,hallusionbench,non_image,1,0,0,4,,1,1.0000345706948939,-0.0,-18.63443425737313
hallusionbench-non_image-VS-map-9-0-1,hallusionbench-non_image-VS-map-9,internvl,hallusionbench,non_image,1,0,0,5,,1,1.0001515150027966,-0.0,-18.351983862305154
hallusionbench-non_image-VS-map-10-0-0,hallusionbench-non_image-VS-map-10,internvl,hallusionbench,non_image,0,1,1,1,vision_hallucination|reasoning_hallucination,1,1.0082114930290633,0.6913254745441371,898.7094551813038
hallusionbench-non_image-VS-map-10-0-1,hallusionbench-non_image-VS-map-10,internvl,hallusionbench,non_image,1,0,0,5,,1,1.000024914740836,-0.0,-18.43866506262958
hallusionbench-non_image-VS-ocr-0-0-1,hallusionbench-non_image-VS-ocr-0,internvl,hallusionbench,non_image,1,0,0,6,,1,1.0001343488711376,0.4985213549558433,-3.8370565672552477
hallusionbench-non_image-VS-ocr-0-0-0,hallusionbench-non_image-VS-ocr-0,internvl,hallusionbench,non_image,0,1,0,4,,1,1.0005747079893885,0.5007033044841147,1.8183363920928155
hallusionbench-non_image-VS-ocr-1-0-0,hallusionbench-non_image-VS-ocr-1,internvl,hallusionbench,non_image,1,0,0,6,,1,1.0000791549649128,-0.0,-20.606279481832537
hallusionbench-non_image-VS-ocr-2-0-0,hallusionbench-non_image-VS-ocr-2,internvl,hallusionbench,non_image,1,0,0,5,,1,1.0005661249168496,-0.0,-14.787388854126743
hallusionbench-non_image-VS-ocr-2-0-1,hallusionbench-non_image-VS-ocr-2,internvl,hallusionbench,non_image,0,1,1,1,reasoning_hallucination,1,1.0011129379196786,0.5584793784936662,1160.5574393788386
hallusionbench-non_image-VS-ocr-2-0-2,hallusionbench-non_image-VS-ocr-2,internvl,hallusionbench,non_image,0,1,1,1,reasoning_hallucination,1,1.0014038086039048,0.5003074653155968,-8.193091619965266
hallusionbench-non_image-VS-ocr-3-0-0,hallusionbench-non_image-VS-ocr-3,internvl,hallusionbench,non_image,1,0,0,5,,1,1.0001381635642392,-0.0,-17.614448844046755
hallusionbench-non_image-VS-ocr-3-0-1,hallusionbench-non_image-VS-ocr-3,internvl,hallusionbench,non_image,0,1,0,3,,1,1.0003987550726618,0.6901703398586232,834.3546436563929
hallusionbench-non_image-VS-ocr-4-0-0,hallusionbench-non_image-VS-ocr-4,internvl,hallusionbench,non_image,1,0,0,5,,1,1.00006520748272,-0.0,-17.259002330297232
hallusionbench-non_image-VS-ocr-3-0-2,hallusionbench-non_image-VS-ocr-3,internvl,hallusionbench,non_image,1,0,0,5,,1,1.0001600980699576,0.4957579907363559,10.297308808307232
hallusionbench-non_image-VS-ocr-4-0-1,hallusionbench-non_image-VS-ocr-4,internvl,hallusionbench,non_image,1,0,0,6,,1,1.0000644922242572,-0.0,-18.867343466486354
hallusionbench-non_image-VS-ocr-5-0-0,hallusionbench-non_image-VS-ocr-5,internvl,hallusionbench,non_image,1,0,0,5,,1,1.0001410245936138,0.5389522424169012,871.8549974283037
hallusionbench-non_image-VS-ocr-5-0-1,hallusionbench-non_image-VS-ocr-5,internvl,hallusionbench,non_image,1,0,0,5,,1,1.0002605915199643,-0.0,-17.569698999289894
hallusionbench-non_image-VS-ocr-6-0-0,hallusionbench-non_image-VS-ocr-6,internvl,hallusionbench,non_image,1,0,0,5,,1,1.0009024143231522,-0.0,1882.0839730570126
hallusionbench-non_image-VS-ocr-6-0-1,hallusionbench-non_image-VS-ocr-6,internvl,hallusionbench,non_image,0,1,0,3,,1,1.0041906835290673,-0.0,2116.5429768014037
hallusionbench-non_image-VS-ocr-7-0-0,hallusionbench-non_image-VS-ocr-7,internvl,hallusionbench,non_image,1,0,0,6,,1,1.0004019737310317,-0.0,-9.102666485721477
hallusionbench-non_image-VS-ocr-7-0-1,hallusionbench-non_image-VS-ocr-7,internvl,hallusionbench,non_image,1,0,0,6,,1,1.0001099109656886,-0.0,-16.108298621221714
hallusionbench-non_image-VS-ocr-8-0-0,hallusionbench-non_image-VS-ocr-8,internvl,hallusionbench,non_image,1,0,0,5,,1,1.0126833917417615,0.9315342833103928,1239.8870501720342
hallusionbench-non_image-VS-ocr-9-0-0,hallusionbench-non_image-VS-ocr-9,internvl,hallusionbench,non_image,1,0,1,1,vision_hallucination|reasoning_hallucination,1,1.0001392364511148,-0.0,-17.275230934707963
hallusionbench-non_image-VS-ocr-9-0-1,hallusionbench-non_image-VS-ocr-9,internvl,hallusionbench,non_image,1,0,0,4,,1,1.000195860861542,-0.0,139.65281480413907
hallusionbench-non_image-VS-ocr-8-0-1,hallusionbench-non_image-VS-ocr-8,internvl,hallusionbench,non_image,0,1,0,3,,1,1.1536847330504283,0.5052661479733016,98.7198200636492
hallusionbench-non_image-VS-ocr-10-0-0,hallusionbench-non_image-VS-ocr-10,internvl,hallusionbench,non_image,0,1,1,1,vision_hallucination,1,1.5355115075318757,-0.0,5.480441956147555
hallusionbench-non_image-VS-ocr-11-0-0,hallusionbench-non_image-VS-ocr-11,internvl,hallusionbench,non_image,1,0,0,5,,1,1.0001802444479422,0.5002546625890936,-9.33263838893484
hallusionbench-non_image-VS-ocr-10-0-1,hallusionbench-non_image-VS-ocr-10,internvl,hallusionbench,non_image,0,1,0,3,,1,1.0009611844987178,0.6726697894560735,4.397226748860291
hallusionbench-non_image-VS-ocr-11-0-1,hallusionbench-non_image-VS-ocr-11,internvl,hallusionbench,non_image,0,1,0,3,,1,1.7790466662244673,-0.0,18.397022071393472
hallusionbench-non_image-VS-ocr-12-0-0,hallusionbench-non_image-VS-ocr-12,internvl,hallusionbench,non_image,1,0,0,4,,1,1.0006045102944174,-0.0,-16.5384739990634
hallusionbench-non_image-VS-ocr-12-0-1,hallusionbench-non_image-VS-ocr-12,internvl,hallusionbench,non_image,1,0,0,4,,1,1.0001555681296888,0.6571499042330823,313.9231614105266
hallusionbench-image-VS-chart-3-1-0,hallusionbench-image-VS-chart-3,internvl,hallusionbench,image,0,1,1,1,vision_hallucination|reasoning_hallucination,1,1.0002925395952909,0.6730071580609193,-12.727450638744447
hallusionbench-image-VS-chart-3-1-1,hallusionbench-image-VS-chart-3,internvl,hallusionbench,image,0,1,0,5,,1,1.0001633167318558,0.5003595784744098,-15.863105361902637
hallusionbench-image-VS-chart-3-1-2,hallusionbench-image-VS-chart-3,internvl,hallusionbench,image,1,0,1,1,vision_hallucination|reasoning_hallucination,1,1.0002993345269082,-0.0,-16.826129528013137
hallusionbench-image-VS-chart-3-1-3,hallusionbench-image-VS-chart-3,internvl,hallusionbench,image,0,1,1,1,vision_hallucination|reasoning_hallucination,1,1.000218987472157,0.6746022729129416,110.26303157974431
hallusionbench-image-VS-chart-3-2-0,hallusionbench-image-VS-chart-3,internvl,hallusionbench,image,0,1,0,4,,1,1.0003237724173997,0.500501966814854,-11.34332674502997
hallusionbench-image-VS-chart-3-2-1,hallusionbench-image-VS-chart-3,internvl,hallusionbench,image,0,1,0,4,,1,1.0001636743599778,0.12635097370911436,1192.8184564745563
hallusionbench-image-VS-chart-3-2-2,hallusionbench-image-VS-chart-3,internvl,hallusionbench,image,0,1,1,2,vision_hallucination|reasoning_hallucination,1,1.0002993345269082,0.3613720311895753,557.2531149277411
hallusionbench-image-VS-chart-3-2-3,hallusionbench-image-VS-chart-3,internvl,hallusionbench,image,0,1,1,1,vision_hallucination|reasoning_hallucination,1,1.000219702724676,-0.0,-17.523350750812327
hallusionbench-image-VS-chart-4-1-0,hallusionbench-image-VS-chart-4,internvl,hallusionbench,image,0,1,1,1,vision_hallucination|reasoning_hallucination,1,1.000116944311102,0.5003930778313566,-16.57194445109437
hallusionbench-image-VS-chart-4-1-1,hallusionbench-image-VS-chart-4,internvl,hallusionbench,image,1,0,0,5,,1,1.000208020204771,-0.0,-17.032563001255696
hallusionbench-image-VS-chart-4-1-2,hallusionbench-image-VS-chart-4,internvl,hallusionbench,image,1,0,0,6,,1,1.0000615119934444,-0.0,-17.000784051882576
hallusionbench-image-VS-chart-4-1-3,hallusionbench-image-VS-chart-4,internvl,hallusionbench,image,1,0,0,6,,1,1.000171303751566,-0.0,-19.13600266494437
hallusionbench-image-VS-chart-4-2-0,hallusionbench-image-VS-chart-4,internvl,hallusionbench,image,0,1,1,1,vision_hallucination|reasoning_hallucination,1,1.0001136064518918,0.6627296217110563,205.9802794801647
hallusionbench-image-VS-chart-4-2-1,hallusionbench-image-VS-chart-4,internvl,hallusionbench,image,1,0,0,6,,1,1.0003646612163288,0.6730460610470282,-12.729977202558134
hallusionbench-image-VS-chart-4-2-2,hallusionbench-image-VS-chart-4,internvl,hallusionbench,image,1,0,0,6,,1,1.0000602006914987,0.5069086157793903,138.8306549383777
hallusionbench-image-VS-chart-4-2-3,hallusionbench-image-VS-chart-4,internvl,hallusionbench,image,1,0,0,6,,1,1.0002719163901619,-0.0,-20.216493315317155
hallusionbench-image-VS-chart-5-1-0,hallusionbench-image-VS-chart-5,internvl,hallusionbench,image,1,0,0,5,,1,1.0017514229255218,-0.0,68.65114142344606
hallusionbench-image-VS-chart-5-1-1,hallusionbench-image-VS-chart-5,internvl,hallusionbench,image,1,0,0,5,,1,1.0003024339694069,-0.0,48.2119124507887
hallusionbench-image-VS-chart-5-2-0,hallusionbench-image-VS-chart-5,internvl,hallusionbench,image,0,1,0,4,,1,1.0077880623133446,0.5007719862080013,-3.1152946823361347
hallusionbench-image-VS-chart-5-2-1,hallusionbench-image-VS-chart-5,internvl,hallusionbench,image,0,1,1,1,vision_hallucination|reasoning_hallucination,1,1.0001007318514403,0.4752630299744368,116.73777317714811
hallusionbench-image-VS-chart-5-2-2,hallusionbench-image-VS-chart-5,internvl,hallusionbench,image,1,0,1,1,vision_hallucination|reasoning_hallucination,1,1.0033146142219087,0.6360593813717424,604.7619295584543
hallusionbench-image-VS-chart-5-2-3,hallusionbench-image-VS-chart-5,internvl,hallusionbench,image,0,1,1,1,vision_hallucination|reasoning_hallucination,1,1.001299142797178,0.6019245378345363,1356.5636660962336
hallusionbench-image-VS-chart-6-1-0,hallusionbench-image-VS-chart-6,internvl,hallusionbench,image,1,0,0,4,,1,1.0031960009782732,-0.0,51.946313220596885
hallusionbench-image-VS-chart-6-2-0,hallusionbench-image-VS-chart-6,internvl,hallusionbench,image,0,1,1,1,reasoning_hallucination,1,1.0010638237302003,0.6728768104465905,-9.068410160368002
hallusionbench-image-VS-chart-6-2-1,hallusionbench-image-VS-chart-6,internvl,hallusionbench,image,0,1,0,4,,1,1.0001356601757079,-0.0,-15.751509188615904
hallusionbench-image-VS-chart-6-2-2,hallusionbench-image-VS-chart-6,internvl,hallusionbench,image,0,1,1,1,vision_hallucination|reasoning_hallucination,1,1.0004557371172085,1.0514833726289035,487.1542340368545
hallusionbench-image-VS-chart-6-2-3,hallusionbench-image-VS-chart-6,internvl,hallusionbench,image,1,0,0,5,,1,1.0000805854814947,-0.0,1741.4818641959205
hallusionbench-image-VS-chart-7-2-0,hallusionbench-image-VS-chart-7,internvl,hallusionbench,image,0,1,1,1,vision_hallucination|reasoning_hallucination,1,1.0060219763620408,0.5036359371933209,57.014712576387865
hallusionbench-image-VS-chart-7-2-1,hallusionbench-image-VS-chart-7,internvl,hallusionbench,image,0,1,0,4,,1,1.0003596544180104,0.47812010043172737,103.40647968270771
hallusionbench-image-VS-chart-7-2-2,hallusionbench-image-VS-chart-7,internvl,hallusionbench,image,1,0,0,5,,1,1.000294804567368,0.6659916828693719,153.17302866177604
hallusionbench-image-VS-chart-7-2-3,hallusionbench-image-VS-chart-7,internvl,hallusionbench,image,1,0,1,2,reasoning_hallucination,1,1.0005124807509154,0.6753984405949012,532.5425044999196
hallusionbench-image-VS-chart-8-2-0,hallusionbench-image-VS-chart-8,internvl,hallusionbench,image,0,1,1,1,vision_hallucination|reasoning_hallucination,1,1.0002598762527617,0.5006425910215704,-7.26464034144606
hallusionbench-image-VS-chart-8-2-1,hallusionbench-image-VS-chart-8,internvl,hallusionbench,image,1,0,1,2,vision_hallucination|reasoning_hallucination,1,1.0004051923706416,0.505775734907563,102.11101551465407
hallusionbench-image-VS-chart-8-2-2,hallusionbench-image-VS-chart-8,internvl,hallusionbench,image,1,0,0,5,,1,1.0000743865983617,-0.0,213.01180768665154
hallusionbench-image-VS-chart-9-2-0,hallusionbench-image-VS-chart-9,internvl,hallusionbench,image,0,1,1,1,vision_hallucination|reasoning_hallucination,1,1.0007652044393658,-0.0,-9.307658896642117
hallusionbench-image-VS-chart-9-2-2,hallusionbench-image-VS-chart-9,internvl,hallusionbench,image,1,0,1,1,vision_hallucination|reasoning_hallucination,1,1.0001512765917844,-0.0,-15.572843607959605
hallusionbench-image-VS-chart-9-2-1,hallusionbench-image-VS-chart-9,internvl,hallusionbench,image,1,0,1,2,vision_hallucination,1,1.0002827644455865,-0.0,65.11317140590774
hallusionbench-image-VS-chart-9-2-3,hallusionbench-image-VS-chart-9,internvl,hallusionbench,image,0,1,1,1,vision_hallucination|reasoning_hallucination,1,1.0001417398485977,-0.0,-18.018127013670476
hallusionbench-image-VS-chart-10-2-0,hallusionbench-image-VS-chart-10,internvl,hallusionbench,image,0,1,1,1,vision_hallucination|reasoning_hallucination,1,1.0008813142783686,-0.0,-14.458033453480429
hallusionbench-image-VS-chart-10-2-1,hallusionbench-image-VS-chart-10,internvl,hallusionbench,image,1,0,0,4,,1,1.0001345872926688,-0.0,-15.496577822110943
hallusionbench-image-VS-chart-10-2-2,hallusionbench-image-VS-chart-10,internvl,hallusionbench,image,1,0,1,1,vision_hallucination|reasoning_hallucination,1,1.0001114606833426,0.4919640423659857,30.195411370696227
hallusionbench-image-VS-chart-10-2-3,hallusionbench-image-VS-chart-10,internvl,hallusionbench,image,1,0,1,1,vision_hallucination|reasoning_hallucination,1,1.0001238584528087,-0.0,26.455186906343165
hallusionbench-image-VS-chart-12-2-0,hallusionbench-image-VS-chart-12,internvl,hallusionbench,image,0,1,1,1,vision_hallucination|reasoning_hallucination,1,1.0012360811073873,-0.0,-8.870742772247922
hallusionbench-image-VS-chart-12-2-2,hallusionbench-image-VS-chart-12,internvl,hallusionbench,image,0,1,1,1,vision_hallucination|reasoning_hallucination,1,1.0145556926843395,0.50105509959622,1.498023192065661
hallusionbench-image-VS-chart-12-2-1,hallusionbench-image-VS-chart-12,internvl,hallusionbench,image,0,1,1,1,vision_hallucination|reasoning_hallucination,1,1.0054881573290593,-0.0,1206.2752835626252
hallusionbench-image-VS-chart-13-2-0,hallusionbench-image-VS-chart-13,internvl,hallusionbench,image,0,1,1,1,vision_hallucination|reasoning_hallucination,1,1.0126398802046435,0.4999136883748245,2.7733943013289135
hallusionbench-image-VS-chart-13-2-1,hallusionbench-image-VS-chart-13,internvl,hallusionbench,image,1,0,1,2,vision_hallucination|reasoning_hallucination,1,1.001371264426925,0.6757673902434991,100.48244443478295
hallusionbench-image-VS-chart-14-2-0,hallusionbench-image-VS-chart-14,internvl,hallusionbench,image,0,1,1,1,vision_hallucination|reasoning_hallucination,1,1.0022488831519198,-0.0,768.5045136548288
hallusionbench-image-VS-chart-14-2-1,hallusionbench-image-VS-chart-14,internvl,hallusionbench,image,1,0,1,1,vision_hallucination|reasoning_hallucination,1,1.0641822810190489,0.4782955777994642,105.3834920866001
hallusionbench-image-VS-chart-14-2-2,hallusionbench-image-VS-chart-14,internvl,hallusionbench,image,0,1,1,1,vision_hallucination|reasoning_hallucination,1,1.0235655308963645,0.00685916352208006,2071.53205195734
hallusionbench-image-VS-chart-15-2-0,hallusionbench-image-VS-chart-15,internvl,hallusionbench,image,1,0,0,5,,1,1.0001305341780322,0.5008202653873877,17.2777169505335
hallusionbench-image-VS-chart-16-2-0,hallusionbench-image-VS-chart-16,internvl,hallusionbench,image,0,1,1,1,vision_hallucination|reasoning_hallucination,1,1.0002424716915872,0.5003437879547763,-12.504460665152314
hallusionbench-image-VS-chart-15-2-1,hallusionbench-image-VS-chart-15,internvl,hallusionbench,image,0,1,1,1,vision_hallucination|reasoning_hallucination,1,1.1738884473435025,0.6868436836344265,628.0763091104428
hallusionbench-image-VS-chart-16-2-1,hallusionbench-image-VS-chart-16,internvl,hallusionbench,image,0,1,1,1,vision_hallucination|reasoning_hallucination,1,1.000148057939525,-0.0,202.09380522841747
hallusionbench-image-VS-chart-17-2-0,hallusionbench-image-VS-chart-17,internvl,hallusionbench,image,0,1,1,1,vision_hallucination|reasoning_hallucination,1,1.0010974407166544,0.6395725568252891,569.013640511906
hallusionbench-image-VS-chart-17-2-2,hallusionbench-image-VS-chart-17,internvl,hallusionbench,image,0,1,1,1,vision_hallucination|reasoning_hallucination,1,1.0003445148357009,0.12022511012811107,1099.67757141001
hallusionbench-image-VS-chart-17-2-1,hallusionbench-image-VS-chart-17,internvl,hallusionbench,image,1,0,1,2,vision_hallucination|reasoning_hallucination,1,1.0009329318828575,-0.0,-10.579670154410307
hallusionbench-image-VS-chart-18-1-0,hallusionbench-image-VS-chart-18,internvl,hallusionbench,image,1,0,0,6,,1,1.000043034551803,-0.0,-17.581007198288926
hallusionbench-image-VS-chart-18-2-0,hallusionbench-image-VS-chart-18,internvl,hallusionbench,image,0,1,1,1,vision_hallucination|reasoning_hallucination,1,1.001619577370886,-0.0,2.1863671186852685
hallusionbench-image-VS-chart-18-2-1,hallusionbench-image-VS-chart-18,internvl,hallusionbench,image,1,0,0,6,,1,1.0001672506336772,0.7544042885237408,1420.4107042741894
hallusionbench-image-VS-chart-19-2-0,hallusionbench-image-VS-chart-19,internvl,hallusionbench,image,1,0,0,5,,1,1.0004632472883745,-0.0,-15.390125473147862
hallusionbench-image-VS-chart-20-2-0,hallusionbench-image-VS-chart-20,internvl,hallusionbench,image,1,0,1,1,vision_hallucination,1,1.0059649943022968,-0.0,2.4638672618910107
hallusionbench-image-VS-chart-19-2-1,hallusionbench-image-VS-chart-19,internvl,hallusionbench,image,0,1,1,1,vision_hallucination|reasoning_hallucination,1,1.0004116296809278,0.5000224001241439,-8.15556018342204
hallusionbench-image-VS-chart-20-2-1,hallusionbench-image-VS-chart-20,internvl,hallusionbench,image,1,0,0,5,,1,1.0076659919719,-0.0,220.5199472975616
hallusionbench-image-VS-chart-21-2-1,hallusionbench-image-VS-chart-21,internvl,hallusionbench,image,1,0,0,5,,1,1.0003557205309441,0.681498406832761,325.1937799319731
hallusionbench-image-VS-chart-21-2-0,hallusionbench-image-VS-chart-21,internvl,hallusionbench,image,0,1,1,1,vision_hallucination|reasoning_hallucination,1,1.0003608465327576,0.5003682527685092,-14.561846980552255
hallusionbench-image-VS-table-0-2-0,hallusionbench-image-VS-table-0,internvl,hallusionbench,image,0,1,1,1,vision_hallucination|reasoning_hallucination,1,1.0008368492312765,-0.0,-6.302660309515927
hallusionbench-image-VS-table-0-2-1,hallusionbench-image-VS-table-0,internvl,hallusionbench,image,1,0,0,5,,1,1.004775405145851,0.6765948409059851,215.43471869738465
hallusionbench-image-VS-table-0-2-2,hallusionbench-image-VS-table-0,internvl,hallusionbench,image,0,1,1,1,vision_hallucination|reasoning_hallucination,1,1.0163189171505291,0.4938141005405369,24.325273886647977
hallusionbench-image-VS-table-1-2-0,hallusionbench-image-VS-table-1,internvl,hallusionbench,image,0,1,1,1,vision_hallucination|reasoning_hallucination,1,1.00219588926139,1.107971238885402,1605.6026061001294
hallusionbench-image-VS-table-1-2-1,hallusionbench-image-VS-table-1,internvl,hallusionbench,image,1,0,0,6,,1,1.000096797942017,-0.0,-17.35409361435196
hallusionbench-image-VS-table-1-2-2,hallusionbench-image-VS-table-1,internvl,hallusionbench,image,1,0,0,5,,1,1.0022212266208508,0.6795903453836507,371.4038464394301
hallusionbench-image-VS-table-2-2-0,hallusionbench-image-VS-table-2,internvl,hallusionbench,image,0,1,1,1,vision_hallucination|reasoning_hallucination,1,1.0998623437700175,1.0205582121071073,1336.9445133778643
hallusionbench-image-VS-table-2-2-1,hallusionbench-image-VS-table-2,internvl,hallusionbench,image,1,0,0,5,,1,1.0000883340848694,0.03804289496229496,1205.632355774336
hallusionbench-image-VS-table-2-2-2,hallusionbench-image-VS-table-2,internvl,hallusionbench,image,0,1,1,1,vision_hallucination|reasoning_hallucination,1,1.0002774000097896,0.6728076749424062,1.5495078996263647
hallusionbench-image-VS-table-2-3-1,hallusionbench-image-VS-table-2,internvl,hallusionbench,image,1,0,0,6,,1,1.0000883340848694,-0.0,-18.45441450989486
hallusionbench-image-VS-table-2-3-0,hallusionbench-image-VS-table-2,internvl,hallusionbench,image,0,1,1,1,vision_hallucination|reasoning_hallucination,1,1.125838931592689,1.063759110472144,1128.6502894132786
hallusionbench-image-VS-table-2-3-2,hallusionbench-image-VS-table-2,internvl,hallusionbench,image,0,1,1,1,vision_hallucination|reasoning_hallucination,1,1.0002802610444568,0.6592618437404686,268.8881740118932
hallusionbench-image-VS-table-3-2-0,hallusionbench-image-VS-table-3,internvl,hallusionbench,image,0,1,1,1,vision_hallucination|reasoning_hallucination,1,1.0025093555067526,0.4992930726525635,-3.173053893243006
hallusionbench-image-VS-table-3-2-1,hallusionbench-image-VS-table-3,internvl,hallusionbench,image,0,1,1,1,vision_hallucination|reasoning_hallucination,1,1.0007380247389224,0.6729360628982515,-11.71887232330723
hallusionbench-image-VS-table-3-2-2,hallusionbench-image-VS-table-3,internvl,hallusionbench,image,0,1,1,1,vision_hallucination|reasoning_hallucination,1,1.000669717791877,0.5091020500341443,178.7550517261408
hallusionbench-image-VS-table-4-2-0,hallusionbench-image-VS-table-4,internvl,hallusionbench,image,0,1,0,3,,1,1.1350940367875588,0.507941994584973,603.1535738634199
hallusionbench-image-VS-table-4-2-1,hallusionbench-image-VS-table-4,internvl,hallusionbench,image,0,1,1,1,vision_hallucination|reasoning_hallucination,1,1.0003900527979186,0.5079355402997432,153.50197607739693
hallusionbench-image-VS-table-4-3-0,hallusionbench-image-VS-table-4,internvl,hallusionbench,image,0,1,0,3,,1,1.1350940367875588,1.210831906596802,3556.4428535528327
hallusionbench-image-VS-table-4-2-2,hallusionbench-image-VS-table-4,internvl,hallusionbench,image,1,0,0,5,,1,1.0000646114339655,0.6728765867373969,-12.559313965938157
hallusionbench-image-VS-table-4-3-1,hallusionbench-image-VS-table-4,internvl,hallusionbench,image,0,1,1,1,vision_hallucination|reasoning_hallucination,1,1.0003902912221763,0.6755967848061328,89.4360904927264
hallusionbench-image-VS-table-4-3-2,hallusionbench-image-VS-table-4,internvl,hallusionbench,image,0,1,1,2,vision_hallucination|reasoning_hallucination,1,1.000347852715879,0.6730237626252059,-17.924812991614576
hallusionbench-image-VS-table-5-2-0,hallusionbench-image-VS-table-5,internvl,hallusionbench,image,0,1,1,1,vision_hallucination,2,1.25002268465344,1.533137545569437,4081.5184096665303
hallusionbench-image-VS-table-5-2-1,hallusionbench-image-VS-table-5,internvl,hallusionbench,image,0,1,1,1,vision_hallucination|reasoning_hallucination,2,1.1614529913238933,0.9332675349996982,3590.1124348826906
hallusionbench-image-VS-table-5-2-2,hallusionbench-image-VS-table-5,internvl,hallusionbench,image,0,1,1,1,vision_hallucination|reasoning_hallucination,1,1.0000673532466255,0.5021236028125105,22.448300377813943
hallusionbench-image-VS-table-5-2-3,hallusionbench-image-VS-table-5,internvl,hallusionbench,image,0,1,0,4,,1,1.3247450407718144,0.5636845956701573,1598.2117314040486
hallusionbench-image-VS-table-5-3-1,hallusionbench-image-VS-table-5,internvl,hallusionbench,image,0,1,1,1,vision_hallucination|reasoning_hallucination,2,1.1614529913238933,1.2179912245986142,3274.352458675537
hallusionbench-image-VS-table-5-3-0,hallusionbench-image-VS-table-5,internvl,hallusionbench,image,0,1,1,1,vision_hallucination|reasoning_hallucination,2,1.25002268465344,1.3395609165852522,2163.206196728603
hallusionbench-image-VS-table-5-3-2,hallusionbench-image-VS-table-5,internvl,hallusionbench,image,1,0,0,5,,1,1.0000910758970787,0.6723139860826784,4.109274166493712
hallusionbench-image-VS-table-5-3-3,hallusionbench-image-VS-table-5,internvl,hallusionbench,image,0,1,0,4,,1,1.324738605469403,0.6035170732757483,939.5840993348373
hallusionbench-image-VS-table-6-1-0,hallusionbench-image-VS-table-6,internvl,hallusionbench,image,1,0,0,6,,1,1.0000294446950861,-0.0,-19.403698701216527
hallusionbench-image-VS-table-6-1-1,hallusionbench-image-VS-table-6,internvl,hallusionbench,image,1,0,0,6,,1,1.000051379203076,0.5003488511594982,-12.141963102994248
hallusionbench-image-VS-table-6-1-2,hallusionbench-image-VS-table-6,internvl,hallusionbench,image,1,0,0,6,,1,1.0000686645506733,-0.0,-17.781717932185437
hallusionbench-image-VS-table-6-1-3,hallusionbench-image-VS-table-6,internvl,hallusionbench,image,1,0,0,6,,1,1.0002324581204718,-0.0,41.939111221775285
hallusionbench-image-VS-table-6-2-1,hallusionbench-image-VS-table-6,internvl,hallusionbench,image,0,1,1,1,vision_hallucination|reasoning_hallucination,1,1.0002188682513242,0.6719072287463809,13.118958340976937
hallusionbench-image-VS-table-6-2-0,hallusionbench-image-VS-table-6,internvl,hallusionbench,image,0,1,1,1,vision_hallucination|reasoning_hallucination,1,1.0007349252865034,0.6731240542072401,-5.670640704732574
hallusionbench-image-VS-table-6-2-2,hallusionbench-image-VS-table-6,internvl,hallusionbench,image,0,1,1,2,vision_hallucination|reasoning_hallucination,1,1.0000658035245535,0.49726673361502527,1.864541423231664
hallusionbench-image-VS-table-6-2-3,hallusionbench-image-VS-table-6,internvl,hallusionbench,image,0,1,1,2,vision_hallucination|reasoning_hallucination,1,1.0000857114778472,0.6727862392086603,-8.285791626978028
hallusionbench-image-VS-table-6-3-0,hallusionbench-image-VS-table-6,internvl,hallusionbench,image,0,1,1,1,vision_hallucination|reasoning_hallucination,1,1.0002186298388116,0.6730674546346487,-12.436683942313678
hallusionbench-image-VS-table-6-3-1,hallusionbench-image-VS-table-6,internvl,hallusionbench,image,1,0,1,2,vision_hallucination|reasoning_hallucination,1,1.000136733059898,0.6730412526630649,181.49169119327135
hallusionbench-image-VS-table-6-3-2,hallusionbench-image-VS-table-6,internvl,hallusionbench,image,1,0,0,5,,1,1.0041197538597295,0.6686165163953164,86.73240715314074
hallusionbench-image-VS-table-6-3-3,hallusionbench-image-VS-table-6,internvl,hallusionbench,image,0,1,1,1,vision_hallucination|reasoning_hallucination,1,1.0000756978970786,0.5070958484959786,130.29585462996073
hallusionbench-image-VS-table-7-1-1,hallusionbench-image-VS-table-7,internvl,hallusionbench,image,1,0,0,6,,1,1.0000238418583605,-0.0,-21.786114476105194
hallusionbench-image-VS-table-7-1-0,hallusionbench-image-VS-table-7,internvl,hallusionbench,image,1,0,0,6,,1,1.0000255107877594,-0.0,-19.154996428044694
hallusionbench-image-VS-table-7-1-2,hallusionbench-image-VS-table-7,internvl,hallusionbench,image,1,0,0,6,,1,1.0000195503235976,-0.0,-19.261346782840807
hallusionbench-image-VS-table-7-1-3,hallusionbench-image-VS-table-7,internvl,hallusionbench,image,1,0,0,6,,1,1.000016808509207,-0.0,-18.704517134323613
hallusionbench-image-VS-table-7-1-4,hallusionbench-image-VS-table-7,internvl,hallusionbench,image,1,0,0,6,,1,1.0000245571132163,-0.0,-17.44650139838105
hallusionbench-image-VS-table-7-1-5,hallusionbench-image-VS-table-7,internvl,hallusionbench,image,1,0,0,6,,1,1.000033020972689,-0.0,-20.127363939202834
hallusionbench-image-VS-table-7-2-1,hallusionbench-image-VS-table-7,internvl,hallusionbench,image,0,1,1,1,vision_hallucination|reasoning_hallucination,1,1.0003989934989939,0.6729815862495547,-12.838851838402393
hallusionbench-image-VS-table-7-2-0,hallusionbench-image-VS-table-7,internvl,hallusionbench,image,1,0,0,5,,1,1.0005520582185392,0.6729377371091958,-7.172185955129696
hallusionbench-image-VS-table-7-2-2,hallusionbench-image-VS-table-7,internvl,hallusionbench,image,0,1,1,0,vision_hallucination|reasoning_hallucination,1,1.0006266832428783,0.6729700882264686,-13.839486776165646
hallusionbench-image-VS-table-7-2-4,hallusionbench-image-VS-table-7,internvl,hallusionbench,image,1,0,0,4,,1,1.0010086298549068,0.500690536946851,-6.352828464877719
hallusionbench-image-VS-table-7-2-3,hallusionbench-image-VS-table-7,internvl,hallusionbench,image,1,0,0,5,,1,1.0004417896313416,0.5145314330063014,288.73542364553754
hallusionbench-image-VS-table-7-2-5,hallusionbench-image-VS-table-7,internvl,hallusionbench,image,0,1,1,0,vision_hallucination|reasoning_hallucination,1,1.0007174014943074,0.5003518177341095,-13.549792223907712
hallusionbench-image-VS-table-7-3-0,hallusionbench-image-VS-table-7,internvl,hallusionbench,image,0,1,1,1,vision_hallucination|reasoning_hallucination,1,1.0005520582185392,0.6729508868988265,-13.631727018356619
hallusionbench-image-VS-table-7-3-2,hallusionbench-image-VS-table-7,internvl,hallusionbench,image,1,0,0,5,,1,1.0006266832428783,0.6730505074008928,-10.663215281872528
hallusionbench-image-VS-table-7-3-1,hallusionbench-image-VS-table-7,internvl,hallusionbench,image,1,0,0,5,,1,1.0004022121290153,0.6730047134591173,-10.310222386027629
hallusionbench-image-VS-table-7-3-3,hallusionbench-image-VS-table-7,internvl,hallusionbench,image,0,1,1,1,vision_hallucination|reasoning_hallucination,1,1.0004973411560567,0.5116768595724293,228.51237796316147
hallusionbench-image-VS-table-7-3-5,hallusionbench-image-VS-table-7,internvl,hallusionbench,image,1,0,0,5,,1,1.0007209777820376,0.6731381739365705,-9.596880864286028
hallusionbench-image-VS-table-7-3-4,hallusionbench-image-VS-table-7,internvl,hallusionbench,image,0,1,1,1,vision_hallucination|reasoning_hallucination,1,1.0010043383128242,0.6730818801388947,-12.1627828777726
hallusionbench-image-VS-table-8-1-2,hallusionbench-image-VS-table-8,internvl,hallusionbench,image,1,0,0,6,,1,1.0000184774396013,-0.0,-19.410779960582307
hallusionbench-image-VS-table-8-1-3,hallusionbench-image-VS-table-8,internvl,hallusionbench,image,1,0,0,6,,1,1.0000120401379669,-0.0,-21.092560475498466
hallusionbench-image-VS-table-8-1-4,hallusionbench-image-VS-table-8,internvl,hallusionbench,image,1,0,0,6,,1,1.0000196695334058,-0.0,-19.566808801136517
hallusionbench-image-VS-table-8-2-0,hallusionbench-image-VS-table-8,internvl,hallusionbench,image,0,1,1,1,vision_hallucination|reasoning_hallucination,1,1.0005192756915144,0.5004775589494193,-12.698852002966923
hallusionbench-image-VS-table-8-2-1,hallusionbench-image-VS-table-8,internvl,hallusionbench,image,0,1,1,2,vision_hallucination|reasoning_hallucination,1,1.0000933408714077,-0.0,-18.99023539980825
hallusionbench-image-VS-table-8-2-2,hallusionbench-image-VS-table-8,internvl,hallusionbench,image,1,0,0,6,,1,1.0001120567309127,0.6704318723160876,49.30511948068029
hallusionbench-image-VS-table-8-2-4,hallusionbench-image-VS-table-8,internvl,hallusionbench,image,1,0,0,6,,1,1.0001897811944185,0.6730358302107007,-10.219335030917247
hallusionbench-image-VS-table-8-2-3,hallusionbench-image-VS-table-8,internvl,hallusionbench,image,0,1,1,1,vision_hallucination|reasoning_hallucination,1,1.000841379140498,0.6729355905378223,-7.945979660245471
hallusionbench-image-VS-table-8-3-0,hallusionbench-image-VS-table-8,internvl,hallusionbench,image,1,0,0,5,,1,1.0005875825615227,0.5005321763469943,-10.41959711081832
hallusionbench-image-VS-table-8-3-1,hallusionbench-image-VS-table-8,internvl,hallusionbench,image,1,0,0,6,,1,1.0000834465062438,0.6931466494480609,1211.7058944175603
hallusionbench-image-VS-table-8-3-2,hallusionbench-image-VS-table-8,internvl,hallusionbench,image,0,1,1,1,vision_hallucination|reasoning_hallucination,1,1.0001380443530403,0.49963613352417213,-8.744781456588997
hallusionbench-image-VS-table-8-3-3,hallusionbench-image-VS-table-8,internvl,hallusionbench,image,1,0,0,6,,1,1.0009262561909424,0.5004367549531316,-12.60237497148514
hallusionbench-image-VS-table-8-2-5,hallusionbench-image-VS-table-8,internvl,hallusionbench,image,0,1,1,1,vision_hallucination|reasoning_hallucination,1,1.0001468658454897,0.6729691717077357,-12.664842530206327
hallusionbench-image-VS-table-8-3-4,hallusionbench-image-VS-table-8,internvl,hallusionbench,image,0,1,1,1,vision_hallucination|reasoning_hallucination,1,1.0010908842574882,0.6730671272625449,-10.802174756464085
hallusionbench-image-VS-table-8-3-5,hallusionbench-image-VS-table-8,internvl,hallusionbench,image,1,0,0,5,,1,1.0001660585458747,0.6730121444527406,-11.814199087534544
hallusionbench-image-VS-table-9-1-0,hallusionbench-image-VS-table-9,internvl,hallusionbench,image,1,0,0,6,,1,1.0000209808349578,-0.0,-20.085933219959205
hallusionbench-image-VS-table-9-1-2,hallusionbench-image-VS-table-9,internvl,hallusionbench,image,1,0,0,6,,1,1.000013232231374,-0.0,-17.659844616457693
hallusionbench-image-VS-table-9-1-3,hallusionbench-image-VS-table-9,internvl,hallusionbench,image,1,0,0,6,,1,1.0000156164169938,-0.0,-19.319536608998888
hallusionbench-image-VD-illusion-9-1-0,hallusionbench-image-VD-illusion-9,internvl,hallusionbench,image,0,1,0,3,,1,1.0001105070123353,-0.0,-18.972027829170216
hallusionbench-image-VS-table-9-1-1,hallusionbench-image-VS-table-9,internvl,hallusionbench,image,1,0,0,6,,1,1.000011920929068,-0.0,-21.83652876883767
hallusionbench-image-VD-illusion-9-1-1,hallusionbench-image-VD-illusion-9,internvl,hallusionbench,image,0,1,0,3,,1,1.0001838207226725,-0.0,-18.89443462566563
hallusionbench-image-VD-illusion-10-0-0,hallusionbench-image-VD-illusion-10,internvl,hallusionbench,image,0,1,1,1,vision_hallucination|reasoning_hallucination,1,1.0000692605945671,-0.0,-18.864369361528734
hallusionbench-image-VD-illusion-10-1-0,hallusionbench-image-VD-illusion-10,internvl,hallusionbench,image,1,0,1,1,vision_hallucination|reasoning_hallucination,1,1.000074744223791,-0.0,-20.22920954035581
hallusionbench-image-VD-illusion-10-0-1,hallusionbench-image-VD-illusion-10,internvl,hallusionbench,image,0,1,1,1,vision_hallucination|reasoning_hallucination,1,1.0821816932588495,0.664118010259211,199.45014866094
hallusionbench-image-VD-illusion-10-1-1,hallusionbench-image-VD-illusion-10,internvl,hallusionbench,image,0,1,1,1,vision_hallucination|reasoning_hallucination,1,1.0025326013325844,0.6737137847648313,18.09248516379213
hallusionbench-image-VD-illusion-11-0-0,hallusionbench-image-VD-illusion-11,internvl,hallusionbench,image,1,0,0,5,,1,1.0001772642069366,0.6730554111327391,-12.265143862706378
hallusionbench-image-VD-illusion-11-0-1,hallusionbench-image-VD-illusion-11,internvl,hallusionbench,image,1,0,1,2,vision_hallucination|reasoning_hallucination,1,1.0302420846195832,-0.0,97.56420132162171
hallusionbench-image-VD-illusion-11-0-2,hallusionbench-image-VD-illusion-11,internvl,hallusionbench,image,0,1,1,1,vision_hallucination|reasoning_hallucination,1,1.0002086162589465,0.6727577490532906,-4.6091940774977544
hallusionbench-image-VD-illusion-11-1-0,hallusionbench-image-VD-illusion-11,internvl,hallusionbench,image,1,0,1,1,vision_hallucination|reasoning_hallucination,1,1.0000791549649128,0.6730356484345033,-13.592347760992872
hallusionbench-image-VD-illusion-11-1-1,hallusionbench-image-VD-illusion-11,internvl,hallusionbench,image,0,1,0,4,,1,1.0439509167335965,-0.0,565.8782925643667
hallusionbench-image-VD-illusion-11-1-2,hallusionbench-image-VD-illusion-11,internvl,hallusionbench,image,0,1,1,1,vision_hallucination|reasoning_hallucination,1,1.0388091793906593,0.5158037385206077,315.4476073653706
hallusionbench-image-VD-illusion-12-1-0,hallusionbench-image-VD-illusion-12,internvl,hallusionbench,image,0,1,1,1,vision_hallucination|reasoning_hallucination,1,1.0565226076777765,0.5120599062689781,235.8880885805753
hallusionbench-image-VD-illusion-12-0-0,hallusionbench-image-VD-illusion-12,internvl,hallusionbench,image,1,0,1,1,vision_hallucination|reasoning_hallucination,1,1.012635826793109,0.5642768892663261,1242.5434822332868
hallusionbench-image-VD-illusion-13-0-0,hallusionbench-image-VD-illusion-13,internvl,hallusionbench,image,1,0,0,5,,1,1.0012550354478964,-0.0,-9.153556120238298
hallusionbench-image-VD-illusion-13-1-0,hallusionbench-image-VD-illusion-13,internvl,hallusionbench,image,0,1,1,2,vision_hallucination|reasoning_hallucination,1,1.0503623469309995,0.5047631961643955,119.16415638450154
hallusionbench-image-VD-illusion-14-0-1,hallusionbench-image-VD-illusion-14,internvl,hallusionbench,image,1,0,0,5,,1,1.0026060343169125,0.5017549194439279,17.565088984414096
hallusionbench-image-VD-illusion-14-0-0,hallusionbench-image-VD-illusion-14,internvl,hallusionbench,image,0,1,1,1,reasoning_hallucination,1,1.0006147623112929,-0.0,129.1964142974661
hallusionbench-image-VD-math-12-1-2,hallusionbench-image-VD-math-12,internvl,hallusionbench,image,1,0,0,6,,1,1.0000221729281087,-0.0,-17.74225111282959
hallusionbench-image-VD-math-13-0-1,hallusionbench-image-VD-math-13,internvl,hallusionbench,image,1,0,0,5,,1,1.000003576278715,-0.0,-20.3007347329084
hallusionbench-image-VD-math-13-0-0,hallusionbench-image-VD-math-13,internvl,hallusionbench,image,1,0,0,6,,1,1.00193536277253,0.6770456512550325,143.3215497192958
hallusionbench-image-VD-math-13-1-0,hallusionbench-image-VD-math-13,internvl,hallusionbench,image,1,0,0,5,,1,1.0000122785567165,-0.0,-19.270818481646064
hallusionbench-image-VD-math-13-0-2,hallusionbench-image-VD-math-13,internvl,hallusionbench,image,1,0,0,6,,1,1.0000103712083113,0.4968478111946192,2.6166283945791378
hallusionbench-image-VD-math-13-1-1,hallusionbench-image-VD-math-13,internvl,hallusionbench,image,1,0,0,6,,1,1.0000032186507681,-0.0,-17.353649101710893
hallusionbench-image-VD-math-13-1-2,hallusionbench-image-VD-math-13,internvl,hallusionbench,image,1,0,0,5,,1,1.0000232458106126,-0.0,-15.991916612297917
hallusionbench-image-VD-math-14-0-0,hallusionbench-image-VD-math-14,internvl,hallusionbench,image,0,1,1,2,vision_hallucination|reasoning_hallucination,1,1.0024830103133298,0.5000553386047498,-8.472688186632874
hallusionbench-image-VD-math-14-0-1,hallusionbench-image-VD-math-14,internvl,hallusionbench,image,1,0,1,1,vision_hallucination|reasoning_hallucination,1,1.001171946566976,-0.0,-16.70341049526141
mmvet-v1_0,mmvet-v1_0,internvl,mmvet,test,1,0,0,6,,1,1.1483466850716042,0.29321866492624793,1.4745928433516546
mmvet-v1_1,mmvet-v1_1,internvl,mmvet,test,1,0,0,6,,1,1.0374733625923493,-0.0,-6.162567305482069
mmvet-v1_2,mmvet-v1_2,internvl,mmvet,test,1,0,0,6,,1,1.1150056873614975,0.4569586862282887,12.202932583782529
mmvet-v1_3,mmvet-v1_3,internvl,mmvet,test,1,0,0,6,,1,1.0000363585020087,-0.0,-18.276702517070564
mmvet-v1_4,mmvet-v1_4,internvl,mmvet,test,0,1,0,6,,1,1.000716805486428,0.4995525018854977,-15.925360887613321
mmvet-v1_5,mmvet-v1_5,internvl,mmvet,test,1,0,0,6,,1,1.0002952813996517,-0.0,-16.34120120626087
mmvet-v1_6,mmvet-v1_6,internvl,mmvet,test,1,0,0,6,,1,1.0000754594823098,-0.0,-17.32926583354499
mmvet-v1_8,mmvet-v1_8,internvl,mmvet,test,0,1,1,1,vision_hallucination,1,1.008921545240536,0.5933146831371788,-2.2497035532592067
mmvet-v1_9,mmvet-v1_9,internvl,mmvet,test,1,0,0,6,,1,1.074961807224605,0.4982197571015019,-7.778808969176949
mmvet-v1_10,mmvet-v1_10,internvl,mmvet,test,1,0,0,6,,1,1.0034709910267483,0.14615513173020106,10.248039336802705
mmvet-v1_11,mmvet-v1_11,internvl,mmvet,test,1,0,0,6,,1,1.0008700616092092,-0.0,-17.585406081296824
mmvet-v1_12,mmvet-v1_12,internvl,mmvet,test,1,0,0,6,,1,1.0007238825368028,0.6396106022498254,-0.806614961060049
mmvet-v1_13,mmvet-v1_13,internvl,mmvet,test,1,0,1,2,vision_hallucination|reasoning_hallucination,1,1.0063901551998244,-0.0,-14.080592045282025
mmvet-v1_14,mmvet-v1_14,internvl,mmvet,test,1,0,0,6,,1,1.0092502890710116,0.501962815565681,-12.622953830844331
mmvet-v1_15,mmvet-v1_15,internvl,mmvet,test,1,0,0,6,,1,1.0089648987509359,1.3326049263444921,-6.797085401821983
mmvet-v1_16,mmvet-v1_16,internvl,mmvet,test,0,1,1,1,vision_hallucination,1,1.0004486482272477,0.5005079355862603,-12.796749126696017
mmvet-v1_17,mmvet-v1_17,internvl,mmvet,test,1,0,0,6,,1,1.0000160932544362,-0.0,-19.164719331287422
mmvet-v1_18,mmvet-v1_18,internvl,mmvet,test,1,0,0,6,,1,1.0285216468041911,1.1377071857668855,10.176105744070089
mmvet-v1_19,mmvet-v1_19,internvl,mmvet,test,1,0,0,6,,1,1.173446869496954,0.7711635794496086,6.1352735025504135
mmvet-v1_20,mmvet-v1_20,internvl,mmvet,test,1,0,0,6,,1,1.6187879836766677,0.5460694238036284,8.911149138877029
mmvet-v1_21,mmvet-v1_21,internvl,mmvet,test,0,1,1,1,vision_hallucination|reasoning_hallucination,1,1.000612974180892,-0.0,-15.646321016200423
mmvet-v1_22,mmvet-v1_22,internvl,mmvet,test,0,1,1,1,vision_hallucination|reasoning_hallucination,1,1.0003129213844184,1.3321950206341922,-12.7107114147586
mmvet-v1_23,mmvet-v1_23,internvl,mmvet,test,0,1,1,1,vision_hallucination|reasoning_hallucination,1,1.0001415693184412,0.5043960308303623,-7.303792222979537
mmvet-v1_24,mmvet-v1_24,internvl,mmvet,test,1,0,0,6,,1,1.005701780104644,0.4456870498371869,8.066566489749812
mmvet-v1_25,mmvet-v1_25,internvl,mmvet,test,1,0,0,6,,1,1.000010728821308,-0.0,-6.886081708244178
mmvet-v1_26,mmvet-v1_26,internvl,mmvet,test,0,1,1,1,reasoning_hallucination,1,1.9445324036528278,0.9652347432136388,5.174657102662925
mmvet-v1_27,mmvet-v1_27,internvl,mmvet,test,1,0,0,6,,1,1.002812967115584,0.6884164358510427,5.703975673839505
mmvet-v1_28,mmvet-v1_28,internvl,mmvet,test,1,0,0,6,,1,1.0001397046633438,-0.0,-20.441296210198807
mmvet-v1_29,mmvet-v1_29,internvl,mmvet,test,0,1,0,4,,1,1.0000104904108862,-0.0,-18.54562879655711
mmvet-v1_30,mmvet-v1_30,internvl,mmvet,test,0,1,1,1,vision_hallucination|reasoning_hallucination,1,4.304449798205941,1.0592838678468368,24.18996729789427
mmvet-v1_31,mmvet-v1_31,internvl,mmvet,test,0,1,0,4,,1,1.0161688327588998,0.5023151062146344,-14.478431504332562
mmvet-v1_32,mmvet-v1_32,internvl,mmvet,test,0,1,1,2,vision_hallucination,4,1.0121193672908326,-0.0,-12.184555526203432
mmvet-v1_33,mmvet-v1_33,internvl,mmvet,test,0,1,0,4,,1,1.0076435803388268,0.6746472663533309,-15.273065237189412
mmvet-v1_34,mmvet-v1_34,internvl,mmvet,test,0,1,1,1,vision_hallucination|reasoning_hallucination,4,1.0021816970193285,0.6913987520595914,7.072081747973083
mmvet-v1_35,mmvet-v1_35,internvl,mmvet,test,1,0,0,6,,1,1.0000252723685836,-0.0,-17.112616140534172
mmvet-v1_36,mmvet-v1_36,internvl,mmvet,test,1,0,1,1,vision_hallucination,1,1.0490840743119045,-0.0,-12.777340576676526
mmvet-v1_37,mmvet-v1_37,internvl,mmvet,test,1,0,0,6,,4,1.003658972783487,-0.0,-6.702900516511068
mmvet-v1_38,mmvet-v1_38,internvl,mmvet,test,1,0,0,6,,1,1.0036371406340066,-0.0,-13.75861548803106
mmvet-v1_39,mmvet-v1_39,internvl,mmvet,test,1,0,0,6,,6,1.1109464184252256,0.42004593633510573,9.511090793047789
mmvet-v1_40,mmvet-v1_40,internvl,mmvet,test,1,0,0,6,,3,1.014827693604162,-0.0,-17.094411930471683
mmvet-v1_41,mmvet-v1_41,internvl,mmvet,test,1,0,0,6,,3,1.0210913174942364,-0.0,-6.424873392132035
mmvet-v1_42,mmvet-v1_42,internvl,mmvet,test,1,0,0,6,,1,1.0023930256949156,-0.0,-17.092089697400848
mmvet-v1_43,mmvet-v1_43,internvl,mmvet,test,1,0,0,6,,1,1.0764768789173071,0.7802681132257463,19.376811019540686
mmvet-v1_44,mmvet-v1_44,internvl,mmvet,test,1,0,1,2,reasoning_hallucination,1,1.0005576296662286,-0.0,-15.86325960756938
mmvet-v1_45,mmvet-v1_45,internvl,mmvet,test,1,0,0,6,,1,1.0001106220712843,0.49243946869328536,-9.420941544997994
mmvet-v1_46,mmvet-v1_46,internvl,mmvet,test,0,1,1,2,vision_hallucination,1,1.0879667761295908,1.599505963216532,2.025026400979435
mmvet-v1_47,mmvet-v1_47,internvl,mmvet,test,1,0,0,6,,1,1.0106863869317868,0.9491389065191439,-9.303217176695359
mmvet-v1_48,mmvet-v1_48,internvl,mmvet,test,0,1,1,1,vision_hallucination|reasoning_hallucination,1,1.0015676021966229,0.9398062701139135,1.8210815185582963
mmvet-v1_49,mmvet-v1_49,internvl,mmvet,test,1,0,0,6,,2,1.3804476737267068,-0.0,19.248314314992385
mmvet-v1_50,mmvet-v1_50,internvl,mmvet,test,1,0,0,6,,2,1.00302888730377,-0.0,-19.275952146728468
mmvet-v1_51,mmvet-v1_51,internvl,mmvet,test,1,0,0,6,,2,1.0015968088592828,-0.0,-19.583953685817367
mmvet-v1_52,mmvet-v1_52,internvl,mmvet,test,1,0,0,6,,2,1.0742366440836488,-0.0,-5.778304198819038
mmvet-v1_53,mmvet-v1_53,internvl,mmvet,test,1,0,0,6,,2,1.1286062998610171,-0.0,0.9270378449774839
mmvet-v1_54,mmvet-v1_54,internvl,mmvet,test,1,0,0,6,,1,1.0001237334518458,0.6328959305960429,-0.4881982997245391
mmvet-v1_55,mmvet-v1_55,internvl,mmvet,test,1,0,0,6,,1,1.0000101625567017,0.5009941737388335,-12.215506981152373
mmvet-v1_56,mmvet-v1_56,internvl,mmvet,test,1,0,0,5,,1,1.000631090369052,-0.0,-16.946704518189165
mmvet-v1_57,mmvet-v1_57,internvl,mmvet,test,0,1,1,1,vision_hallucination,1,1.000102839150494,1.60779569855307,1.2389877519284642
mmvet-v1_58,mmvet-v1_58,internvl,mmvet,test,1,0,0,6,,1,1.0167517661586205,-0.0,-13.321301367007157
mmvet-v1_59,mmvet-v1_59,internvl,mmvet,test,1,0,0,6,,1,1.0036179758858534,-0.0,-18.000460372990464
mmvet-v1_60,mmvet-v1_60,internvl,mmvet,test,1,0,0,6,,1,1.0521527533157182,-0.0,-5.806659297294022
mmvet-v1_61,mmvet-v1_61,internvl,mmvet,test,1,0,0,6,,1,1.05692353069192,-0.0,3.7983659352105423
mmvet-v1_62,mmvet-v1_62,internvl,mmvet,test,1,0,0,6,,1,1.1627792135225452,0.6796678765588362,-10.26503666810956
mmvet-v1_63,mmvet-v1_63,internvl,mmvet,test,1,0,0,6,,1,1.004404979328857,1.3319751730452158,-9.06749308132135
mmvet-v1_64,mmvet-v1_64,internvl,mmvet,test,0,1,1,1,reasoning_hallucination,2,1.0011830719590407,1.488360162002303,4.400243644351205
mmvet-v1_65,mmvet-v1_65,internvl,mmvet,test,0,1,1,1,reasoning_hallucination,2,1.0170123726069153,1.0963393504281256,26.918319466008874
mmvet-v1_66,mmvet-v1_66,internvl,mmvet,test,0,1,1,1,reasoning_hallucination,2,1.077126937028498,1.0597951608699927,-0.5707588956168781
mmvet-v1_67,mmvet-v1_67,internvl,mmvet,test,1,0,0,6,,2,1.405865517905323,1.1989430849152583,17.986027596114532
mmvet-v1_68,mmvet-v1_68,internvl,mmvet,test,1,0,0,6,,1,1.0001379251418556,-0.0,-18.829965671288853
mmvet-v1_69,mmvet-v1_69,internvl,mmvet,test,1,0,0,6,,1,1.0002180611528477,-0.0,-15.901545808053115
mmvet-v1_70,mmvet-v1_70,internvl,mmvet,test,1,0,0,6,,2,1.0199585067668677,-0.0,-17.03025466488022
mmvet-v1_71,mmvet-v1_71,internvl,mmvet,test,1,0,0,6,,1,1.0016733195665057,0.9683632237073552,-1.3287639315418236
mmvet-v1_72,mmvet-v1_72,internvl,mmvet,test,1,0,0,5,,2,1.077296458478302,-0.0,-3.6463795895260542
mmvet-v1_73,mmvet-v1_73,internvl,mmvet,test,1,0,0,5,,1,1.0011203395475718,0.9504536600975118,-12.51225404291865
mmvet-v1_74,mmvet-v1_74,internvl,mmvet,test,1,0,0,6,,1,1.0117787200813155,-0.0,-12.409463293585171
mmvet-v1_75,mmvet-v1_75,internvl,mmvet,test,1,0,0,6,,2,1.346867621399502,0.9009791048741725,-7.098457537600921
mmvet-v1_76,mmvet-v1_76,internvl,mmvet,test,1,0,1,2,vision_hallucination|reasoning_hallucination,2,1.0226792997399174,-0.0,-12.38976797081607
mmvet-v1_77,mmvet-v1_77,internvl,mmvet,test,0,1,1,1,reasoning_hallucination,2,1.1872443056647441,1.5646328504148437,3.30818923051634
mmvet-v1_78,mmvet-v1_78,internvl,mmvet,test,0,1,1,1,reasoning_hallucination,4,1.048389657095075,1.3532683716506455,16.335344638046585
mmvet-v1_79,mmvet-v1_79,internvl,mmvet,test,1,0,0,6,,1,1.688594481860352,0.08982745992939714,14.393665769842256
mmvet-v1_80,mmvet-v1_80,internvl,mmvet,test,1,0,0,6,,2,1.495857687261719,0.4529841503894218,17.644943702201928
mmvet-v1_81,mmvet-v1_81,internvl,mmvet,test,1,0,0,6,,2,1.0339162489734417,0.9090359860705575,13.044342096789011
mmvet-v1_82,mmvet-v1_82,internvl,mmvet,test,1,0,0,5,,1,1.1348798348789526,-0.0,2.943151434704017
mmvet-v1_83,mmvet-v1_83,internvl,mmvet,test,1,0,1,2,vision_hallucination|reasoning_hallucination,1,1.007262650350053,1.607862871872301,0.48664449753300154
mmvet-v1_84,mmvet-v1_84,internvl,mmvet,test,0,1,1,1,vision_hallucination|reasoning_hallucination,1,1.0018860208941658,0.9928516058577812,2.4139440817335043
mmvet-v1_85,mmvet-v1_85,internvl,mmvet,test,1,0,0,4,,1,1.0001533031526941,-0.0,-20.421396572446636
mmvet-v1_86,mmvet-v1_86,internvl,mmvet,test,1,0,0,6,,1,1.0018535852835244,1.0547482242696609,-15.612201374456005
mmvet-v1_87,mmvet-v1_87,internvl,mmvet,test,0,1,1,2,vision_hallucination,1,1.0012333812498004,1.4970574498317044,-3.9516232749506646
mmvet-v1_88,mmvet-v1_88,internvl,mmvet,test,1,0,0,5,,1,1.0635116347181623,-0.0,10.572522535940514
mmvet-v1_89,mmvet-v1_89,internvl,mmvet,test,1,0,0,5,,2,1.0089293928376935,-0.0,-3.0380478045449184
mmvet-v1_90,mmvet-v1_90,internvl,mmvet,test,1,0,0,6,,6,1.0082083142393614,-0.0,-10.75569911038444
mmvet-v1_91,mmvet-v1_91,internvl,mmvet,test,0,1,0,4,,20,1.0293454137998848,1.3024969377658602,28.919762194698755
mmvet-v1_92,mmvet-v1_92,internvl,mmvet,test,0,1,0,4,,14,1.0500898987540135,0.6496616304472482,32.84921632469039
mmvet-v1_93,mmvet-v1_93,internvl,mmvet,test,1,0,0,5,,25,1.0117529927978113,0.521168948270825,21.16730402862963
mmvet-v1_94,mmvet-v1_94,internvl,mmvet,test,1,0,0,6,,1,1.080137822180345,-0.0,-5.048804751341487
mmvet-v1_95,mmvet-v1_95,internvl,mmvet,test,0,1,1,1,vision_hallucination|reasoning_hallucination,1,1.0008482867724755,1.065877073508706,1.7556933492378768
mmvet-v1_96,mmvet-v1_96,internvl,mmvet,test,1,0,0,5,,11,1.0315888321987954,1.2046936319304027,14.747115033789173
mmvet-v1_97,mmvet-v1_97,internvl,mmvet,test,0,1,1,1,reasoning_hallucination,2,1.0080685803232852,1.3447446152223155,6.503330971059421
mmvet-v1_98,mmvet-v1_98,internvl,mmvet,test,1,0,0,6,,1,1.0167928937880397,-0.0,-18.025670148182794
mmvet-v1_99,mmvet-v1_99,internvl,mmvet,test,1,0,0,6,,2,1.0485090327221398,-0.0,13.859514088375384
mmvet-v1_100,mmvet-v1_100,internvl,mmvet,test,1,0,0,6,,2,1.2188238820622983,-0.0,7.2987912219435245
mmvet-v1_101,mmvet-v1_101,internvl,mmvet,test,1,0,0,5,,1,1.0033010624813938,-0.0,-16.104719615491867
mmvet-v1_102,mmvet-v1_102,internvl,mmvet,test,0,1,0,4,,2,1.8855932725595426,1.5745539950623653,11.711399902421643
mmvet-v1_103,mmvet-v1_103,internvl,mmvet,test,0,1,0,4,,2,1.1328536250588348,1.3513001555741582,25.449275775782564
mmvet-v1_104,mmvet-v1_104,internvl,mmvet,test,0,1,0,4,,2,1.0235305100354661,0.9887304026824062,3.0797056477869305
mmvet-v1_105,mmvet-v1_105,internvl,mmvet,test,1,0,0,5,,1,1.0015224192306378,0.5005332951496256,-14.558002453677616
mmvet-v1_106,mmvet-v1_106,internvl,mmvet,test,1,0,0,5,,1,1.0002053976113723,-0.0,-18.87077148456077
mmvet-v1_107,mmvet-v1_107,internvl,mmvet,test,0,1,1,2,vision_hallucination,1,1.0035893916094698,-0.0,-21.28661010610381
mmvet-v1_108,mmvet-v1_108,internvl,mmvet,test,1,0,0,6,,1,1.0002112388607847,-0.0,-15.997435971794216
mmvet-v1_109,mmvet-v1_109,internvl,mmvet,test,1,0,0,5,,1,1.0005580186716256,0.5007049906205373,-16.90162107910892
mmvet-v1_110,mmvet-v1_110,internvl,mmvet,test,1,0,0,6,,1,1.0000877380368842,-0.0,-19.50782592433657
mmvet-v1_111,mmvet-v1_111,internvl,mmvet,test,1,0,0,6,,1,1.000024914740836,-0.0,-20.276701028533683
mmvet-v1_112,mmvet-v1_112,internvl,mmvet,test,1,0,0,5,,1,1.0000149011612567,-0.0,-20.113711810396918
mmvet-v1_113,mmvet-v1_113,internvl,mmvet,test,1,0,0,6,,1,1.0000038146972656,-0.0,-21.031378877424974
mmvet-v1_114,mmvet-v1_114,internvl,mmvet,test,1,0,0,6,,1,1.0000113248820592,-0.0,-19.563947035384636
mmvet-v1_115,mmvet-v1_115,internvl,mmvet,test,1,0,0,6,,1,1.0000503063194943,-0.0,-21.536557763788835
mmvet-v1_116,mmvet-v1_116,internvl,mmvet,test,0,1,0,4,,1,1.0003909379380713,-0.0,-23.09549746652226
mmvet-v1_117,mmvet-v1_117,internvl,mmvet,test,1,0,0,6,,1,1.000014424324383,-0.0,-18.415942563751017
mmvet-v1_118,mmvet-v1_118,internvl,mmvet,test,1,0,0,6,,1,1.000802636140104,0.9488792455039412,-10.307915617901074
mmvet-v1_119,mmvet-v1_119,internvl,mmvet,test,1,0,0,5,,1,1.0000199079512457,-0.0,-19.140996634258578
mmvet-v1_120,mmvet-v1_120,internvl,mmvet,test,1,0,0,6,,1,1.0003857612583402,-0.0,-18.945639867124264
mmvet-v1_121,mmvet-v1_121,internvl,mmvet,test,1,0,0,6,,1,1.0001645088163904,-0.0,-16.459979184729303
mmvet-v1_122,mmvet-v1_122,internvl,mmvet,test,1,0,1,1,vision_hallucination,1,1.0002788305406562,-0.0,-17.729283979291203
mmvet-v1_123,mmvet-v1_123,internvl,mmvet,test,1,0,0,6,,1,1.0000137090685888,-0.0,-19.754963485956722
mmvet-v1_124,mmvet-v1_124,internvl,mmvet,test,1,0,0,5,,1,1.0030797720301576,0.5015569487514252,-14.38912401015237
mmvet-v1_125,mmvet-v1_125,internvl,mmvet,test,1,0,0,6,,1,1.0000555515293568,-0.0,-20.370032009458278
mmvet-v1_126,mmvet-v1_126,internvl,mmvet,test,1,0,1,1,vision_hallucination,1,1.001177072526255,-0.0,-15.942201757699145
mmvet-v1_127,mmvet-v1_127,internvl,mmvet,test,1,0,0,6,,1,1.0005444672770134,0.9713158025473981,-7.100799076039844
mmvet-v1_128,mmvet-v1_128,internvl,mmvet,test,1,0,0,6,,1,1.000212311738721,-0.0,-19.084232518299427
mmvet-v1_129,mmvet-v1_129,internvl,mmvet,test,1,0,0,6,,1,1.1080784830955792,0.5222370174813443,-10.614941711402887
mmvet-v1_130,mmvet-v1_130,internvl,mmvet,test,1,0,0,6,,1,1.0000329017631082,-0.0,-21.955760852563373
mmvet-v1_131,mmvet-v1_131,internvl,mmvet,test,0,1,0,4,,1,1.0001769065885098,0.6730609843746022,-15.458374540658895
mmvet-v1_132,mmvet-v1_132,internvl,mmvet,test,1,0,0,6,,2,1.0007044496887076,-0.0,-17.350156411244072
mmvet-v1_133,mmvet-v1_133,internvl,mmvet,test,1,0,0,6,,1,1.6170373008910262,0.6796014812085158,6.493414612300777
mmvet-v1_134,mmvet-v1_134,internvl,mmvet,test,1,0,0,6,,1,1.0001355409648074,-0.0,-20.68666782293966
mmvet-v1_135,mmvet-v1_135,internvl,mmvet,test,1,0,0,6,,1,1.0046383143658724,-0.0,-18.54448525379626
mmvet-v1_136,mmvet-v1_136,internvl,mmvet,test,1,0,0,6,,1,1.0000425577160668,-0.0,-19.644740871184734
mmvet-v1_137,mmvet-v1_137,internvl,mmvet,test,1,0,0,6,,1,1.0001776218400458,-0.0,-19.14642094806499
mmvet-v1_138,mmvet-v1_138,internvl,mmvet,test,0,1,0,4,,1,1.0548418763508645,0.4997535744289571,0.9487895611692299
mmvet-v1_139,mmvet-v1_139,internvl,mmvet,test,1,0,0,6,,1,1.0207407877166905,-0.0,-13.658209114649509
mmvet-v1_140,mmvet-v1_140,internvl,mmvet,test,0,1,0,4,,4,2.026420456245415,0.9002775651100575,30.896149003233564
mmvet-v1_141,mmvet-v1_141,internvl,mmvet,test,0,1,0,4,,1,1.0019041724752433,1.1728521295642063,3.334667710389387
mmvet-v1_142,mmvet-v1_142,internvl,mmvet,test,1,0,0,6,,1,1.0000466108307098,-0.0,-19.819390760005323
mmvet-v1_143,mmvet-v1_143,internvl,mmvet,test,0,1,0,4,,1,1.0010532140606407,0.4914643514255558,-13.708474571482263
mmvet-v1_144,mmvet-v1_144,internvl,mmvet,test,0,1,1,2,reasoning_hallucination,3,1.2687639682637006,1.2943401054261825,27.939901839516075
mmvet-v1_145,mmvet-v1_145,internvl,mmvet,test,1,0,0,6,,1,1.614968657127995,1.5397901423231253,11.73166859048933
mmvet-v1_146,mmvet-v1_146,internvl,mmvet,test,0,1,0,4,,1,1.0439658156763831,0.5000936781408217,-13.179559297270698
mmvet-v1_147,mmvet-v1_147,internvl,mmvet,test,0,1,0,4,,1,1.343702954661717,0.8768554071990682,18.631400602975077
mmvet-v1_148,mmvet-v1_148,internvl,mmvet,test,1,0,0,5,,1,1.352312991258067,1.4531244519245847,26.126692088274616
mmvet-v1_149,mmvet-v1_149,internvl,mmvet,test,0,1,1,1,vision_hallucination|reasoning_hallucination,13,1.9013205532686128,1.4504634387201365,34.771462330363065
mmvet-v1_150,mmvet-v1_150,internvl,mmvet,test,0,1,1,2,reasoning_hallucination,2,1.9505922031654752,1.3118161663481858,35.629782501846314
mmvet-v1_151,mmvet-v1_151,internvl,mmvet,test,1,0,0,4,,8,2.10914655556078,1.2318628813025319,35.00613780710915
mmvet-v1_152,mmvet-v1_152,internvl,mmvet,test,1,0,0,5,,7,2.2817661299497574,1.0542697053764543,34.60346502840239
mmvet-v1_153,mmvet-v1_153,internvl,mmvet,test,0,1,1,2,reasoning_hallucination,5,1.575580875997395,1.3582577281621755,35.590330149240465
mmvet-v1_154,mmvet-v1_154,internvl,mmvet,test,1,0,0,5,,2,2.474297105029003,1.2474207144563478,31.645303273800707
mmvet-v1_155,mmvet-v1_155,internvl,mmvet,test,0,1,0,4,,1,1.3827854475106327,-0.0,24.66181367653744
mmvet-v1_156,mmvet-v1_156,internvl,mmvet,test,1,0,0,4,,1,2.1297632254373893,1.2061545039121166,31.65974803626537
mmvet-v1_157,mmvet-v1_157,internvl,mmvet,test,0,1,0,4,,1,1.7158614168124953,1.1854685064201866,27.094384860914076
mmvet-v1_158,mmvet-v1_158,internvl,mmvet,test,0,1,1,1,vision_hallucination|reasoning_hallucination,1,1.1571023658859756,1.3321023795598586,21.759843276797394
mmvet-v1_159,mmvet-v1_159,internvl,mmvet,test,0,1,1,1,reasoning_hallucination,7,1.6109467394092372,1.4585085936263442,24.740128347083658
mmvet-v1_160,mmvet-v1_160,internvl,mmvet,test,0,1,1,0,vision_hallucination|reasoning_hallucination,1,1.1487823396918686,1.592645014397185,8.803190133447178
mmvet-v1_161,mmvet-v1_161,internvl,mmvet,test,1,0,0,3,,1,1.3200823893246012,0.619988054522357,11.737469973564458
mmvet-v1_162,mmvet-v1_162,internvl,mmvet,test,1,0,0,4,,1,1.3159265858767268,0.6529498651141132,3.9593109913127638
mmvet-v1_163,mmvet-v1_163,internvl,mmvet,test,0,1,1,1,reasoning_hallucination,3,1.1523679685845591,1.4951096284316792,21.56547903484058
mmvet-v1_164,mmvet-v1_164,internvl,mmvet,test,0,1,1,1,vision_hallucination,1,2.406831799024455,1.2993703989010124,20.390949748980375
mmvet-v1_165,mmvet-v1_165,internvl,mmvet,test,0,1,0,3,,4,1.7203129853207366,0.8805678082845868,23.21744365810992
mmvet-v1_166,mmvet-v1_166,internvl,mmvet,test,0,1,1,0,vision_hallucination|reasoning_hallucination,1,1.0917990074472446,1.380669328200984,16.98390160805717
mmvet-v1_167,mmvet-v1_167,internvl,mmvet,test,0,1,0,3,,2,1.3013477785628362,0.9509375143942815,21.96565221719061
mmvet-v1_168,mmvet-v1_168,internvl,mmvet,test,0,1,1,1,reasoning_hallucination,1,1.1378325454200628,1.2881324470868025,6.578669818766972
mmvet-v1_169,mmvet-v1_169,internvl,mmvet,test,0,1,1,1,reasoning_hallucination,3,1.0067024804104276,1.354437043376556,-0.7267513311953078
mmvet-v1_170,mmvet-v1_170,internvl,mmvet,test,0,1,0,4,,3,1.1258565211914462,0.7425886872144964,5.794078006622389
mmvet-v1_171,mmvet-v1_171,internvl,mmvet,test,0,1,1,1,reasoning_hallucination,3,1.0116604794001391,1.3377838568369014,23.050677362454337
mmvet-v1_172,mmvet-v1_172,internvl,mmvet,test,0,1,1,1,reasoning_hallucination,3,1.0099535202359253,1.6043213674242334,7.884914732226123
mmvet-v1_173,mmvet-v1_173,internvl,mmvet,test,0,1,0,3,,5,1.0301342136621952,0.7683718608112355,25.016868352243307
mmvet-v1_174,mmvet-v1_174,internvl,mmvet,test,0,1,1,1,reasoning_hallucination,3,1.1277968839331554,1.3024718752524866,6.095213645877676
mmvet-v1_175,mmvet-v1_175,internvl,mmvet,test,0,1,0,5,,5,1.0334255367175154,-0.0,-1.4250243790269668
mmvet-v1_176,mmvet-v1_176,internvl,mmvet,test,0,1,1,1,reasoning_hallucination,3,1.3949784703008323,1.5375276507565947,13.879478391685819
mmvet-v1_177,mmvet-v1_177,internvl,mmvet,test,0,1,0,5,,3,1.3216059339030106,1.238710039769861,12.021973915218924
mmvet-v1_178,mmvet-v1_178,internvl,mmvet,test,1,0,0,4,,2,1.324012934403801,0.7879079755840073,29.406659045142767
mmvet-v1_179,mmvet-v1_179,internvl,mmvet,test,1,0,0,4,,5,1.080444060635411,1.4507204353501166,22.296991235461217
mmvet-v1_180,mmvet-v1_180,internvl,mmvet,test,0,1,0,4,,2,1.105525260020099,-0.0,-0.30636825611243346
mmvet-v1_181,mmvet-v1_181,internvl,mmvet,test,0,1,0,4,,2,1.4472068474811426,1.0801368255131645,25.979678191298788
mmvet-v1_182,mmvet-v1_182,internvl,mmvet,test,1,0,1,2,reasoning_hallucination,4,1.0372973275342259,1.1606222988157497,24.48953438841898
mmvet-v1_183,mmvet-v1_183,internvl,mmvet,test,0,1,0,4,,1,1.112622502990025,1.5111072343065919,30.85251729872863
mmvet-v1_184,mmvet-v1_184,internvl,mmvet,test,1,0,0,6,,3,1.130695801228941,1.4279909976166274,34.71619248007047
mmvet-v1_185,mmvet-v1_185,internvl,mmvet,test,1,0,1,2,reasoning_hallucination,7,1.0943469220459499,0.6291819560726422,18.017527312296888
mmvet-v1_186,mmvet-v1_186,internvl,mmvet,test,0,1,0,4,,3,1.211169412085496,1.4079624945878668,23.464443772015706
mmvet-v1_187,mmvet-v1_187,internvl,mmvet,test,1,0,1,1,reasoning_hallucination,6,1.4492294346099457,1.4073916833806366,29.006252439556192
mmvet-v1_188,mmvet-v1_188,internvl,mmvet,test,0,1,1,1,reasoning_hallucination,1,1.2020016203215227,1.514894783816987,21.763498166913813
mmvet-v1_189,mmvet-v1_189,internvl,mmvet,test,0,1,1,1,reasoning_hallucination,2,1.3408772881616928,1.3768437676679848,30.0426041481534
mmvet-v1_190,mmvet-v1_190,internvl,mmvet,test,0,1,1,1,reasoning_hallucination,2,1.1115818529408228,1.5954952121943184,35.22896323144773
mmvet-v1_191,mmvet-v1_191,internvl,mmvet,test,0,1,0,3,,3,1.028049439086254,1.4853000244232935,30.006480497787603
mmvet-v1_192,mmvet-v1_192,internvl,mmvet,test,0,1,1,0,vision_hallucination|reasoning_hallucination,1,2.078598428359092,1.550780498728012,27.656231770676072
mmvet-v1_193,mmvet-v1_193,internvl,mmvet,test,0,1,1,1,reasoning_hallucination,1,1.301804547083382,1.4754056049436963,23.693805681560768
mmvet-v1_194,mmvet-v1_194,internvl,mmvet,test,0,1,0,4,,2,1.0167554387503106,1.5327946087740862,27.931589479652356
mmvet-v1_195,mmvet-v1_195,internvl,mmvet,test,0,1,1,1,reasoning_hallucination,1,1.1513382326684645,1.5558341255129486,35.98858359168236
mmvet-v1_196,mmvet-v1_196,internvl,mmvet,test,0,1,1,1,reasoning_hallucination,4,1.2970139764825082,1.5868377556591509,33.278026136958104
mmvet-v1_197,mmvet-v1_197,internvl,mmvet,test,0,1,0,3,,2,1.3241917214750585,1.5446391222416165,32.93679272761177
mmvet-v1_198,mmvet-v1_198,internvl,mmvet,test,1,0,1,2,vision_hallucination,2,1.1988562784372718,1.3826879101300265,15.397336492160179
mmvet-v1_199,mmvet-v1_199,internvl,mmvet,test,0,1,0,4,,1,1.2411388083682926,0.5287035376004217,0.8871824263082466
mmvet-v1_201,mmvet-v1_201,internvl,mmvet,test,1,0,0,4,,2,1.0470152813202098,1.214373874271795,33.010247504817535
mmvet-v1_202,mmvet-v1_202,internvl,mmvet,test,1,0,0,6,,2,1.3290151357781053,0.5139746474778443,9.873842559524459
mmvet-v1_203,mmvet-v1_203,internvl,mmvet,test,0,1,1,2,reasoning_hallucination,2,1.06362510148864,1.3623117571784764,4.984530157548754
mmvet-v1_204,mmvet-v1_204,internvl,mmvet,test,0,1,1,1,reasoning_hallucination,2,1.290644693857722,1.1685149143476092,24.293625620258368
mmvet-v1_205,mmvet-v1_205,internvl,mmvet,test,0,1,0,4,,3,1.6119935307284115,1.3339932159333885,24.97402684814439
mmvet-v1_206,mmvet-v1_206,internvl,mmvet,test,1,0,0,4,,2,1.1006146742778062,-0.0,0.058346864293985945
mmvet-v1_207,mmvet-v1_207,internvl,mmvet,test,0,1,0,3,,2,3.4953872679912887,1.5137055370674557,17.65981359821509
